filename,num_taxa,msa_length,median_seq_length
10000_NT_AL_AA.fasta.zip,175,494,477
10001_NT_AL_AA.fasta.zip,180,250,246.0
10002_NT_AL_AA.fasta.zip,188,414,395.0
10004_NT_AL_AA.fasta.zip,184,754,743.0
10005_NT_AL_AA.fasta.zip,186,319,312.0
10006_NT_AL_AA.fasta.zip,184,508,508.0
10007_NT_AL_AA.fasta.zip,186,288,288.0
10008_NT_AL_AA.fasta.zip,187,106,99
10009_NT_AL_AA.fasta.zip,184,701,669.0
1000_NT_AL_AA.fasta.zip,174,927,902.0
100101267_NT_AL_AA.fasta.zip,108,1333,1196.0
10010_NT_AL_AA.fasta.zip,189,441,424
100113407_NT_AL_AA.fasta.zip,185,132,132
10011_NT_AL_AA.fasta.zip,179,234,220
100125288_NT_AL_AA.fasta.zip,175,292,249
100126572_NT_AL_AA.fasta.zip,137,212,205
100127206_NT_AL_AA.fasta.zip,185,195,190
100127983_NT_AL_AA.fasta.zip,174,126,117.0
100128071_NT_AL_AA.fasta.zip,179,139,124
100128327_NT_AL_AA.fasta.zip,186,185,181.0
100128569_NT_AL_AA.fasta.zip,179,223,197
100128731_NT_AL_AA.fasta.zip,164,37,37.0
100128908_NT_AL_AA.fasta.zip,140,730,689.0
100128927_NT_AL_AA.fasta.zip,163,437,410
100129271_NT_AL_AA.fasta.zip,165,602,233
100129361_NT_AL_AA.fasta.zip,166,66,65.0
100129480_NT_AL_AA.fasta.zip,185,216,215
100129654_NT_AL_AA.fasta.zip,176,173,165.0
100129669_NT_AL_AA.fasta.zip,185,226,224
100129792_NT_AL_AA.fasta.zip,182,269,254.0
100129924_NT_AL_AA.fasta.zip,170,221,217.0
100130274_NT_AL_AA.fasta.zip,178,541,343.0
100130301_NT_AL_AA.fasta.zip,175,169,158
100130348_NT_AL_AA.fasta.zip,188,116,116.0
100130519_NT_AL_AA.fasta.zip,183,303,291
100130613_NT_AL_AA.fasta.zip,118,312,290.0
100130705_NT_AL_AA.fasta.zip,185,184,176
100130742_NT_AL_AA.fasta.zip,178,354,347.0
100130771_NT_AL_AA.fasta.zip,129,128,128
100130827_NT_AL_AA.fasta.zip,160,383,349.0
100130890_NT_AL_AA.fasta.zip,182,143,139.0
100130933_NT_AL_AA.fasta.zip,150,46,46.0
100130958_NT_AL_AA.fasta.zip,153,223,188
100130988_NT_AL_AA.fasta.zip,178,447,435.5
100131017_NT_AL_AA.fasta.zip,176,1484,951.0
100131137_NT_AL_AA.fasta.zip,73,94,94
100131187_NT_AL_AA.fasta.zip,178,121,107.0
100131211_NT_AL_AA.fasta.zip,182,419,401.0
100131244_NT_AL_AA.fasta.zip,178,413,382.0
100131378_NT_AL_AA.fasta.zip,175,212,190
100131390_NT_AL_AA.fasta.zip,170,625,483.0
100131755_NT_AL_AA.fasta.zip,162,5230,2220.0
100131801_NT_AL_AA.fasta.zip,187,80,74
100131897_NT_AL_AA.fasta.zip,187,550,535
100132074_NT_AL_AA.fasta.zip,177,610,558
100132146_NT_AL_AA.fasta.zip,147,78,77
100132916_NT_AL_AA.fasta.zip,183,163,160
100132963_NT_AL_AA.fasta.zip,148,114,91.0
100133315_NT_AL_AA.fasta.zip,53,401,371
100133941_NT_AL_AA.fasta.zip,74,83,75.0
100134934_NT_AL_AA.fasta.zip,175,121,119
100137047_NT_AL_AA.fasta.zip,128,316,316.0
100137049_NT_AL_AA.fasta.zip,116,789,778.0
10013_NT_AL_AA.fasta.zip,182,1483,1134.5
100141515_NT_AL_AA.fasta.zip,136,211,196.0
10014_NT_AL_AA.fasta.zip,184,1153,1109.0
10015_NT_AL_AA.fasta.zip,187,901,871
100169851_NT_AL_AA.fasta.zip,150,101,95.0
10016_NT_AL_AA.fasta.zip,187,199,188
100170765_NT_AL_AA.fasta.zip,181,161,126
100170841_NT_AL_AA.fasta.zip,165,411,379
100188893_NT_AL_AA.fasta.zip,176,74,74.0
10018_NT_AL_AA.fasta.zip,181,220,193
100191040_NT_AL_AA.fasta.zip,140,383,340.5
10019_NT_AL_AA.fasta.zip,184,625,553.0
1001_NT_AL_AA.fasta.zip,186,834,813.0
10020_NT_AL_AA.fasta.zip,190,726,722.0
10021_NT_AL_AA.fasta.zip,174,1284,1187.0
10022_NT_AL_AA.fasta.zip,165,145,134
10024_NT_AL_AA.fasta.zip,182,1072,688.0
10025_NT_AL_AA.fasta.zip,179,830,825
10026_NT_AL_AA.fasta.zip,184,393,382.0
100271715_NT_AL_AA.fasta.zip,184,903,868.0
100271849_NT_AL_AA.fasta.zip,100,391,367.5
100272147_NT_AL_AA.fasta.zip,173,70,68
100287171_NT_AL_AA.fasta.zip,155,490,471
100287284_NT_AL_AA.fasta.zip,182,349,327.0
100287718_NT_AL_AA.fasta.zip,183,202,195
100287898_NT_AL_AA.fasta.zip,172,1099,1054.0
100288072_NT_AL_AA.fasta.zip,175,960,508
100288797_NT_AL_AA.fasta.zip,184,163,151.0
100288814_NT_AL_AA.fasta.zip,29,202,199
100289255_NT_AL_AA.fasta.zip,44,79,79.0
100289635_NT_AL_AA.fasta.zip,131,765,666
1002_NT_AL_AA.fasta.zip,179,910,891
100303755_NT_AL_AA.fasta.zip,180,78,77.0
100310846_NT_AL_AA.fasta.zip,180,423,418.0
100316904_NT_AL_AA.fasta.zip,184,329,283.0
100329135_NT_AL_AA.fasta.zip,159,127,110
10036_NT_AL_AA.fasta.zip,185,993,935
100381270_NT_AL_AA.fasta.zip,134,995,979.0
10038_NT_AL_AA.fasta.zip,185,567,550
10039_NT_AL_AA.fasta.zip,180,559,525.5
1003_NT_AL_AA.fasta.zip,187,811,779
10040_NT_AL_AA.fasta.zip,188,492,472.0
100423062_NT_AL_AA.fasta.zip,27,195,193
10042_NT_AL_AA.fasta.zip,189,649,601
10043_NT_AL_AA.fasta.zip,188,522,490.0
10044_NT_AL_AA.fasta.zip,185,904,853
10045_NT_AL_AA.fasta.zip,184,604,559.0
10046_NT_AL_AA.fasta.zip,177,921,720
10047_NT_AL_AA.fasta.zip,111,146,142
10048_NT_AL_AA.fasta.zip,182,541,538.0
100499483_NT_AL_AA.fasta.zip,177,1752,1590
10049_NT_AL_AA.fasta.zip,176,325,284.5
1004_NT_AL_AA.fasta.zip,168,796,789.0
100500938_NT_AL_AA.fasta.zip,133,65,64
100505478_NT_AL_AA.fasta.zip,142,125,115.5
100505573_NT_AL_AA.fasta.zip,140,175,152.0
100505591_NT_AL_AA.fasta.zip,179,269,256
100505741_NT_AL_AA.fasta.zip,177,443,423
100505753_NT_AL_AA.fasta.zip,167,1311,478
100505876_NT_AL_AA.fasta.zip,161,80,80
100505989_NT_AL_AA.fasta.zip,16,41,40.0
100505993_NT_AL_AA.fasta.zip,167,178,137
100506013_NT_AL_AA.fasta.zip,173,54,54
100506049_NT_AL_AA.fasta.zip,185,268,262
100506127_NT_AL_AA.fasta.zip,53,162,154
100506374_NT_AL_AA.fasta.zip,65,165,131
100506564_NT_AL_AA.fasta.zip,184,555,372.5
100506581_NT_AL_AA.fasta.zip,157,237,168
100506658_NT_AL_AA.fasta.zip,185,550,522
100507003_NT_AL_AA.fasta.zip,173,681,514
100507027_NT_AL_AA.fasta.zip,159,46,46
100507050_NT_AL_AA.fasta.zip,168,405,385.0
100507055_NT_AL_AA.fasta.zip,144,155,128.5
100507096_NT_AL_AA.fasta.zip,186,220,217.0
100507290_NT_AL_AA.fasta.zip,161,1314,1038
100507341_NT_AL_AA.fasta.zip,178,97,95.0
100507421_NT_AL_AA.fasta.zip,170,298,294.0
100507537_NT_AL_AA.fasta.zip,117,36,35
100507588_NT_AL_AA.fasta.zip,165,311,234
100507650_NT_AL_AA.fasta.zip,187,311,295
100507747_NT_AL_AA.fasta.zip,141,267,184
10050_NT_AL_AA.fasta.zip,139,503,494
10051_NT_AL_AA.fasta.zip,188,1299,1287.0
100526771_NT_AL_AA.fasta.zip,127,87,83
100528020_NT_AL_AA.fasta.zip,139,419,413
10052_NT_AL_AA.fasta.zip,179,402,396
100533177_NT_AL_AA.fasta.zip,167,340,321
10053_NT_AL_AA.fasta.zip,186,425,424.0
10054_NT_AL_AA.fasta.zip,188,646,640.0
10055_NT_AL_AA.fasta.zip,188,400,346.0
10056_NT_AL_AA.fasta.zip,189,590,589
10057_NT_AL_AA.fasta.zip,185,1442,1437
10058_NT_AL_AA.fasta.zip,187,852,842
10059_NT_AL_AA.fasta.zip,182,749,748.0
1005_NT_AL_AA.fasta.zip,184,788,785.0
10060_NT_AL_AA.fasta.zip,186,1590,1549.0
10062_NT_AL_AA.fasta.zip,188,456,446.0
10063_NT_AL_AA.fasta.zip,188,64,63.0
100652824_NT_AL_AA.fasta.zip,179,1261,1138
10066_NT_AL_AA.fasta.zip,187,368,353
10068_NT_AL_AA.fasta.zip,177,186,169
10069_NT_AL_AA.fasta.zip,185,293,290
10072_NT_AL_AA.fasta.zip,186,747,737.0
10073_NT_AL_AA.fasta.zip,184,369,359.0
10075_NT_AL_AA.fasta.zip,181,4476,4415
10076_NT_AL_AA.fasta.zip,185,1448,1436
10077_NT_AL_AA.fasta.zip,179,255,231
10078_NT_AL_AA.fasta.zip,174,366,305.5
10079_NT_AL_AA.fasta.zip,182,1026,1025.0
1007_NT_AL_AA.fasta.zip,178,792,789.0
10081_NT_AL_AA.fasta.zip,175,528,481
100820829_NT_AL_AA.fasta.zip,172,485,466.0
10082_NT_AL_AA.fasta.zip,182,563,555.0
10083_NT_AL_AA.fasta.zip,189,875,850
10084_NT_AL_AA.fasta.zip,185,469,255
10085_NT_AL_AA.fasta.zip,184,482,480.0
100861412_NT_AL_AA.fasta.zip,169,309,299
100862671_NT_AL_AA.fasta.zip,178,110,109.0
10086_NT_AL_AA.fasta.zip,188,558,493.0
100874261_NT_AL_AA.fasta.zip,61,176,93
10087_NT_AL_AA.fasta.zip,186,628,624.0
100885848_NT_AL_AA.fasta.zip,154,158,155.0
10089_NT_AL_AA.fasta.zip,185,319,307
1008_NT_AL_AA.fasta.zip,96,792,785.0
10090_NT_AL_AA.fasta.zip,183,432,402
10092_NT_AL_AA.fasta.zip,177,154,151
10093_NT_AL_AA.fasta.zip,178,168,168.0
10094_NT_AL_AA.fasta.zip,183,179,178
10095_NT_AL_AA.fasta.zip,182,385,372.0
10096_NT_AL_AA.fasta.zip,176,488,418.0
10097_NT_AL_AA.fasta.zip,188,402,399.0
10098_NT_AL_AA.fasta.zip,183,270,268
100996492_NT_AL_AA.fasta.zip,120,59,59.0
100996521_NT_AL_AA.fasta.zip,69,55,55
100996939_NT_AL_AA.fasta.zip,171,120,114
10099_NT_AL_AA.fasta.zip,178,251,251.0
1009_NT_AL_AA.fasta.zip,175,796,796
100_NT_AL_AA.fasta.zip,187,370,356
10100_NT_AL_AA.fasta.zip,186,229,220.0
10101_NT_AL_AA.fasta.zip,181,269,266
10102_NT_AL_AA.fasta.zip,175,332,324
10103_NT_AL_AA.fasta.zip,186,248,240.0
10105_NT_AL_AA.fasta.zip,184,224,204.0
10106_NT_AL_AA.fasta.zip,179,271,271
10109_NT_AL_AA.fasta.zip,189,300,300
1010_NT_AL_AA.fasta.zip,162,797,794.0
10110_NT_AL_AA.fasta.zip,181,367,367
10111_NT_AL_AA.fasta.zip,183,1312,1311
10112_NT_AL_AA.fasta.zip,189,923,889
10113_NT_AL_AA.fasta.zip,147,433,417
10114_NT_AL_AA.fasta.zip,186,1245,1215.0
10116_NT_AL_AA.fasta.zip,185,629,627
10117_NT_AL_AA.fasta.zip,188,1263,1131.5
10120_NT_AL_AA.fasta.zip,187,376,376
10121_NT_AL_AA.fasta.zip,190,376,376.0
10123_NT_AL_AA.fasta.zip,186,192,192.0
10124_NT_AL_AA.fasta.zip,172,200,200.0
10125_NT_AL_AA.fasta.zip,186,797,787.0
10126_NT_AL_AA.fasta.zip,181,103,102
10127_NT_AL_AA.fasta.zip,184,692,684.0
10128_NT_AL_AA.fasta.zip,188,1416,1391.0
10129_NT_AL_AA.fasta.zip,184,3029,3009.5
1012_NT_AL_AA.fasta.zip,180,708,705.0
10130_NT_AL_AA.fasta.zip,181,445,437
10131_NT_AL_AA.fasta.zip,186,711,699.0
10133_NT_AL_AA.fasta.zip,186,599,569.0
10134_NT_AL_AA.fasta.zip,185,249,245
10135_NT_AL_AA.fasta.zip,186,493,491.0
10137_NT_AL_AA.fasta.zip,54,1037,931.0
10138_NT_AL_AA.fasta.zip,154,204,204.0
10139_NT_AL_AA.fasta.zip,185,210,201
1013_NT_AL_AA.fasta.zip,186,795,779.0
10140_NT_AL_AA.fasta.zip,178,360,344.0
101410538_NT_AL_AA.fasta.zip,113,115,55
10142_NT_AL_AA.fasta.zip,183,4106,3873
10143_NT_AL_AA.fasta.zip,190,196,196.0
10144_NT_AL_AA.fasta.zip,182,983,943.0
10146_NT_AL_AA.fasta.zip,181,475,465
10147_NT_AL_AA.fasta.zip,184,1173,1080.0
10148_NT_AL_AA.fasta.zip,183,231,214
10149_NT_AL_AA.fasta.zip,181,1049,1014
1014_NT_AL_AA.fasta.zip,188,835,822.0
10150_NT_AL_AA.fasta.zip,118,397,391.0
10152_NT_AL_AA.fasta.zip,188,555,533.0
10153_NT_AL_AA.fasta.zip,188,1102,1052.0
10154_NT_AL_AA.fasta.zip,161,1599,1562
10155_NT_AL_AA.fasta.zip,172,866,812.0
10157_NT_AL_AA.fasta.zip,186,931,924.0
10158_NT_AL_AA.fasta.zip,188,125,114.0
10159_NT_AL_AA.fasta.zip,180,352,350.0
1015_NT_AL_AA.fasta.zip,188,841,830.0
10160_NT_AL_AA.fasta.zip,186,1074,1042.0
10162_NT_AL_AA.fasta.zip,184,490,487.0
10163_NT_AL_AA.fasta.zip,184,519,497.5
10164_NT_AL_AA.fasta.zip,183,394,378
10165_NT_AL_AA.fasta.zip,187,680,675
10166_NT_AL_AA.fasta.zip,172,303,300.0
10169_NT_AL_AA.fasta.zip,178,133,133.0
1016_NT_AL_AA.fasta.zip,164,791,790.0
10170_NT_AL_AA.fasta.zip,189,326,319
10171_NT_AL_AA.fasta.zip,184,373,373.0
10174_NT_AL_AA.fasta.zip,188,721,656.0
10175_NT_AL_AA.fasta.zip,184,147,144.0
10178_NT_AL_AA.fasta.zip,172,2735,2732.0
10179_NT_AL_AA.fasta.zip,187,285,265
1017_NT_AL_AA.fasta.zip,186,376,346.0
10180_NT_AL_AA.fasta.zip,186,1164,1119.0
10181_NT_AL_AA.fasta.zip,185,823,815
10184_NT_AL_AA.fasta.zip,185,239,227
10186_NT_AL_AA.fasta.zip,180,203,200.0
10188_NT_AL_AA.fasta.zip,186,1109,1057.0
10189_NT_AL_AA.fasta.zip,176,269,255.0
10190_NT_AL_AA.fasta.zip,189,229,226
101927581_NT_AL_AA.fasta.zip,184,156,153.0
101928108_NT_AL_AA.fasta.zip,29,112,109
101928147_NT_AL_AA.fasta.zip,175,258,251
101928527_NT_AL_AA.fasta.zip,151,54,54
101928601_NT_AL_AA.fasta.zip,183,623,386
101928603_NT_AL_AA.fasta.zip,182,214,209.0
101928991_NT_AL_AA.fasta.zip,144,297,252.0
101929355_NT_AL_AA.fasta.zip,80,92,92.0
101929469_NT_AL_AA.fasta.zip,161,295,280
101929726_NT_AL_AA.fasta.zip,161,88,84
101929926_NT_AL_AA.fasta.zip,139,158,135
101929989_NT_AL_AA.fasta.zip,52,81,77.0
10193_NT_AL_AA.fasta.zip,189,316,316
10194_NT_AL_AA.fasta.zip,178,1143,1056.0
10195_NT_AL_AA.fasta.zip,188,445,438.0
10196_NT_AL_AA.fasta.zip,186,550,527.0
10197_NT_AL_AA.fasta.zip,181,257,254
10198_NT_AL_AA.fasta.zip,187,1231,1157
10199_NT_AL_AA.fasta.zip,179,741,663
1019_NT_AL_AA.fasta.zip,186,304,303.0
101_NT_AL_AA.fasta.zip,180,906,775.5
10200_NT_AL_AA.fasta.zip,185,163,160
10201_NT_AL_AA.fasta.zip,167,187,186
10202_NT_AL_AA.fasta.zip,63,269,261
10203_NT_AL_AA.fasta.zip,184,474,462.0
10204_NT_AL_AA.fasta.zip,185,127,127
10205_NT_AL_AA.fasta.zip,184,222,215.0
10206_NT_AL_AA.fasta.zip,190,412,407.0
10207_NT_AL_AA.fasta.zip,179,1959,1880
10208_NT_AL_AA.fasta.zip,185,1152,1062
10209_NT_AL_AA.fasta.zip,168,120,113.0
1020_NT_AL_AA.fasta.zip,188,294,292.0
10210_NT_AL_AA.fasta.zip,187,1094,1038
10211_NT_AL_AA.fasta.zip,185,432,427
10212_NT_AL_AA.fasta.zip,182,428,422.0
10213_NT_AL_AA.fasta.zip,189,310,310
102157402_NT_AL_AA.fasta.zip,177,175,172
10215_NT_AL_AA.fasta.zip,173,364,323
10216_NT_AL_AA.fasta.zip,187,3363,1086
10217_NT_AL_AA.fasta.zip,179,255,250
10218_NT_AL_AA.fasta.zip,187,347,344
10219_NT_AL_AA.fasta.zip,146,209,186.0
1021_NT_AL_AA.fasta.zip,186,344,326.0
10220_NT_AL_AA.fasta.zip,167,426,401
10221_NT_AL_AA.fasta.zip,184,392,370.0
10223_NT_AL_AA.fasta.zip,186,375,290.0
10225_NT_AL_AA.fasta.zip,177,655,554
10226_NT_AL_AA.fasta.zip,184,513,430.0
10227_NT_AL_AA.fasta.zip,183,462,449
102288414_NT_AL_AA.fasta.zip,150,132,123.0
10228_NT_AL_AA.fasta.zip,187,258,255
10229_NT_AL_AA.fasta.zip,188,226,217.0
1022_NT_AL_AA.fasta.zip,186,346,346.0
10231_NT_AL_AA.fasta.zip,187,265,243
10233_NT_AL_AA.fasta.zip,187,344,328
10234_NT_AL_AA.fasta.zip,185,449,441
10235_NT_AL_AA.fasta.zip,186,618,606.0
10236_NT_AL_AA.fasta.zip,187,640,634
10237_NT_AL_AA.fasta.zip,189,370,358
10238_NT_AL_AA.fasta.zip,186,342,342.0
10240_NT_AL_AA.fasta.zip,181,403,382
10241_NT_AL_AA.fasta.zip,183,553,443
10242_NT_AL_AA.fasta.zip,187,235,235
10243_NT_AL_AA.fasta.zip,181,807,790
10244_NT_AL_AA.fasta.zip,188,377,370.0
10245_NT_AL_AA.fasta.zip,184,178,172.0
10246_NT_AL_AA.fasta.zip,148,482,476.0
10247_NT_AL_AA.fasta.zip,179,137,137
10248_NT_AL_AA.fasta.zip,183,143,140
1024_NT_AL_AA.fasta.zip,180,469,463.0
10250_NT_AL_AA.fasta.zip,182,939,918.0
10251_NT_AL_AA.fasta.zip,173,292,288
10252_NT_AL_AA.fasta.zip,163,331,319
10253_NT_AL_AA.fasta.zip,182,324,315.0
10254_NT_AL_AA.fasta.zip,188,545,525.0
10256_NT_AL_AA.fasta.zip,190,741,689.0
10257_NT_AL_AA.fasta.zip,177,1335,1323
1025_NT_AL_AA.fasta.zip,188,376,371.0
10260_NT_AL_AA.fasta.zip,187,1967,1909
10261_NT_AL_AA.fasta.zip,184,254,230.5
10262_NT_AL_AA.fasta.zip,183,424,424
10263_NT_AL_AA.fasta.zip,186,134,127.0
10265_NT_AL_AA.fasta.zip,184,508,483.0
10266_NT_AL_AA.fasta.zip,183,209,171
10267_NT_AL_AA.fasta.zip,177,138,137
10268_NT_AL_AA.fasta.zip,156,139,135.0
10269_NT_AL_AA.fasta.zip,189,482,475
1026_NT_AL_AA.fasta.zip,188,174,162.0
10270_NT_AL_AA.fasta.zip,182,819,672.5
102723796_NT_AL_AA.fasta.zip,124,446,399.5
102723899_NT_AL_AA.fasta.zip,73,131,119
102724231_NT_AL_AA.fasta.zip,57,167,150
10272_NT_AL_AA.fasta.zip,175,287,257
10273_NT_AL_AA.fasta.zip,184,309,302.0
10274_NT_AL_AA.fasta.zip,182,1262,1258.0
10276_NT_AL_AA.fasta.zip,187,607,593
10277_NT_AL_AA.fasta.zip,185,1442,1348
10278_NT_AL_AA.fasta.zip,183,579,560
10279_NT_AL_AA.fasta.zip,175,504,496
1027_NT_AL_AA.fasta.zip,185,209,198
10280_NT_AL_AA.fasta.zip,187,223,223
10282_NT_AL_AA.fasta.zip,180,120,118.0
10283_NT_AL_AA.fasta.zip,184,480,471.0
10284_NT_AL_AA.fasta.zip,183,176,172
10285_NT_AL_AA.fasta.zip,173,239,238
10286_NT_AL_AA.fasta.zip,186,225,225.0
10287_NT_AL_AA.fasta.zip,185,223,208
10289_NT_AL_AA.fasta.zip,168,113,113.0
1028_NT_AL_AA.fasta.zip,153,276,236
10290_NT_AL_AA.fasta.zip,177,3392,3240
10291_NT_AL_AA.fasta.zip,187,795,793
10293_NT_AL_AA.fasta.zip,190,488,468.0
10294_NT_AL_AA.fasta.zip,173,412,412
10295_NT_AL_AA.fasta.zip,187,414,412
10296_NT_AL_AA.fasta.zip,187,455,396
10297_NT_AL_AA.fasta.zip,178,2482,2230.0
10298_NT_AL_AA.fasta.zip,187,632,591
10299_NT_AL_AA.fasta.zip,179,968,904
102_NT_AL_AA.fasta.zip,183,754,747
10300_NT_AL_AA.fasta.zip,187,685,652
10302_NT_AL_AA.fasta.zip,187,101,97
10307_NT_AL_AA.fasta.zip,183,503,483
10309_NT_AL_AA.fasta.zip,184,370,350.0
10311_NT_AL_AA.fasta.zip,184,300,297.0
10312_NT_AL_AA.fasta.zip,181,868,822
10313_NT_AL_AA.fasta.zip,183,1087,942
10314_NT_AL_AA.fasta.zip,187,399,399
10316_NT_AL_AA.fasta.zip,182,439,406.0
10317_NT_AL_AA.fasta.zip,174,314,311.0
10318_NT_AL_AA.fasta.zip,185,664,628
10319_NT_AL_AA.fasta.zip,175,1595,1540
1031_NT_AL_AA.fasta.zip,178,171,168.0
10320_NT_AL_AA.fasta.zip,181,550,535
10322_NT_AL_AA.fasta.zip,187,422,414
10324_NT_AL_AA.fasta.zip,167,606,606
10325_NT_AL_AA.fasta.zip,149,377,374
10327_NT_AL_AA.fasta.zip,180,325,325.0
10328_NT_AL_AA.fasta.zip,185,213,210
10329_NT_AL_AA.fasta.zip,184,461,443.0
1032_NT_AL_AA.fasta.zip,187,168,165
10330_NT_AL_AA.fasta.zip,182,183,182.0
10331_NT_AL_AA.fasta.zip,171,384,358
10335_NT_AL_AA.fasta.zip,189,918,887
10336_NT_AL_AA.fasta.zip,184,247,242.0
1033_NT_AL_AA.fasta.zip,186,211,209.0
10342_NT_AL_AA.fasta.zip,189,413,400
10343_NT_AL_AA.fasta.zip,139,2108,1963
10344_NT_AL_AA.fasta.zip,145,97,93
10345_NT_AL_AA.fasta.zip,140,333,301.0
10347_NT_AL_AA.fasta.zip,171,2364,2037
10350_NT_AL_AA.fasta.zip,126,2008,1623.0
10352_NT_AL_AA.fasta.zip,189,363,359
10360_NT_AL_AA.fasta.zip,188,191,176.0
10361_NT_AL_AA.fasta.zip,178,248,181.5
10362_NT_AL_AA.fasta.zip,182,345,309.0
10363_NT_AL_AA.fasta.zip,187,350,347
10365_NT_AL_AA.fasta.zip,161,391,353
10367_NT_AL_AA.fasta.zip,184,488,479.0
10368_NT_AL_AA.fasta.zip,178,318,315.0
10369_NT_AL_AA.fasta.zip,181,324,323
1036_NT_AL_AA.fasta.zip,187,199,199
10370_NT_AL_AA.fasta.zip,187,302,268
10371_NT_AL_AA.fasta.zip,180,775,772.0
10379_NT_AL_AA.fasta.zip,188,459,389.0
10380_NT_AL_AA.fasta.zip,179,323,323
10381_NT_AL_AA.fasta.zip,92,450,450.0
10382_NT_AL_AA.fasta.zip,184,448,442.0
10383_NT_AL_AA.fasta.zip,161,456,445
10388_NT_AL_AA.fasta.zip,182,1580,1445.0
10389_NT_AL_AA.fasta.zip,170,754,669.0
10390_NT_AL_AA.fasta.zip,162,416,416.0
10391_NT_AL_AA.fasta.zip,189,479,475
10392_NT_AL_AA.fasta.zip,188,962,950.0
10393_NT_AL_AA.fasta.zip,187,188,185
10395_NT_AL_AA.fasta.zip,169,1571,1521
10396_NT_AL_AA.fasta.zip,188,1158,1158.0
10397_NT_AL_AA.fasta.zip,188,404,384.0
10398_NT_AL_AA.fasta.zip,186,172,172.0
10399_NT_AL_AA.fasta.zip,180,321,317.0
1039_NT_AL_AA.fasta.zip,169,461,454
103_NT_AL_AA.fasta.zip,188,1381,1130.0
10400_NT_AL_AA.fasta.zip,182,216,212.0
10401_NT_AL_AA.fasta.zip,185,649,627
10402_NT_AL_AA.fasta.zip,190,337,330.0
10403_NT_AL_AA.fasta.zip,184,655,642.0
10404_NT_AL_AA.fasta.zip,185,478,471
10406_NT_AL_AA.fasta.zip,179,137,117
10409_NT_AL_AA.fasta.zip,166,275,222.0
1040_NT_AL_AA.fasta.zip,181,469,461
10411_NT_AL_AA.fasta.zip,180,947,916.0
10412_NT_AL_AA.fasta.zip,173,261,260
10413_NT_AL_AA.fasta.zip,181,473,459
10417_NT_AL_AA.fasta.zip,159,336,322
10418_NT_AL_AA.fasta.zip,185,810,807
10419_NT_AL_AA.fasta.zip,189,639,637
1041_NT_AL_AA.fasta.zip,186,1021,498.0
10420_NT_AL_AA.fasta.zip,185,591,569
10421_NT_AL_AA.fasta.zip,188,359,341.0
10422_NT_AL_AA.fasta.zip,183,418,398
10423_NT_AL_AA.fasta.zip,189,218,213
10424_NT_AL_AA.fasta.zip,172,229,223.0
10425_NT_AL_AA.fasta.zip,185,496,491
10426_NT_AL_AA.fasta.zip,178,923,907.0
10427_NT_AL_AA.fasta.zip,179,1282,1207
10428_NT_AL_AA.fasta.zip,178,317,298.5
10430_NT_AL_AA.fasta.zip,190,229,224.0
10434_NT_AL_AA.fasta.zip,179,232,230
10435_NT_AL_AA.fasta.zip,186,253,208.0
10436_NT_AL_AA.fasta.zip,187,256,244
10437_NT_AL_AA.fasta.zip,179,259,234
10438_NT_AL_AA.fasta.zip,186,142,141.0
10439_NT_AL_AA.fasta.zip,180,488,485.0
1043_NT_AL_AA.fasta.zip,25,94,60
10440_NT_AL_AA.fasta.zip,171,179,171
10443_NT_AL_AA.fasta.zip,152,1265,1154.0
10444_NT_AL_AA.fasta.zip,188,769,765.0
10445_NT_AL_AA.fasta.zip,189,463,459
10446_NT_AL_AA.fasta.zip,188,725,712.0
10447_NT_AL_AA.fasta.zip,188,228,227.0
10449_NT_AL_AA.fasta.zip,187,398,396
1044_NT_AL_AA.fasta.zip,182,305,265.0
10450_NT_AL_AA.fasta.zip,175,305,301
10451_NT_AL_AA.fasta.zip,177,851,847
10452_NT_AL_AA.fasta.zip,184,372,361.0
10454_NT_AL_AA.fasta.zip,184,513,501.0
10456_NT_AL_AA.fasta.zip,186,300,277.0
10457_NT_AL_AA.fasta.zip,188,589,551.0
10458_NT_AL_AA.fasta.zip,181,551,533
10459_NT_AL_AA.fasta.zip,188,214,209.0
1045_NT_AL_AA.fasta.zip,183,335,309
10460_NT_AL_AA.fasta.zip,176,1110,693.5
10461_NT_AL_AA.fasta.zip,185,997,970
10463_NT_AL_AA.fasta.zip,183,574,565
10464_NT_AL_AA.fasta.zip,188,757,748.0
10465_NT_AL_AA.fasta.zip,187,178,177
10466_NT_AL_AA.fasta.zip,179,833,829
10467_NT_AL_AA.fasta.zip,188,161,154.0
10468_NT_AL_AA.fasta.zip,172,344,344.0
10469_NT_AL_AA.fasta.zip,188,461,451.0
1046_NT_AL_AA.fasta.zip,138,293,284.0
10471_NT_AL_AA.fasta.zip,189,131,129
10472_NT_AL_AA.fasta.zip,140,532,530.0
10474_NT_AL_AA.fasta.zip,187,436,432
10475_NT_AL_AA.fasta.zip,141,479,456
10477_NT_AL_AA.fasta.zip,186,207,205.0
10478_NT_AL_AA.fasta.zip,187,306,304
10479_NT_AL_AA.fasta.zip,181,712,697
1047_NT_AL_AA.fasta.zip,187,636,610
10480_NT_AL_AA.fasta.zip,186,374,374.0
10481_NT_AL_AA.fasta.zip,189,304,283
10482_NT_AL_AA.fasta.zip,189,640,618
10483_NT_AL_AA.fasta.zip,188,770,767.0
10484_NT_AL_AA.fasta.zip,183,766,765
10486_NT_AL_AA.fasta.zip,188,482,476.0
10487_NT_AL_AA.fasta.zip,190,478,475.0
10488_NT_AL_AA.fasta.zip,188,399,358.0
10489_NT_AL_AA.fasta.zip,180,827,813.0
10490_NT_AL_AA.fasta.zip,189,233,232
10491_NT_AL_AA.fasta.zip,182,415,401.0
10492_NT_AL_AA.fasta.zip,188,629,623.0
10493_NT_AL_AA.fasta.zip,182,422,399.0
10494_NT_AL_AA.fasta.zip,185,447,426
10495_NT_AL_AA.fasta.zip,182,585,581.0
10497_NT_AL_AA.fasta.zip,139,4370,2396
10498_NT_AL_AA.fasta.zip,167,592,567
10499_NT_AL_AA.fasta.zip,188,1485,1460.0
104_NT_AL_AA.fasta.zip,184,710,695.0
10500_NT_AL_AA.fasta.zip,180,1016,959.0
10501_NT_AL_AA.fasta.zip,178,936,873.0
10505_NT_AL_AA.fasta.zip,184,797,770.0
10507_NT_AL_AA.fasta.zip,169,872,850
10509_NT_AL_AA.fasta.zip,184,833,797.5
1050_NT_AL_AA.fasta.zip,173,392,352
10512_NT_AL_AA.fasta.zip,185,763,750
10513_NT_AL_AA.fasta.zip,188,589,585.0
10514_NT_AL_AA.fasta.zip,188,1665,1308.0
10516_NT_AL_AA.fasta.zip,186,493,441.0
10518_NT_AL_AA.fasta.zip,182,184,184.0
10519_NT_AL_AA.fasta.zip,182,197,191.0
1051_NT_AL_AA.fasta.zip,160,389,341.0
10521_NT_AL_AA.fasta.zip,182,657,652.0
10522_NT_AL_AA.fasta.zip,175,585,561
10523_NT_AL_AA.fasta.zip,184,1073,922.0
10524_NT_AL_AA.fasta.zip,188,546,546.0
10525_NT_AL_AA.fasta.zip,188,1040,995.0
10526_NT_AL_AA.fasta.zip,175,1077,1037
10527_NT_AL_AA.fasta.zip,187,1038,1038
10528_NT_AL_AA.fasta.zip,186,629,594.0
10529_NT_AL_AA.fasta.zip,180,1033,1011.0
1052_NT_AL_AA.fasta.zip,155,306,266
10531_NT_AL_AA.fasta.zip,183,1051,1031
10533_NT_AL_AA.fasta.zip,185,696,693
10534_NT_AL_AA.fasta.zip,188,210,198.0
10535_NT_AL_AA.fasta.zip,179,303,298
10536_NT_AL_AA.fasta.zip,182,790,725.0
105371045_NT_AL_AA.fasta.zip,143,305,257
105372280_NT_AL_AA.fasta.zip,164,86,72.0
105375355_NT_AL_AA.fasta.zip,178,299,270.5
105378220_NT_AL_AA.fasta.zip,93,844,285
105378696_NT_AL_AA.fasta.zip,123,209,176
105378952_NT_AL_AA.fasta.zip,10,572,275.5
10537_NT_AL_AA.fasta.zip,128,161,155.0
10538_NT_AL_AA.fasta.zip,189,129,125
10539_NT_AL_AA.fasta.zip,174,334,330.0
1053_NT_AL_AA.fasta.zip,189,287,281
10540_NT_AL_AA.fasta.zip,153,419,403
10541_NT_AL_AA.fasta.zip,159,291,249
10542_NT_AL_AA.fasta.zip,183,92,91
10544_NT_AL_AA.fasta.zip,185,264,238
10548_NT_AL_AA.fasta.zip,187,613,606
10549_NT_AL_AA.fasta.zip,181,273,262
1054_NT_AL_AA.fasta.zip,181,154,149
10550_NT_AL_AA.fasta.zip,186,188,188.0
10551_NT_AL_AA.fasta.zip,184,178,175.0
10552_NT_AL_AA.fasta.zip,188,372,370.0
10553_NT_AL_AA.fasta.zip,185,269,267
10554_NT_AL_AA.fasta.zip,187,292,286
10555_NT_AL_AA.fasta.zip,179,409,275
10556_NT_AL_AA.fasta.zip,188,272,268.0
10557_NT_AL_AA.fasta.zip,178,286,281.0
10558_NT_AL_AA.fasta.zip,173,473,473
10559_NT_AL_AA.fasta.zip,189,336,334
10560_NT_AL_AA.fasta.zip,187,516,493
10562_NT_AL_AA.fasta.zip,186,503,463.0
10563_NT_AL_AA.fasta.zip,180,108,102.0
10564_NT_AL_AA.fasta.zip,183,1882,1782
10565_NT_AL_AA.fasta.zip,187,1855,1848
10566_NT_AL_AA.fasta.zip,184,892,847.0
10567_NT_AL_AA.fasta.zip,187,188,185
10568_NT_AL_AA.fasta.zip,169,714,669
10569_NT_AL_AA.fasta.zip,189,594,586
1056_NT_AL_AA.fasta.zip,175,650,582
10570_NT_AL_AA.fasta.zip,90,579,572.0
10572_NT_AL_AA.fasta.zip,185,186,173
10573_NT_AL_AA.fasta.zip,186,256,255.0
10574_NT_AL_AA.fasta.zip,190,546,543.0
10575_NT_AL_AA.fasta.zip,187,542,539
10576_NT_AL_AA.fasta.zip,186,535,535.0
10577_NT_AL_AA.fasta.zip,188,151,149.0
10579_NT_AL_AA.fasta.zip,171,2095,1871
10580_NT_AL_AA.fasta.zip,187,1890,1426
10584_NT_AL_AA.fasta.zip,189,278,277
10585_NT_AL_AA.fasta.zip,186,728,721.0
10586_NT_AL_AA.fasta.zip,182,359,359.0
10587_NT_AL_AA.fasta.zip,186,493,487.0
10589_NT_AL_AA.fasta.zip,181,209,200
1058_NT_AL_AA.fasta.zip,182,195,132.0
10590_NT_AL_AA.fasta.zip,168,277,276.0
10591_NT_AL_AA.fasta.zip,182,163,145.0
10592_NT_AL_AA.fasta.zip,186,1194,1191.0
10594_NT_AL_AA.fasta.zip,188,2335,2335.0
10595_NT_AL_AA.fasta.zip,180,912,893.0
10598_NT_AL_AA.fasta.zip,190,345,338.0
1059_NT_AL_AA.fasta.zip,165,667,596
105_NT_AL_AA.fasta.zip,176,722,697.0
10600_NT_AL_AA.fasta.zip,184,848,821.0
10602_NT_AL_AA.fasta.zip,184,264,254.0
10603_NT_AL_AA.fasta.zip,182,700,611.0
10605_NT_AL_AA.fasta.zip,188,505,476.0
10607_NT_AL_AA.fasta.zip,183,801,796
10608_NT_AL_AA.fasta.zip,174,213,209.0
10609_NT_AL_AA.fasta.zip,174,463,437.0
1060_NT_AL_AA.fasta.zip,181,1136,930
10610_NT_AL_AA.fasta.zip,180,385,362.5
10611_NT_AL_AA.fasta.zip,181,746,617
10612_NT_AL_AA.fasta.zip,188,744,744.0
10613_NT_AL_AA.fasta.zip,146,349,347.0
10614_NT_AL_AA.fasta.zip,180,494,358.5
10615_NT_AL_AA.fasta.zip,188,1710,1186.0
10616_NT_AL_AA.fasta.zip,187,511,505
10617_NT_AL_AA.fasta.zip,174,434,424.0
10618_NT_AL_AA.fasta.zip,134,843,212.0
10620_NT_AL_AA.fasta.zip,186,608,547.0
10621_NT_AL_AA.fasta.zip,187,317,316
10622_NT_AL_AA.fasta.zip,187,243,223
10623_NT_AL_AA.fasta.zip,188,538,534.0
10625_NT_AL_AA.fasta.zip,186,643,642.0
10626_NT_AL_AA.fasta.zip,164,581,553.0
10628_NT_AL_AA.fasta.zip,186,400,389.0
10629_NT_AL_AA.fasta.zip,177,639,618
1062_NT_AL_AA.fasta.zip,177,3779,2630
10630_NT_AL_AA.fasta.zip,176,190,156.5
10631_NT_AL_AA.fasta.zip,184,863,836.0
10632_NT_AL_AA.fasta.zip,187,105,103
10633_NT_AL_AA.fasta.zip,178,208,200.0
10634_NT_AL_AA.fasta.zip,184,758,679.0
10635_NT_AL_AA.fasta.zip,184,423,324.0
10636_NT_AL_AA.fasta.zip,179,591,562
1063_NT_AL_AA.fasta.zip,183,4632,3071
10640_NT_AL_AA.fasta.zip,188,708,708.0
10641_NT_AL_AA.fasta.zip,189,380,377
10642_NT_AL_AA.fasta.zip,189,578,576
10643_NT_AL_AA.fasta.zip,181,592,577
10644_NT_AL_AA.fasta.zip,186,605,597.0
10645_NT_AL_AA.fasta.zip,187,616,577
10650_NT_AL_AA.fasta.zip,180,156,153.0
10651_NT_AL_AA.fasta.zip,187,263,263
10652_NT_AL_AA.fasta.zip,185,199,198
10653_NT_AL_AA.fasta.zip,178,255,252.0
10654_NT_AL_AA.fasta.zip,184,196,190.0
10655_NT_AL_AA.fasta.zip,185,616,556
10656_NT_AL_AA.fasta.zip,175,351,345
10657_NT_AL_AA.fasta.zip,190,486,443.0
10658_NT_AL_AA.fasta.zip,190,514,514.0
10659_NT_AL_AA.fasta.zip,184,500,496.0
10660_NT_AL_AA.fasta.zip,175,288,281
10661_NT_AL_AA.fasta.zip,187,396,360
10663_NT_AL_AA.fasta.zip,186,333,330.0
10664_NT_AL_AA.fasta.zip,189,733,727
10665_NT_AL_AA.fasta.zip,84,997,308.0
10666_NT_AL_AA.fasta.zip,184,355,325.0
10667_NT_AL_AA.fasta.zip,180,462,451.0
10668_NT_AL_AA.fasta.zip,190,337,332.0
10669_NT_AL_AA.fasta.zip,183,395,261
10670_NT_AL_AA.fasta.zip,168,313,313.0
10671_NT_AL_AA.fasta.zip,181,195,190
10672_NT_AL_AA.fasta.zip,183,377,377
10673_NT_AL_AA.fasta.zip,183,294,279
10675_NT_AL_AA.fasta.zip,171,557,522
10677_NT_AL_AA.fasta.zip,188,826,814.0
10678_NT_AL_AA.fasta.zip,186,398,397.0
10681_NT_AL_AA.fasta.zip,182,350,350.0
10682_NT_AL_AA.fasta.zip,180,233,230.0
10683_NT_AL_AA.fasta.zip,184,673,580.0
10686_NT_AL_AA.fasta.zip,190,238,235.0
10687_NT_AL_AA.fasta.zip,167,379,364
1068_NT_AL_AA.fasta.zip,172,174,172.0
10690_NT_AL_AA.fasta.zip,189,360,359
10691_NT_AL_AA.fasta.zip,186,576,573.0
10692_NT_AL_AA.fasta.zip,184,342,337.0
10693_NT_AL_AA.fasta.zip,180,539,528.0
10694_NT_AL_AA.fasta.zip,174,545,545.0
10695_NT_AL_AA.fasta.zip,189,303,277
10699_NT_AL_AA.fasta.zip,183,1042,1016
1069_NT_AL_AA.fasta.zip,175,174,172
1070_NT_AL_AA.fasta.zip,181,172,167
10712_NT_AL_AA.fasta.zip,183,729,669
10713_NT_AL_AA.fasta.zip,146,578,565.0
10714_NT_AL_AA.fasta.zip,186,491,464.0
10716_NT_AL_AA.fasta.zip,186,693,682.0
10717_NT_AL_AA.fasta.zip,189,758,739
10718_NT_AL_AA.fasta.zip,169,768,712
10721_NT_AL_AA.fasta.zip,182,2683,2572.5
10723_NT_AL_AA.fasta.zip,181,1110,1048
10724_NT_AL_AA.fasta.zip,186,923,915.0
10725_NT_AL_AA.fasta.zip,187,1621,1546
10726_NT_AL_AA.fasta.zip,189,342,332
10728_NT_AL_AA.fasta.zip,183,160,160
1072_NT_AL_AA.fasta.zip,182,167,166.0
10730_NT_AL_AA.fasta.zip,180,721,712.0
10732_NT_AL_AA.fasta.zip,171,498,419
10733_NT_AL_AA.fasta.zip,183,993,963
10734_NT_AL_AA.fasta.zip,184,1272,1217.0
10735_NT_AL_AA.fasta.zip,181,1272,1268
10736_NT_AL_AA.fasta.zip,183,302,296
1073_NT_AL_AA.fasta.zip,180,168,165.0
10741_NT_AL_AA.fasta.zip,153,187,186
10742_NT_AL_AA.fasta.zip,184,567,524.0
10743_NT_AL_AA.fasta.zip,188,2127,1867.0
10745_NT_AL_AA.fasta.zip,177,783,760
10746_NT_AL_AA.fasta.zip,180,624,619.0
10747_NT_AL_AA.fasta.zip,181,735,683
10749_NT_AL_AA.fasta.zip,186,1141,1102.0
10752_NT_AL_AA.fasta.zip,161,1241,1225
10753_NT_AL_AA.fasta.zip,165,726,686
10755_NT_AL_AA.fasta.zip,181,350,333
10758_NT_AL_AA.fasta.zip,190,584,562.0
1075_NT_AL_AA.fasta.zip,185,479,461
10761_NT_AL_AA.fasta.zip,174,187,182.0
10762_NT_AL_AA.fasta.zip,187,505,458
10763_NT_AL_AA.fasta.zip,173,3257,1606
10765_NT_AL_AA.fasta.zip,171,1541,1532
10766_NT_AL_AA.fasta.zip,188,377,344.0
10767_NT_AL_AA.fasta.zip,184,697,682.0
10768_NT_AL_AA.fasta.zip,184,537,530.0
10769_NT_AL_AA.fasta.zip,177,700,684
10771_NT_AL_AA.fasta.zip,183,621,617
10772_NT_AL_AA.fasta.zip,188,265,262.0
10773_NT_AL_AA.fasta.zip,180,427,424.0
10775_NT_AL_AA.fasta.zip,168,227,220.0
10776_NT_AL_AA.fasta.zip,180,113,112.0
10777_NT_AL_AA.fasta.zip,188,881,844.0
10782_NT_AL_AA.fasta.zip,161,719,601
10783_NT_AL_AA.fasta.zip,188,315,313.0
10785_NT_AL_AA.fasta.zip,188,428,398.0
10786_NT_AL_AA.fasta.zip,134,504,494.0
10787_NT_AL_AA.fasta.zip,187,1134,1134
10788_NT_AL_AA.fasta.zip,181,1596,1572
10791_NT_AL_AA.fasta.zip,179,110,110
10797_NT_AL_AA.fasta.zip,186,356,350.0
107983988_NT_AL_AA.fasta.zip,115,1837,1088
107983993_NT_AL_AA.fasta.zip,106,261,251.0
107984345_NT_AL_AA.fasta.zip,70,52,51.0
107984640_NT_AL_AA.fasta.zip,119,116,99
107986096_NT_AL_AA.fasta.zip,152,204,187.0
107986818_NT_AL_AA.fasta.zip,76,127,127.0
10799_NT_AL_AA.fasta.zip,186,368,363.0
10800_NT_AL_AA.fasta.zip,170,344,340.0
10801_NT_AL_AA.fasta.zip,179,590,557
10802_NT_AL_AA.fasta.zip,186,1140,1092.0
10803_NT_AL_AA.fasta.zip,185,376,364
10804_NT_AL_AA.fasta.zip,149,261,261
10806_NT_AL_AA.fasta.zip,184,720,700.0
10807_NT_AL_AA.fasta.zip,178,448,427.0
10808_NT_AL_AA.fasta.zip,184,935,859.0
10809_NT_AL_AA.fasta.zip,190,295,291.0
1080_NT_AL_AA.fasta.zip,176,1488,1462.0
10810_NT_AL_AA.fasta.zip,183,528,502
10811_NT_AL_AA.fasta.zip,170,473,413.0
10813_NT_AL_AA.fasta.zip,143,815,767
10814_NT_AL_AA.fasta.zip,169,135,134
10815_NT_AL_AA.fasta.zip,179,136,134
10816_NT_AL_AA.fasta.zip,13,89,89
10817_NT_AL_AA.fasta.zip,188,523,493.0
10818_NT_AL_AA.fasta.zip,188,515,508.0
1081_NT_AL_AA.fasta.zip,188,120,120.0
10825_NT_AL_AA.fasta.zip,188,425,420.0
10826_NT_AL_AA.fasta.zip,182,335,318.0
10827_NT_AL_AA.fasta.zip,182,555,491.5
10840_NT_AL_AA.fasta.zip,180,904,902.0
10841_NT_AL_AA.fasta.zip,154,540,535.0
10842_NT_AL_AA.fasta.zip,186,159,155.0
10845_NT_AL_AA.fasta.zip,184,641,633.0
10846_NT_AL_AA.fasta.zip,172,754,754.0
10847_NT_AL_AA.fasta.zip,180,3487,3209.0
10848_NT_AL_AA.fasta.zip,186,942,818.0
10849_NT_AL_AA.fasta.zip,182,605,470.5
10850_NT_AL_AA.fasta.zip,157,121,112
10855_NT_AL_AA.fasta.zip,183,537,530
10856_NT_AL_AA.fasta.zip,184,464,460.0
10857_NT_AL_AA.fasta.zip,179,199,194
10858_NT_AL_AA.fasta.zip,180,509,499.0
10861_NT_AL_AA.fasta.zip,178,710,698.0
10863_NT_AL_AA.fasta.zip,179,761,732
10864_NT_AL_AA.fasta.zip,189,562,537
10865_NT_AL_AA.fasta.zip,178,618,586.0
10867_NT_AL_AA.fasta.zip,184,337,330.0
10868_NT_AL_AA.fasta.zip,190,944,913.0
10869_NT_AL_AA.fasta.zip,188,1387,1359.0
10870_NT_AL_AA.fasta.zip,170,91,79.0
10873_NT_AL_AA.fasta.zip,184,608,604.0
10874_NT_AL_AA.fasta.zip,155,182,165
10875_NT_AL_AA.fasta.zip,184,463,439.0
10880_NT_AL_AA.fasta.zip,181,432,417
10881_NT_AL_AA.fasta.zip,188,446,439.0
10882_NT_AL_AA.fasta.zip,166,262,258.0
10884_NT_AL_AA.fasta.zip,181,462,424
10885_NT_AL_AA.fasta.zip,188,975,943.0
10886_NT_AL_AA.fasta.zip,185,421,419
10887_NT_AL_AA.fasta.zip,184,399,393.0
10888_NT_AL_AA.fasta.zip,182,432,421.0
10890_NT_AL_AA.fasta.zip,188,202,200.0
10891_NT_AL_AA.fasta.zip,190,794,780.0
10892_NT_AL_AA.fasta.zip,183,840,825
10893_NT_AL_AA.fasta.zip,186,580,563.0
10894_NT_AL_AA.fasta.zip,189,336,318
10897_NT_AL_AA.fasta.zip,189,297,293
10898_NT_AL_AA.fasta.zip,189,270,269
10899_NT_AL_AA.fasta.zip,183,146,146
108_NT_AL_AA.fasta.zip,176,1104,1091.0
10900_NT_AL_AA.fasta.zip,184,453,446.0
10902_NT_AL_AA.fasta.zip,150,941,934.0
10903_NT_AL_AA.fasta.zip,186,707,691.0
10904_NT_AL_AA.fasta.zip,168,87,87.0
10905_NT_AL_AA.fasta.zip,183,643,641
10906_NT_AL_AA.fasta.zip,188,603,579.0
10907_NT_AL_AA.fasta.zip,178,146,142.0
10908_NT_AL_AA.fasta.zip,186,1400,1337.0
10910_NT_AL_AA.fasta.zip,183,346,336
10911_NT_AL_AA.fasta.zip,161,132,120
10912_NT_AL_AA.fasta.zip,175,162,159
10913_NT_AL_AA.fasta.zip,164,454,448.0
10914_NT_AL_AA.fasta.zip,184,744,736.0
10915_NT_AL_AA.fasta.zip,188,1216,1096.0
10916_NT_AL_AA.fasta.zip,120,640,593.5
10919_NT_AL_AA.fasta.zip,185,1319,1266
10920_NT_AL_AA.fasta.zip,179,214,209
10921_NT_AL_AA.fasta.zip,185,306,304
10922_NT_AL_AA.fasta.zip,177,570,546
10923_NT_AL_AA.fasta.zip,188,128,127.0
10924_NT_AL_AA.fasta.zip,186,453,447.0
10926_NT_AL_AA.fasta.zip,186,717,674.0
10927_NT_AL_AA.fasta.zip,181,258,258
10928_NT_AL_AA.fasta.zip,183,657,646
10930_NT_AL_AA.fasta.zip,189,239,217
10933_NT_AL_AA.fasta.zip,174,363,360.0
10935_NT_AL_AA.fasta.zip,188,264,257.0
10936_NT_AL_AA.fasta.zip,175,545,540
10938_NT_AL_AA.fasta.zip,186,534,534.0
10939_NT_AL_AA.fasta.zip,178,815,792.0
10940_NT_AL_AA.fasta.zip,187,1093,1011
10943_NT_AL_AA.fasta.zip,180,526,521.0
10944_NT_AL_AA.fasta.zip,174,184,179.0
10945_NT_AL_AA.fasta.zip,179,214,212
10946_NT_AL_AA.fasta.zip,186,509,501.0
10947_NT_AL_AA.fasta.zip,188,418,418.0
10948_NT_AL_AA.fasta.zip,188,452,443.0
10949_NT_AL_AA.fasta.zip,165,327,303
10950_NT_AL_AA.fasta.zip,179,256,251
10951_NT_AL_AA.fasta.zip,182,185,185.0
10952_NT_AL_AA.fasta.zip,185,96,96
10953_NT_AL_AA.fasta.zip,186,312,308.0
10954_NT_AL_AA.fasta.zip,186,528,519.0
10955_NT_AL_AA.fasta.zip,188,477,473.0
10956_NT_AL_AA.fasta.zip,188,711,666.0
10957_NT_AL_AA.fasta.zip,182,350,327.0
10959_NT_AL_AA.fasta.zip,180,209,201.0
10960_NT_AL_AA.fasta.zip,187,372,356
10961_NT_AL_AA.fasta.zip,188,262,261.0
10962_NT_AL_AA.fasta.zip,176,95,90.0
10963_NT_AL_AA.fasta.zip,183,545,543
10964_NT_AL_AA.fasta.zip,136,447,393.5
10966_NT_AL_AA.fasta.zip,162,291,278.0
10969_NT_AL_AA.fasta.zip,189,323,305
109703458_NT_AL_AA.fasta.zip,138,169,168.0
10970_NT_AL_AA.fasta.zip,172,635,572.5
10971_NT_AL_AA.fasta.zip,181,242,242
10972_NT_AL_AA.fasta.zip,190,223,219.0
10973_NT_AL_AA.fasta.zip,180,2218,2202.0
10975_NT_AL_AA.fasta.zip,176,56,56.0
10978_NT_AL_AA.fasta.zip,175,425,425
10979_NT_AL_AA.fasta.zip,187,701,698
10980_NT_AL_AA.fasta.zip,187,322,322
10981_NT_AL_AA.fasta.zip,178,232,224.0
10982_NT_AL_AA.fasta.zip,181,330,326
10983_NT_AL_AA.fasta.zip,187,389,375
10985_NT_AL_AA.fasta.zip,185,2675,2666
10987_NT_AL_AA.fasta.zip,187,335,334
10988_NT_AL_AA.fasta.zip,183,489,478
10989_NT_AL_AA.fasta.zip,187,767,754
10991_NT_AL_AA.fasta.zip,186,509,504.0
10992_NT_AL_AA.fasta.zip,190,918,895.0
10993_NT_AL_AA.fasta.zip,183,332,328
10994_NT_AL_AA.fasta.zip,187,660,631
10998_NT_AL_AA.fasta.zip,184,734,686.0
10999_NT_AL_AA.fasta.zip,188,648,642.0
109_NT_AL_AA.fasta.zip,186,1202,1143.0
11000_NT_AL_AA.fasta.zip,183,967,655
11001_NT_AL_AA.fasta.zip,178,620,620.0
11004_NT_AL_AA.fasta.zip,190,741,718.0
11005_NT_AL_AA.fasta.zip,181,1803,1043
11007_NT_AL_AA.fasta.zip,183,204,201
11009_NT_AL_AA.fasta.zip,178,178,175.0
11010_NT_AL_AA.fasta.zip,181,268,262
110117498_NT_AL_AA.fasta.zip,125,118,92
11011_NT_AL_AA.fasta.zip,187,750,750
11014_NT_AL_AA.fasta.zip,179,212,212
11015_NT_AL_AA.fasta.zip,184,217,214.0
11017_NT_AL_AA.fasta.zip,184,160,155.0
11018_NT_AL_AA.fasta.zip,189,242,227
11019_NT_AL_AA.fasta.zip,189,371,371
1101_NT_AL_AA.fasta.zip,178,365,359.0
11020_NT_AL_AA.fasta.zip,187,192,184
11021_NT_AL_AA.fasta.zip,171,199,198
11022_NT_AL_AA.fasta.zip,187,570,552
11023_NT_AL_AA.fasta.zip,182,350,332.0
1102_NT_AL_AA.fasta.zip,181,537,537
11030_NT_AL_AA.fasta.zip,101,226,204
11031_NT_AL_AA.fasta.zip,175,199,194
11033_NT_AL_AA.fasta.zip,179,362,358
11034_NT_AL_AA.fasta.zip,183,168,164
11035_NT_AL_AA.fasta.zip,166,500,465.0
11036_NT_AL_AA.fasta.zip,160,502,473.0
11037_NT_AL_AA.fasta.zip,165,750,729
1103_NT_AL_AA.fasta.zip,189,644,637
11040_NT_AL_AA.fasta.zip,150,317,310.0
11041_NT_AL_AA.fasta.zip,189,419,415
11043_NT_AL_AA.fasta.zip,180,718,715.0
11044_NT_AL_AA.fasta.zip,178,562,553.0
11045_NT_AL_AA.fasta.zip,189,256,251
11046_NT_AL_AA.fasta.zip,182,337,321.0
11047_NT_AL_AA.fasta.zip,180,410,406.0
1104_NT_AL_AA.fasta.zip,187,455,440
11051_NT_AL_AA.fasta.zip,183,230,227
11052_NT_AL_AA.fasta.zip,185,593,589
11054_NT_AL_AA.fasta.zip,184,667,447.5
11055_NT_AL_AA.fasta.zip,178,366,348.0
11056_NT_AL_AA.fasta.zip,189,608,597
11057_NT_AL_AA.fasta.zip,187,429,424
11059_NT_AL_AA.fasta.zip,166,938,920.0
1105_NT_AL_AA.fasta.zip,184,1844,1796.5
11060_NT_AL_AA.fasta.zip,187,884,870
11061_NT_AL_AA.fasta.zip,187,346,334
11062_NT_AL_AA.fasta.zip,173,316,315
11063_NT_AL_AA.fasta.zip,178,842,750.0
11064_NT_AL_AA.fasta.zip,189,2438,2318
11065_NT_AL_AA.fasta.zip,188,182,179.0
11066_NT_AL_AA.fasta.zip,174,253,246.0
11067_NT_AL_AA.fasta.zip,178,220,200.0
11068_NT_AL_AA.fasta.zip,190,219,219.0
11069_NT_AL_AA.fasta.zip,182,1016,1011.0
1106_NT_AL_AA.fasta.zip,187,1840,1809
11070_NT_AL_AA.fasta.zip,187,355,351
11072_NT_AL_AA.fasta.zip,190,199,198.0
11073_NT_AL_AA.fasta.zip,184,1592,1513.0
11075_NT_AL_AA.fasta.zip,170,180,179.0
11076_NT_AL_AA.fasta.zip,179,222,220
11077_NT_AL_AA.fasta.zip,181,331,321
11078_NT_AL_AA.fasta.zip,158,3462,1940.5
11079_NT_AL_AA.fasta.zip,179,196,196
1107_NT_AL_AA.fasta.zip,182,2292,1982.0
110806290_NT_AL_AA.fasta.zip,16,77,56.0
110806296_NT_AL_AA.fasta.zip,135,211,185
11080_NT_AL_AA.fasta.zip,186,336,334.0
11081_NT_AL_AA.fasta.zip,190,354,351.5
11082_NT_AL_AA.fasta.zip,183,188,184
11083_NT_AL_AA.fasta.zip,186,2634,2156.0
11086_NT_AL_AA.fasta.zip,118,715,703.0
1108_NT_AL_AA.fasta.zip,183,1987,1937
11091_NT_AL_AA.fasta.zip,173,337,334
11092_NT_AL_AA.fasta.zip,188,235,214.5
11093_NT_AL_AA.fasta.zip,180,1548,1329.0
11094_NT_AL_AA.fasta.zip,183,181,171
11095_NT_AL_AA.fasta.zip,170,938,873.0
11096_NT_AL_AA.fasta.zip,182,969,925.0
11097_NT_AL_AA.fasta.zip,187,459,413
11098_NT_AL_AA.fasta.zip,186,394,378.0
11099_NT_AL_AA.fasta.zip,185,1221,1151
11100_NT_AL_AA.fasta.zip,184,912,855.5
11101_NT_AL_AA.fasta.zip,187,577,521
11102_NT_AL_AA.fasta.zip,176,124,124.0
11103_NT_AL_AA.fasta.zip,183,404,380
11104_NT_AL_AA.fasta.zip,187,496,491
111064647_NT_AL_AA.fasta.zip,109,797,706
111064649_NT_AL_AA.fasta.zip,124,133,130.0
11107_NT_AL_AA.fasta.zip,165,642,630
11108_NT_AL_AA.fasta.zip,181,814,801
11112_NT_AL_AA.fasta.zip,173,337,336
11113_NT_AL_AA.fasta.zip,147,2119,2067
11116_NT_AL_AA.fasta.zip,171,418,397
11117_NT_AL_AA.fasta.zip,185,1074,1012
1111_NT_AL_AA.fasta.zip,186,477,476.0
11122_NT_AL_AA.fasta.zip,175,1578,1428
11123_NT_AL_AA.fasta.zip,187,248,241
11124_NT_AL_AA.fasta.zip,176,670,649.0
11126_NT_AL_AA.fasta.zip,153,191,174
11127_NT_AL_AA.fasta.zip,189,726,722
11128_NT_AL_AA.fasta.zip,178,1399,1390.0
11129_NT_AL_AA.fasta.zip,185,722,672
1112_NT_AL_AA.fasta.zip,174,521,485.0
11130_NT_AL_AA.fasta.zip,179,249,232
11131_NT_AL_AA.fasta.zip,155,696,685
11132_NT_AL_AA.fasta.zip,183,668,638
11133_NT_AL_AA.fasta.zip,187,448,430
11135_NT_AL_AA.fasta.zip,187,508,350
11136_NT_AL_AA.fasta.zip,178,491,486.0
11137_NT_AL_AA.fasta.zip,186,517,500.0
11138_NT_AL_AA.fasta.zip,187,1179,1144
1113_NT_AL_AA.fasta.zip,187,513,434
11140_NT_AL_AA.fasta.zip,151,387,379
11141_NT_AL_AA.fasta.zip,170,676,670.0
11142_NT_AL_AA.fasta.zip,180,78,76.0
11143_NT_AL_AA.fasta.zip,187,611,607
11144_NT_AL_AA.fasta.zip,185,340,340
11145_NT_AL_AA.fasta.zip,54,177,161.0
11146_NT_AL_AA.fasta.zip,188,607,595.0
11148_NT_AL_AA.fasta.zip,169,312,291
11149_NT_AL_AA.fasta.zip,187,367,360
1114_NT_AL_AA.fasta.zip,186,725,662.5
11151_NT_AL_AA.fasta.zip,187,464,461
11152_NT_AL_AA.fasta.zip,184,364,361.0
11153_NT_AL_AA.fasta.zip,189,466,458
11154_NT_AL_AA.fasta.zip,185,148,141
11155_NT_AL_AA.fasta.zip,187,920,708
11156_NT_AL_AA.fasta.zip,178,178,173.0
11157_NT_AL_AA.fasta.zip,182,84,80.0
11158_NT_AL_AA.fasta.zip,158,230,220.0
11160_NT_AL_AA.fasta.zip,187,342,339
11161_NT_AL_AA.fasta.zip,176,142,138.0
11162_NT_AL_AA.fasta.zip,178,295,286.0
11163_NT_AL_AA.fasta.zip,187,182,180
11164_NT_AL_AA.fasta.zip,185,221,219
11166_NT_AL_AA.fasta.zip,168,288,275.0
11167_NT_AL_AA.fasta.zip,188,308,306.0
11168_NT_AL_AA.fasta.zip,185,547,530
11169_NT_AL_AA.fasta.zip,189,1166,1124
1116_NT_AL_AA.fasta.zip,175,387,372
11170_NT_AL_AA.fasta.zip,187,151,145
11171_NT_AL_AA.fasta.zip,180,351,350.0
11172_NT_AL_AA.fasta.zip,165,215,195
11173_NT_AL_AA.fasta.zip,172,1722,1586.5
11174_NT_AL_AA.fasta.zip,179,1125,1117
11176_NT_AL_AA.fasta.zip,189,1994,1891
11177_NT_AL_AA.fasta.zip,187,1588,1549
11178_NT_AL_AA.fasta.zip,189,631,594
11179_NT_AL_AA.fasta.zip,172,457,454.0
11180_NT_AL_AA.fasta.zip,188,1137,1118.0
11182_NT_AL_AA.fasta.zip,185,525,507
11183_NT_AL_AA.fasta.zip,188,852,846.0
11184_NT_AL_AA.fasta.zip,187,848,814
11186_NT_AL_AA.fasta.zip,181,456,338
11187_NT_AL_AA.fasta.zip,177,826,783
11188_NT_AL_AA.fasta.zip,182,1925,1481.0
11189_NT_AL_AA.fasta.zip,186,496,463.0
11190_NT_AL_AA.fasta.zip,186,2497,2418.0
11193_NT_AL_AA.fasta.zip,186,446,370.0
11194_NT_AL_AA.fasta.zip,187,710,697
11196_NT_AL_AA.fasta.zip,188,1027,1002.0
11197_NT_AL_AA.fasta.zip,186,392,379.0
11198_NT_AL_AA.fasta.zip,189,1056,1047
11199_NT_AL_AA.fasta.zip,181,317,317
1119_NT_AL_AA.fasta.zip,181,487,440
111_NT_AL_AA.fasta.zip,176,1315,1257.0
11200_NT_AL_AA.fasta.zip,188,603,534.0
11201_NT_AL_AA.fasta.zip,189,727,705
1120_NT_AL_AA.fasta.zip,182,408,393.0
11211_NT_AL_AA.fasta.zip,175,594,581
11212_NT_AL_AA.fasta.zip,190,282,275.0
11213_NT_AL_AA.fasta.zip,188,606,580.0
11214_NT_AL_AA.fasta.zip,184,2918,2695.5
11215_NT_AL_AA.fasta.zip,188,1980,1896.0
11216_NT_AL_AA.fasta.zip,181,668,659
11218_NT_AL_AA.fasta.zip,187,860,821
1121_NT_AL_AA.fasta.zip,168,657,647.0
11221_NT_AL_AA.fasta.zip,183,499,482
11222_NT_AL_AA.fasta.zip,184,349,345.0
11224_NT_AL_AA.fasta.zip,181,123,123
11226_NT_AL_AA.fasta.zip,178,626,622.0
11227_NT_AL_AA.fasta.zip,186,956,935.0
11228_NT_AL_AA.fasta.zip,151,420,419
1122_NT_AL_AA.fasta.zip,173,671,651
11230_NT_AL_AA.fasta.zip,174,179,178.0
11231_NT_AL_AA.fasta.zip,186,765,759.0
11232_NT_AL_AA.fasta.zip,187,485,476
11234_NT_AL_AA.fasta.zip,186,1149,1128.0
11235_NT_AL_AA.fasta.zip,188,212,212.0
11236_NT_AL_AA.fasta.zip,186,694,664.0
11237_NT_AL_AA.fasta.zip,187,148,148
11238_NT_AL_AA.fasta.zip,166,319,315.0
112398_NT_AL_AA.fasta.zip,187,437,402
112399_NT_AL_AA.fasta.zip,184,239,239.0
1123_NT_AL_AA.fasta.zip,186,455,453.0
11240_NT_AL_AA.fasta.zip,140,670,665.0
112441426_NT_AL_AA.fasta.zip,101,400,373
112441434_NT_AL_AA.fasta.zip,114,254,250.5
11244_NT_AL_AA.fasta.zip,187,905,866
11245_NT_AL_AA.fasta.zip,181,522,513
112464_NT_AL_AA.fasta.zip,184,297,260.0
112476_NT_AL_AA.fasta.zip,184,385,329.0
112479_NT_AL_AA.fasta.zip,179,749,681
11247_NT_AL_AA.fasta.zip,178,332,299.0
112483_NT_AL_AA.fasta.zip,184,175,169.0
112487_NT_AL_AA.fasta.zip,185,169,168
11248_NT_AL_AA.fasta.zip,187,253,250
112495_NT_AL_AA.fasta.zip,185,209,198
11249_NT_AL_AA.fasta.zip,178,251,249.0
1124_NT_AL_AA.fasta.zip,184,473,465.0
11250_NT_AL_AA.fasta.zip,148,378,372.0
11251_NT_AL_AA.fasta.zip,184,402,369.0
11252_NT_AL_AA.fasta.zip,187,489,483
11254_NT_AL_AA.fasta.zip,175,640,635
11255_NT_AL_AA.fasta.zip,180,474,445.0
112574_NT_AL_AA.fasta.zip,170,673,616.0
11258_NT_AL_AA.fasta.zip,187,202,184
11259_NT_AL_AA.fasta.zip,180,1145,1123.0
112609_NT_AL_AA.fasta.zip,185,211,206
11260_NT_AL_AA.fasta.zip,190,962,962.0
112611_NT_AL_AA.fasta.zip,183,294,292
112616_NT_AL_AA.fasta.zip,180,192,169.0
11261_NT_AL_AA.fasta.zip,187,196,195
11264_NT_AL_AA.fasta.zip,187,215,212
11266_NT_AL_AA.fasta.zip,184,349,333.0
11267_NT_AL_AA.fasta.zip,185,261,258
112703_NT_AL_AA.fasta.zip,176,152,151.0
11270_NT_AL_AA.fasta.zip,182,264,261.0
112724_NT_AL_AA.fasta.zip,179,327,319
11273_NT_AL_AA.fasta.zip,185,1128,1093
112744_NT_AL_AA.fasta.zip,173,161,146
11274_NT_AL_AA.fasta.zip,174,345,330.0
112752_NT_AL_AA.fasta.zip,186,218,201.0
112755_NT_AL_AA.fasta.zip,184,295,288.0
11275_NT_AL_AA.fasta.zip,189,599,593
11276_NT_AL_AA.fasta.zip,188,1452,1384.0
112770_NT_AL_AA.fasta.zip,188,418,404.0
11277_NT_AL_AA.fasta.zip,183,319,314
11278_NT_AL_AA.fasta.zip,186,401,399.0
11279_NT_AL_AA.fasta.zip,168,366,354.0
11280_NT_AL_AA.fasta.zip,180,1819,1741.5
112812_NT_AL_AA.fasta.zip,184,185,182.0
112817_NT_AL_AA.fasta.zip,188,330,327.0
11281_NT_AL_AA.fasta.zip,166,767,662.0
11282_NT_AL_AA.fasta.zip,180,562,545.0
112840_NT_AL_AA.fasta.zip,182,395,387.0
112849_NT_AL_AA.fasta.zip,187,350,345
11284_NT_AL_AA.fasta.zip,185,542,514
11285_NT_AL_AA.fasta.zip,170,330,325.0
112869_NT_AL_AA.fasta.zip,173,293,293
112885_NT_AL_AA.fasta.zip,187,521,482
1128_NT_AL_AA.fasta.zip,189,474,459
112936_NT_AL_AA.fasta.zip,162,337,336.0
112939_NT_AL_AA.fasta.zip,185,620,515
112942_NT_AL_AA.fasta.zip,187,347,343
112950_NT_AL_AA.fasta.zip,187,271,268
112970_NT_AL_AA.fasta.zip,175,372,353
1129_NT_AL_AA.fasta.zip,189,468,466
112_NT_AL_AA.fasta.zip,188,1191,1166.0
113000_NT_AL_AA.fasta.zip,185,324,306
113026_NT_AL_AA.fasta.zip,185,812,777
113091_NT_AL_AA.fasta.zip,166,115,97.0
11309_NT_AL_AA.fasta.zip,188,719,693.0
1130_NT_AL_AA.fasta.zip,183,4146,3794
113115_NT_AL_AA.fasta.zip,187,389,347
11311_NT_AL_AA.fasta.zip,184,570,569.0
113130_NT_AL_AA.fasta.zip,145,269,234
11313_NT_AL_AA.fasta.zip,188,234,231.0
113146_NT_AL_AA.fasta.zip,141,18679,3687
11314_NT_AL_AA.fasta.zip,59,323,257
11315_NT_AL_AA.fasta.zip,188,189,189.0
11316_NT_AL_AA.fasta.zip,184,311,306.0
113174_NT_AL_AA.fasta.zip,185,482,469
113177_NT_AL_AA.fasta.zip,171,228,213
113178_NT_AL_AA.fasta.zip,176,227,227.0
113179_NT_AL_AA.fasta.zip,167,363,345
11317_NT_AL_AA.fasta.zip,186,522,499.0
113189_NT_AL_AA.fasta.zip,183,378,376
11318_NT_AL_AA.fasta.zip,188,369,357.0
11319_NT_AL_AA.fasta.zip,186,681,636.0
1131_NT_AL_AA.fasta.zip,156,596,590.0
113201_NT_AL_AA.fasta.zip,180,445,436.0
11320_NT_AL_AA.fasta.zip,187,538,535
113220_NT_AL_AA.fasta.zip,186,678,625.0
11322_NT_AL_AA.fasta.zip,180,842,772.5
113230_NT_AL_AA.fasta.zip,164,227,212.0
113235_NT_AL_AA.fasta.zip,188,458,456.0
113246_NT_AL_AA.fasta.zip,186,128,126.0
113251_NT_AL_AA.fasta.zip,188,750,722.0
11325_NT_AL_AA.fasta.zip,187,1007,928
113263_NT_AL_AA.fasta.zip,182,573,529.5
11326_NT_AL_AA.fasta.zip,175,452,388
113277_NT_AL_AA.fasta.zip,183,265,260
113278_NT_AL_AA.fasta.zip,185,477,463
11328_NT_AL_AA.fasta.zip,180,579,570.0
11329_NT_AL_AA.fasta.zip,188,465,465.0
1132_NT_AL_AA.fasta.zip,190,495,477.0
11331_NT_AL_AA.fasta.zip,183,300,299
11332_NT_AL_AA.fasta.zip,187,325,322
11333_NT_AL_AA.fasta.zip,186,180,176.0
11334_NT_AL_AA.fasta.zip,188,113,109.0
11335_NT_AL_AA.fasta.zip,174,186,183.0
11336_NT_AL_AA.fasta.zip,184,747,745.0
11337_NT_AL_AA.fasta.zip,186,117,117.0
11338_NT_AL_AA.fasta.zip,176,474,474.0
11339_NT_AL_AA.fasta.zip,187,241,219
1133_NT_AL_AA.fasta.zip,188,540,532.0
113402_NT_AL_AA.fasta.zip,168,160,159.0
11340_NT_AL_AA.fasta.zip,182,279,276.0
113419_NT_AL_AA.fasta.zip,186,199,196.0
11341_NT_AL_AA.fasta.zip,148,101,98.0
11342_NT_AL_AA.fasta.zip,186,389,381.0
11343_NT_AL_AA.fasta.zip,185,320,313
113444_NT_AL_AA.fasta.zip,173,92,92
113451_NT_AL_AA.fasta.zip,190,470,458.0
113452_NT_AL_AA.fasta.zip,187,222,219
113455421_NT_AL_AA.fasta.zip,113,748,533
11345_NT_AL_AA.fasta.zip,186,119,117.0
11346_NT_AL_AA.fasta.zip,180,1016,915.0
1134_NT_AL_AA.fasta.zip,189,458,457
113510_NT_AL_AA.fasta.zip,186,1091,1058.0
113523636_NT_AL_AA.fasta.zip,110,82,80.0
113523638_NT_AL_AA.fasta.zip,93,102,88
113540_NT_AL_AA.fasta.zip,43,145,144
1135_NT_AL_AA.fasta.zip,185,524,500
113612_NT_AL_AA.fasta.zip,169,523,504
113622_NT_AL_AA.fasta.zip,130,356,354.0
113655_NT_AL_AA.fasta.zip,184,424,411.0
113675_NT_AL_AA.fasta.zip,181,331,327
1136_NT_AL_AA.fasta.zip,180,489,479.0
113730_NT_AL_AA.fasta.zip,172,1924,927.5
113746_NT_AL_AA.fasta.zip,180,258,254.0
113791_NT_AL_AA.fasta.zip,178,286,263.0
1137_NT_AL_AA.fasta.zip,181,669,613
113802_NT_AL_AA.fasta.zip,188,383,336.5
113828_NT_AL_AA.fasta.zip,186,547,496.0
113829_NT_AL_AA.fasta.zip,132,324,324.0
113878_NT_AL_AA.fasta.zip,186,647,616.0
1138_NT_AL_AA.fasta.zip,159,376,376
1139_NT_AL_AA.fasta.zip,124,533,495.0
113_NT_AL_AA.fasta.zip,146,1104,1060.0
114034_NT_AL_AA.fasta.zip,187,610,507
114049_NT_AL_AA.fasta.zip,190,298,281.0
114088_NT_AL_AA.fasta.zip,186,801,789.5
1140_NT_AL_AA.fasta.zip,152,522,499.0
114112_NT_AL_AA.fasta.zip,146,592,585.0
114131_NT_AL_AA.fasta.zip,186,189,164.0
114134_NT_AL_AA.fasta.zip,169,658,645
1141_NT_AL_AA.fasta.zip,184,527,498.0
114294_NT_AL_AA.fasta.zip,182,573,549.0
1142_NT_AL_AA.fasta.zip,158,441,441.0
114327_NT_AL_AA.fasta.zip,188,645,639.0
1143_NT_AL_AA.fasta.zip,178,510,485.0
1144_NT_AL_AA.fasta.zip,186,525,517.0
114548_NT_AL_AA.fasta.zip,168,1066,1020.0
114569_NT_AL_AA.fasta.zip,182,180,174.0
1145_NT_AL_AA.fasta.zip,186,507,482.0
114609_NT_AL_AA.fasta.zip,178,243,205.0
114625_NT_AL_AA.fasta.zip,180,587,497.5
1146_NT_AL_AA.fasta.zip,182,537,517.0
114757_NT_AL_AA.fasta.zip,186,187,182.0
114770_NT_AL_AA.fasta.zip,181,568,527
114780_NT_AL_AA.fasta.zip,173,2528,2413
114781_NT_AL_AA.fasta.zip,183,622,611
114783_NT_AL_AA.fasta.zip,174,1620,1419.5
114784_NT_AL_AA.fasta.zip,180,3668,3591.0
114785_NT_AL_AA.fasta.zip,186,1057,1005.0
114786_NT_AL_AA.fasta.zip,166,678,644.5
114787_NT_AL_AA.fasta.zip,168,1077,911.0
114788_NT_AL_AA.fasta.zip,167,3714,3705
114789_NT_AL_AA.fasta.zip,189,526,510
114790_NT_AL_AA.fasta.zip,188,1139,1045.0
114791_NT_AL_AA.fasta.zip,181,1038,1016
114792_NT_AL_AA.fasta.zip,187,620,620
114793_NT_AL_AA.fasta.zip,169,1105,1088
114794_NT_AL_AA.fasta.zip,172,882,812.0
114795_NT_AL_AA.fasta.zip,112,1065,1055.0
114798_NT_AL_AA.fasta.zip,185,702,696
114799_NT_AL_AA.fasta.zip,186,884,840.0
1147_NT_AL_AA.fasta.zip,183,760,744
114800_NT_AL_AA.fasta.zip,184,676,573.0
114801_NT_AL_AA.fasta.zip,189,499,491
114803_NT_AL_AA.fasta.zip,188,865,827.0
114804_NT_AL_AA.fasta.zip,182,712,675.0
114805_NT_AL_AA.fasta.zip,175,561,556
114815_NT_AL_AA.fasta.zip,171,1184,1175
114818_NT_AL_AA.fasta.zip,182,883,869.0
114822_NT_AL_AA.fasta.zip,183,675,631
114823_NT_AL_AA.fasta.zip,181,774,741
114825_NT_AL_AA.fasta.zip,182,794,751.0
114826_NT_AL_AA.fasta.zip,186,835,788.0
114827_NT_AL_AA.fasta.zip,179,1651,1411
114836_NT_AL_AA.fasta.zip,169,338,284
114841035_NT_AL_AA.fasta.zip,53,271,265
114841037_NT_AL_AA.fasta.zip,106,113,109.0
114876_NT_AL_AA.fasta.zip,174,1005,950.0
114879_NT_AL_AA.fasta.zip,180,898,864.0
114880_NT_AL_AA.fasta.zip,189,971,959
114881_NT_AL_AA.fasta.zip,185,861,837
114882_NT_AL_AA.fasta.zip,189,914,886
114883_NT_AL_AA.fasta.zip,188,772,759.0
114884_NT_AL_AA.fasta.zip,181,788,754
114885_NT_AL_AA.fasta.zip,180,775,755.0
114897_NT_AL_AA.fasta.zip,184,293,279.0
114898_NT_AL_AA.fasta.zip,181,286,285
114899_NT_AL_AA.fasta.zip,189,321,319
114900_NT_AL_AA.fasta.zip,175,347,316
114902_NT_AL_AA.fasta.zip,173,248,243
114904_NT_AL_AA.fasta.zip,183,274,264
114905_NT_AL_AA.fasta.zip,187,294,292
114907_NT_AL_AA.fasta.zip,187,358,355
114908_NT_AL_AA.fasta.zip,157,273,174
114926_NT_AL_AA.fasta.zip,185,111,107
114928_NT_AL_AA.fasta.zip,54,1005,834.0
114960_NT_AL_AA.fasta.zip,186,256,239.0
114971_NT_AL_AA.fasta.zip,184,196,194.0
114984_NT_AL_AA.fasta.zip,153,115,110
114987_NT_AL_AA.fasta.zip,186,359,354.0
114990_NT_AL_AA.fasta.zip,186,703,672.0
114991_NT_AL_AA.fasta.zip,189,956,924
1149_NT_AL_AA.fasta.zip,184,207,202.0
114_NT_AL_AA.fasta.zip,182,1300,1250.0
115004_NT_AL_AA.fasta.zip,179,762,470
115019_NT_AL_AA.fasta.zip,190,809,789.0
115024_NT_AL_AA.fasta.zip,180,302,300.0
115098_NT_AL_AA.fasta.zip,188,232,223.0
115106_NT_AL_AA.fasta.zip,186,276,275.0
115111_NT_AL_AA.fasta.zip,189,666,656
115123_NT_AL_AA.fasta.zip,175,257,253
115201_NT_AL_AA.fasta.zip,184,399,395.0
115207_NT_AL_AA.fasta.zip,176,336,327.0
115209_NT_AL_AA.fasta.zip,189,536,523
115265_NT_AL_AA.fasta.zip,177,194,193
115273_NT_AL_AA.fasta.zip,183,235,218
115286_NT_AL_AA.fasta.zip,183,301,273
115290_NT_AL_AA.fasta.zip,142,296,277.0
115294_NT_AL_AA.fasta.zip,168,360,357.0
115330_NT_AL_AA.fasta.zip,183,334,333
115353_NT_AL_AA.fasta.zip,190,436,427.0
115399_NT_AL_AA.fasta.zip,184,548,500.0
1153_NT_AL_AA.fasta.zip,170,177,168.0
115416_NT_AL_AA.fasta.zip,184,257,228.0
115426_NT_AL_AA.fasta.zip,185,817,802
1154_NT_AL_AA.fasta.zip,189,257,250
115548_NT_AL_AA.fasta.zip,183,816,808
115557_NT_AL_AA.fasta.zip,188,641,613.0
115572_NT_AL_AA.fasta.zip,185,448,427
115584_NT_AL_AA.fasta.zip,188,688,673.0
1155_NT_AL_AA.fasta.zip,187,245,244
115650_NT_AL_AA.fasta.zip,166,209,173.0
115677_NT_AL_AA.fasta.zip,189,557,502
115701_NT_AL_AA.fasta.zip,179,2265,2029
115703_NT_AL_AA.fasta.zip,187,1303,1261
115704_NT_AL_AA.fasta.zip,186,814,804.0
115708_NT_AL_AA.fasta.zip,186,300,285.0
115727_NT_AL_AA.fasta.zip,187,659,652
115749_NT_AL_AA.fasta.zip,176,661,614.0
115752_NT_AL_AA.fasta.zip,181,1059,1054
115795_NT_AL_AA.fasta.zip,188,181,178.0
115811_NT_AL_AA.fasta.zip,182,486,440.0
115817_NT_AL_AA.fasta.zip,187,316,313
115825_NT_AL_AA.fasta.zip,189,400,397
115827_NT_AL_AA.fasta.zip,162,231,227.0
115861_NT_AL_AA.fasta.zip,182,192,191.0
1158_NT_AL_AA.fasta.zip,187,384,381
115908_NT_AL_AA.fasta.zip,181,254,243
115939_NT_AL_AA.fasta.zip,184,357,305.0
115948_NT_AL_AA.fasta.zip,186,615,586.5
115950_NT_AL_AA.fasta.zip,181,658,614
115992_NT_AL_AA.fasta.zip,184,245,236.0
115_NT_AL_AA.fasta.zip,185,1377,1353
116028_NT_AL_AA.fasta.zip,107,141,138
116033993_NT_AL_AA.fasta.zip,113,230,197
116039_NT_AL_AA.fasta.zip,184,313,312.0
116064_NT_AL_AA.fasta.zip,181,375,370
116068_NT_AL_AA.fasta.zip,189,316,306
116071_NT_AL_AA.fasta.zip,184,293,268.0
116092_NT_AL_AA.fasta.zip,189,333,329
1160_NT_AL_AA.fasta.zip,185,427,419
116113_NT_AL_AA.fasta.zip,184,734,677.0
116115_NT_AL_AA.fasta.zip,188,737,663.0
116135_NT_AL_AA.fasta.zip,185,260,259
116138_NT_AL_AA.fasta.zip,162,382,380.0
116143_NT_AL_AA.fasta.zip,189,370,357
116150_NT_AL_AA.fasta.zip,181,315,293
116151_NT_AL_AA.fasta.zip,179,206,190
116154_NT_AL_AA.fasta.zip,184,580,554.0
116159_NT_AL_AA.fasta.zip,175,160,155
116173_NT_AL_AA.fasta.zip,185,157,156
116179_NT_AL_AA.fasta.zip,169,716,707
1161_NT_AL_AA.fasta.zip,186,408,396.0
116224_NT_AL_AA.fasta.zip,172,301,287.0
116225_NT_AL_AA.fasta.zip,175,230,227
116228_NT_AL_AA.fasta.zip,173,118,114
116236_NT_AL_AA.fasta.zip,172,478,462.0
116238_NT_AL_AA.fasta.zip,182,248,247.0
116254_NT_AL_AA.fasta.zip,184,349,329.0
116255_NT_AL_AA.fasta.zip,181,343,334
116328_NT_AL_AA.fasta.zip,174,451,443.0
116362_NT_AL_AA.fasta.zip,158,137,132.0
116369_NT_AL_AA.fasta.zip,188,1019,903.0
116372_NT_AL_AA.fasta.zip,180,143,137.0
116379_NT_AL_AA.fasta.zip,188,232,229.0
1163_NT_AL_AA.fasta.zip,178,81,79.0
116442_NT_AL_AA.fasta.zip,171,213,213
116443_NT_AL_AA.fasta.zip,185,1131,1114
116444_NT_AL_AA.fasta.zip,165,1078,965
116448_NT_AL_AA.fasta.zip,167,299,261
116449_NT_AL_AA.fasta.zip,174,445,399.5
116461_NT_AL_AA.fasta.zip,175,172,162
116496_NT_AL_AA.fasta.zip,176,1008,898.5
1164_NT_AL_AA.fasta.zip,172,79,79.0
116512_NT_AL_AA.fasta.zip,95,299,275
116519_NT_AL_AA.fasta.zip,186,377,363.0
116535_NT_AL_AA.fasta.zip,151,347,343
116540_NT_AL_AA.fasta.zip,179,116,112
116541_NT_AL_AA.fasta.zip,183,147,138
116729_NT_AL_AA.fasta.zip,188,160,154.0
116835_NT_AL_AA.fasta.zip,184,696,685.0
116840_NT_AL_AA.fasta.zip,187,946,897
116841_NT_AL_AA.fasta.zip,180,428,410.0
116842_NT_AL_AA.fasta.zip,187,79,77
116843_NT_AL_AA.fasta.zip,185,460,444
116844_NT_AL_AA.fasta.zip,180,345,335.0
116931_NT_AL_AA.fasta.zip,173,2327,2141
116966_NT_AL_AA.fasta.zip,173,1323,1313
116969_NT_AL_AA.fasta.zip,178,312,300.0
116983_NT_AL_AA.fasta.zip,179,887,825
116984_NT_AL_AA.fasta.zip,181,1733,1692
116985_NT_AL_AA.fasta.zip,189,1526,1435
116986_NT_AL_AA.fasta.zip,182,1255,1184.0
116987_NT_AL_AA.fasta.zip,176,974,920.5
116988_NT_AL_AA.fasta.zip,184,803,780.0
116_NT_AL_AA.fasta.zip,183,186,176
117143_NT_AL_AA.fasta.zip,158,335,335.0
117144_NT_AL_AA.fasta.zip,183,424,402
117145_NT_AL_AA.fasta.zip,168,242,221.0
117155_NT_AL_AA.fasta.zip,178,616,503.0
117156_NT_AL_AA.fasta.zip,177,101,92
117166_NT_AL_AA.fasta.zip,184,585,543.0
117177_NT_AL_AA.fasta.zip,189,464,460
117178_NT_AL_AA.fasta.zip,188,629,614.0
117245_NT_AL_AA.fasta.zip,165,240,217
117246_NT_AL_AA.fasta.zip,189,902,830
117247_NT_AL_AA.fasta.zip,185,541,510
117248_NT_AL_AA.fasta.zip,185,661,627
117283_NT_AL_AA.fasta.zip,185,432,404
117285_NT_AL_AA.fasta.zip,44,57,57.0
117286_NT_AL_AA.fasta.zip,185,187,187
117289_NT_AL_AA.fasta.zip,186,764,699.5
1173_NT_AL_AA.fasta.zip,189,440,435
1174_NT_AL_AA.fasta.zip,187,161,158
117531_NT_AL_AA.fasta.zip,177,772,749
117532_NT_AL_AA.fasta.zip,186,901,872.0
117579_NT_AL_AA.fasta.zip,178,151,132.0
117581_NT_AL_AA.fasta.zip,166,160,160.0
117583_NT_AL_AA.fasta.zip,178,1220,1190.5
117584_NT_AL_AA.fasta.zip,182,377,361.0
1175_NT_AL_AA.fasta.zip,184,142,142.0
1176_NT_AL_AA.fasta.zip,179,193,193
117854_NT_AL_AA.fasta.zip,144,717,487.0
1179_NT_AL_AA.fasta.zip,151,930,909
117_NT_AL_AA.fasta.zip,187,506,496
1180_NT_AL_AA.fasta.zip,184,1031,977.0
1181_NT_AL_AA.fasta.zip,190,908,899.0
1182_NT_AL_AA.fasta.zip,158,868,866.0
1183_NT_AL_AA.fasta.zip,175,762,760
118424_NT_AL_AA.fasta.zip,182,261,259.0
118426_NT_AL_AA.fasta.zip,184,199,196.0
118427_NT_AL_AA.fasta.zip,176,487,474.0
118429_NT_AL_AA.fasta.zip,186,489,476.0
118442_NT_AL_AA.fasta.zip,171,384,358
118460_NT_AL_AA.fasta.zip,168,282,271.0
118461_NT_AL_AA.fasta.zip,190,1536,1401.5
118471_NT_AL_AA.fasta.zip,137,159,138
118472_NT_AL_AA.fasta.zip,183,260,241
118487_NT_AL_AA.fasta.zip,187,118,118
118490_NT_AL_AA.fasta.zip,157,467,460
118491_NT_AL_AA.fasta.zip,188,1142,1111.0
1184_NT_AL_AA.fasta.zip,184,818,816.0
1185_NT_AL_AA.fasta.zip,184,888,867.0
118611_NT_AL_AA.fasta.zip,176,736,650.5
118663_NT_AL_AA.fasta.zip,184,510,497.0
118672_NT_AL_AA.fasta.zip,182,374,358.0
1186_NT_AL_AA.fasta.zip,187,815,804
118738_NT_AL_AA.fasta.zip,181,334,321
118788_NT_AL_AA.fasta.zip,186,831,798.0
118812_NT_AL_AA.fasta.zip,178,149,146.0
118813_NT_AL_AA.fasta.zip,149,420,405
118856_NT_AL_AA.fasta.zip,160,587,529.0
118881_NT_AL_AA.fasta.zip,185,268,261
118924_NT_AL_AA.fasta.zip,190,327,315.0
118932_NT_AL_AA.fasta.zip,184,192,191.0
118980_NT_AL_AA.fasta.zip,186,331,321.0
118987_NT_AL_AA.fasta.zip,184,1197,1149.0
118_NT_AL_AA.fasta.zip,184,827,793.0
119032_NT_AL_AA.fasta.zip,186,110,105.0
1191_NT_AL_AA.fasta.zip,180,469,446.0
1192_NT_AL_AA.fasta.zip,188,244,241.0
119392_NT_AL_AA.fasta.zip,185,240,231
119467_NT_AL_AA.fasta.zip,184,290,226.0
119504_NT_AL_AA.fasta.zip,188,177,110.0
119559_NT_AL_AA.fasta.zip,166,315,310.0
119587_NT_AL_AA.fasta.zip,179,781,742
1195_NT_AL_AA.fasta.zip,189,498,484
119692_NT_AL_AA.fasta.zip,163,326,323
1196_NT_AL_AA.fasta.zip,181,508,500
119710_NT_AL_AA.fasta.zip,188,265,223.0
1198_NT_AL_AA.fasta.zip,177,500,486
119_NT_AL_AA.fasta.zip,188,744,721.0
120071_NT_AL_AA.fasta.zip,182,752,688.0
1200_NT_AL_AA.fasta.zip,189,579,566
120103_NT_AL_AA.fasta.zip,186,508,501.0
120114_NT_AL_AA.fasta.zip,173,4662,4587
1201_NT_AL_AA.fasta.zip,186,462,435.0
120224_NT_AL_AA.fasta.zip,187,285,276
120227_NT_AL_AA.fasta.zip,189,501,498
120237_NT_AL_AA.fasta.zip,189,384,336
120376_NT_AL_AA.fasta.zip,174,252,236.0
120379_NT_AL_AA.fasta.zip,189,319,315
1203_NT_AL_AA.fasta.zip,187,338,318
120425_NT_AL_AA.fasta.zip,182,402,359.0
120526_NT_AL_AA.fasta.zip,179,150,148
120534_NT_AL_AA.fasta.zip,178,262,259.0
120775_NT_AL_AA.fasta.zip,128,322,313.0
120787_NT_AL_AA.fasta.zip,176,322,320.0
1207_NT_AL_AA.fasta.zip,184,245,236.0
120892_NT_AL_AA.fasta.zip,179,2559,2526
1208_NT_AL_AA.fasta.zip,168,117,112.0
120935_NT_AL_AA.fasta.zip,186,555,509.0
120939_NT_AL_AA.fasta.zip,186,179,175.0
1209_NT_AL_AA.fasta.zip,188,690,664.0
120_NT_AL_AA.fasta.zip,189,712,705
121006_NT_AL_AA.fasta.zip,147,6322,2076
121053_NT_AL_AA.fasta.zip,179,192,184
1211_NT_AL_AA.fasta.zip,189,255,246
121214_NT_AL_AA.fasta.zip,178,318,313.0
121227_NT_AL_AA.fasta.zip,185,1139,1117
121256_NT_AL_AA.fasta.zip,149,1133,1093
121260_NT_AL_AA.fasta.zip,170,626,546.0
121268_NT_AL_AA.fasta.zip,176,197,183.0
121274_NT_AL_AA.fasta.zip,179,446,424
121278_NT_AL_AA.fasta.zip,185,495,491
1212_NT_AL_AA.fasta.zip,182,234,229.0
121340_NT_AL_AA.fasta.zip,186,464,431.0
121355_NT_AL_AA.fasta.zip,185,168,167
1213_NT_AL_AA.fasta.zip,189,1685,1682
121441_NT_AL_AA.fasta.zip,187,685,658
121457_NT_AL_AA.fasta.zip,175,381,376
121504_NT_AL_AA.fasta.zip,131,103,103
121506_NT_AL_AA.fasta.zip,181,278,271
121512_NT_AL_AA.fasta.zip,181,890,842
121536_NT_AL_AA.fasta.zip,181,567,508
121549_NT_AL_AA.fasta.zip,174,187,168.0
121551_NT_AL_AA.fasta.zip,180,1136,1098.0
121599_NT_AL_AA.fasta.zip,183,266,248
1215_NT_AL_AA.fasta.zip,66,247,247.0
121601_NT_AL_AA.fasta.zip,179,957,955
121642_NT_AL_AA.fasta.zip,189,268,254
121643_NT_AL_AA.fasta.zip,184,548,514.0
121665_NT_AL_AA.fasta.zip,186,380,378.0
121793_NT_AL_AA.fasta.zip,137,98,94
122042_NT_AL_AA.fasta.zip,173,727,723
122046_NT_AL_AA.fasta.zip,178,301,257.0
122060_NT_AL_AA.fasta.zip,187,685,591
122402_NT_AL_AA.fasta.zip,175,1474,1350
122416_NT_AL_AA.fasta.zip,161,334,311
122481_NT_AL_AA.fasta.zip,186,745,717.0
122525_NT_AL_AA.fasta.zip,188,315,310.0
122553_NT_AL_AA.fasta.zip,188,159,158.0
122616_NT_AL_AA.fasta.zip,159,340,286
122618_NT_AL_AA.fasta.zip,175,622,462
122622_NT_AL_AA.fasta.zip,180,475,457.0
122664_NT_AL_AA.fasta.zip,186,174,169.0
122704_NT_AL_AA.fasta.zip,188,131,122.0
122706_NT_AL_AA.fasta.zip,188,287,267.0
122769_NT_AL_AA.fasta.zip,188,431,418.0
122773_NT_AL_AA.fasta.zip,185,412,405
122786_NT_AL_AA.fasta.zip,187,630,622
122809_NT_AL_AA.fasta.zip,179,444,440
122830_NT_AL_AA.fasta.zip,183,407,352
122876_NT_AL_AA.fasta.zip,189,133,130
122945_NT_AL_AA.fasta.zip,185,364,340
122953_NT_AL_AA.fasta.zip,189,167,163
122961_NT_AL_AA.fasta.zip,189,157,153
123016_NT_AL_AA.fasta.zip,185,520,505
123036_NT_AL_AA.fasta.zip,186,495,489.0
123041_NT_AL_AA.fasta.zip,188,644,620.0
123096_NT_AL_AA.fasta.zip,179,297,284
123099_NT_AL_AA.fasta.zip,185,324,321
123103_NT_AL_AA.fasta.zip,188,805,783.0
123207_NT_AL_AA.fasta.zip,181,138,133
123228_NT_AL_AA.fasta.zip,181,212,212
123263_NT_AL_AA.fasta.zip,185,393,379
123264_NT_AL_AA.fasta.zip,183,138,126
123283_NT_AL_AA.fasta.zip,179,814,778
123355_NT_AL_AA.fasta.zip,183,370,366
1233_NT_AL_AA.fasta.zip,189,365,360
123591_NT_AL_AA.fasta.zip,180,595,520.0
1235_NT_AL_AA.fasta.zip,170,345,338.0
123606_NT_AL_AA.fasta.zip,180,320,320.0
123624_NT_AL_AA.fasta.zip,159,1124,1017
123688_NT_AL_AA.fasta.zip,169,379,375
1236_NT_AL_AA.fasta.zip,185,386,378
123720_NT_AL_AA.fasta.zip,185,1013,743
123722_NT_AL_AA.fasta.zip,186,758,727.0
123745_NT_AL_AA.fasta.zip,185,819,801
123775_NT_AL_AA.fasta.zip,187,453,391
1237_NT_AL_AA.fasta.zip,175,359,354
123803_NT_AL_AA.fasta.zip,184,313,310.0
123811_NT_AL_AA.fasta.zip,186,161,154.0
123872_NT_AL_AA.fasta.zip,186,801,581.5
123879_NT_AL_AA.fasta.zip,183,308,304
1238_NT_AL_AA.fasta.zip,181,395,380
123904_NT_AL_AA.fasta.zip,186,161,146.0
123920_NT_AL_AA.fasta.zip,177,197,182
123970_NT_AL_AA.fasta.zip,178,280,225.0
123_NT_AL_AA.fasta.zip,178,422,405.0
124044_NT_AL_AA.fasta.zip,186,441,413.0
124056_NT_AL_AA.fasta.zip,178,371,334.0
124093_NT_AL_AA.fasta.zip,173,697,398
1240_NT_AL_AA.fasta.zip,188,382,365.0
124152_NT_AL_AA.fasta.zip,181,276,253
1241_NT_AL_AA.fasta.zip,184,354,331.5
124222_NT_AL_AA.fasta.zip,183,276,273
124245_NT_AL_AA.fasta.zip,189,1021,965
124274_NT_AL_AA.fasta.zip,168,355,351.0
124359_NT_AL_AA.fasta.zip,177,511,498
124401_NT_AL_AA.fasta.zip,190,674,647.0
124402_NT_AL_AA.fasta.zip,184,191,175.0
124404_NT_AL_AA.fasta.zip,187,368,350
124446_NT_AL_AA.fasta.zip,188,245,240.0
124454_NT_AL_AA.fasta.zip,184,528,522.0
124460_NT_AL_AA.fasta.zip,187,322,315
124491_NT_AL_AA.fasta.zip,190,153,144.0
1244_NT_AL_AA.fasta.zip,185,1584,1542
124512_NT_AL_AA.fasta.zip,187,192,189
124535_NT_AL_AA.fasta.zip,181,658,607
124540_NT_AL_AA.fasta.zip,180,354,345.0
124565_NT_AL_AA.fasta.zip,186,1184,1032.0
124590_NT_AL_AA.fasta.zip,189,481,461
124602_NT_AL_AA.fasta.zip,177,1112,992
124626_NT_AL_AA.fasta.zip,186,329,326.0
124637_NT_AL_AA.fasta.zip,178,229,228.0
124641_NT_AL_AA.fasta.zip,177,231,227
124739_NT_AL_AA.fasta.zip,167,1213,1109
124773_NT_AL_AA.fasta.zip,184,244,222.0
124783_NT_AL_AA.fasta.zip,154,584,260.0
124790_NT_AL_AA.fasta.zip,180,302,277.0
124801_NT_AL_AA.fasta.zip,163,193,192
124808_NT_AL_AA.fasta.zip,187,245,224
124817_NT_AL_AA.fasta.zip,184,339,329.0
124842_NT_AL_AA.fasta.zip,182,1085,1050.0
124857_NT_AL_AA.fasta.zip,181,585,573
124872_NT_AL_AA.fasta.zip,180,507,486.0
124912_NT_AL_AA.fasta.zip,174,163,163.0
124923_NT_AL_AA.fasta.zip,180,427,398.0
124925_NT_AL_AA.fasta.zip,187,1007,985
124930_NT_AL_AA.fasta.zip,187,639,623
124935_NT_AL_AA.fasta.zip,185,588,569
124936_NT_AL_AA.fasta.zip,186,279,262.0
124944_NT_AL_AA.fasta.zip,185,193,189
124961_NT_AL_AA.fasta.zip,117,507,502
124975_NT_AL_AA.fasta.zip,188,515,485.0
124976_NT_AL_AA.fasta.zip,178,650,520.0
124989_NT_AL_AA.fasta.zip,101,1021,802
124995_NT_AL_AA.fasta.zip,188,266,262.0
124997_NT_AL_AA.fasta.zip,188,2018,1930.0
125058_NT_AL_AA.fasta.zip,185,790,759
125061_NT_AL_AA.fasta.zip,185,294,281
125111_NT_AL_AA.fasta.zip,169,341,265
125113_NT_AL_AA.fasta.zip,181,299,295
125115_NT_AL_AA.fasta.zip,175,442,431
125150_NT_AL_AA.fasta.zip,178,134,133.0
125206_NT_AL_AA.fasta.zip,173,601,594
125228_NT_AL_AA.fasta.zip,187,274,272
125336_NT_AL_AA.fasta.zip,179,2344,2231
125476_NT_AL_AA.fasta.zip,187,199,192
125488_NT_AL_AA.fasta.zip,178,586,580.0
125704_NT_AL_AA.fasta.zip,175,396,373
125875_NT_AL_AA.fasta.zip,175,176,162
1258_NT_AL_AA.fasta.zip,165,1732,1137
125931_NT_AL_AA.fasta.zip,127,468,434
125950_NT_AL_AA.fasta.zip,176,775,735.0
125965_NT_AL_AA.fasta.zip,166,92,88.0
125972_NT_AL_AA.fasta.zip,183,394,382
125981_NT_AL_AA.fasta.zip,188,266,263.0
125988_NT_AL_AA.fasta.zip,185,123,117
1259_NT_AL_AA.fasta.zip,184,729,684.0
126003_NT_AL_AA.fasta.zip,180,188,188.0
126006_NT_AL_AA.fasta.zip,184,123,118.0
126014_NT_AL_AA.fasta.zip,150,263,242.0
126074_NT_AL_AA.fasta.zip,188,263,250.0
126075_NT_AL_AA.fasta.zip,180,454,364.0
1260_NT_AL_AA.fasta.zip,185,672,661
126119_NT_AL_AA.fasta.zip,174,189,185.0
126123_NT_AL_AA.fasta.zip,153,208,196
126129_NT_AL_AA.fasta.zip,182,802,785.0
126133_NT_AL_AA.fasta.zip,183,811,800
1261_NT_AL_AA.fasta.zip,187,707,675
126206_NT_AL_AA.fasta.zip,142,1098,1031.0
126208_NT_AL_AA.fasta.zip,160,402,379.0
126248_NT_AL_AA.fasta.zip,182,422,394.5
126282_NT_AL_AA.fasta.zip,176,186,186.0
126298_NT_AL_AA.fasta.zip,181,646,610
126299_NT_AL_AA.fasta.zip,183,205,189
1262_NT_AL_AA.fasta.zip,188,582,574.0
126306_NT_AL_AA.fasta.zip,165,443,309
126308_NT_AL_AA.fasta.zip,183,222,217
126321_NT_AL_AA.fasta.zip,178,489,467.0
126326_NT_AL_AA.fasta.zip,103,292,285
126328_NT_AL_AA.fasta.zip,186,144,141.0
126353_NT_AL_AA.fasta.zip,178,818,584.0
126364_NT_AL_AA.fasta.zip,172,343,304.5
126370_NT_AL_AA.fasta.zip,149,319,308
126374_NT_AL_AA.fasta.zip,171,466,397
126382_NT_AL_AA.fasta.zip,189,140,137
126393_NT_AL_AA.fasta.zip,186,165,161.0
1263_NT_AL_AA.fasta.zip,184,674,643.0
126402_NT_AL_AA.fasta.zip,183,493,488
126410_NT_AL_AA.fasta.zip,181,742,527
126432_NT_AL_AA.fasta.zip,186,592,526.0
126433_NT_AL_AA.fasta.zip,115,289,273
1264_NT_AL_AA.fasta.zip,189,299,297
126520_NT_AL_AA.fasta.zip,172,602,517.5
126526_NT_AL_AA.fasta.zip,187,412,385
126549_NT_AL_AA.fasta.zip,174,651,573.0
126567_NT_AL_AA.fasta.zip,174,448,418.0
1265_NT_AL_AA.fasta.zip,184,320,307.5
126626_NT_AL_AA.fasta.zip,182,484,444.0
126637_NT_AL_AA.fasta.zip,157,955,842
126638_NT_AL_AA.fasta.zip,139,3744,817
126661_NT_AL_AA.fasta.zip,126,307,239.5
126669_NT_AL_AA.fasta.zip,175,520,459
126695_NT_AL_AA.fasta.zip,187,412,398
1266_NT_AL_AA.fasta.zip,174,331,329.0
126731_NT_AL_AA.fasta.zip,175,321,240
126755_NT_AL_AA.fasta.zip,160,307,292.0
126767_NT_AL_AA.fasta.zip,125,406,403
126789_NT_AL_AA.fasta.zip,176,284,273.0
126792_NT_AL_AA.fasta.zip,162,342,309.0
1267_NT_AL_AA.fasta.zip,187,426,420
126820_NT_AL_AA.fasta.zip,114,877,860.0
126823_NT_AL_AA.fasta.zip,181,351,339
126859_NT_AL_AA.fasta.zip,171,1059,987
126868_NT_AL_AA.fasta.zip,183,367,358
1268_NT_AL_AA.fasta.zip,188,476,472.0
126917_NT_AL_AA.fasta.zip,170,539,512.0
126969_NT_AL_AA.fasta.zip,180,663,651.0
1269_NT_AL_AA.fasta.zip,190,347,345.0
127002_NT_AL_AA.fasta.zip,186,762,748.0
127003_NT_AL_AA.fasta.zip,189,148,144
127018_NT_AL_AA.fasta.zip,183,239,233
1270_NT_AL_AA.fasta.zip,178,202,199.0
127124_NT_AL_AA.fasta.zip,179,118,117
1271_NT_AL_AA.fasta.zip,189,383,372
127247_NT_AL_AA.fasta.zip,185,296,295
127253_NT_AL_AA.fasta.zip,188,269,258.0
127254_NT_AL_AA.fasta.zip,176,1690,1464.5
127255_NT_AL_AA.fasta.zip,163,616,605
127262_NT_AL_AA.fasta.zip,174,279,267.0
127281_NT_AL_AA.fasta.zip,153,205,197
127294_NT_AL_AA.fasta.zip,189,1442,1438
1272_NT_AL_AA.fasta.zip,183,1022,1012
127343_NT_AL_AA.fasta.zip,188,401,379.0
127391_NT_AL_AA.fasta.zip,179,190,184
127428_NT_AL_AA.fasta.zip,186,210,208.0
127435_NT_AL_AA.fasta.zip,189,631,611
127495_NT_AL_AA.fasta.zip,177,336,332
127534_NT_AL_AA.fasta.zip,178,274,266.0
127540_NT_AL_AA.fasta.zip,186,176,165.0
127544_NT_AL_AA.fasta.zip,186,768,720.0
127550_NT_AL_AA.fasta.zip,176,344,332.0
127579_NT_AL_AA.fasta.zip,179,709,691
127602_NT_AL_AA.fasta.zip,144,4652,4395.5
127623_NT_AL_AA.fasta.zip,78,321,318.0
127665_NT_AL_AA.fasta.zip,143,591,547
127687_NT_AL_AA.fasta.zip,158,121,110.0
127700_NT_AL_AA.fasta.zip,188,393,386.0
127703_NT_AL_AA.fasta.zip,190,239,229.0
127707_NT_AL_AA.fasta.zip,187,873,755
127731_NT_AL_AA.fasta.zip,186,1285,1208.0
127733_NT_AL_AA.fasta.zip,185,303,280
127795_NT_AL_AA.fasta.zip,183,562,532
1277_NT_AL_AA.fasta.zip,186,1479,1459.0
127829_NT_AL_AA.fasta.zip,174,189,186.0
127833_NT_AL_AA.fasta.zip,184,439,414.0
127845_NT_AL_AA.fasta.zip,177,133,132
1278_NT_AL_AA.fasta.zip,185,1383,1366
127933_NT_AL_AA.fasta.zip,154,423,419.0
127943_NT_AL_AA.fasta.zip,171,446,410
127_NT_AL_AA.fasta.zip,103,385,380
128025_NT_AL_AA.fasta.zip,185,1104,1073
128061_NT_AL_AA.fasta.zip,181,294,270
128077_NT_AL_AA.fasta.zip,184,346,337.0
1280_NT_AL_AA.fasta.zip,187,1542,1487
128153_NT_AL_AA.fasta.zip,185,364,360
128178_NT_AL_AA.fasta.zip,170,201,196.0
1281_NT_AL_AA.fasta.zip,177,1486,1465
128209_NT_AL_AA.fasta.zip,148,392,361.5
128218_NT_AL_AA.fasta.zip,187,223,219
128229_NT_AL_AA.fasta.zip,149,134,121
128239_NT_AL_AA.fasta.zip,187,1643,1629
128240_NT_AL_AA.fasta.zip,149,296,288
128272_NT_AL_AA.fasta.zip,186,828,796.0
1282_NT_AL_AA.fasta.zip,184,1689,1661.0
128308_NT_AL_AA.fasta.zip,184,128,119.0
128338_NT_AL_AA.fasta.zip,188,268,266.0
128346_NT_AL_AA.fasta.zip,169,99,91
128366_NT_AL_AA.fasta.zip,134,320,317.0
128367_NT_AL_AA.fasta.zip,78,310,310.0
128368_NT_AL_AA.fasta.zip,145,314,313
128371_NT_AL_AA.fasta.zip,148,314,312.0
128387_NT_AL_AA.fasta.zip,185,275,274
128408_NT_AL_AA.fasta.zip,151,248,222
128414_NT_AL_AA.fasta.zip,124,218,203.0
128434_NT_AL_AA.fasta.zip,182,212,204.0
128486_NT_AL_AA.fasta.zip,183,264,262
128497_NT_AL_AA.fasta.zip,186,243,225.5
1284_NT_AL_AA.fasta.zip,180,1780,1705.0
128506_NT_AL_AA.fasta.zip,183,449,444
128553_NT_AL_AA.fasta.zip,189,1054,1021
1285_NT_AL_AA.fasta.zip,179,1672,1646
128602_NT_AL_AA.fasta.zip,189,142,137
128611_NT_AL_AA.fasta.zip,171,1797,1512
128637_NT_AL_AA.fasta.zip,185,410,403
128653_NT_AL_AA.fasta.zip,176,181,163.0
128674_NT_AL_AA.fasta.zip,174,386,384.0
1286_NT_AL_AA.fasta.zip,181,1740,1680
128710_NT_AL_AA.fasta.zip,178,422,393.0
128817_NT_AL_AA.fasta.zip,168,143,137.0
128853_NT_AL_AA.fasta.zip,156,235,228.0
128859_NT_AL_AA.fasta.zip,179,463,453
128861_NT_AL_AA.fasta.zip,175,252,230
128866_NT_AL_AA.fasta.zip,184,227,224.0
128869_NT_AL_AA.fasta.zip,188,437,435.0
128876_NT_AL_AA.fasta.zip,189,822,735
1288_NT_AL_AA.fasta.zip,151,1741,1690
128977_NT_AL_AA.fasta.zip,166,104,101.0
128989_NT_AL_AA.fasta.zip,185,273,270
1289_NT_AL_AA.fasta.zip,176,1985,1809.5
129049_NT_AL_AA.fasta.zip,181,1143,1119
129080_NT_AL_AA.fasta.zip,181,510,427
1290_NT_AL_AA.fasta.zip,174,1503,1499.0
129138_NT_AL_AA.fasta.zip,184,305,298.0
1291_NT_AL_AA.fasta.zip,184,1050,1026.0
129285_NT_AL_AA.fasta.zip,188,794,778.0
1292_NT_AL_AA.fasta.zip,187,1065,1014
129303_NT_AL_AA.fasta.zip,188,271,268.0
1293_NT_AL_AA.fasta.zip,185,3732,3158
129401_NT_AL_AA.fasta.zip,185,331,327
129446_NT_AL_AA.fasta.zip,167,3492,3302
129450_NT_AL_AA.fasta.zip,188,317,315.0
1294_NT_AL_AA.fasta.zip,179,3056,2932
129521_NT_AL_AA.fasta.zip,148,140,134.5
129530_NT_AL_AA.fasta.zip,171,212,195
129531_NT_AL_AA.fasta.zip,188,253,249.0
129563_NT_AL_AA.fasta.zip,180,875,853.0
129607_NT_AL_AA.fasta.zip,167,459,433
129642_NT_AL_AA.fasta.zip,169,522,517
129684_NT_AL_AA.fasta.zip,168,1384,1306.5
129685_NT_AL_AA.fasta.zip,187,309,307
1296_NT_AL_AA.fasta.zip,186,706,700.0
129787_NT_AL_AA.fasta.zip,171,142,136
1297_NT_AL_AA.fasta.zip,185,931,917
129804_NT_AL_AA.fasta.zip,184,432,420.0
129807_NT_AL_AA.fasta.zip,182,489,454.0
129831_NT_AL_AA.fasta.zip,184,530,474.0
129852_NT_AL_AA.fasta.zip,179,287,274
129880_NT_AL_AA.fasta.zip,187,350,341
129881_NT_AL_AA.fasta.zip,181,551,545
1298_NT_AL_AA.fasta.zip,187,692,684
1299_NT_AL_AA.fasta.zip,178,698,671.5
130013_NT_AL_AA.fasta.zip,148,341,336.0
130026_NT_AL_AA.fasta.zip,185,501,479
130074_NT_AL_AA.fasta.zip,184,198,195.0
1300_NT_AL_AA.fasta.zip,190,689,675.5
130106_NT_AL_AA.fasta.zip,181,193,185
130132_NT_AL_AA.fasta.zip,177,528,497
130162_NT_AL_AA.fasta.zip,186,596,585.0
1301_NT_AL_AA.fasta.zip,181,1956,1808
130271_NT_AL_AA.fasta.zip,183,1519,1492
1302_NT_AL_AA.fasta.zip,179,1752,1734
130355_NT_AL_AA.fasta.zip,187,131,126
130367_NT_AL_AA.fasta.zip,190,407,396.0
130399_NT_AL_AA.fasta.zip,188,445,442.0
1303_NT_AL_AA.fasta.zip,187,3261,3117
130497_NT_AL_AA.fasta.zip,187,267,266
130502_NT_AL_AA.fasta.zip,186,151,147.0
130507_NT_AL_AA.fasta.zip,176,1904,1889.0
130535_NT_AL_AA.fasta.zip,181,448,398
130557_NT_AL_AA.fasta.zip,186,558,541.0
130560_NT_AL_AA.fasta.zip,141,334,166
130574_NT_AL_AA.fasta.zip,188,172,171.0
130576_NT_AL_AA.fasta.zip,187,172,169
130589_NT_AL_AA.fasta.zip,183,343,341
1305_NT_AL_AA.fasta.zip,178,806,702.0
130612_NT_AL_AA.fasta.zip,189,370,360
130617_NT_AL_AA.fasta.zip,187,250,241
1306_NT_AL_AA.fasta.zip,185,1601,1341
130733_NT_AL_AA.fasta.zip,182,307,297.0
130749_NT_AL_AA.fasta.zip,179,359,342
130752_NT_AL_AA.fasta.zip,91,468,467
1307_NT_AL_AA.fasta.zip,189,1642,1618
130813_NT_AL_AA.fasta.zip,165,165,149
130814_NT_AL_AA.fasta.zip,184,206,202.0
130827_NT_AL_AA.fasta.zip,187,232,228
130888_NT_AL_AA.fasta.zip,175,182,181
1308_NT_AL_AA.fasta.zip,185,1630,1469
130916_NT_AL_AA.fasta.zip,182,334,320.0
130940_NT_AL_AA.fasta.zip,149,600,598
130951_NT_AL_AA.fasta.zip,185,543,516
131034_NT_AL_AA.fasta.zip,180,558,557.0
131076_NT_AL_AA.fasta.zip,188,151,144.0
131096_NT_AL_AA.fasta.zip,185,1215,1107
1310_NT_AL_AA.fasta.zip,177,1205,1135
131118_NT_AL_AA.fasta.zip,185,116,116
131149_NT_AL_AA.fasta.zip,182,489,472.5
131177_NT_AL_AA.fasta.zip,184,226,216.0
1311_NT_AL_AA.fasta.zip,182,768,755.0
1312_NT_AL_AA.fasta.zip,176,277,259.0
131368_NT_AL_AA.fasta.zip,187,415,415
131375_NT_AL_AA.fasta.zip,179,149,145
131377_NT_AL_AA.fasta.zip,185,647,621
131405_NT_AL_AA.fasta.zip,180,907,861.0
131408_NT_AL_AA.fasta.zip,190,383,364.0
131474_NT_AL_AA.fasta.zip,180,138,134.0
1314_NT_AL_AA.fasta.zip,182,1235,1233.0
131540_NT_AL_AA.fasta.zip,174,318,302.0
131544_NT_AL_AA.fasta.zip,181,3200,2892
131566_NT_AL_AA.fasta.zip,188,802,771.0
131578_NT_AL_AA.fasta.zip,177,642,581
131583_NT_AL_AA.fasta.zip,186,501,417.0
1315_NT_AL_AA.fasta.zip,189,956,952
131601_NT_AL_AA.fasta.zip,186,375,356.0
131616_NT_AL_AA.fasta.zip,176,142,140.0
131669_NT_AL_AA.fasta.zip,184,684,675.0
1316_NT_AL_AA.fasta.zip,183,293,283
1317_NT_AL_AA.fasta.zip,185,193,179
131831_NT_AL_AA.fasta.zip,183,649,542
131870_NT_AL_AA.fasta.zip,144,193,185.0
131873_NT_AL_AA.fasta.zip,154,2289,2257.0
1318_NT_AL_AA.fasta.zip,189,148,141
131920_NT_AL_AA.fasta.zip,180,145,140.0
131965_NT_AL_AA.fasta.zip,188,282,275.0
132001_NT_AL_AA.fasta.zip,180,335,333.0
132014_NT_AL_AA.fasta.zip,180,706,629.0
132112_NT_AL_AA.fasta.zip,172,272,263.0
132141_NT_AL_AA.fasta.zip,74,140,135.0
132158_NT_AL_AA.fasta.zip,189,532,523
132160_NT_AL_AA.fasta.zip,186,482,456.0
132200_NT_AL_AA.fasta.zip,124,306,290.5
132203_NT_AL_AA.fasta.zip,182,149,147.0
132204_NT_AL_AA.fasta.zip,185,288,285
132228_NT_AL_AA.fasta.zip,180,159,142.0
132243_NT_AL_AA.fasta.zip,168,407,303.5
132299_NT_AL_AA.fasta.zip,184,157,153.0
132320_NT_AL_AA.fasta.zip,186,686,679.0
132321_NT_AL_AA.fasta.zip,178,204,199.0
132332_NT_AL_AA.fasta.zip,10,130,130.0
132430_NT_AL_AA.fasta.zip,156,372,370.0
132612_NT_AL_AA.fasta.zip,186,583,576.0
132625_NT_AL_AA.fasta.zip,170,323,278.0
132660_NT_AL_AA.fasta.zip,183,757,748
132671_NT_AL_AA.fasta.zip,186,656,512.5
1326_NT_AL_AA.fasta.zip,185,526,467
132720_NT_AL_AA.fasta.zip,168,172,126.0
132789_NT_AL_AA.fasta.zip,185,277,276
1327_NT_AL_AA.fasta.zip,189,173,169
132851_NT_AL_AA.fasta.zip,186,295,277.0
132864_NT_AL_AA.fasta.zip,186,1192,1006.5
132884_NT_AL_AA.fasta.zip,182,1310,1218.5
132946_NT_AL_AA.fasta.zip,181,178,172
132949_NT_AL_AA.fasta.zip,184,1128,1094.0
132954_NT_AL_AA.fasta.zip,182,242,241.0
132989_NT_AL_AA.fasta.zip,187,120,117
1329_NT_AL_AA.fasta.zip,187,131,129
132_NT_AL_AA.fasta.zip,184,361,357.0
133015_NT_AL_AA.fasta.zip,189,257,248
133022_NT_AL_AA.fasta.zip,142,385,369.0
133060_NT_AL_AA.fasta.zip,177,577,549
133121_NT_AL_AA.fasta.zip,188,455,440.0
133308_NT_AL_AA.fasta.zip,164,541,536.0
133383_NT_AL_AA.fasta.zip,167,302,297
133396_NT_AL_AA.fasta.zip,186,748,696.5
133418_NT_AL_AA.fasta.zip,181,423,311
133491_NT_AL_AA.fasta.zip,131,179,130
133522_NT_AL_AA.fasta.zip,184,1109,1006.5
133558_NT_AL_AA.fasta.zip,185,1589,1575
133584_NT_AL_AA.fasta.zip,183,1029,1005
133619_NT_AL_AA.fasta.zip,189,474,444
133686_NT_AL_AA.fasta.zip,186,505,460.0
133690_NT_AL_AA.fasta.zip,167,227,208
133746_NT_AL_AA.fasta.zip,178,1040,982.5
1337_NT_AL_AA.fasta.zip,185,114,109
133957_NT_AL_AA.fasta.zip,185,263,260
1339_NT_AL_AA.fasta.zip,181,101,97
133_NT_AL_AA.fasta.zip,186,186,174.0
1340_NT_AL_AA.fasta.zip,178,87,86.0
134111_NT_AL_AA.fasta.zip,167,338,288
134121_NT_AL_AA.fasta.zip,178,153,146.0
134145_NT_AL_AA.fasta.zip,184,207,201.0
134147_NT_AL_AA.fasta.zip,177,247,244
134218_NT_AL_AA.fasta.zip,180,553,529.0
134265_NT_AL_AA.fasta.zip,184,784,762.0
134266_NT_AL_AA.fasta.zip,187,228,225
134285_NT_AL_AA.fasta.zip,186,336,324.0
134288_NT_AL_AA.fasta.zip,181,252,243
134353_NT_AL_AA.fasta.zip,186,387,353.0
134359_NT_AL_AA.fasta.zip,185,609,560
134391_NT_AL_AA.fasta.zip,182,429,416.0
134429_NT_AL_AA.fasta.zip,188,217,208.0
134430_NT_AL_AA.fasta.zip,183,896,895
134492_NT_AL_AA.fasta.zip,183,157,157
134510_NT_AL_AA.fasta.zip,181,318,317
134526_NT_AL_AA.fasta.zip,186,550,549.0
134548_NT_AL_AA.fasta.zip,172,604,522.5
134549_NT_AL_AA.fasta.zip,172,956,835.0
134553_NT_AL_AA.fasta.zip,184,191,188.0
134637_NT_AL_AA.fasta.zip,187,190,184
1346_NT_AL_AA.fasta.zip,181,83,73
134728_NT_AL_AA.fasta.zip,184,269,260.0
1347_NT_AL_AA.fasta.zip,181,83,83
134829_NT_AL_AA.fasta.zip,182,327,327.0
134957_NT_AL_AA.fasta.zip,188,1163,1152.0
1349_NT_AL_AA.fasta.zip,177,80,80
134_NT_AL_AA.fasta.zip,185,330,325
1350_NT_AL_AA.fasta.zip,172,64,63.0
135112_NT_AL_AA.fasta.zip,188,974,936.0
135114_NT_AL_AA.fasta.zip,176,148,147.0
135138_NT_AL_AA.fasta.zip,175,262,254
135152_NT_AL_AA.fasta.zip,185,340,323
135154_NT_AL_AA.fasta.zip,181,110,106
1351_NT_AL_AA.fasta.zip,158,70,69.0
135228_NT_AL_AA.fasta.zip,180,1482,1421.0
135293_NT_AL_AA.fasta.zip,186,465,428.0
135295_NT_AL_AA.fasta.zip,180,281,261.0
1352_NT_AL_AA.fasta.zip,187,438,431
135398_NT_AL_AA.fasta.zip,164,197,163.5
1353_NT_AL_AA.fasta.zip,184,285,271.0
1355_NT_AL_AA.fasta.zip,187,415,411
135656_NT_AL_AA.fasta.zip,86,2170,650.0
1356_NT_AL_AA.fasta.zip,122,1096,1073.5
1357_NT_AL_AA.fasta.zip,159,425,419
135886_NT_AL_AA.fasta.zip,181,281,249
135892_NT_AL_AA.fasta.zip,169,503,486
1358_NT_AL_AA.fasta.zip,160,459,417.0
135927_NT_AL_AA.fasta.zip,179,115,98
135932_NT_AL_AA.fasta.zip,187,229,205
135935_NT_AL_AA.fasta.zip,179,622,543
135946_NT_AL_AA.fasta.zip,158,308,308.0
1359_NT_AL_AA.fasta.zip,185,433,416
135_NT_AL_AA.fasta.zip,162,426,408.5
136051_NT_AL_AA.fasta.zip,157,852,709
1360_NT_AL_AA.fasta.zip,188,417,417.0
1361_NT_AL_AA.fasta.zip,183,437,423
136227_NT_AL_AA.fasta.zip,180,478,438.0
136259_NT_AL_AA.fasta.zip,150,353,320.5
136263_NT_AL_AA.fasta.zip,188,259,243.0
136288_NT_AL_AA.fasta.zip,185,329,265
1362_NT_AL_AA.fasta.zip,182,1404,1370.0
136306_NT_AL_AA.fasta.zip,185,504,488
136319_NT_AL_AA.fasta.zip,166,119,118.0
136332_NT_AL_AA.fasta.zip,182,715,635.0
136371_NT_AL_AA.fasta.zip,188,493,443.0
1363_NT_AL_AA.fasta.zip,186,482,476.0
1364_NT_AL_AA.fasta.zip,178,212,209.0
1365_NT_AL_AA.fasta.zip,174,227,219.0
136647_NT_AL_AA.fasta.zip,176,186,179.0
1366_NT_AL_AA.fasta.zip,189,212,211
136853_NT_AL_AA.fasta.zip,188,611,581.0
136895_NT_AL_AA.fasta.zip,179,613,589
1368_NT_AL_AA.fasta.zip,189,453,443
136991_NT_AL_AA.fasta.zip,182,478,475.0
1369_NT_AL_AA.fasta.zip,186,451,442.0
136_NT_AL_AA.fasta.zip,183,340,331
137075_NT_AL_AA.fasta.zip,180,324,287.0
1370_NT_AL_AA.fasta.zip,179,555,547
1371_NT_AL_AA.fasta.zip,180,471,440.0
137362_NT_AL_AA.fasta.zip,185,405,404
137392_NT_AL_AA.fasta.zip,179,289,281
1373_NT_AL_AA.fasta.zip,188,1501,1500.0
137492_NT_AL_AA.fasta.zip,188,400,394.0
1374_NT_AL_AA.fasta.zip,187,885,771
1375_NT_AL_AA.fasta.zip,184,808,770.0
137682_NT_AL_AA.fasta.zip,185,341,333
137695_NT_AL_AA.fasta.zip,183,332,329
1376_NT_AL_AA.fasta.zip,185,664,656
137735_NT_AL_AA.fasta.zip,187,399,380
137797_NT_AL_AA.fasta.zip,84,131,123.0
137814_NT_AL_AA.fasta.zip,170,329,289.5
137835_NT_AL_AA.fasta.zip,183,354,272
137868_NT_AL_AA.fasta.zip,175,318,299
137872_NT_AL_AA.fasta.zip,188,467,465.0
137886_NT_AL_AA.fasta.zip,186,337,326.0
137964_NT_AL_AA.fasta.zip,167,456,456
137970_NT_AL_AA.fasta.zip,184,951,940.0
137994_NT_AL_AA.fasta.zip,169,502,483
138046_NT_AL_AA.fasta.zip,158,294,291.0
138050_NT_AL_AA.fasta.zip,183,673,605
138065_NT_AL_AA.fasta.zip,185,201,190
138151_NT_AL_AA.fasta.zip,184,617,585.0
138162_NT_AL_AA.fasta.zip,183,160,129
138199_NT_AL_AA.fasta.zip,184,428,407.0
1381_NT_AL_AA.fasta.zip,176,138,137.0
138241_NT_AL_AA.fasta.zip,157,154,149
138255_NT_AL_AA.fasta.zip,179,231,224
1382_NT_AL_AA.fasta.zip,187,141,138
138307_NT_AL_AA.fasta.zip,136,181,163.0
138311_NT_AL_AA.fasta.zip,178,418,410.0
138428_NT_AL_AA.fasta.zip,113,206,198
138429_NT_AL_AA.fasta.zip,188,447,389.0
1384_NT_AL_AA.fasta.zip,189,622,618
1385_NT_AL_AA.fasta.zip,188,343,341.0
138639_NT_AL_AA.fasta.zip,182,818,776.0
1386_NT_AL_AA.fasta.zip,187,514,505
138715_NT_AL_AA.fasta.zip,177,451,409
138716_NT_AL_AA.fasta.zip,184,165,160.0
138724_NT_AL_AA.fasta.zip,176,1236,1046.0
1387_NT_AL_AA.fasta.zip,185,2495,2436
1388_NT_AL_AA.fasta.zip,186,748,696.0
1389_NT_AL_AA.fasta.zip,182,119,118.0
139065_NT_AL_AA.fasta.zip,184,842,837.0
1390_NT_AL_AA.fasta.zip,184,459,359.0
139189_NT_AL_AA.fasta.zip,162,1485,1208.5
139212_NT_AL_AA.fasta.zip,177,224,213
139221_NT_AL_AA.fasta.zip,173,765,687
139231_NT_AL_AA.fasta.zip,180,392,388.0
139285_NT_AL_AA.fasta.zip,184,1277,1121.0
1392_NT_AL_AA.fasta.zip,182,225,193.0
139322_NT_AL_AA.fasta.zip,170,276,262.0
139324_NT_AL_AA.fasta.zip,169,704,692
139341_NT_AL_AA.fasta.zip,177,155,155
139378_NT_AL_AA.fasta.zip,158,3125,2909.5
1393_NT_AL_AA.fasta.zip,186,328,322.0
139411_NT_AL_AA.fasta.zip,176,894,888.0
1394_NT_AL_AA.fasta.zip,162,424,415.0
139562_NT_AL_AA.fasta.zip,163,314,284
139596_NT_AL_AA.fasta.zip,183,319,301
139599_NT_AL_AA.fasta.zip,148,528,523.0
1395_NT_AL_AA.fasta.zip,188,408,394.0
139604_NT_AL_AA.fasta.zip,64,393,310.5
139628_NT_AL_AA.fasta.zip,62,327,311.0
1396_NT_AL_AA.fasta.zip,137,78,77
139716_NT_AL_AA.fasta.zip,176,617,583.0
139728_NT_AL_AA.fasta.zip,184,352,342.0
139760_NT_AL_AA.fasta.zip,182,340,335.0
1397_NT_AL_AA.fasta.zip,152,203,195.0
139818_NT_AL_AA.fasta.zip,173,2097,2083
1398_NT_AL_AA.fasta.zip,185,308,304
1399_NT_AL_AA.fasta.zip,170,303,303.0
13_NT_AL_AA.fasta.zip,63,399,398
1400_NT_AL_AA.fasta.zip,178,690,686.0
1401_NT_AL_AA.fasta.zip,82,229,224.5
140453_NT_AL_AA.fasta.zip,17,315,252
140456_NT_AL_AA.fasta.zip,183,475,317
140458_NT_AL_AA.fasta.zip,172,329,329.0
140459_NT_AL_AA.fasta.zip,185,424,421
140460_NT_AL_AA.fasta.zip,165,318,318
140461_NT_AL_AA.fasta.zip,182,288,288.0
140462_NT_AL_AA.fasta.zip,181,282,276
140465_NT_AL_AA.fasta.zip,177,236,205
140467_NT_AL_AA.fasta.zip,181,617,559
140469_NT_AL_AA.fasta.zip,167,1354,1292
1404_NT_AL_AA.fasta.zip,187,356,354
140545_NT_AL_AA.fasta.zip,187,381,352
140576_NT_AL_AA.fasta.zip,186,105,103.0
140578_NT_AL_AA.fasta.zip,187,275,273
140606_NT_AL_AA.fasta.zip,179,151,139
140609_NT_AL_AA.fasta.zip,169,311,302
140612_NT_AL_AA.fasta.zip,83,958,820
140625_NT_AL_AA.fasta.zip,167,377,377
140628_NT_AL_AA.fasta.zip,173,430,399
140679_NT_AL_AA.fasta.zip,186,534,526.0
140680_NT_AL_AA.fasta.zip,184,334,314.5
140683_NT_AL_AA.fasta.zip,142,218,196.0
140685_NT_AL_AA.fasta.zip,184,612,587.0
140686_NT_AL_AA.fasta.zip,174,214,199.0
140688_NT_AL_AA.fasta.zip,183,693,679
140689_NT_AL_AA.fasta.zip,184,202,201.0
140690_NT_AL_AA.fasta.zip,185,620,548
140691_NT_AL_AA.fasta.zip,177,508,496
140699_NT_AL_AA.fasta.zip,167,1068,1035
1406_NT_AL_AA.fasta.zip,147,315,298
140700_NT_AL_AA.fasta.zip,177,193,189
140701_NT_AL_AA.fasta.zip,181,488,469
140706_NT_AL_AA.fasta.zip,184,629,558.5
140707_NT_AL_AA.fasta.zip,178,263,239.0
140710_NT_AL_AA.fasta.zip,188,1517,1470.0
140711_NT_AL_AA.fasta.zip,189,232,203
140730_NT_AL_AA.fasta.zip,186,272,269.0
140731_NT_AL_AA.fasta.zip,167,230,223
140732_NT_AL_AA.fasta.zip,188,366,348.0
140733_NT_AL_AA.fasta.zip,165,472,454
140735_NT_AL_AA.fasta.zip,140,89,89.0
140738_NT_AL_AA.fasta.zip,181,199,195
140739_NT_AL_AA.fasta.zip,187,190,185
140766_NT_AL_AA.fasta.zip,179,1263,1208
140767_NT_AL_AA.fasta.zip,188,199,195.0
140775_NT_AL_AA.fasta.zip,169,949,933
1407_NT_AL_AA.fasta.zip,183,615,583
140801_NT_AL_AA.fasta.zip,135,215,214
140803_NT_AL_AA.fasta.zip,180,2130,2010.0
140809_NT_AL_AA.fasta.zip,174,154,133.0
140823_NT_AL_AA.fasta.zip,188,82,79.0
140825_NT_AL_AA.fasta.zip,186,291,285.0
140831_NT_AL_AA.fasta.zip,187,724,692
140836_NT_AL_AA.fasta.zip,181,87,87
140838_NT_AL_AA.fasta.zip,176,251,248.0
140856_NT_AL_AA.fasta.zip,188,159,156.0
140862_NT_AL_AA.fasta.zip,186,464,462.5
140873_NT_AL_AA.fasta.zip,146,225,189.0
140876_NT_AL_AA.fasta.zip,188,974,932.5
140880_NT_AL_AA.fasta.zip,161,138,137
140881_NT_AL_AA.fasta.zip,167,171,160
140885_NT_AL_AA.fasta.zip,125,753,489
140886_NT_AL_AA.fasta.zip,161,382,382
140890_NT_AL_AA.fasta.zip,185,664,625
140893_NT_AL_AA.fasta.zip,181,667,577
140894_NT_AL_AA.fasta.zip,180,621,567.0
1408_NT_AL_AA.fasta.zip,184,613,590.0
140901_NT_AL_AA.fasta.zip,181,559,535
140902_NT_AL_AA.fasta.zip,185,357,252
1409_NT_AL_AA.fasta.zip,167,179,173
1410_NT_AL_AA.fasta.zip,188,185,175.0
1411_NT_AL_AA.fasta.zip,188,219,215.0
1412_NT_AL_AA.fasta.zip,182,202,194.0
1413_NT_AL_AA.fasta.zip,178,199,196.0
1414_NT_AL_AA.fasta.zip,179,269,249
1415_NT_AL_AA.fasta.zip,163,207,205
1417_NT_AL_AA.fasta.zip,170,211,209.0
141_NT_AL_AA.fasta.zip,172,358,358.0
142678_NT_AL_AA.fasta.zip,185,971,950
142679_NT_AL_AA.fasta.zip,186,215,212.0
142680_NT_AL_AA.fasta.zip,176,618,591.5
142685_NT_AL_AA.fasta.zip,187,595,588
142686_NT_AL_AA.fasta.zip,185,590,581
142689_NT_AL_AA.fasta.zip,172,311,311.0
1427_NT_AL_AA.fasta.zip,181,178,177
142891_NT_AL_AA.fasta.zip,186,421,420.0
1428_NT_AL_AA.fasta.zip,188,312,312.0
142940_NT_AL_AA.fasta.zip,188,368,346.0
1429_NT_AL_AA.fasta.zip,186,333,329.0
142_NT_AL_AA.fasta.zip,183,1050,1013
143098_NT_AL_AA.fasta.zip,183,577,576
143162_NT_AL_AA.fasta.zip,157,1319,1243
143187_NT_AL_AA.fasta.zip,188,198,194.0
1431_NT_AL_AA.fasta.zip,180,467,466.0
143241_NT_AL_AA.fasta.zip,156,166,163.0
143279_NT_AL_AA.fasta.zip,187,797,759
143282_NT_AL_AA.fasta.zip,170,288,253.0
143379_NT_AL_AA.fasta.zip,188,236,223.5
143384_NT_AL_AA.fasta.zip,185,393,361
143425_NT_AL_AA.fasta.zip,177,715,489
143458_NT_AL_AA.fasta.zip,181,341,330
143471_NT_AL_AA.fasta.zip,178,250,250.0
1434_NT_AL_AA.fasta.zip,190,972,971.0
143570_NT_AL_AA.fasta.zip,187,830,792
1435_NT_AL_AA.fasta.zip,184,623,533.0
143630_NT_AL_AA.fasta.zip,157,634,601
143662_NT_AL_AA.fasta.zip,182,352,330.0
143678_NT_AL_AA.fasta.zip,184,101,97.0
143684_NT_AL_AA.fasta.zip,183,346,338
143686_NT_AL_AA.fasta.zip,168,498,491.0
143689_NT_AL_AA.fasta.zip,182,862,842.5
1436_NT_AL_AA.fasta.zip,187,1011,955
1437_NT_AL_AA.fasta.zip,177,150,141
143872_NT_AL_AA.fasta.zip,175,876,874
143879_NT_AL_AA.fasta.zip,187,615,607
143884_NT_AL_AA.fasta.zip,181,908,881
143888_NT_AL_AA.fasta.zip,175,523,504
143903_NT_AL_AA.fasta.zip,187,395,368
143941_NT_AL_AA.fasta.zip,183,196,188
1439_NT_AL_AA.fasta.zip,159,961,873
143_NT_AL_AA.fasta.zip,170,1937,1421.0
144097_NT_AL_AA.fasta.zip,186,406,364.0
1440_NT_AL_AA.fasta.zip,188,204,191.0
144100_NT_AL_AA.fasta.zip,186,1256,1208.0
144108_NT_AL_AA.fasta.zip,189,1040,678
144110_NT_AL_AA.fasta.zip,185,240,239
144132_NT_AL_AA.fasta.zip,175,4935,4674
144165_NT_AL_AA.fasta.zip,176,852,832.0
144193_NT_AL_AA.fasta.zip,184,429,426.0
1441_NT_AL_AA.fasta.zip,189,877,835
144233_NT_AL_AA.fasta.zip,190,305,287.0
144321_NT_AL_AA.fasta.zip,163,264,261
144363_NT_AL_AA.fasta.zip,183,91,90
144402_NT_AL_AA.fasta.zip,170,567,564.0
144404_NT_AL_AA.fasta.zip,188,343,338.0
144406_NT_AL_AA.fasta.zip,181,1627,1070
144423_NT_AL_AA.fasta.zip,183,311,311
144453_NT_AL_AA.fasta.zip,184,706,668.0
144455_NT_AL_AA.fasta.zip,187,970,901
144501_NT_AL_AA.fasta.zip,184,468,451.0
144535_NT_AL_AA.fasta.zip,178,3227,3115.5
144577_NT_AL_AA.fasta.zip,182,449,445.0
1445_NT_AL_AA.fasta.zip,188,451,447.0
144608_NT_AL_AA.fasta.zip,164,282,240.0
144699_NT_AL_AA.fasta.zip,171,401,398
144715_NT_AL_AA.fasta.zip,188,424,385.0
144717_NT_AL_AA.fasta.zip,174,246,198.0
1447_NT_AL_AA.fasta.zip,152,291,213.0
144809_NT_AL_AA.fasta.zip,177,149,131
144811_NT_AL_AA.fasta.zip,184,434,429.0
1448_NT_AL_AA.fasta.zip,167,288,180
145173_NT_AL_AA.fasta.zip,183,481,475
145226_NT_AL_AA.fasta.zip,175,315,315
145258_NT_AL_AA.fasta.zip,184,270,256.0
145270_NT_AL_AA.fasta.zip,170,156,153.0
145282_NT_AL_AA.fasta.zip,183,438,427
1452_NT_AL_AA.fasta.zip,189,365,364
145376_NT_AL_AA.fasta.zip,186,374,369.0
145389_NT_AL_AA.fasta.zip,187,468,454
1453_NT_AL_AA.fasta.zip,188,401,399.0
145407_NT_AL_AA.fasta.zip,175,877,754
145447_NT_AL_AA.fasta.zip,174,346,337.0
145482_NT_AL_AA.fasta.zip,187,353,351
145483_NT_AL_AA.fasta.zip,180,668,638.0
145497_NT_AL_AA.fasta.zip,188,461,447.0
145501_NT_AL_AA.fasta.zip,168,687,440.0
145508_NT_AL_AA.fasta.zip,180,1183,1091.0
145567_NT_AL_AA.fasta.zip,187,886,870
145581_NT_AL_AA.fasta.zip,183,717,714
1455_NT_AL_AA.fasta.zip,179,423,413
145645_NT_AL_AA.fasta.zip,182,229,221.0
1456_NT_AL_AA.fasta.zip,179,457,455
145741_NT_AL_AA.fasta.zip,94,403,347.5
145748_NT_AL_AA.fasta.zip,182,308,295.0
145773_NT_AL_AA.fasta.zip,189,368,362
145788_NT_AL_AA.fasta.zip,175,117,117
1457_NT_AL_AA.fasta.zip,184,393,391.0
145814_NT_AL_AA.fasta.zip,161,175,164
145853_NT_AL_AA.fasta.zip,171,160,156
145864_NT_AL_AA.fasta.zip,177,372,358
145873_NT_AL_AA.fasta.zip,159,444,357
145942_NT_AL_AA.fasta.zip,182,305,290.0
145957_NT_AL_AA.fasta.zip,145,115,110
1459_NT_AL_AA.fasta.zip,186,353,350.0
146050_NT_AL_AA.fasta.zip,182,877,849.0
146057_NT_AL_AA.fasta.zip,187,1274,1242
146059_NT_AL_AA.fasta.zip,184,1273,1223.0
1460_NT_AL_AA.fasta.zip,184,217,215.0
146167_NT_AL_AA.fasta.zip,188,436,431.0
146177_NT_AL_AA.fasta.zip,174,1203,1147.0
146183_NT_AL_AA.fasta.zip,184,1126,1117.0
146198_NT_AL_AA.fasta.zip,173,631,623
146206_NT_AL_AA.fasta.zip,185,1431,1381
146212_NT_AL_AA.fasta.zip,187,934,917
146223_NT_AL_AA.fasta.zip,186,211,208.0
146225_NT_AL_AA.fasta.zip,146,169,165.0
146227_NT_AL_AA.fasta.zip,135,273,250
146279_NT_AL_AA.fasta.zip,187,497,485
1462_NT_AL_AA.fasta.zip,189,3574,3371
146310_NT_AL_AA.fasta.zip,184,239,232.0
146325_NT_AL_AA.fasta.zip,180,600,548.0
146330_NT_AL_AA.fasta.zip,184,487,477.0
146378_NT_AL_AA.fasta.zip,158,110,103.0
146395_NT_AL_AA.fasta.zip,176,391,324.0
1463_NT_AL_AA.fasta.zip,183,1424,1300
146433_NT_AL_AA.fasta.zip,186,233,216.5
146434_NT_AL_AA.fasta.zip,159,465,398
146439_NT_AL_AA.fasta.zip,183,531,503
146456_NT_AL_AA.fasta.zip,190,242,240.0
1464_NT_AL_AA.fasta.zip,180,2354,2306.0
146547_NT_AL_AA.fasta.zip,173,889,848
146556_NT_AL_AA.fasta.zip,179,351,343
146562_NT_AL_AA.fasta.zip,173,529,440
1465_NT_AL_AA.fasta.zip,183,195,193
146664_NT_AL_AA.fasta.zip,181,802,791
146691_NT_AL_AA.fasta.zip,185,541,525
1466_NT_AL_AA.fasta.zip,188,195,193.0
146705_NT_AL_AA.fasta.zip,186,621,547.5
146712_NT_AL_AA.fasta.zip,182,362,338.0
146713_NT_AL_AA.fasta.zip,182,385,372.0
146722_NT_AL_AA.fasta.zip,146,577,270.0
146754_NT_AL_AA.fasta.zip,183,4586,4428
146760_NT_AL_AA.fasta.zip,183,450,440
146779_NT_AL_AA.fasta.zip,160,447,436.0
146845_NT_AL_AA.fasta.zip,189,655,619
146849_NT_AL_AA.fasta.zip,182,326,316.0
146850_NT_AL_AA.fasta.zip,178,773,743.0
146852_NT_AL_AA.fasta.zip,73,213,203
146853_NT_AL_AA.fasta.zip,162,192,157.0
146862_NT_AL_AA.fasta.zip,184,933,928.0
146894_NT_AL_AA.fasta.zip,185,646,321
1468_NT_AL_AA.fasta.zip,171,291,287
146909_NT_AL_AA.fasta.zip,187,1217,817
146923_NT_AL_AA.fasta.zip,181,652,610
146956_NT_AL_AA.fasta.zip,190,600,564.0
146_NT_AL_AA.fasta.zip,169,688,561
147007_NT_AL_AA.fasta.zip,187,211,208
147011_NT_AL_AA.fasta.zip,184,504,351.0
147015_NT_AL_AA.fasta.zip,185,384,374
147040_NT_AL_AA.fasta.zip,188,237,232.0
147111_NT_AL_AA.fasta.zip,175,514,496
147138_NT_AL_AA.fasta.zip,184,742,709.0
147179_NT_AL_AA.fasta.zip,183,466,440
147183_NT_AL_AA.fasta.zip,148,455,450.0
147199_NT_AL_AA.fasta.zip,175,99,95
147323_NT_AL_AA.fasta.zip,181,221,217
147339_NT_AL_AA.fasta.zip,186,409,404.0
147372_NT_AL_AA.fasta.zip,182,421,405.0
147381_NT_AL_AA.fasta.zip,165,225,219
147409_NT_AL_AA.fasta.zip,168,1048,1012.0
147463_NT_AL_AA.fasta.zip,180,300,294.0
147495_NT_AL_AA.fasta.zip,183,521,514
1474_NT_AL_AA.fasta.zip,184,156,149.0
147645_NT_AL_AA.fasta.zip,183,900,855
147646_NT_AL_AA.fasta.zip,171,209,178
147650_NT_AL_AA.fasta.zip,156,302,284.5
147670_NT_AL_AA.fasta.zip,154,117,106.0
147685_NT_AL_AA.fasta.zip,151,110,106
147699_NT_AL_AA.fasta.zip,165,425,394
1476_NT_AL_AA.fasta.zip,164,98,98.0
147700_NT_AL_AA.fasta.zip,181,529,487
147710_NT_AL_AA.fasta.zip,130,252,195.5
147719_NT_AL_AA.fasta.zip,177,251,244
147744_NT_AL_AA.fasta.zip,173,195,172
147746_NT_AL_AA.fasta.zip,188,639,615.0
147798_NT_AL_AA.fasta.zip,177,720,690
1477_NT_AL_AA.fasta.zip,184,431,431.0
147807_NT_AL_AA.fasta.zip,173,301,255
147808_NT_AL_AA.fasta.zip,168,347,322.0
147841_NT_AL_AA.fasta.zip,186,203,196.0
147872_NT_AL_AA.fasta.zip,186,607,534.0
1478_NT_AL_AA.fasta.zip,186,695,591.0
147906_NT_AL_AA.fasta.zip,168,691,624.0
147912_NT_AL_AA.fasta.zip,171,821,729
147949_NT_AL_AA.fasta.zip,134,647,564.5
147965_NT_AL_AA.fasta.zip,181,363,342
147968_NT_AL_AA.fasta.zip,183,754,708
147991_NT_AL_AA.fasta.zip,172,726,716.0
1479_NT_AL_AA.fasta.zip,185,725,717
147_NT_AL_AA.fasta.zip,181,532,515
148014_NT_AL_AA.fasta.zip,179,257,233
148022_NT_AL_AA.fasta.zip,183,861,661
148066_NT_AL_AA.fasta.zip,170,366,341.0
148109_NT_AL_AA.fasta.zip,30,296,265.5
148113_NT_AL_AA.fasta.zip,181,1206,1150
148137_NT_AL_AA.fasta.zip,180,958,600.0
148170_NT_AL_AA.fasta.zip,152,171,153.0
148223_NT_AL_AA.fasta.zip,173,108,102
148229_NT_AL_AA.fasta.zip,177,1268,1136
148252_NT_AL_AA.fasta.zip,181,198,198
148281_NT_AL_AA.fasta.zip,189,537,526
1482_NT_AL_AA.fasta.zip,180,353,321.0
148304_NT_AL_AA.fasta.zip,187,269,263
148327_NT_AL_AA.fasta.zip,187,407,392
148362_NT_AL_AA.fasta.zip,188,411,411.0
148398_NT_AL_AA.fasta.zip,183,727,656
148423_NT_AL_AA.fasta.zip,186,204,182.0
148479_NT_AL_AA.fasta.zip,181,298,295
148523_NT_AL_AA.fasta.zip,181,415,380
148581_NT_AL_AA.fasta.zip,183,322,258
148641_NT_AL_AA.fasta.zip,170,476,471.0
1486_NT_AL_AA.fasta.zip,179,363,354
148738_NT_AL_AA.fasta.zip,173,437,423
148741_NT_AL_AA.fasta.zip,185,1080,986
148753_NT_AL_AA.fasta.zip,170,182,167.0
148789_NT_AL_AA.fasta.zip,175,509,495
1487_NT_AL_AA.fasta.zip,182,428,428.0
148808_NT_AL_AA.fasta.zip,187,522,509
148811_NT_AL_AA.fasta.zip,188,848,502.0
148867_NT_AL_AA.fasta.zip,177,396,376
148870_NT_AL_AA.fasta.zip,175,665,539
1488_NT_AL_AA.fasta.zip,177,1045,971
148930_NT_AL_AA.fasta.zip,185,129,124
148932_NT_AL_AA.fasta.zip,184,219,216.0
148979_NT_AL_AA.fasta.zip,180,843,789.0
1489_NT_AL_AA.fasta.zip,111,214,193
148_NT_AL_AA.fasta.zip,185,473,464
149018_NT_AL_AA.fasta.zip,143,213,89
149041_NT_AL_AA.fasta.zip,188,1158,1130.0
149069_NT_AL_AA.fasta.zip,185,333,318
149076_NT_AL_AA.fasta.zip,189,419,414
149095_NT_AL_AA.fasta.zip,183,706,682
1490_NT_AL_AA.fasta.zip,181,355,342
149111_NT_AL_AA.fasta.zip,172,162,160.0
149175_NT_AL_AA.fasta.zip,189,468,455
1491_NT_AL_AA.fasta.zip,181,400,399
149233_NT_AL_AA.fasta.zip,188,703,629.0
149281_NT_AL_AA.fasta.zip,184,281,279.0
149297_NT_AL_AA.fasta.zip,184,262,261.0
149345_NT_AL_AA.fasta.zip,167,201,195
149371_NT_AL_AA.fasta.zip,170,743,725.0
1493_NT_AL_AA.fasta.zip,190,229,223.0
149420_NT_AL_AA.fasta.zip,180,341,341.0
149428_NT_AL_AA.fasta.zip,185,370,347
149461_NT_AL_AA.fasta.zip,187,227,224
149465_NT_AL_AA.fasta.zip,188,1354,1248.0
149466_NT_AL_AA.fasta.zip,181,120,112
149473_NT_AL_AA.fasta.zip,186,322,301.0
149478_NT_AL_AA.fasta.zip,188,297,285.0
149483_NT_AL_AA.fasta.zip,184,638,567.0
149499_NT_AL_AA.fasta.zip,185,585,550
1495_NT_AL_AA.fasta.zip,185,912,906
149603_NT_AL_AA.fasta.zip,155,244,235
149643_NT_AL_AA.fasta.zip,141,110,97
149647_NT_AL_AA.fasta.zip,165,673,554
149685_NT_AL_AA.fasta.zip,163,77,74
149699_NT_AL_AA.fasta.zip,166,150,134.0
1496_NT_AL_AA.fasta.zip,167,956,953
1497_NT_AL_AA.fasta.zip,186,379,371.0
149840_NT_AL_AA.fasta.zip,174,213,205.0
149951_NT_AL_AA.fasta.zip,173,206,199
149954_NT_AL_AA.fasta.zip,175,705,615
149986_NT_AL_AA.fasta.zip,185,443,423
149998_NT_AL_AA.fasta.zip,177,428,413
1499_NT_AL_AA.fasta.zip,180,784,781.0
14_NT_AL_AA.fasta.zip,190,447,436.0
150082_NT_AL_AA.fasta.zip,187,701,623
150084_NT_AL_AA.fasta.zip,175,433,351
150094_NT_AL_AA.fasta.zip,180,816,765.0
1500_NT_AL_AA.fasta.zip,180,967,963.0
150159_NT_AL_AA.fasta.zip,141,512,501
150160_NT_AL_AA.fasta.zip,175,547,520
1501_NT_AL_AA.fasta.zip,181,1265,1228
150209_NT_AL_AA.fasta.zip,171,615,603
150223_NT_AL_AA.fasta.zip,183,325,318
150248_NT_AL_AA.fasta.zip,169,164,140
150274_NT_AL_AA.fasta.zip,188,238,233.0
150275_NT_AL_AA.fasta.zip,186,298,274.0
150280_NT_AL_AA.fasta.zip,181,310,272
150290_NT_AL_AA.fasta.zip,185,190,188
150350_NT_AL_AA.fasta.zip,182,651,599.0
150353_NT_AL_AA.fasta.zip,160,343,306.0
150356_NT_AL_AA.fasta.zip,171,756,720
150365_NT_AL_AA.fasta.zip,182,1292,1262.0
150368_NT_AL_AA.fasta.zip,187,266,259
150372_NT_AL_AA.fasta.zip,183,264,222
150379_NT_AL_AA.fasta.zip,170,404,391.0
150383_NT_AL_AA.fasta.zip,183,126,121
1503_NT_AL_AA.fasta.zip,187,593,591
150465_NT_AL_AA.fasta.zip,182,388,377.0
150468_NT_AL_AA.fasta.zip,180,771,733.5
150483_NT_AL_AA.fasta.zip,145,451,447
150572_NT_AL_AA.fasta.zip,188,487,486.0
150677_NT_AL_AA.fasta.zip,178,93,89.0
150678_NT_AL_AA.fasta.zip,157,63,57
150684_NT_AL_AA.fasta.zip,184,193,186.0
150696_NT_AL_AA.fasta.zip,179,850,833
1506_NT_AL_AA.fasta.zip,172,280,257.0
150709_NT_AL_AA.fasta.zip,176,1450,1430.0
150726_NT_AL_AA.fasta.zip,176,896,872.0
150737_NT_AL_AA.fasta.zip,61,665,665
150763_NT_AL_AA.fasta.zip,180,810,793.0
150771_NT_AL_AA.fasta.zip,189,564,547
150864_NT_AL_AA.fasta.zip,181,661,582
1508_NT_AL_AA.fasta.zip,186,342,339.0
150921_NT_AL_AA.fasta.zip,186,225,214.0
150946_NT_AL_AA.fasta.zip,182,962,860.5
150962_NT_AL_AA.fasta.zip,188,538,527.0
1509_NT_AL_AA.fasta.zip,180,426,406.0
150_NT_AL_AA.fasta.zip,184,513,461.0
151011_NT_AL_AA.fasta.zip,184,430,421.0
151050_NT_AL_AA.fasta.zip,189,1138,986
151056_NT_AL_AA.fasta.zip,178,1436,1371.0
1510_NT_AL_AA.fasta.zip,168,406,396.0
151112_NT_AL_AA.fasta.zip,184,639,627.0
151126_NT_AL_AA.fasta.zip,186,524,492.0
151176_NT_AL_AA.fasta.zip,170,373,290.5
151188_NT_AL_AA.fasta.zip,184,240,223.0
151194_NT_AL_AA.fasta.zip,186,219,215.0
151195_NT_AL_AA.fasta.zip,183,373,363
1511_NT_AL_AA.fasta.zip,34,257,255.0
151242_NT_AL_AA.fasta.zip,181,111,109
151246_NT_AL_AA.fasta.zip,182,1650,1252.5
151254_NT_AL_AA.fasta.zip,160,1996,1585.5
151258_NT_AL_AA.fasta.zip,189,472,461
151295_NT_AL_AA.fasta.zip,182,632,605.0
1512_NT_AL_AA.fasta.zip,183,339,335
151306_NT_AL_AA.fasta.zip,188,340,330.0
151354_NT_AL_AA.fasta.zip,181,308,291
151393_NT_AL_AA.fasta.zip,168,260,259.0
1513_NT_AL_AA.fasta.zip,146,338,329.0
151449_NT_AL_AA.fasta.zip,166,520,435.0
151473_NT_AL_AA.fasta.zip,183,519,509
151516_NT_AL_AA.fasta.zip,186,263,257.0
151525_NT_AL_AA.fasta.zip,187,484,475
151556_NT_AL_AA.fasta.zip,186,883,863.0
1515_NT_AL_AA.fasta.zip,69,341,334
151613_NT_AL_AA.fasta.zip,186,799,770.0
151636_NT_AL_AA.fasta.zip,172,907,713.0
151647_NT_AL_AA.fasta.zip,156,133,132.0
151648_NT_AL_AA.fasta.zip,187,616,515
151649_NT_AL_AA.fasta.zip,180,646,576.0
151651_NT_AL_AA.fasta.zip,186,869,829.0
151742_NT_AL_AA.fasta.zip,185,361,360
151790_NT_AL_AA.fasta.zip,175,1051,1025
151827_NT_AL_AA.fasta.zip,189,421,411
151835_NT_AL_AA.fasta.zip,184,565,553.0
151871_NT_AL_AA.fasta.zip,159,303,276
151887_NT_AL_AA.fasta.zip,188,1017,950.0
151888_NT_AL_AA.fasta.zip,162,336,279.0
151903_NT_AL_AA.fasta.zip,185,180,165
151963_NT_AL_AA.fasta.zip,183,498,491
151987_NT_AL_AA.fasta.zip,186,442,414.0
1519_NT_AL_AA.fasta.zip,186,280,277.0
151_NT_AL_AA.fasta.zip,187,470,442
152002_NT_AL_AA.fasta.zip,184,415,392.5
152006_NT_AL_AA.fasta.zip,189,467,461
152007_NT_AL_AA.fasta.zip,183,155,154
152065_NT_AL_AA.fasta.zip,140,112,101.0
152098_NT_AL_AA.fasta.zip,183,339,334
1520_NT_AL_AA.fasta.zip,184,337,331.0
152100_NT_AL_AA.fasta.zip,184,103,100.0
152110_NT_AL_AA.fasta.zip,182,1188,1163.0
152137_NT_AL_AA.fasta.zip,180,493,474.0
152185_NT_AL_AA.fasta.zip,186,899,853.0
152189_NT_AL_AA.fasta.zip,180,183,173.0
1521_NT_AL_AA.fasta.zip,184,386,364.5
152206_NT_AL_AA.fasta.zip,183,777,709
152217_NT_AL_AA.fasta.zip,133,102,99
152273_NT_AL_AA.fasta.zip,181,1627,1420
1522_NT_AL_AA.fasta.zip,179,295,293
1523_NT_AL_AA.fasta.zip,181,1587,1472
152404_NT_AL_AA.fasta.zip,186,417,413.0
152405_NT_AL_AA.fasta.zip,161,866,435
152485_NT_AL_AA.fasta.zip,182,1384,1342.0
1524_NT_AL_AA.fasta.zip,186,355,351.0
152503_NT_AL_AA.fasta.zip,184,1073,1012.0
152518_NT_AL_AA.fasta.zip,188,943,909.0
152519_NT_AL_AA.fasta.zip,185,416,405
152559_NT_AL_AA.fasta.zip,189,313,311
152573_NT_AL_AA.fasta.zip,182,238,235.0
152579_NT_AL_AA.fasta.zip,175,688,677
152586_NT_AL_AA.fasta.zip,175,383,366
1525_NT_AL_AA.fasta.zip,186,366,362.0
152789_NT_AL_AA.fasta.zip,172,836,821.0
1527_NT_AL_AA.fasta.zip,164,424,400.0
152816_NT_AL_AA.fasta.zip,181,163,130
152831_NT_AL_AA.fasta.zip,188,1030,1012.0
152877_NT_AL_AA.fasta.zip,137,411,349
1528_NT_AL_AA.fasta.zip,188,134,134.0
152926_NT_AL_AA.fasta.zip,186,374,372.0
152940_NT_AL_AA.fasta.zip,155,165,161
152992_NT_AL_AA.fasta.zip,180,841,686.0
152_NT_AL_AA.fasta.zip,140,496,458.0
153020_NT_AL_AA.fasta.zip,170,478,472.0
153090_NT_AL_AA.fasta.zip,184,1178,1148.0
153129_NT_AL_AA.fasta.zip,176,568,560.0
153218_NT_AL_AA.fasta.zip,98,94,85.0
153222_NT_AL_AA.fasta.zip,188,655,636.0
153241_NT_AL_AA.fasta.zip,188,1001,983.0
153328_NT_AL_AA.fasta.zip,188,314,305.0
153339_NT_AL_AA.fasta.zip,172,70,70.0
153364_NT_AL_AA.fasta.zip,183,284,279
153396_NT_AL_AA.fasta.zip,184,489,487.0
153443_NT_AL_AA.fasta.zip,183,495,423
1534_NT_AL_AA.fasta.zip,187,250,246
153527_NT_AL_AA.fasta.zip,188,201,198.0
153562_NT_AL_AA.fasta.zip,171,578,559
153572_NT_AL_AA.fasta.zip,162,513,471.0
153579_NT_AL_AA.fasta.zip,160,560,530.0
1535_NT_AL_AA.fasta.zip,182,202,192.0
153642_NT_AL_AA.fasta.zip,189,538,528
153643_NT_AL_AA.fasta.zip,179,428,406
153657_NT_AL_AA.fasta.zip,162,365,347.0
1536_NT_AL_AA.fasta.zip,177,573,570
153733_NT_AL_AA.fasta.zip,181,544,523
153745_NT_AL_AA.fasta.zip,175,834,560
153768_NT_AL_AA.fasta.zip,186,180,177.0
153769_NT_AL_AA.fasta.zip,184,753,724.0
153770_NT_AL_AA.fasta.zip,183,182,177
1537_NT_AL_AA.fasta.zip,185,325,324
153830_NT_AL_AA.fasta.zip,189,818,659
1538_NT_AL_AA.fasta.zip,145,851,577
153918_NT_AL_AA.fasta.zip,185,210,206
1539_NT_AL_AA.fasta.zip,160,1665,318.0
153_NT_AL_AA.fasta.zip,164,498,457.0
154007_NT_AL_AA.fasta.zip,183,349,334
154043_NT_AL_AA.fasta.zip,185,560,554
154075_NT_AL_AA.fasta.zip,190,529,512.5
154091_NT_AL_AA.fasta.zip,188,631,617.0
1540_NT_AL_AA.fasta.zip,168,961,952.0
154141_NT_AL_AA.fasta.zip,157,491,488
154150_NT_AL_AA.fasta.zip,140,285,173.5
154197_NT_AL_AA.fasta.zip,185,546,531
154214_NT_AL_AA.fasta.zip,174,701,519.0
154215_NT_AL_AA.fasta.zip,180,190,188.0
154288_NT_AL_AA.fasta.zip,135,379,179
154313_NT_AL_AA.fasta.zip,185,623,622
154467_NT_AL_AA.fasta.zip,184,103,96.0
1545_NT_AL_AA.fasta.zip,187,553,543
154661_NT_AL_AA.fasta.zip,178,485,467.0
154664_NT_AL_AA.fasta.zip,150,5207,4596.5
154743_NT_AL_AA.fasta.zip,181,409,405
154790_NT_AL_AA.fasta.zip,159,224,197
154791_NT_AL_AA.fasta.zip,171,111,111
154796_NT_AL_AA.fasta.zip,184,1219,1047.0
154807_NT_AL_AA.fasta.zip,171,179,176
154810_NT_AL_AA.fasta.zip,180,1220,936.0
154865_NT_AL_AA.fasta.zip,175,819,733
154881_NT_AL_AA.fasta.zip,163,292,288
154_NT_AL_AA.fasta.zip,188,427,413.0
155006_NT_AL_AA.fasta.zip,182,117,107.0
155038_NT_AL_AA.fasta.zip,151,634,599
155051_NT_AL_AA.fasta.zip,174,187,180.0
155061_NT_AL_AA.fasta.zip,174,692,618.0
155066_NT_AL_AA.fasta.zip,160,82,78.0
155185_NT_AL_AA.fasta.zip,167,515,489
155368_NT_AL_AA.fasta.zip,182,236,234.0
155382_NT_AL_AA.fasta.zip,182,266,251.0
155435_NT_AL_AA.fasta.zip,184,1399,1177.5
155_NT_AL_AA.fasta.zip,178,381,362.5
156_NT_AL_AA.fasta.zip,185,695,689
1571_NT_AL_AA.fasta.zip,162,513,493.0
157285_NT_AL_AA.fasta.zip,183,1520,1384
157310_NT_AL_AA.fasta.zip,180,239,199.0
157313_NT_AL_AA.fasta.zip,182,1126,951.5
157378_NT_AL_AA.fasta.zip,179,275,235
157506_NT_AL_AA.fasta.zip,183,341,341
157567_NT_AL_AA.fasta.zip,185,228,228
157570_NT_AL_AA.fasta.zip,183,645,602
157574_NT_AL_AA.fasta.zip,187,296,288
157638_NT_AL_AA.fasta.zip,182,332,310.0
157657_NT_AL_AA.fasta.zip,187,213,199
157680_NT_AL_AA.fasta.zip,180,4072,4004.0
157695_NT_AL_AA.fasta.zip,177,194,173
157697_NT_AL_AA.fasta.zip,183,495,287
157724_NT_AL_AA.fasta.zip,132,471,463.0
157753_NT_AL_AA.fasta.zip,186,316,305.0
157769_NT_AL_AA.fasta.zip,185,843,836
157773_NT_AL_AA.fasta.zip,176,272,255.0
157777_NT_AL_AA.fasta.zip,187,688,681
157807_NT_AL_AA.fasta.zip,180,414,354.0
157848_NT_AL_AA.fasta.zip,181,276,263
157855_NT_AL_AA.fasta.zip,169,1047,966
157869_NT_AL_AA.fasta.zip,176,268,264.0
157922_NT_AL_AA.fasta.zip,185,1638,1557
157_NT_AL_AA.fasta.zip,180,691,688.0
158038_NT_AL_AA.fasta.zip,182,608,606.0
158046_NT_AL_AA.fasta.zip,171,156,155
158056_NT_AL_AA.fasta.zip,166,1741,1141.0
158062_NT_AL_AA.fasta.zip,150,175,168.0
158067_NT_AL_AA.fasta.zip,182,477,477.0
158135_NT_AL_AA.fasta.zip,164,751,650.0
158158_NT_AL_AA.fasta.zip,177,778,724
1581_NT_AL_AA.fasta.zip,189,510,501
158219_NT_AL_AA.fasta.zip,189,623,614
158234_NT_AL_AA.fasta.zip,190,325,313.0
158248_NT_AL_AA.fasta.zip,181,1477,738
158297_NT_AL_AA.fasta.zip,181,463,459
1582_NT_AL_AA.fasta.zip,180,506,501.0
158326_NT_AL_AA.fasta.zip,182,2210,2173.0
158358_NT_AL_AA.fasta.zip,183,2207,2093
158376_NT_AL_AA.fasta.zip,127,79,75
158399_NT_AL_AA.fasta.zip,166,800,735.0
1583_NT_AL_AA.fasta.zip,184,520,516.0
158401_NT_AL_AA.fasta.zip,185,2276,1426
158405_NT_AL_AA.fasta.zip,185,748,744
158427_NT_AL_AA.fasta.zip,187,498,492
158471_NT_AL_AA.fasta.zip,179,3791,3054
158521_NT_AL_AA.fasta.zip,113,280,224
158586_NT_AL_AA.fasta.zip,47,864,798
1586_NT_AL_AA.fasta.zip,182,515,508.0
158747_NT_AL_AA.fasta.zip,179,523,516
158763_NT_AL_AA.fasta.zip,176,673,539.0
158787_NT_AL_AA.fasta.zip,184,388,377.5
158798_NT_AL_AA.fasta.zip,145,153,148
158830_NT_AL_AA.fasta.zip,176,183,163.0
158833_NT_AL_AA.fasta.zip,167,331,328
158835_NT_AL_AA.fasta.zip,156,338,333.0
158866_NT_AL_AA.fasta.zip,173,345,337
158880_NT_AL_AA.fasta.zip,126,751,689.5
1588_NT_AL_AA.fasta.zip,168,510,503.0
1589_NT_AL_AA.fasta.zip,174,510,481.0
158_NT_AL_AA.fasta.zip,188,488,484.0
159013_NT_AL_AA.fasta.zip,183,321,319
159090_NT_AL_AA.fasta.zip,178,292,263.0
159195_NT_AL_AA.fasta.zip,187,1857,1673
1591_NT_AL_AA.fasta.zip,188,563,513.0
159296_NT_AL_AA.fasta.zip,184,403,362.0
1592_NT_AL_AA.fasta.zip,185,502,497
159371_NT_AL_AA.fasta.zip,183,365,352
1593_NT_AL_AA.fasta.zip,178,538,529.0
1594_NT_AL_AA.fasta.zip,187,517,508
1595_NT_AL_AA.fasta.zip,185,507,503
159686_NT_AL_AA.fasta.zip,185,872,870
159963_NT_AL_AA.fasta.zip,187,622,619
159989_NT_AL_AA.fasta.zip,184,617,598.0
159_NT_AL_AA.fasta.zip,183,460,456
15_NT_AL_AA.fasta.zip,175,214,205
160065_NT_AL_AA.fasta.zip,164,130,102.0
1600_NT_AL_AA.fasta.zip,182,606,588.0
160140_NT_AL_AA.fasta.zip,181,308,290
1601_NT_AL_AA.fasta.zip,185,810,768
160298_NT_AL_AA.fasta.zip,189,344,333
1602_NT_AL_AA.fasta.zip,171,797,692
160364_NT_AL_AA.fasta.zip,144,271,250.0
1603_NT_AL_AA.fasta.zip,184,113,113.0
160418_NT_AL_AA.fasta.zip,187,925,915
160419_NT_AL_AA.fasta.zip,185,432,414
160428_NT_AL_AA.fasta.zip,188,1200,920.0
160492_NT_AL_AA.fasta.zip,177,379,345
160518_NT_AL_AA.fasta.zip,176,1305,1290.0
1605_NT_AL_AA.fasta.zip,190,899,894.0
160622_NT_AL_AA.fasta.zip,180,453,385.0
1606_NT_AL_AA.fasta.zip,187,765,734
160728_NT_AL_AA.fasta.zip,178,614,611.0
160760_NT_AL_AA.fasta.zip,183,317,300
160762_NT_AL_AA.fasta.zip,189,532,502
160777_NT_AL_AA.fasta.zip,184,576,534.0
1607_NT_AL_AA.fasta.zip,174,806,802.0
160851_NT_AL_AA.fasta.zip,184,1242,1216.0
160857_NT_AL_AA.fasta.zip,182,276,271.0
160897_NT_AL_AA.fasta.zip,188,443,439.0
1608_NT_AL_AA.fasta.zip,182,799,789.0
1609_NT_AL_AA.fasta.zip,179,1337,913
160_NT_AL_AA.fasta.zip,185,984,976
161003_NT_AL_AA.fasta.zip,166,418,276.0
1610_NT_AL_AA.fasta.zip,186,350,346.0
161142_NT_AL_AA.fasta.zip,182,414,380.0
161145_NT_AL_AA.fasta.zip,189,170,167
161176_NT_AL_AA.fasta.zip,186,991,959.0
161198_NT_AL_AA.fasta.zip,176,516,489.0
1611_NT_AL_AA.fasta.zip,178,105,102.0
161247_NT_AL_AA.fasta.zip,187,299,292
161253_NT_AL_AA.fasta.zip,185,358,339
161291_NT_AL_AA.fasta.zip,181,355,353
1612_NT_AL_AA.fasta.zip,179,1432,1427
161357_NT_AL_AA.fasta.zip,175,960,956
161394_NT_AL_AA.fasta.zip,179,1317,635
1613_NT_AL_AA.fasta.zip,181,566,454
161424_NT_AL_AA.fasta.zip,189,661,631
161436_NT_AL_AA.fasta.zip,184,1994,1967.0
161497_NT_AL_AA.fasta.zip,180,1791,1749.0
161502_NT_AL_AA.fasta.zip,180,300,294.0
161514_NT_AL_AA.fasta.zip,184,334,330.0
161582_NT_AL_AA.fasta.zip,185,427,420
1615_NT_AL_AA.fasta.zip,190,504,500.0
1616_NT_AL_AA.fasta.zip,186,817,730.0
161725_NT_AL_AA.fasta.zip,172,1027,898.5
161742_NT_AL_AA.fasta.zip,185,451,443
161753_NT_AL_AA.fasta.zip,169,278,275
161823_NT_AL_AA.fasta.zip,184,358,354.0
161829_NT_AL_AA.fasta.zip,188,582,557.0
161835_NT_AL_AA.fasta.zip,173,618,561
161882_NT_AL_AA.fasta.zip,178,1094,851.0
1618_NT_AL_AA.fasta.zip,185,307,294
161_NT_AL_AA.fasta.zip,182,951,934.0
162073_NT_AL_AA.fasta.zip,185,562,531
1620_NT_AL_AA.fasta.zip,185,761,761
1621_NT_AL_AA.fasta.zip,183,608,605
162239_NT_AL_AA.fasta.zip,171,407,401
162282_NT_AL_AA.fasta.zip,177,1114,1077
1622_NT_AL_AA.fasta.zip,186,87,87.0
162333_NT_AL_AA.fasta.zip,184,834,773.0
162387_NT_AL_AA.fasta.zip,184,614,576.0
162394_NT_AL_AA.fasta.zip,66,911,882.0
162417_NT_AL_AA.fasta.zip,186,548,528.0
162427_NT_AL_AA.fasta.zip,184,482,466.0
162466_NT_AL_AA.fasta.zip,186,302,285.0
162494_NT_AL_AA.fasta.zip,187,410,403
162514_NT_AL_AA.fasta.zip,183,804,791
162515_NT_AL_AA.fasta.zip,185,457,446
162517_NT_AL_AA.fasta.zip,184,443,443.0
162540_NT_AL_AA.fasta.zip,148,746,670.5
162605_NT_AL_AA.fasta.zip,115,643,463
162681_NT_AL_AA.fasta.zip,188,567,526.0
1627_NT_AL_AA.fasta.zip,188,747,688.0
1628_NT_AL_AA.fasta.zip,115,342,322
162979_NT_AL_AA.fasta.zip,186,536,464.0
162989_NT_AL_AA.fasta.zip,186,351,326.0
1629_NT_AL_AA.fasta.zip,175,493,482
162_NT_AL_AA.fasta.zip,188,961,946.0
163033_NT_AL_AA.fasta.zip,157,648,553
1630_NT_AL_AA.fasta.zip,162,1421,1416.0
163154_NT_AL_AA.fasta.zip,179,500,403
163175_NT_AL_AA.fasta.zip,186,556,537.0
163183_NT_AL_AA.fasta.zip,178,400,382.0
163259_NT_AL_AA.fasta.zip,189,950,927
1632_NT_AL_AA.fasta.zip,185,281,271
1633_NT_AL_AA.fasta.zip,189,264,259
163404_NT_AL_AA.fasta.zip,172,320,313.0
163479_NT_AL_AA.fasta.zip,187,734,733
163486_NT_AL_AA.fasta.zip,160,809,767.0
1634_NT_AL_AA.fasta.zip,189,369,357
163589_NT_AL_AA.fasta.zip,184,1086,1028.5
1635_NT_AL_AA.fasta.zip,179,180,178
1636_NT_AL_AA.fasta.zip,80,1530,1301.0
163702_NT_AL_AA.fasta.zip,179,598,505
163732_NT_AL_AA.fasta.zip,163,217,183
163747_NT_AL_AA.fasta.zip,187,405,392
163782_NT_AL_AA.fasta.zip,179,1071,999
163786_NT_AL_AA.fasta.zip,187,665,654
163859_NT_AL_AA.fasta.zip,188,625,434.0
163882_NT_AL_AA.fasta.zip,183,783,715
1638_NT_AL_AA.fasta.zip,179,523,516
163933_NT_AL_AA.fasta.zip,174,354,324.5
1639_NT_AL_AA.fasta.zip,188,1298,1276.5
163_NT_AL_AA.fasta.zip,180,1021,951.0
164045_NT_AL_AA.fasta.zip,179,1456,1422
164091_NT_AL_AA.fasta.zip,189,351,348
164118_NT_AL_AA.fasta.zip,183,601,519
164127_NT_AL_AA.fasta.zip,164,759,585.0
164153_NT_AL_AA.fasta.zip,165,158,147
1641_NT_AL_AA.fasta.zip,164,367,364.0
164237_NT_AL_AA.fasta.zip,134,75,73.0
1642_NT_AL_AA.fasta.zip,184,1140,1140.0
164312_NT_AL_AA.fasta.zip,183,794,709
164395_NT_AL_AA.fasta.zip,187,462,455
1643_NT_AL_AA.fasta.zip,188,427,417.0
1644_NT_AL_AA.fasta.zip,187,484,479
164592_NT_AL_AA.fasta.zip,159,647,527
164633_NT_AL_AA.fasta.zip,182,217,215.0
164656_NT_AL_AA.fasta.zip,179,818,794
164684_NT_AL_AA.fasta.zip,178,655,273.0
164714_NT_AL_AA.fasta.zip,174,653,614.0
164781_NT_AL_AA.fasta.zip,186,416,410.0
1647_NT_AL_AA.fasta.zip,184,168,165.0
164832_NT_AL_AA.fasta.zip,157,782,724
1649_NT_AL_AA.fasta.zip,187,180,168
164_NT_AL_AA.fasta.zip,190,825,825.0
165055_NT_AL_AA.fasta.zip,178,680,653.0
165082_NT_AL_AA.fasta.zip,184,990,942.0
1650_NT_AL_AA.fasta.zip,190,440,434.0
165100_NT_AL_AA.fasta.zip,170,428,305.0
165186_NT_AL_AA.fasta.zip,186,1021,973.0
165215_NT_AL_AA.fasta.zip,177,853,820
165257_NT_AL_AA.fasta.zip,174,307,285.0
1652_NT_AL_AA.fasta.zip,75,118,118
165324_NT_AL_AA.fasta.zip,189,262,258
1653_NT_AL_AA.fasta.zip,184,740,740.0
1654_NT_AL_AA.fasta.zip,168,667,662.0
165530_NT_AL_AA.fasta.zip,172,803,566.0
165545_NT_AL_AA.fasta.zip,183,734,713
1655_NT_AL_AA.fasta.zip,187,615,611
165679_NT_AL_AA.fasta.zip,162,76,76.0
1656_NT_AL_AA.fasta.zip,188,484,483.0
165721_NT_AL_AA.fasta.zip,184,247,231.0
1657_NT_AL_AA.fasta.zip,164,3097,3038.0
165829_NT_AL_AA.fasta.zip,188,834,807.0
165904_NT_AL_AA.fasta.zip,184,2080,1781.5
165918_NT_AL_AA.fasta.zip,185,595,565
1659_NT_AL_AA.fasta.zip,181,1269,1219
165_NT_AL_AA.fasta.zip,186,1438,1069.0
166012_NT_AL_AA.fasta.zip,170,356,330.0
1660_NT_AL_AA.fasta.zip,186,1566,1272.0
1662_NT_AL_AA.fasta.zip,184,943,867.0
166348_NT_AL_AA.fasta.zip,169,626,623
166378_NT_AL_AA.fasta.zip,178,907,890.5
166379_NT_AL_AA.fasta.zip,173,718,707
1663_NT_AL_AA.fasta.zip,176,941,889.0
1665_NT_AL_AA.fasta.zip,188,797,795.0
166614_NT_AL_AA.fasta.zip,183,802,768
166647_NT_AL_AA.fasta.zip,181,1321,1286
1666_NT_AL_AA.fasta.zip,185,333,328
166752_NT_AL_AA.fasta.zip,131,2173,2119
166785_NT_AL_AA.fasta.zip,188,425,420.0
166793_NT_AL_AA.fasta.zip,186,789,754.0
166815_NT_AL_AA.fasta.zip,183,528,525
166824_NT_AL_AA.fasta.zip,186,353,335.0
166863_NT_AL_AA.fasta.zip,186,534,533.0
166929_NT_AL_AA.fasta.zip,174,369,365.0
166968_NT_AL_AA.fasta.zip,176,562,547.0
166979_NT_AL_AA.fasta.zip,163,526,513
166_NT_AL_AA.fasta.zip,158,197,196.0
167153_NT_AL_AA.fasta.zip,186,492,484.0
167227_NT_AL_AA.fasta.zip,183,430,421
167359_NT_AL_AA.fasta.zip,188,446,436.0
167410_NT_AL_AA.fasta.zip,190,286,282.0
167465_NT_AL_AA.fasta.zip,186,810,723.0
1674_NT_AL_AA.fasta.zip,186,481,470.0
167555_NT_AL_AA.fasta.zip,175,281,276
1675_NT_AL_AA.fasta.zip,155,263,249
167681_NT_AL_AA.fasta.zip,177,430,412
167691_NT_AL_AA.fasta.zip,186,767,695.5
1676_NT_AL_AA.fasta.zip,186,341,328.0
1677_NT_AL_AA.fasta.zip,187,486,324
167826_NT_AL_AA.fasta.zip,185,277,272
167838_NT_AL_AA.fasta.zip,187,880,654
1678_NT_AL_AA.fasta.zip,181,100,97
167_NT_AL_AA.fasta.zip,163,257,243
168002_NT_AL_AA.fasta.zip,170,946,634.5
168090_NT_AL_AA.fasta.zip,178,487,414.0
168391_NT_AL_AA.fasta.zip,164,455,426.0
168433_NT_AL_AA.fasta.zip,183,388,371
168455_NT_AL_AA.fasta.zip,146,265,225.0
168507_NT_AL_AA.fasta.zip,154,2536,2222.0
168544_NT_AL_AA.fasta.zip,185,644,582
168620_NT_AL_AA.fasta.zip,184,210,184.0
168667_NT_AL_AA.fasta.zip,181,692,685
1687_NT_AL_AA.fasta.zip,171,530,492
168850_NT_AL_AA.fasta.zip,187,678,665
168975_NT_AL_AA.fasta.zip,160,440,421.0
169026_NT_AL_AA.fasta.zip,179,375,368
169044_NT_AL_AA.fasta.zip,175,1632,1593
1690_NT_AL_AA.fasta.zip,189,558,542
169166_NT_AL_AA.fasta.zip,180,450,436.0
169200_NT_AL_AA.fasta.zip,152,408,379.0
169355_NT_AL_AA.fasta.zip,185,427,404
169436_NT_AL_AA.fasta.zip,184,632,609.0
169522_NT_AL_AA.fasta.zip,186,598,542.0
169611_NT_AL_AA.fasta.zip,183,680,626
169693_NT_AL_AA.fasta.zip,183,163,159
169714_NT_AL_AA.fasta.zip,164,656,619.0
169792_NT_AL_AA.fasta.zip,185,972,929
169841_NT_AL_AA.fasta.zip,129,721,597
169966_NT_AL_AA.fasta.zip,175,395,390
16_NT_AL_AA.fasta.zip,189,968,968
170082_NT_AL_AA.fasta.zip,178,382,348.0
170261_NT_AL_AA.fasta.zip,166,428,402.0
170302_NT_AL_AA.fasta.zip,173,599,528
170370_NT_AL_AA.fasta.zip,173,298,269
170371_NT_AL_AA.fasta.zip,170,86,80.0
170384_NT_AL_AA.fasta.zip,183,495,493
170392_NT_AL_AA.fasta.zip,187,553,544
170394_NT_AL_AA.fasta.zip,171,636,554
170463_NT_AL_AA.fasta.zip,176,397,354.0
170487_NT_AL_AA.fasta.zip,164,312,309.0
170506_NT_AL_AA.fasta.zip,185,1028,1006
170589_NT_AL_AA.fasta.zip,175,132,128
170591_NT_AL_AA.fasta.zip,160,100,96.0
170622_NT_AL_AA.fasta.zip,182,82,81.0
170680_NT_AL_AA.fasta.zip,182,140,133.0
170689_NT_AL_AA.fasta.zip,188,966,950.0
170690_NT_AL_AA.fasta.zip,182,1239,1185.5
170691_NT_AL_AA.fasta.zip,172,1144,1114.5
170692_NT_AL_AA.fasta.zip,184,1206,1179.0
170712_NT_AL_AA.fasta.zip,156,83,81.0
170825_NT_AL_AA.fasta.zip,183,335,304
170850_NT_AL_AA.fasta.zip,173,443,436
170954_NT_AL_AA.fasta.zip,183,678,606
170961_NT_AL_AA.fasta.zip,181,1398,1039
171017_NT_AL_AA.fasta.zip,186,694,601.0
171019_NT_AL_AA.fasta.zip,171,1243,1199
171023_NT_AL_AA.fasta.zip,184,1598,1515.5
171024_NT_AL_AA.fasta.zip,164,1348,1259.0
171169_NT_AL_AA.fasta.zip,175,136,121
171177_NT_AL_AA.fasta.zip,184,239,236.0
171389_NT_AL_AA.fasta.zip,159,1361,854
171425_NT_AL_AA.fasta.zip,185,321,318
171546_NT_AL_AA.fasta.zip,152,68,68.0
171558_NT_AL_AA.fasta.zip,182,185,172.0
171568_NT_AL_AA.fasta.zip,187,214,203
171586_NT_AL_AA.fasta.zip,182,415,411.0
1716_NT_AL_AA.fasta.zip,189,278,274
1717_NT_AL_AA.fasta.zip,185,477,475
1718_NT_AL_AA.fasta.zip,187,517,516
1719_NT_AL_AA.fasta.zip,184,187,183.0
1723_NT_AL_AA.fasta.zip,189,397,393
1725_NT_AL_AA.fasta.zip,187,371,369
1727_NT_AL_AA.fasta.zip,182,303,299.0
1728_NT_AL_AA.fasta.zip,181,277,273
1729_NT_AL_AA.fasta.zip,185,1499,1251
1730_NT_AL_AA.fasta.zip,168,1155,1091.0
1731_NT_AL_AA.fasta.zip,185,374,367
1733_NT_AL_AA.fasta.zip,185,254,245
1734_NT_AL_AA.fasta.zip,187,271,269
1735_NT_AL_AA.fasta.zip,185,312,304
1736_NT_AL_AA.fasta.zip,184,601,498.0
1737_NT_AL_AA.fasta.zip,188,691,642.5
1738_NT_AL_AA.fasta.zip,189,511,509
1739_NT_AL_AA.fasta.zip,186,930,924.0
173_NT_AL_AA.fasta.zip,164,605,596.0
1740_NT_AL_AA.fasta.zip,175,821,806
1741_NT_AL_AA.fasta.zip,183,852,848
1742_NT_AL_AA.fasta.zip,189,756,752
1743_NT_AL_AA.fasta.zip,185,469,452
1745_NT_AL_AA.fasta.zip,182,259,255.0
1746_NT_AL_AA.fasta.zip,186,377,323.0
1747_NT_AL_AA.fasta.zip,184,295,287.0
1748_NT_AL_AA.fasta.zip,183,261,228
1749_NT_AL_AA.fasta.zip,179,297,289
174_NT_AL_AA.fasta.zip,172,614,609.0
1750_NT_AL_AA.fasta.zip,184,355,287.0
1755_NT_AL_AA.fasta.zip,123,6764,1215
1756_NT_AL_AA.fasta.zip,167,3556,3544
1757_NT_AL_AA.fasta.zip,183,933,917
1758_NT_AL_AA.fasta.zip,189,626,507
1759_NT_AL_AA.fasta.zip,181,896,860
175_NT_AL_AA.fasta.zip,186,354,345.0
1760_NT_AL_AA.fasta.zip,180,667,615.0
1761_NT_AL_AA.fasta.zip,183,435,363
1762_NT_AL_AA.fasta.zip,165,747,663
1763_NT_AL_AA.fasta.zip,182,1072,1059.0
1767_NT_AL_AA.fasta.zip,174,4728,4602.0
1768_NT_AL_AA.fasta.zip,177,4185,4125
1769_NT_AL_AA.fasta.zip,177,4621,4595
176_NT_AL_AA.fasta.zip,185,4757,2123
1770_NT_AL_AA.fasta.zip,172,4539,4484.0
1773_NT_AL_AA.fasta.zip,187,282,277
1774_NT_AL_AA.fasta.zip,165,300,284
1775_NT_AL_AA.fasta.zip,166,289,278.0
1776_NT_AL_AA.fasta.zip,187,311,296
1777_NT_AL_AA.fasta.zip,185,358,348
1778_NT_AL_AA.fasta.zip,176,4673,4645.0
177_NT_AL_AA.fasta.zip,184,434,400.0
1780_NT_AL_AA.fasta.zip,184,657,645.0
1781_NT_AL_AA.fasta.zip,188,633,632.0
1783_NT_AL_AA.fasta.zip,188,493,492.0
1785_NT_AL_AA.fasta.zip,184,884,869.0
1786_NT_AL_AA.fasta.zip,180,1667,1600.0
1787_NT_AL_AA.fasta.zip,189,396,391
1788_NT_AL_AA.fasta.zip,180,921,908.0
1789_NT_AL_AA.fasta.zip,170,886,833.0
178_NT_AL_AA.fasta.zip,174,1536,1532.0
1791_NT_AL_AA.fasta.zip,189,519,506
1793_NT_AL_AA.fasta.zip,175,1897,1881
1794_NT_AL_AA.fasta.zip,177,2221,1826
1795_NT_AL_AA.fasta.zip,178,2065,2018.0
1796_NT_AL_AA.fasta.zip,187,517,480
1797_NT_AL_AA.fasta.zip,186,406,396.0
1798_NT_AL_AA.fasta.zip,189,419,408
1800_NT_AL_AA.fasta.zip,188,423,409.0
1801_NT_AL_AA.fasta.zip,183,447,434
1802_NT_AL_AA.fasta.zip,188,494,488.0
1803_NT_AL_AA.fasta.zip,188,772,764.0
1804_NT_AL_AA.fasta.zip,179,868,858
1805_NT_AL_AA.fasta.zip,172,210,200.0
1806_NT_AL_AA.fasta.zip,168,1025,1022.0
1807_NT_AL_AA.fasta.zip,188,517,513.5
1808_NT_AL_AA.fasta.zip,181,682,677
1809_NT_AL_AA.fasta.zip,183,711,677
1810_NT_AL_AA.fasta.zip,188,178,176.0
1811_NT_AL_AA.fasta.zip,189,766,743
1812_NT_AL_AA.fasta.zip,182,461,445.0
1813_NT_AL_AA.fasta.zip,189,452,443
1814_NT_AL_AA.fasta.zip,181,455,400
1815_NT_AL_AA.fasta.zip,154,420,329.5
1816_NT_AL_AA.fasta.zip,168,502,469.0
1819_NT_AL_AA.fasta.zip,185,370,361
181_NT_AL_AA.fasta.zip,187,146,130
1820_NT_AL_AA.fasta.zip,179,698,570
1821_NT_AL_AA.fasta.zip,183,972,956
1822_NT_AL_AA.fasta.zip,183,1643,1180
1823_NT_AL_AA.fasta.zip,179,916,893
1824_NT_AL_AA.fasta.zip,153,963,900
1825_NT_AL_AA.fasta.zip,139,918,893
1826_NT_AL_AA.fasta.zip,167,2014,1997
1827_NT_AL_AA.fasta.zip,183,273,248
1829_NT_AL_AA.fasta.zip,177,1193,1097
182_NT_AL_AA.fasta.zip,189,1227,1218
1830_NT_AL_AA.fasta.zip,184,1155,949.0
1831_NT_AL_AA.fasta.zip,184,212,200.0
1832_NT_AL_AA.fasta.zip,184,2946,2871.0
1833_NT_AL_AA.fasta.zip,187,326,321
1834_NT_AL_AA.fasta.zip,168,2724,913.0
1836_NT_AL_AA.fasta.zip,188,745,735.5
1837_NT_AL_AA.fasta.zip,187,762,750
1838_NT_AL_AA.fasta.zip,187,616,609
1839_NT_AL_AA.fasta.zip,186,224,208.0
183_NT_AL_AA.fasta.zip,182,486,475.0
1840_NT_AL_AA.fasta.zip,183,668,614
1841_NT_AL_AA.fasta.zip,180,215,211.0
1842_NT_AL_AA.fasta.zip,185,741,675
1843_NT_AL_AA.fasta.zip,186,372,367.0
1844_NT_AL_AA.fasta.zip,176,321,313.0
1845_NT_AL_AA.fasta.zip,181,187,185
1846_NT_AL_AA.fasta.zip,183,416,393
1847_NT_AL_AA.fasta.zip,185,386,384
1848_NT_AL_AA.fasta.zip,188,384,381.0
1849_NT_AL_AA.fasta.zip,184,430,418.0
1850_NT_AL_AA.fasta.zip,177,671,615
1852_NT_AL_AA.fasta.zip,176,413,375.0
1854_NT_AL_AA.fasta.zip,185,164,156
1855_NT_AL_AA.fasta.zip,176,724,690.0
1856_NT_AL_AA.fasta.zip,183,767,736
1857_NT_AL_AA.fasta.zip,187,787,713
1859_NT_AL_AA.fasta.zip,184,772,762.0
185_NT_AL_AA.fasta.zip,185,360,359
1861_NT_AL_AA.fasta.zip,171,339,333
1869_NT_AL_AA.fasta.zip,177,450,430
186_NT_AL_AA.fasta.zip,179,364,362
1870_NT_AL_AA.fasta.zip,183,474,422
1871_NT_AL_AA.fasta.zip,186,336,334.0
1874_NT_AL_AA.fasta.zip,186,422,403.0
1875_NT_AL_AA.fasta.zip,160,360,342.5
1876_NT_AL_AA.fasta.zip,175,279,271
1877_NT_AL_AA.fasta.zip,183,825,769
1879_NT_AL_AA.fasta.zip,186,589,587.0
187_NT_AL_AA.fasta.zip,177,392,380
1880_NT_AL_AA.fasta.zip,132,357,356.0
1889_NT_AL_AA.fasta.zip,187,833,756
1892_NT_AL_AA.fasta.zip,181,290,282
1893_NT_AL_AA.fasta.zip,183,648,538
1894_NT_AL_AA.fasta.zip,165,896,891
1896_NT_AL_AA.fasta.zip,163,402,385
189_NT_AL_AA.fasta.zip,183,458,413
18_NT_AL_AA.fasta.zip,186,503,499.0
1901_NT_AL_AA.fasta.zip,179,387,382
1902_NT_AL_AA.fasta.zip,185,364,364
1903_NT_AL_AA.fasta.zip,183,383,378
1906_NT_AL_AA.fasta.zip,189,216,202
1907_NT_AL_AA.fasta.zip,187,185,175
1908_NT_AL_AA.fasta.zip,177,251,164
1909_NT_AL_AA.fasta.zip,187,432,427
190_NT_AL_AA.fasta.zip,182,508,464.0
1910_NT_AL_AA.fasta.zip,186,452,442.0
1911_NT_AL_AA.fasta.zip,185,1061,996
1912_NT_AL_AA.fasta.zip,187,914,850
1915_NT_AL_AA.fasta.zip,174,464,462.0
1917_NT_AL_AA.fasta.zip,181,495,463
191_NT_AL_AA.fasta.zip,183,549,426
192111_NT_AL_AA.fasta.zip,179,299,289
192134_NT_AL_AA.fasta.zip,140,408,359.5
192286_NT_AL_AA.fasta.zip,187,108,106
192666_NT_AL_AA.fasta.zip,150,633,510.5
192668_NT_AL_AA.fasta.zip,115,190,152
192669_NT_AL_AA.fasta.zip,110,861,860.0
192683_NT_AL_AA.fasta.zip,186,257,235.0
1933_NT_AL_AA.fasta.zip,186,231,225.0
1936_NT_AL_AA.fasta.zip,180,713,638.0
1937_NT_AL_AA.fasta.zip,187,454,437
1938_NT_AL_AA.fasta.zip,185,859,858
1939_NT_AL_AA.fasta.zip,189,589,580
1942_NT_AL_AA.fasta.zip,185,216,205
1943_NT_AL_AA.fasta.zip,151,223,206
1944_NT_AL_AA.fasta.zip,174,245,231.0
1945_NT_AL_AA.fasta.zip,179,218,203
1946_NT_AL_AA.fasta.zip,174,230,228.0
1947_NT_AL_AA.fasta.zip,182,361,346.0
1948_NT_AL_AA.fasta.zip,178,348,333.0
1949_NT_AL_AA.fasta.zip,186,352,338.0
1950_NT_AL_AA.fasta.zip,184,1278,1166.0
1952_NT_AL_AA.fasta.zip,87,2955,2915
1953_NT_AL_AA.fasta.zip,172,1616,1469.0
1954_NT_AL_AA.fasta.zip,184,2844,2786.0
1955_NT_AL_AA.fasta.zip,175,646,591
1956_NT_AL_AA.fasta.zip,180,1226,1207.0
195827_NT_AL_AA.fasta.zip,165,230,221
195828_NT_AL_AA.fasta.zip,183,375,341
1958_NT_AL_AA.fasta.zip,188,590,541.0
195977_NT_AL_AA.fasta.zip,28,483,419.5
1959_NT_AL_AA.fasta.zip,186,494,457.0
196051_NT_AL_AA.fasta.zip,177,275,271
196074_NT_AL_AA.fasta.zip,187,409,406
1960_NT_AL_AA.fasta.zip,189,386,380
1961_NT_AL_AA.fasta.zip,184,513,482.0
196264_NT_AL_AA.fasta.zip,185,238,232
196294_NT_AL_AA.fasta.zip,180,168,166.0
1962_NT_AL_AA.fasta.zip,174,728,723.0
196383_NT_AL_AA.fasta.zip,187,227,200
196385_NT_AL_AA.fasta.zip,184,4744,4537.0
196394_NT_AL_AA.fasta.zip,184,264,258.0
196403_NT_AL_AA.fasta.zip,184,344,330.0
196410_NT_AL_AA.fasta.zip,165,248,243
196441_NT_AL_AA.fasta.zip,187,2044,1985
196446_NT_AL_AA.fasta.zip,183,934,868
196463_NT_AL_AA.fasta.zip,176,599,582.0
196477_NT_AL_AA.fasta.zip,185,658,375
196483_NT_AL_AA.fasta.zip,179,338,327
1964_NT_AL_AA.fasta.zip,175,144,144
196500_NT_AL_AA.fasta.zip,185,297,284
196513_NT_AL_AA.fasta.zip,162,648,604.5
196527_NT_AL_AA.fasta.zip,176,943,923.0
196528_NT_AL_AA.fasta.zip,184,1869,1835.0
1965_NT_AL_AA.fasta.zip,189,319,315
196740_NT_AL_AA.fasta.zip,185,312,303
196743_NT_AL_AA.fasta.zip,180,522,505.0
1967_NT_AL_AA.fasta.zip,188,309,305.0
196883_NT_AL_AA.fasta.zip,189,1098,1072
1968_NT_AL_AA.fasta.zip,177,475,472
196951_NT_AL_AA.fasta.zip,170,496,463.0
196996_NT_AL_AA.fasta.zip,186,313,300.0
1969_NT_AL_AA.fasta.zip,188,989,975.0
196_NT_AL_AA.fasta.zip,190,933,837.0
197021_NT_AL_AA.fasta.zip,186,574,567.0
197131_NT_AL_AA.fasta.zip,185,1762,1753
197135_NT_AL_AA.fasta.zip,186,574,518.0
197257_NT_AL_AA.fasta.zip,187,495,481
197258_NT_AL_AA.fasta.zip,190,1083,1078.0
197322_NT_AL_AA.fasta.zip,185,579,561
197335_NT_AL_AA.fasta.zip,172,1840,1725.0
197342_NT_AL_AA.fasta.zip,159,405,350
197358_NT_AL_AA.fasta.zip,186,1070,1053.0
197370_NT_AL_AA.fasta.zip,185,271,265
1973_NT_AL_AA.fasta.zip,182,407,406.0
197407_NT_AL_AA.fasta.zip,186,667,620.0
1974_NT_AL_AA.fasta.zip,188,412,408.0
1975_NT_AL_AA.fasta.zip,186,644,614.0
1977_NT_AL_AA.fasta.zip,181,223,215
1978_NT_AL_AA.fasta.zip,183,123,118
1979_NT_AL_AA.fasta.zip,178,121,120.0
197_NT_AL_AA.fasta.zip,187,396,342
1981_NT_AL_AA.fasta.zip,189,1667,1600
1982_NT_AL_AA.fasta.zip,168,917,916.0
1983_NT_AL_AA.fasta.zip,185,435,430
198437_NT_AL_AA.fasta.zip,170,191,178.0
1984_NT_AL_AA.fasta.zip,186,158,154.0
199221_NT_AL_AA.fasta.zip,175,1082,763
199223_NT_AL_AA.fasta.zip,187,1323,1304
1992_NT_AL_AA.fasta.zip,161,382,379
1993_NT_AL_AA.fasta.zip,180,392,389.0
1994_NT_AL_AA.fasta.zip,186,329,326.0
1995_NT_AL_AA.fasta.zip,185,367,363
199675_NT_AL_AA.fasta.zip,163,183,153
199699_NT_AL_AA.fasta.zip,173,201,185
1996_NT_AL_AA.fasta.zip,184,377,375.0
199720_NT_AL_AA.fasta.zip,177,946,641
199731_NT_AL_AA.fasta.zip,177,367,367
199745_NT_AL_AA.fasta.zip,140,283,238.0
199746_NT_AL_AA.fasta.zip,155,226,220
199786_NT_AL_AA.fasta.zip,185,581,569
1997_NT_AL_AA.fasta.zip,187,659,614
199857_NT_AL_AA.fasta.zip,175,251,214
199870_NT_AL_AA.fasta.zip,186,312,307.0
1998_NT_AL_AA.fasta.zip,185,606,593
199920_NT_AL_AA.fasta.zip,178,844,676.5
199953_NT_AL_AA.fasta.zip,185,698,659
199964_NT_AL_AA.fasta.zip,171,196,184
199990_NT_AL_AA.fasta.zip,133,187,150
1999_NT_AL_AA.fasta.zip,184,423,364.0
199_NT_AL_AA.fasta.zip,186,151,143.0
19_NT_AL_AA.fasta.zip,182,2265,2238.0
1_NT_AL_AA.fasta.zip,145,515,478
200008_NT_AL_AA.fasta.zip,186,661,538.0
200010_NT_AL_AA.fasta.zip,185,693,671
200014_NT_AL_AA.fasta.zip,189,898,850
200035_NT_AL_AA.fasta.zip,174,336,295.0
200081_NT_AL_AA.fasta.zip,187,591,554
2000_NT_AL_AA.fasta.zip,185,692,655
200132_NT_AL_AA.fasta.zip,189,182,178
200150_NT_AL_AA.fasta.zip,185,536,514
200159_NT_AL_AA.fasta.zip,182,143,138.0
200162_NT_AL_AA.fasta.zip,186,2358,2181.5
200172_NT_AL_AA.fasta.zip,179,444,357
200185_NT_AL_AA.fasta.zip,185,140,136
200186_NT_AL_AA.fasta.zip,184,741,690.0
2001_NT_AL_AA.fasta.zip,188,262,255.0
200205_NT_AL_AA.fasta.zip,176,369,353.0
2002_NT_AL_AA.fasta.zip,180,453,430.0
200312_NT_AL_AA.fasta.zip,180,391,369.0
200403_NT_AL_AA.fasta.zip,179,1249,1211
200407_NT_AL_AA.fasta.zip,177,278,271
200424_NT_AL_AA.fasta.zip,189,1930,1780
2004_NT_AL_AA.fasta.zip,186,422,402.0
200504_NT_AL_AA.fasta.zip,185,187,184
200523_NT_AL_AA.fasta.zip,169,197,180
200539_NT_AL_AA.fasta.zip,180,324,297.0
200558_NT_AL_AA.fasta.zip,184,536,506.0
200576_NT_AL_AA.fasta.zip,186,2146,2108.5
2005_NT_AL_AA.fasta.zip,189,447,431
200634_NT_AL_AA.fasta.zip,173,248,240
2006_NT_AL_AA.fasta.zip,173,1586,681
200726_NT_AL_AA.fasta.zip,181,186,182
200728_NT_AL_AA.fasta.zip,185,199,197
200734_NT_AL_AA.fasta.zip,190,433,415.0
200844_NT_AL_AA.fasta.zip,187,837,793
200845_NT_AL_AA.fasta.zip,189,238,237
200879_NT_AL_AA.fasta.zip,186,456,451.0
200894_NT_AL_AA.fasta.zip,187,442,428
200916_NT_AL_AA.fasta.zip,186,119,119.0
200931_NT_AL_AA.fasta.zip,186,344,338.0
200933_NT_AL_AA.fasta.zip,179,292,281
200942_NT_AL_AA.fasta.zip,186,361,354.0
200958_NT_AL_AA.fasta.zip,164,2550,481.0
200959_NT_AL_AA.fasta.zip,167,487,465
2009_NT_AL_AA.fasta.zip,187,818,808
2010_NT_AL_AA.fasta.zip,165,299,258
201134_NT_AL_AA.fasta.zip,182,961,951.0
201140_NT_AL_AA.fasta.zip,190,313,312.0
201161_NT_AL_AA.fasta.zip,166,290,242.0
201163_NT_AL_AA.fasta.zip,186,585,579.0
201164_NT_AL_AA.fasta.zip,178,234,216.0
201176_NT_AL_AA.fasta.zip,178,965,844.5
201191_NT_AL_AA.fasta.zip,182,431,417.0
2011_NT_AL_AA.fasta.zip,190,795,787.0
201229_NT_AL_AA.fasta.zip,186,77,72.0
201243_NT_AL_AA.fasta.zip,170,544,470.0
201254_NT_AL_AA.fasta.zip,178,73,69.0
201255_NT_AL_AA.fasta.zip,176,678,666.0
201266_NT_AL_AA.fasta.zip,184,347,339.0
201292_NT_AL_AA.fasta.zip,177,547,504
201294_NT_AL_AA.fasta.zip,189,1104,1083
2012_NT_AL_AA.fasta.zip,188,165,152.0
201305_NT_AL_AA.fasta.zip,178,515,476.0
2013_NT_AL_AA.fasta.zip,147,180,167
201456_NT_AL_AA.fasta.zip,186,440,432.0
201475_NT_AL_AA.fasta.zip,176,255,243.0
2014_NT_AL_AA.fasta.zip,184,166,163.0
201501_NT_AL_AA.fasta.zip,187,647,619
201562_NT_AL_AA.fasta.zip,185,267,254
201595_NT_AL_AA.fasta.zip,188,834,824.0
2015_NT_AL_AA.fasta.zip,169,2737,854
201625_NT_AL_AA.fasta.zip,181,4363,3954
201626_NT_AL_AA.fasta.zip,186,635,606.0
201627_NT_AL_AA.fasta.zip,189,622,607
201633_NT_AL_AA.fasta.zip,184,254,239.5
2016_NT_AL_AA.fasta.zip,175,303,290
201725_NT_AL_AA.fasta.zip,179,123,113
201780_NT_AL_AA.fasta.zip,180,470,435.0
201798_NT_AL_AA.fasta.zip,188,528,512.0
201799_NT_AL_AA.fasta.zip,181,199,163
2017_NT_AL_AA.fasta.zip,180,562,535.0
201895_NT_AL_AA.fasta.zip,178,104,99.0
2018_NT_AL_AA.fasta.zip,184,259,253.0
201931_NT_AL_AA.fasta.zip,179,300,262
201965_NT_AL_AA.fasta.zip,187,190,186
201973_NT_AL_AA.fasta.zip,186,576,550.0
2019_NT_AL_AA.fasta.zip,164,438,384.0
202018_NT_AL_AA.fasta.zip,189,500,498
202051_NT_AL_AA.fasta.zip,189,209,204
202052_NT_AL_AA.fasta.zip,188,365,355.0
2020_NT_AL_AA.fasta.zip,174,394,316.0
202151_NT_AL_AA.fasta.zip,182,506,475.5
2021_NT_AL_AA.fasta.zip,172,314,297.0
202243_NT_AL_AA.fasta.zip,186,535,510.0
2022_NT_AL_AA.fasta.zip,189,692,647
202309_NT_AL_AA.fasta.zip,176,172,156.0
202333_NT_AL_AA.fasta.zip,177,7535,3904
202374_NT_AL_AA.fasta.zip,183,406,394
2023_NT_AL_AA.fasta.zip,177,434,434
202500_NT_AL_AA.fasta.zip,189,464,455
202559_NT_AL_AA.fasta.zip,173,351,348
2026_NT_AL_AA.fasta.zip,183,434,434
2027_NT_AL_AA.fasta.zip,189,435,434
2028_NT_AL_AA.fasta.zip,184,966,936.5
202915_NT_AL_AA.fasta.zip,181,434,413
2029_NT_AL_AA.fasta.zip,183,122,121
202_NT_AL_AA.fasta.zip,180,1820,1699.0
203054_NT_AL_AA.fasta.zip,187,600,576
203062_NT_AL_AA.fasta.zip,136,601,502.0
203068_NT_AL_AA.fasta.zip,167,448,444
203069_NT_AL_AA.fasta.zip,176,492,428.0
203074_NT_AL_AA.fasta.zip,153,302,281
203076_NT_AL_AA.fasta.zip,184,298,292.0
2030_NT_AL_AA.fasta.zip,189,469,456
203100_NT_AL_AA.fasta.zip,178,498,460.5
203111_NT_AL_AA.fasta.zip,168,774,346.5
203190_NT_AL_AA.fasta.zip,187,552,548
203197_NT_AL_AA.fasta.zip,186,391,344.0
203228_NT_AL_AA.fasta.zip,119,481,481
203238_NT_AL_AA.fasta.zip,182,1344,1327.0
203245_NT_AL_AA.fasta.zip,189,343,327
203259_NT_AL_AA.fasta.zip,187,190,184
203260_NT_AL_AA.fasta.zip,183,253,227
203286_NT_AL_AA.fasta.zip,179,896,859
203328_NT_AL_AA.fasta.zip,181,225,201
2033_NT_AL_AA.fasta.zip,182,2499,2414.0
203427_NT_AL_AA.fasta.zip,168,352,341.0
203430_NT_AL_AA.fasta.zip,158,759,456.0
203447_NT_AL_AA.fasta.zip,163,1649,1559
2034_NT_AL_AA.fasta.zip,188,912,865.0
203522_NT_AL_AA.fasta.zip,91,903,898
203523_NT_AL_AA.fasta.zip,168,555,518.0
203547_NT_AL_AA.fasta.zip,144,100,98.0
2035_NT_AL_AA.fasta.zip,184,1048,999.0
2036_NT_AL_AA.fasta.zip,185,1660,1517
2037_NT_AL_AA.fasta.zip,186,1161,1067.0
203859_NT_AL_AA.fasta.zip,189,926,883
2038_NT_AL_AA.fasta.zip,188,868,685.0
2039_NT_AL_AA.fasta.zip,186,418,404.0
203_NT_AL_AA.fasta.zip,187,192,192
2040_NT_AL_AA.fasta.zip,187,287,283
2041_NT_AL_AA.fasta.zip,185,1007,971
204219_NT_AL_AA.fasta.zip,185,407,383
2042_NT_AL_AA.fasta.zip,177,988,984
2043_NT_AL_AA.fasta.zip,184,989,986.0
204474_NT_AL_AA.fasta.zip,179,619,571
2044_NT_AL_AA.fasta.zip,177,1048,1037
2045_NT_AL_AA.fasta.zip,179,1009,995
2046_NT_AL_AA.fasta.zip,184,990,974.0
2047_NT_AL_AA.fasta.zip,185,978,969
204851_NT_AL_AA.fasta.zip,187,1229,1210
2048_NT_AL_AA.fasta.zip,185,965,963
204962_NT_AL_AA.fasta.zip,186,687,679.0
2049_NT_AL_AA.fasta.zip,188,986,972.0
204_NT_AL_AA.fasta.zip,189,242,238
2050_NT_AL_AA.fasta.zip,187,996,986
205147_NT_AL_AA.fasta.zip,187,935,775
2051_NT_AL_AA.fasta.zip,183,1043,1010
205251_NT_AL_AA.fasta.zip,111,56,56
2052_NT_AL_AA.fasta.zip,165,460,454
205327_NT_AL_AA.fasta.zip,180,421,383.5
2053_NT_AL_AA.fasta.zip,184,561,554.0
205428_NT_AL_AA.fasta.zip,180,432,430.0
2054_NT_AL_AA.fasta.zip,175,266,259
205564_NT_AL_AA.fasta.zip,185,781,754
2055_NT_AL_AA.fasta.zip,182,288,281.0
2056_NT_AL_AA.fasta.zip,177,199,188
205717_NT_AL_AA.fasta.zip,189,2336,2233
2057_NT_AL_AA.fasta.zip,184,523,507.0
205860_NT_AL_AA.fasta.zip,166,443,423.5
2058_NT_AL_AA.fasta.zip,179,1638,1511
2059_NT_AL_AA.fasta.zip,183,835,820
205_NT_AL_AA.fasta.zip,179,225,223
2060_NT_AL_AA.fasta.zip,181,908,891
206338_NT_AL_AA.fasta.zip,183,1003,962
206358_NT_AL_AA.fasta.zip,133,478,476
2063_NT_AL_AA.fasta.zip,176,423,404.0
206412_NT_AL_AA.fasta.zip,183,322,320
2064_NT_AL_AA.fasta.zip,187,1286,1253
2065_NT_AL_AA.fasta.zip,182,1357,1338.0
2066_NT_AL_AA.fasta.zip,167,1310,1308
2067_NT_AL_AA.fasta.zip,186,311,294.0
2068_NT_AL_AA.fasta.zip,188,782,757.0
2069_NT_AL_AA.fasta.zip,178,147,147.0
207063_NT_AL_AA.fasta.zip,147,299,292
2070_NT_AL_AA.fasta.zip,188,654,638.0
2071_NT_AL_AA.fasta.zip,187,794,782
2072_NT_AL_AA.fasta.zip,179,932,916
2073_NT_AL_AA.fasta.zip,109,1268,1117
2074_NT_AL_AA.fasta.zip,179,1536,1465
2077_NT_AL_AA.fasta.zip,182,591,548.0
2078_NT_AL_AA.fasta.zip,182,485,479.0
2079_NT_AL_AA.fasta.zip,185,105,104
207_NT_AL_AA.fasta.zip,182,486,477.0
2081_NT_AL_AA.fasta.zip,186,988,963.0
208_NT_AL_AA.fasta.zip,184,482,478.0
2091_NT_AL_AA.fasta.zip,182,371,311.0
2098_NT_AL_AA.fasta.zip,181,286,282
2099_NT_AL_AA.fasta.zip,181,751,595
20_NT_AL_AA.fasta.zip,178,3031,2400.0
2100_NT_AL_AA.fasta.zip,187,535,527
2101_NT_AL_AA.fasta.zip,184,433,422.0
2103_NT_AL_AA.fasta.zip,185,442,438
2104_NT_AL_AA.fasta.zip,183,459,458
2107_NT_AL_AA.fasta.zip,188,439,437.0
2108_NT_AL_AA.fasta.zip,183,337,333
2109_NT_AL_AA.fasta.zip,185,257,255
210_NT_AL_AA.fasta.zip,189,330,329
2110_NT_AL_AA.fasta.zip,159,620,617
2113_NT_AL_AA.fasta.zip,189,469,461
2114_NT_AL_AA.fasta.zip,185,490,469
2115_NT_AL_AA.fasta.zip,140,463,461.0
2116_NT_AL_AA.fasta.zip,180,458,319.0
2117_NT_AL_AA.fasta.zip,135,528,511
2118_NT_AL_AA.fasta.zip,184,512,485.0
2119_NT_AL_AA.fasta.zip,188,533,510.0
211_NT_AL_AA.fasta.zip,186,667,640.0
2120_NT_AL_AA.fasta.zip,184,458,452.0
2121_NT_AL_AA.fasta.zip,176,1003,956.5
2122_NT_AL_AA.fasta.zip,186,1245,1239.0
2123_NT_AL_AA.fasta.zip,185,237,229
2124_NT_AL_AA.fasta.zip,185,530,450
2125_NT_AL_AA.fasta.zip,190,2063,2028.0
2128_NT_AL_AA.fasta.zip,187,435,403
212_NT_AL_AA.fasta.zip,186,592,586.0
2130_NT_AL_AA.fasta.zip,185,687,653
2131_NT_AL_AA.fasta.zip,182,751,745.0
2132_NT_AL_AA.fasta.zip,180,722,718.0
2134_NT_AL_AA.fasta.zip,186,704,669.0
2135_NT_AL_AA.fasta.zip,176,331,330.0
2137_NT_AL_AA.fasta.zip,182,924,919.0
2138_NT_AL_AA.fasta.zip,187,600,592
2139_NT_AL_AA.fasta.zip,183,546,537
213_NT_AL_AA.fasta.zip,170,611,608.0
2140_NT_AL_AA.fasta.zip,186,608,573.0
2145_NT_AL_AA.fasta.zip,182,763,747.0
2146_NT_AL_AA.fasta.zip,177,760,746
2147_NT_AL_AA.fasta.zip,181,644,622
2149_NT_AL_AA.fasta.zip,177,452,423
214_NT_AL_AA.fasta.zip,188,586,583.0
2150_NT_AL_AA.fasta.zip,178,405,396.0
2151_NT_AL_AA.fasta.zip,184,386,373.0
2152_NT_AL_AA.fasta.zip,186,305,282.0
2153_NT_AL_AA.fasta.zip,189,3411,2051
2155_NT_AL_AA.fasta.zip,169,432,422
2157_NT_AL_AA.fasta.zip,170,2413,2309.0
2158_NT_AL_AA.fasta.zip,182,503,459.0
2159_NT_AL_AA.fasta.zip,155,488,452
215_NT_AL_AA.fasta.zip,182,753,724.0
2161_NT_AL_AA.fasta.zip,185,632,573
2162_NT_AL_AA.fasta.zip,185,732,729
2165_NT_AL_AA.fasta.zip,157,666,653
2166_NT_AL_AA.fasta.zip,128,587,579.0
2167_NT_AL_AA.fasta.zip,93,134,132
2168_NT_AL_AA.fasta.zip,179,127,127
2169_NT_AL_AA.fasta.zip,165,133,132
2170_NT_AL_AA.fasta.zip,189,139,132
2171_NT_AL_AA.fasta.zip,175,135,135
2172_NT_AL_AA.fasta.zip,187,128,128
2173_NT_AL_AA.fasta.zip,183,133,132
2175_NT_AL_AA.fasta.zip,186,1543,1391.0
2176_NT_AL_AA.fasta.zip,187,569,548
2177_NT_AL_AA.fasta.zip,185,1491,1443
2178_NT_AL_AA.fasta.zip,178,559,513.5
217_NT_AL_AA.fasta.zip,185,526,519
2180_NT_AL_AA.fasta.zip,186,751,697.0
2181_NT_AL_AA.fasta.zip,189,724,720
2182_NT_AL_AA.fasta.zip,180,712,711.0
2184_NT_AL_AA.fasta.zip,177,422,416
2185_NT_AL_AA.fasta.zip,187,1017,1007
2186_NT_AL_AA.fasta.zip,184,3158,2932.5
2187_NT_AL_AA.fasta.zip,169,900,839
2188_NT_AL_AA.fasta.zip,176,385,358.0
2189_NT_AL_AA.fasta.zip,189,627,608
218_NT_AL_AA.fasta.zip,165,458,450
2191_NT_AL_AA.fasta.zip,186,765,760.0
219285_NT_AL_AA.fasta.zip,122,1609,1583.5
219287_NT_AL_AA.fasta.zip,149,730,626
2192_NT_AL_AA.fasta.zip,181,706,694
219333_NT_AL_AA.fasta.zip,183,356,355
219348_NT_AL_AA.fasta.zip,174,99,90.0
2193_NT_AL_AA.fasta.zip,187,517,508
219402_NT_AL_AA.fasta.zip,189,291,276
219409_NT_AL_AA.fasta.zip,174,277,261.0
2194_NT_AL_AA.fasta.zip,180,2555,2494.5
219527_NT_AL_AA.fasta.zip,185,315,311
219537_NT_AL_AA.fasta.zip,190,713,454.0
219539_NT_AL_AA.fasta.zip,167,129,126
219541_NT_AL_AA.fasta.zip,188,251,244.0
219557_NT_AL_AA.fasta.zip,183,252,250
219578_NT_AL_AA.fasta.zip,179,1397,1334
219595_NT_AL_AA.fasta.zip,132,757,750.0
2195_NT_AL_AA.fasta.zip,186,4648,4598.0
219621_NT_AL_AA.fasta.zip,184,297,285.0
219623_NT_AL_AA.fasta.zip,187,361,350
219654_NT_AL_AA.fasta.zip,183,249,241
219670_NT_AL_AA.fasta.zip,187,254,253
219681_NT_AL_AA.fasta.zip,181,896,865
219699_NT_AL_AA.fasta.zip,187,955,943
2196_NT_AL_AA.fasta.zip,186,4402,4349.0
219736_NT_AL_AA.fasta.zip,183,1046,980
219738_NT_AL_AA.fasta.zip,187,124,120
219743_NT_AL_AA.fasta.zip,183,602,559
219749_NT_AL_AA.fasta.zip,137,452,443
219770_NT_AL_AA.fasta.zip,184,391,305.5
219771_NT_AL_AA.fasta.zip,181,345,341
219790_NT_AL_AA.fasta.zip,186,613,593.0
219793_NT_AL_AA.fasta.zip,183,374,338
2197_NT_AL_AA.fasta.zip,189,135,133
219844_NT_AL_AA.fasta.zip,185,353,313
219854_NT_AL_AA.fasta.zip,187,117,115
219855_NT_AL_AA.fasta.zip,186,657,499.0
219873_NT_AL_AA.fasta.zip,115,322,316
219875_NT_AL_AA.fasta.zip,135,314,314
219902_NT_AL_AA.fasta.zip,188,245,245.0
219931_NT_AL_AA.fasta.zip,182,803,717.0
219938_NT_AL_AA.fasta.zip,185,188,154
219982_NT_AL_AA.fasta.zip,89,316,314
219983_NT_AL_AA.fasta.zip,138,315,314.0
219988_NT_AL_AA.fasta.zip,188,780,766.0
219995_NT_AL_AA.fasta.zip,150,247,242.0
2199_NT_AL_AA.fasta.zip,185,1291,1201
219_NT_AL_AA.fasta.zip,183,531,517
220001_NT_AL_AA.fasta.zip,185,989,915
220002_NT_AL_AA.fasta.zip,187,238,235
220004_NT_AL_AA.fasta.zip,185,451,420
220032_NT_AL_AA.fasta.zip,159,514,497
220042_NT_AL_AA.fasta.zip,187,1056,979
220047_NT_AL_AA.fasta.zip,188,422,404.0
220064_NT_AL_AA.fasta.zip,178,149,137.0
220081_NT_AL_AA.fasta.zip,162,892,428.5
220082_NT_AL_AA.fasta.zip,185,544,448
2200_NT_AL_AA.fasta.zip,185,2892,2871
220108_NT_AL_AA.fasta.zip,182,747,531.5
220134_NT_AL_AA.fasta.zip,188,264,255.0
220136_NT_AL_AA.fasta.zip,167,516,514
220164_NT_AL_AA.fasta.zip,180,334,331.0
2201_NT_AL_AA.fasta.zip,171,2991,2911
220202_NT_AL_AA.fasta.zip,171,205,152
220213_NT_AL_AA.fasta.zip,158,536,459.0
220296_NT_AL_AA.fasta.zip,184,437,418.0
2202_NT_AL_AA.fasta.zip,190,540,492.0
220323_NT_AL_AA.fasta.zip,167,267,256
220359_NT_AL_AA.fasta.zip,185,493,467
220382_NT_AL_AA.fasta.zip,170,473,424.0
220388_NT_AL_AA.fasta.zip,189,381,370
2203_NT_AL_AA.fasta.zip,171,339,338
220416_NT_AL_AA.fasta.zip,176,585,529.0
220441_NT_AL_AA.fasta.zip,170,209,203.0
2205_NT_AL_AA.fasta.zip,176,324,231.0
2206_NT_AL_AA.fasta.zip,158,256,237.0
2207_NT_AL_AA.fasta.zip,185,88,86
2208_NT_AL_AA.fasta.zip,172,388,272.0
220929_NT_AL_AA.fasta.zip,184,1055,782.0
220963_NT_AL_AA.fasta.zip,185,512,509
220965_NT_AL_AA.fasta.zip,187,597,576
220972_NT_AL_AA.fasta.zip,186,582,565.0
220988_NT_AL_AA.fasta.zip,173,400,378
2209_NT_AL_AA.fasta.zip,105,371,348
220_NT_AL_AA.fasta.zip,186,514,512.0
221002_NT_AL_AA.fasta.zip,186,533,481.0
221035_NT_AL_AA.fasta.zip,188,260,255.0
221037_NT_AL_AA.fasta.zip,189,2578,2480
221044_NT_AL_AA.fasta.zip,176,147,138.0
221061_NT_AL_AA.fasta.zip,184,932,891.0
221074_NT_AL_AA.fasta.zip,182,700,683.0
221078_NT_AL_AA.fasta.zip,186,472,469.0
221079_NT_AL_AA.fasta.zip,183,179,179
221091_NT_AL_AA.fasta.zip,179,245,225
221092_NT_AL_AA.fasta.zip,182,841,742.0
221120_NT_AL_AA.fasta.zip,189,383,283
221143_NT_AL_AA.fasta.zip,188,218,212.0
221150_NT_AL_AA.fasta.zip,190,434,404.0
221154_NT_AL_AA.fasta.zip,189,474,430
221178_NT_AL_AA.fasta.zip,184,1306,1143.0
221184_NT_AL_AA.fasta.zip,188,552,544.0
221188_NT_AL_AA.fasta.zip,185,549,493
221191_NT_AL_AA.fasta.zip,186,425,332.5
221223_NT_AL_AA.fasta.zip,167,575,554
221264_NT_AL_AA.fasta.zip,182,1963,1851.0
221294_NT_AL_AA.fasta.zip,171,453,446
221301_NT_AL_AA.fasta.zip,179,320,314
221302_NT_AL_AA.fasta.zip,188,588,578.0
221303_NT_AL_AA.fasta.zip,164,173,157.0
221322_NT_AL_AA.fasta.zip,179,1306,1292
221336_NT_AL_AA.fasta.zip,184,282,279.0
221391_NT_AL_AA.fasta.zip,189,353,353
221393_NT_AL_AA.fasta.zip,174,704,690.0
221395_NT_AL_AA.fasta.zip,189,1446,1380
221400_NT_AL_AA.fasta.zip,178,2197,2066.0
221409_NT_AL_AA.fasta.zip,183,256,235
221421_NT_AL_AA.fasta.zip,190,280,275.0
221424_NT_AL_AA.fasta.zip,186,328,316.0
221443_NT_AL_AA.fasta.zip,189,156,152
221458_NT_AL_AA.fasta.zip,166,807,781.0
221468_NT_AL_AA.fasta.zip,107,246,165
221472_NT_AL_AA.fasta.zip,184,705,642.0
221476_NT_AL_AA.fasta.zip,186,540,454.0
221477_NT_AL_AA.fasta.zip,189,358,353
221481_NT_AL_AA.fasta.zip,188,373,365.0
221491_NT_AL_AA.fasta.zip,127,105,102
221496_NT_AL_AA.fasta.zip,188,641,491.5
221504_NT_AL_AA.fasta.zip,185,506,466
221527_NT_AL_AA.fasta.zip,180,471,459.0
221545_NT_AL_AA.fasta.zip,182,324,309.0
221656_NT_AL_AA.fasta.zip,189,830,820
221662_NT_AL_AA.fasta.zip,140,242,236.0
221687_NT_AL_AA.fasta.zip,160,251,247.0
221692_NT_AL_AA.fasta.zip,179,583,576
221710_NT_AL_AA.fasta.zip,177,91,87
221711_NT_AL_AA.fasta.zip,172,873,750.0
221749_NT_AL_AA.fasta.zip,184,232,231.0
2217_NT_AL_AA.fasta.zip,177,382,350
221806_NT_AL_AA.fasta.zip,159,1796,1554
221823_NT_AL_AA.fasta.zip,149,325,318
221830_NT_AL_AA.fasta.zip,186,573,328.0
221833_NT_AL_AA.fasta.zip,172,555,503.0
221895_NT_AL_AA.fasta.zip,187,246,243
2218_NT_AL_AA.fasta.zip,185,461,456
221908_NT_AL_AA.fasta.zip,181,297,261
221914_NT_AL_AA.fasta.zip,183,602,574
221927_NT_AL_AA.fasta.zip,187,862,812
221935_NT_AL_AA.fasta.zip,171,2120,2050
221937_NT_AL_AA.fasta.zip,176,634,610.0
221955_NT_AL_AA.fasta.zip,188,684,670.0
221981_NT_AL_AA.fasta.zip,181,1654,1628
221_NT_AL_AA.fasta.zip,154,477,468.0
222008_NT_AL_AA.fasta.zip,183,245,236
222068_NT_AL_AA.fasta.zip,186,217,216.0
222166_NT_AL_AA.fasta.zip,176,135,131.0
222171_NT_AL_AA.fasta.zip,182,160,126.0
222183_NT_AL_AA.fasta.zip,178,711,641.0
222194_NT_AL_AA.fasta.zip,185,897,823
222223_NT_AL_AA.fasta.zip,182,916,915.0
222229_NT_AL_AA.fasta.zip,188,716,645.0
222234_NT_AL_AA.fasta.zip,183,390,363
222235_NT_AL_AA.fasta.zip,178,833,774.0
222236_NT_AL_AA.fasta.zip,186,397,393.0
222255_NT_AL_AA.fasta.zip,187,997,939
222256_NT_AL_AA.fasta.zip,184,880,841.5
2222_NT_AL_AA.fasta.zip,185,483,463
222389_NT_AL_AA.fasta.zip,188,422,410.0
222484_NT_AL_AA.fasta.zip,189,710,689
222487_NT_AL_AA.fasta.zip,181,545,518
2224_NT_AL_AA.fasta.zip,188,428,420.0
222537_NT_AL_AA.fasta.zip,187,347,345
222545_NT_AL_AA.fasta.zip,185,943,926
222546_NT_AL_AA.fasta.zip,189,944,928
222553_NT_AL_AA.fasta.zip,175,418,408
222584_NT_AL_AA.fasta.zip,183,1041,1010
222611_NT_AL_AA.fasta.zip,175,668,646
222642_NT_AL_AA.fasta.zip,180,175,167.0
222643_NT_AL_AA.fasta.zip,184,536,513.0
222658_NT_AL_AA.fasta.zip,190,425,419.0
222659_NT_AL_AA.fasta.zip,136,142,131.0
222662_NT_AL_AA.fasta.zip,190,216,216.0
222663_NT_AL_AA.fasta.zip,186,1019,1008.0
222698_NT_AL_AA.fasta.zip,157,445,400
222826_NT_AL_AA.fasta.zip,183,536,489
222865_NT_AL_AA.fasta.zip,174,435,415.0
222894_NT_AL_AA.fasta.zip,189,188,162
222950_NT_AL_AA.fasta.zip,187,932,834
222962_NT_AL_AA.fasta.zip,184,554,513.0
223075_NT_AL_AA.fasta.zip,179,1085,1004
223082_NT_AL_AA.fasta.zip,163,277,234
2230_NT_AL_AA.fasta.zip,180,200,176.0
223117_NT_AL_AA.fasta.zip,180,779,777.0
2232_NT_AL_AA.fasta.zip,184,499,486.0
2235_NT_AL_AA.fasta.zip,187,430,411
2237_NT_AL_AA.fasta.zip,165,386,379
2239_NT_AL_AA.fasta.zip,184,563,556.0
223_NT_AL_AA.fasta.zip,177,528,518
2241_NT_AL_AA.fasta.zip,155,828,822
2242_NT_AL_AA.fasta.zip,186,988,821.0
2243_NT_AL_AA.fasta.zip,182,1272,804.0
2244_NT_AL_AA.fasta.zip,190,491,473.5
2245_NT_AL_AA.fasta.zip,175,987,959
2246_NT_AL_AA.fasta.zip,186,156,155.0
2247_NT_AL_AA.fasta.zip,168,159,155.0
2248_NT_AL_AA.fasta.zip,168,215,202.0
2249_NT_AL_AA.fasta.zip,169,212,205
2250_NT_AL_AA.fasta.zip,184,296,268.0
2251_NT_AL_AA.fasta.zip,181,211,208
2252_NT_AL_AA.fasta.zip,186,195,194.0
2253_NT_AL_AA.fasta.zip,183,250,231
2254_NT_AL_AA.fasta.zip,172,209,208.0
2255_NT_AL_AA.fasta.zip,184,252,213.0
225689_NT_AL_AA.fasta.zip,175,585,516
2256_NT_AL_AA.fasta.zip,182,225,225.0
2257_NT_AL_AA.fasta.zip,182,246,243.0
2258_NT_AL_AA.fasta.zip,161,256,255
2259_NT_AL_AA.fasta.zip,172,251,250.0
225_NT_AL_AA.fasta.zip,177,747,740
2260_NT_AL_AA.fasta.zip,189,922,819
2261_NT_AL_AA.fasta.zip,180,855,794.0
2262_NT_AL_AA.fasta.zip,172,527,518.0
2263_NT_AL_AA.fasta.zip,179,847,840
2264_NT_AL_AA.fasta.zip,189,825,800
2266_NT_AL_AA.fasta.zip,187,453,441
2267_NT_AL_AA.fasta.zip,185,320,312
2268_NT_AL_AA.fasta.zip,189,535,526
226_NT_AL_AA.fasta.zip,183,364,364
2271_NT_AL_AA.fasta.zip,178,519,508.0
2272_NT_AL_AA.fasta.zip,178,153,148.0
2273_NT_AL_AA.fasta.zip,184,338,336.0
2274_NT_AL_AA.fasta.zip,161,280,279
2275_NT_AL_AA.fasta.zip,189,284,280
2277_NT_AL_AA.fasta.zip,187,364,352
22794_NT_AL_AA.fasta.zip,186,747,700.0
22795_NT_AL_AA.fasta.zip,185,1453,1352
22796_NT_AL_AA.fasta.zip,179,800,737
22797_NT_AL_AA.fasta.zip,188,351,346.0
22800_NT_AL_AA.fasta.zip,188,170,170.0
22801_NT_AL_AA.fasta.zip,185,1190,1183
22803_NT_AL_AA.fasta.zip,188,962,950.0
22806_NT_AL_AA.fasta.zip,184,515,507.0
22807_NT_AL_AA.fasta.zip,186,534,532.0
22808_NT_AL_AA.fasta.zip,187,212,208
22809_NT_AL_AA.fasta.zip,182,327,272.0
2280_NT_AL_AA.fasta.zip,182,108,108.0
22818_NT_AL_AA.fasta.zip,188,177,176.0
22820_NT_AL_AA.fasta.zip,184,882,874.0
22821_NT_AL_AA.fasta.zip,182,838,833.0
22822_NT_AL_AA.fasta.zip,179,567,372
22823_NT_AL_AA.fasta.zip,186,598,593.0
22824_NT_AL_AA.fasta.zip,179,884,838
22826_NT_AL_AA.fasta.zip,184,257,252.0
22827_NT_AL_AA.fasta.zip,186,573,558.0
22828_NT_AL_AA.fasta.zip,112,1303,1269.0
22832_NT_AL_AA.fasta.zip,188,1475,1398.0
22834_NT_AL_AA.fasta.zip,189,646,603
22836_NT_AL_AA.fasta.zip,182,619,611.0
22837_NT_AL_AA.fasta.zip,185,1378,1145
22838_NT_AL_AA.fasta.zip,188,441,429.0
22839_NT_AL_AA.fasta.zip,187,1014,990
22841_NT_AL_AA.fasta.zip,188,579,511.0
22843_NT_AL_AA.fasta.zip,183,833,745
22844_NT_AL_AA.fasta.zip,188,1629,1566.0
22845_NT_AL_AA.fasta.zip,187,540,538
22846_NT_AL_AA.fasta.zip,190,380,363.0
22847_NT_AL_AA.fasta.zip,172,973,951.0
22848_NT_AL_AA.fasta.zip,181,1464,1250
22849_NT_AL_AA.fasta.zip,187,819,704
22850_NT_AL_AA.fasta.zip,186,1324,1128.0
22853_NT_AL_AA.fasta.zip,187,1649,1475
22854_NT_AL_AA.fasta.zip,173,556,535
22856_NT_AL_AA.fasta.zip,159,1116,797
22858_NT_AL_AA.fasta.zip,188,647,630.0
22859_NT_AL_AA.fasta.zip,184,1487,1468.0
22861_NT_AL_AA.fasta.zip,92,1631,1282.0
22862_NT_AL_AA.fasta.zip,133,1207,1198
22863_NT_AL_AA.fasta.zip,188,504,492.0
22864_NT_AL_AA.fasta.zip,187,1075,1040
22865_NT_AL_AA.fasta.zip,174,1009,979.0
22866_NT_AL_AA.fasta.zip,175,1060,1031
22868_NT_AL_AA.fasta.zip,187,711,685
2286_NT_AL_AA.fasta.zip,180,147,140.0
22870_NT_AL_AA.fasta.zip,182,922,864.0
22871_NT_AL_AA.fasta.zip,180,867,849.0
22872_NT_AL_AA.fasta.zip,186,1295,1256.5
22873_NT_AL_AA.fasta.zip,181,896,830
22874_NT_AL_AA.fasta.zip,188,1270,1200.5
22875_NT_AL_AA.fasta.zip,188,458,453.0
22876_NT_AL_AA.fasta.zip,182,1149,1128.0
22877_NT_AL_AA.fasta.zip,183,1094,915
22878_NT_AL_AA.fasta.zip,187,1443,1435
22879_NT_AL_AA.fasta.zip,129,566,544
22880_NT_AL_AA.fasta.zip,187,1060,1026
22881_NT_AL_AA.fasta.zip,186,678,654.0
22882_NT_AL_AA.fasta.zip,187,877,837
22884_NT_AL_AA.fasta.zip,185,502,495
22885_NT_AL_AA.fasta.zip,190,688,682.0
22887_NT_AL_AA.fasta.zip,187,691,621
22888_NT_AL_AA.fasta.zip,182,553,540.0
22889_NT_AL_AA.fasta.zip,183,635,614
2288_NT_AL_AA.fasta.zip,187,471,458
22890_NT_AL_AA.fasta.zip,187,724,713
22891_NT_AL_AA.fasta.zip,172,417,407.0
22893_NT_AL_AA.fasta.zip,190,803,778.0
22894_NT_AL_AA.fasta.zip,189,964,958
22895_NT_AL_AA.fasta.zip,188,764,693.0
22897_NT_AL_AA.fasta.zip,187,1590,1399
22898_NT_AL_AA.fasta.zip,180,1298,1255.0
22899_NT_AL_AA.fasta.zip,188,890,838.0
2289_NT_AL_AA.fasta.zip,185,503,457
22901_NT_AL_AA.fasta.zip,189,531,516
22902_NT_AL_AA.fasta.zip,188,677,602.0
22903_NT_AL_AA.fasta.zip,186,541,522.0
22904_NT_AL_AA.fasta.zip,178,1521,1336.0
22905_NT_AL_AA.fasta.zip,189,671,634
22906_NT_AL_AA.fasta.zip,184,998,924.0
22907_NT_AL_AA.fasta.zip,187,1159,1153
22908_NT_AL_AA.fasta.zip,186,620,586.0
22909_NT_AL_AA.fasta.zip,182,1064,1015.0
2290_NT_AL_AA.fasta.zip,171,546,482
22911_NT_AL_AA.fasta.zip,183,932,921
22913_NT_AL_AA.fasta.zip,184,358,294.0
22914_NT_AL_AA.fasta.zip,40,166,166.0
22915_NT_AL_AA.fasta.zip,177,1242,1214
22916_NT_AL_AA.fasta.zip,180,156,152.0
22917_NT_AL_AA.fasta.zip,164,633,548.5
22918_NT_AL_AA.fasta.zip,189,694,628
22919_NT_AL_AA.fasta.zip,186,268,268.0
22920_NT_AL_AA.fasta.zip,183,786,782
22921_NT_AL_AA.fasta.zip,176,150,142.0
22924_NT_AL_AA.fasta.zip,188,283,281.0
22925_NT_AL_AA.fasta.zip,185,1473,1452
22926_NT_AL_AA.fasta.zip,152,672,657.0
22927_NT_AL_AA.fasta.zip,178,452,400.0
22928_NT_AL_AA.fasta.zip,168,480,444.0
22929_NT_AL_AA.fasta.zip,184,393,392.0
22930_NT_AL_AA.fasta.zip,183,1049,985
22931_NT_AL_AA.fasta.zip,187,207,206
22933_NT_AL_AA.fasta.zip,187,393,375
22934_NT_AL_AA.fasta.zip,180,318,308.0
22936_NT_AL_AA.fasta.zip,187,664,638
22937_NT_AL_AA.fasta.zip,186,1315,1274.0
22938_NT_AL_AA.fasta.zip,187,541,536
22941_NT_AL_AA.fasta.zip,178,1910,1829.5
22943_NT_AL_AA.fasta.zip,183,280,267
22944_NT_AL_AA.fasta.zip,190,395,392.0
22948_NT_AL_AA.fasta.zip,180,642,541.0
22949_NT_AL_AA.fasta.zip,176,336,329.0
2294_NT_AL_AA.fasta.zip,178,405,378.0
22950_NT_AL_AA.fasta.zip,186,781,737.0
22953_NT_AL_AA.fasta.zip,176,486,445.0
22954_NT_AL_AA.fasta.zip,183,661,653
22955_NT_AL_AA.fasta.zip,183,654,639
2295_NT_AL_AA.fasta.zip,155,479,432
2296_NT_AL_AA.fasta.zip,163,606,536
22974_NT_AL_AA.fasta.zip,189,771,743
22976_NT_AL_AA.fasta.zip,174,1203,990.0
22978_NT_AL_AA.fasta.zip,187,572,566
22979_NT_AL_AA.fasta.zip,187,816,814
2297_NT_AL_AA.fasta.zip,131,584,457
22980_NT_AL_AA.fasta.zip,185,692,672
22981_NT_AL_AA.fasta.zip,177,1306,1127
22982_NT_AL_AA.fasta.zip,185,1591,1584
22983_NT_AL_AA.fasta.zip,186,1702,1568.0
22984_NT_AL_AA.fasta.zip,187,1921,1870
22985_NT_AL_AA.fasta.zip,185,1394,1292
22986_NT_AL_AA.fasta.zip,170,1243,1218.0
22987_NT_AL_AA.fasta.zip,180,731,727.0
22989_NT_AL_AA.fasta.zip,161,1996,1898
22990_NT_AL_AA.fasta.zip,185,2368,2336
22992_NT_AL_AA.fasta.zip,188,1179,1162.0
22993_NT_AL_AA.fasta.zip,187,1330,1291
22994_NT_AL_AA.fasta.zip,183,1213,1036
22995_NT_AL_AA.fasta.zip,183,1830,1708
22996_NT_AL_AA.fasta.zip,190,575,555.0
22997_NT_AL_AA.fasta.zip,188,1466,1431.0
22998_NT_AL_AA.fasta.zip,182,1619,1528.5
22999_NT_AL_AA.fasta.zip,173,1662,1614
2299_NT_AL_AA.fasta.zip,184,408,378.0
229_NT_AL_AA.fasta.zip,187,364,364
22_NT_AL_AA.fasta.zip,179,760,752
23001_NT_AL_AA.fasta.zip,187,3551,3526
23002_NT_AL_AA.fasta.zip,189,1090,1078
23005_NT_AL_AA.fasta.zip,185,1542,1500
23007_NT_AL_AA.fasta.zip,183,1754,1684
23008_NT_AL_AA.fasta.zip,183,451,441
2300_NT_AL_AA.fasta.zip,170,392,342.0
23011_NT_AL_AA.fasta.zip,181,227,222
23012_NT_AL_AA.fasta.zip,186,466,464.0
23013_NT_AL_AA.fasta.zip,187,3853,3629
23014_NT_AL_AA.fasta.zip,187,634,627
23016_NT_AL_AA.fasta.zip,185,293,291
23017_NT_AL_AA.fasta.zip,189,329,316
23019_NT_AL_AA.fasta.zip,189,2387,2383
2301_NT_AL_AA.fasta.zip,141,458,301
23020_NT_AL_AA.fasta.zip,185,2137,2136
23022_NT_AL_AA.fasta.zip,149,1521,1356
23023_NT_AL_AA.fasta.zip,178,661,650.0
23024_NT_AL_AA.fasta.zip,162,1087,1060.0
23025_NT_AL_AA.fasta.zip,179,1810,1691
23026_NT_AL_AA.fasta.zip,176,1943,1783.0
23028_NT_AL_AA.fasta.zip,186,886,866.0
23029_NT_AL_AA.fasta.zip,183,459,422
2302_NT_AL_AA.fasta.zip,186,440,421.0
23030_NT_AL_AA.fasta.zip,181,1170,1111
23031_NT_AL_AA.fasta.zip,184,1353,1285.5
23032_NT_AL_AA.fasta.zip,181,925,911
23033_NT_AL_AA.fasta.zip,179,2501,2477
23034_NT_AL_AA.fasta.zip,189,740,717
23035_NT_AL_AA.fasta.zip,190,1364,1351.0
23036_NT_AL_AA.fasta.zip,190,2791,2718.0
23037_NT_AL_AA.fasta.zip,181,3034,2688
23038_NT_AL_AA.fasta.zip,190,693,677.0
23039_NT_AL_AA.fasta.zip,187,1097,1094
2303_NT_AL_AA.fasta.zip,168,571,501.0
23040_NT_AL_AA.fasta.zip,167,1473,1184
23041_NT_AL_AA.fasta.zip,189,1730,1719
23042_NT_AL_AA.fasta.zip,185,791,775
23043_NT_AL_AA.fasta.zip,187,1372,1360
23046_NT_AL_AA.fasta.zip,182,1706,1617.0
23047_NT_AL_AA.fasta.zip,178,1456,1449.0
23048_NT_AL_AA.fasta.zip,178,626,621.0
23049_NT_AL_AA.fasta.zip,181,3691,3659
2304_NT_AL_AA.fasta.zip,162,409,369.0
23051_NT_AL_AA.fasta.zip,189,1004,950
23052_NT_AL_AA.fasta.zip,177,509,499
23053_NT_AL_AA.fasta.zip,185,1947,1903
23054_NT_AL_AA.fasta.zip,188,2222,2048.0
23057_NT_AL_AA.fasta.zip,186,309,307.0
23059_NT_AL_AA.fasta.zip,184,438,425.0
2305_NT_AL_AA.fasta.zip,186,800,760.0
23060_NT_AL_AA.fasta.zip,189,1432,1410
23061_NT_AL_AA.fasta.zip,189,1300,1249
23062_NT_AL_AA.fasta.zip,181,631,597
23063_NT_AL_AA.fasta.zip,187,1218,1196
23064_NT_AL_AA.fasta.zip,188,2971,2641.0
23065_NT_AL_AA.fasta.zip,182,1038,995.0
23066_NT_AL_AA.fasta.zip,185,1251,1235
23067_NT_AL_AA.fasta.zip,183,2169,1938
2306_NT_AL_AA.fasta.zip,165,581,488
23070_NT_AL_AA.fasta.zip,187,843,835
23071_NT_AL_AA.fasta.zip,187,408,406
23072_NT_AL_AA.fasta.zip,182,1656,1571.5
23074_NT_AL_AA.fasta.zip,185,1493,1459
23075_NT_AL_AA.fasta.zip,189,585,585
23076_NT_AL_AA.fasta.zip,185,801,701
23077_NT_AL_AA.fasta.zip,183,4816,4748
23078_NT_AL_AA.fasta.zip,174,1960,1902.0
2307_NT_AL_AA.fasta.zip,186,345,330.0
23080_NT_AL_AA.fasta.zip,183,660,648
23081_NT_AL_AA.fasta.zip,179,1200,1046
23082_NT_AL_AA.fasta.zip,189,1786,1641
23085_NT_AL_AA.fasta.zip,181,1130,1120
23086_NT_AL_AA.fasta.zip,182,2089,1965.5
23087_NT_AL_AA.fasta.zip,185,512,490
23089_NT_AL_AA.fasta.zip,177,797,694
2308_NT_AL_AA.fasta.zip,169,697,649
23090_NT_AL_AA.fasta.zip,182,1254,1223.0
23091_NT_AL_AA.fasta.zip,184,1874,1652.0
23092_NT_AL_AA.fasta.zip,185,818,813
23093_NT_AL_AA.fasta.zip,188,1330,1291.0
23094_NT_AL_AA.fasta.zip,182,1852,1771.0
23095_NT_AL_AA.fasta.zip,182,1837,1816.0
23096_NT_AL_AA.fasta.zip,167,1553,1486
23097_NT_AL_AA.fasta.zip,188,514,500.0
23098_NT_AL_AA.fasta.zip,188,744,724.0
23099_NT_AL_AA.fasta.zip,188,470,467.0
2309_NT_AL_AA.fasta.zip,189,702,665
230_NT_AL_AA.fasta.zip,189,365,364
23102_NT_AL_AA.fasta.zip,171,958,916
23105_NT_AL_AA.fasta.zip,187,851,838
23107_NT_AL_AA.fasta.zip,188,431,415.0
23108_NT_AL_AA.fasta.zip,180,735,712.0
23109_NT_AL_AA.fasta.zip,184,774,705.0
23111_NT_AL_AA.fasta.zip,179,685,665
23112_NT_AL_AA.fasta.zip,185,1906,1856
23113_NT_AL_AA.fasta.zip,147,2592,2512
23114_NT_AL_AA.fasta.zip,188,1481,1341.0
23116_NT_AL_AA.fasta.zip,184,1859,1814.0
23118_NT_AL_AA.fasta.zip,189,705,693
23119_NT_AL_AA.fasta.zip,183,650,616
23120_NT_AL_AA.fasta.zip,185,1485,1458
23122_NT_AL_AA.fasta.zip,185,1575,1541
23125_NT_AL_AA.fasta.zip,189,1247,1198
23126_NT_AL_AA.fasta.zip,185,1440,1412
23127_NT_AL_AA.fasta.zip,181,631,626
23129_NT_AL_AA.fasta.zip,163,1974,1923
2312_NT_AL_AA.fasta.zip,16,6306,3704.5
23130_NT_AL_AA.fasta.zip,188,3198,1908.0
23131_NT_AL_AA.fasta.zip,184,1562,1501.0
23132_NT_AL_AA.fasta.zip,182,1498,1466.0
23133_NT_AL_AA.fasta.zip,177,1037,1022
23135_NT_AL_AA.fasta.zip,180,1829,1610.0
23136_NT_AL_AA.fasta.zip,184,1196,1093.0
23137_NT_AL_AA.fasta.zip,186,1115,1099.0
23138_NT_AL_AA.fasta.zip,184,593,539.0
23139_NT_AL_AA.fasta.zip,188,1865,1786.0
2313_NT_AL_AA.fasta.zip,189,452,446
23140_NT_AL_AA.fasta.zip,180,3003,2952.5
23141_NT_AL_AA.fasta.zip,186,1005,910.5
23142_NT_AL_AA.fasta.zip,188,289,284.0
23143_NT_AL_AA.fasta.zip,184,885,756.0
23144_NT_AL_AA.fasta.zip,184,1028,909.0
23148_NT_AL_AA.fasta.zip,168,3732,1082.0
23149_NT_AL_AA.fasta.zip,188,918,873.5
2314_NT_AL_AA.fasta.zip,183,1284,1266
23150_NT_AL_AA.fasta.zip,184,1051,1034.0
23151_NT_AL_AA.fasta.zip,180,622,587.0
23152_NT_AL_AA.fasta.zip,185,2620,2512
23154_NT_AL_AA.fasta.zip,189,733,728
23155_NT_AL_AA.fasta.zip,189,570,527
23157_NT_AL_AA.fasta.zip,182,424,419.0
23158_NT_AL_AA.fasta.zip,181,1291,1263
2315_NT_AL_AA.fasta.zip,184,119,114.0
23160_NT_AL_AA.fasta.zip,188,704,678.0
23161_NT_AL_AA.fasta.zip,185,966,965
23162_NT_AL_AA.fasta.zip,183,1389,1337
23163_NT_AL_AA.fasta.zip,188,760,718.0
23164_NT_AL_AA.fasta.zip,184,2504,2354.0
23165_NT_AL_AA.fasta.zip,188,2090,2008.0
23166_NT_AL_AA.fasta.zip,183,2643,2566
23167_NT_AL_AA.fasta.zip,186,821,817.0
23168_NT_AL_AA.fasta.zip,184,726,706.0
23169_NT_AL_AA.fasta.zip,178,361,355.0
2316_NT_AL_AA.fasta.zip,173,2655,2647
23170_NT_AL_AA.fasta.zip,179,630,619
23171_NT_AL_AA.fasta.zip,186,351,350.0
23172_NT_AL_AA.fasta.zip,187,439,423
23173_NT_AL_AA.fasta.zip,182,422,386.0
23174_NT_AL_AA.fasta.zip,185,1146,1068
23175_NT_AL_AA.fasta.zip,187,949,920
23176_NT_AL_AA.fasta.zip,190,476,473.0
23177_NT_AL_AA.fasta.zip,183,791,739
23178_NT_AL_AA.fasta.zip,187,1627,1217
23179_NT_AL_AA.fasta.zip,181,874,803
2317_NT_AL_AA.fasta.zip,185,2714,2633
23180_NT_AL_AA.fasta.zip,189,564,510
23181_NT_AL_AA.fasta.zip,183,1586,1555
23184_NT_AL_AA.fasta.zip,179,240,231
23185_NT_AL_AA.fasta.zip,184,801,734.0
23186_NT_AL_AA.fasta.zip,183,549,473
23187_NT_AL_AA.fasta.zip,187,1510,1423
23189_NT_AL_AA.fasta.zip,187,1412,1339
2318_NT_AL_AA.fasta.zip,182,2730,2718.0
23190_NT_AL_AA.fasta.zip,188,520,507.0
23191_NT_AL_AA.fasta.zip,177,1267,1253
23192_NT_AL_AA.fasta.zip,187,400,390
23193_NT_AL_AA.fasta.zip,186,975,966.0
23194_NT_AL_AA.fasta.zip,177,494,491
23195_NT_AL_AA.fasta.zip,185,5727,5584
23196_NT_AL_AA.fasta.zip,165,1127,1115
23197_NT_AL_AA.fasta.zip,188,446,444.0
23198_NT_AL_AA.fasta.zip,186,1853,1841.0
23199_NT_AL_AA.fasta.zip,184,1301,1197.0
2319_NT_AL_AA.fasta.zip,122,428,428.0
231_NT_AL_AA.fasta.zip,135,318,316
23200_NT_AL_AA.fasta.zip,186,1180,1174.0
23201_NT_AL_AA.fasta.zip,177,247,244
23203_NT_AL_AA.fasta.zip,181,538,524
23204_NT_AL_AA.fasta.zip,181,203,203
23205_NT_AL_AA.fasta.zip,179,693,681
23207_NT_AL_AA.fasta.zip,184,1068,1013.0
23208_NT_AL_AA.fasta.zip,187,435,431
23209_NT_AL_AA.fasta.zip,182,381,368.0
23210_NT_AL_AA.fasta.zip,182,402,402.0
23211_NT_AL_AA.fasta.zip,187,1337,1249
23212_NT_AL_AA.fasta.zip,185,418,362
23213_NT_AL_AA.fasta.zip,182,873,852.0
23214_NT_AL_AA.fasta.zip,187,1131,1123
23215_NT_AL_AA.fasta.zip,183,3115,2847
23216_NT_AL_AA.fasta.zip,184,1311,1246.0
23217_NT_AL_AA.fasta.zip,165,1015,810
23218_NT_AL_AA.fasta.zip,189,2816,2724
23219_NT_AL_AA.fasta.zip,174,377,368.0
2321_NT_AL_AA.fasta.zip,185,1353,1332
23220_NT_AL_AA.fasta.zip,187,638,616
23221_NT_AL_AA.fasta.zip,184,740,727.0
23223_NT_AL_AA.fasta.zip,186,1329,1291.0
23224_NT_AL_AA.fasta.zip,177,7040,6888
23225_NT_AL_AA.fasta.zip,177,1933,1869
23228_NT_AL_AA.fasta.zip,163,1144,1126
23229_NT_AL_AA.fasta.zip,172,511,511.0
2322_NT_AL_AA.fasta.zip,187,999,976
23230_NT_AL_AA.fasta.zip,180,3255,3168.0
23231_NT_AL_AA.fasta.zip,188,1110,1096.5
23232_NT_AL_AA.fasta.zip,182,819,755.0
23233_NT_AL_AA.fasta.zip,182,825,811.0
23234_NT_AL_AA.fasta.zip,183,262,260
23235_NT_AL_AA.fasta.zip,183,961,918
23236_NT_AL_AA.fasta.zip,185,1222,1215
23237_NT_AL_AA.fasta.zip,181,416,396
23239_NT_AL_AA.fasta.zip,167,1837,1620
2323_NT_AL_AA.fasta.zip,180,260,214.0
23240_NT_AL_AA.fasta.zip,179,1650,1587
23241_NT_AL_AA.fasta.zip,154,1018,889.0
23243_NT_AL_AA.fasta.zip,188,1094,1083.0
23244_NT_AL_AA.fasta.zip,184,1355,1334.0
23245_NT_AL_AA.fasta.zip,171,1241,1235
23246_NT_AL_AA.fasta.zip,185,746,699
23247_NT_AL_AA.fasta.zip,182,1845,1594.0
23248_NT_AL_AA.fasta.zip,185,1523,1460
2324_NT_AL_AA.fasta.zip,184,1383,1343.0
23250_NT_AL_AA.fasta.zip,176,1109,1095.0
23251_NT_AL_AA.fasta.zip,172,952,916.5
23252_NT_AL_AA.fasta.zip,188,426,396.0
23253_NT_AL_AA.fasta.zip,183,2107,2054
23254_NT_AL_AA.fasta.zip,171,805,767
23255_NT_AL_AA.fasta.zip,185,1753,1607
23256_NT_AL_AA.fasta.zip,186,641,637.0
23258_NT_AL_AA.fasta.zip,181,1291,1286
23259_NT_AL_AA.fasta.zip,183,727,709
23261_NT_AL_AA.fasta.zip,163,1817,1653
23262_NT_AL_AA.fasta.zip,188,1255,1242.0
23263_NT_AL_AA.fasta.zip,182,1206,1150.0
23264_NT_AL_AA.fasta.zip,186,1143,966.0
23265_NT_AL_AA.fasta.zip,187,721,719
23266_NT_AL_AA.fasta.zip,186,1475,1459.0
23268_NT_AL_AA.fasta.zip,185,1687,1568
23269_NT_AL_AA.fasta.zip,189,3282,3107
2326_NT_AL_AA.fasta.zip,152,538,532.0
23270_NT_AL_AA.fasta.zip,176,446,409.0
23271_NT_AL_AA.fasta.zip,137,1516,1488
23272_NT_AL_AA.fasta.zip,186,1735,1648.5
23274_NT_AL_AA.fasta.zip,184,1062,1034.0
23275_NT_AL_AA.fasta.zip,183,562,422
23276_NT_AL_AA.fasta.zip,188,582,577.0
23277_NT_AL_AA.fasta.zip,188,1345,1314.0
2327_NT_AL_AA.fasta.zip,163,587,533
23281_NT_AL_AA.fasta.zip,172,1430,1330.5
23283_NT_AL_AA.fasta.zip,172,886,619.5
23284_NT_AL_AA.fasta.zip,178,1607,1560.0
23286_NT_AL_AA.fasta.zip,182,1136,1106.0
23287_NT_AL_AA.fasta.zip,186,1228,1214.0
23288_NT_AL_AA.fasta.zip,186,766,610.5
2328_NT_AL_AA.fasta.zip,69,532,532
23291_NT_AL_AA.fasta.zip,180,568,563.0
23293_NT_AL_AA.fasta.zip,184,1450,1412.0
23294_NT_AL_AA.fasta.zip,185,1219,1155
23295_NT_AL_AA.fasta.zip,187,595,568
23299_NT_AL_AA.fasta.zip,169,854,836
2329_NT_AL_AA.fasta.zip,144,554,550.0
23300_NT_AL_AA.fasta.zip,185,851,819
23301_NT_AL_AA.fasta.zip,184,1254,1225.0
23302_NT_AL_AA.fasta.zip,182,591,574.0
23303_NT_AL_AA.fasta.zip,182,1971,1778.0
23304_NT_AL_AA.fasta.zip,189,1955,1753
23305_NT_AL_AA.fasta.zip,188,769,713.0
23306_NT_AL_AA.fasta.zip,188,452,434.5
23307_NT_AL_AA.fasta.zip,190,1271,1187.0
23308_NT_AL_AA.fasta.zip,173,298,250
23309_NT_AL_AA.fasta.zip,177,1147,1114
2330_NT_AL_AA.fasta.zip,163,535,533
23310_NT_AL_AA.fasta.zip,182,1540,1467.5
23312_NT_AL_AA.fasta.zip,181,3095,3053
23313_NT_AL_AA.fasta.zip,145,393,385
23314_NT_AL_AA.fasta.zip,173,738,733
23315_NT_AL_AA.fasta.zip,189,575,571
23316_NT_AL_AA.fasta.zip,182,1611,1463.0
23317_NT_AL_AA.fasta.zip,190,2250,2246.0
23318_NT_AL_AA.fasta.zip,189,1698,1633
2331_NT_AL_AA.fasta.zip,182,391,376.0
23321_NT_AL_AA.fasta.zip,180,762,759.0
23322_NT_AL_AA.fasta.zip,185,1326,1262
23324_NT_AL_AA.fasta.zip,133,1148,909
23325_NT_AL_AA.fasta.zip,187,1176,1173
23326_NT_AL_AA.fasta.zip,157,529,523
23327_NT_AL_AA.fasta.zip,159,1014,947
23328_NT_AL_AA.fasta.zip,179,1298,1208
23329_NT_AL_AA.fasta.zip,182,797,753.0
2332_NT_AL_AA.fasta.zip,180,638,632.0
23331_NT_AL_AA.fasta.zip,179,2512,2439
23332_NT_AL_AA.fasta.zip,185,1549,1515
23333_NT_AL_AA.fasta.zip,167,654,652
23334_NT_AL_AA.fasta.zip,185,3495,3427
23335_NT_AL_AA.fasta.zip,185,1512,1488
23336_NT_AL_AA.fasta.zip,185,1762,1480
23338_NT_AL_AA.fasta.zip,190,858,825.0
23339_NT_AL_AA.fasta.zip,187,882,875
23341_NT_AL_AA.fasta.zip,186,792,781.0
23344_NT_AL_AA.fasta.zip,186,1136,1097.0
23345_NT_AL_AA.fasta.zip,176,8904,8815.5
23347_NT_AL_AA.fasta.zip,180,2020,1991.5
23348_NT_AL_AA.fasta.zip,188,2132,2094.0
23349_NT_AL_AA.fasta.zip,190,407,400.0
2334_NT_AL_AA.fasta.zip,172,1343,1264.0
23350_NT_AL_AA.fasta.zip,185,1036,1029
23351_NT_AL_AA.fasta.zip,185,742,652
23352_NT_AL_AA.fasta.zip,185,5234,5179
23353_NT_AL_AA.fasta.zip,184,975,877.5
23354_NT_AL_AA.fasta.zip,187,653,630
23355_NT_AL_AA.fasta.zip,186,1441,1424.0
23357_NT_AL_AA.fasta.zip,189,684,652
23358_NT_AL_AA.fasta.zip,182,2707,2612.0
23359_NT_AL_AA.fasta.zip,168,513,459.0
2335_NT_AL_AA.fasta.zip,186,2514,2473.0
23360_NT_AL_AA.fasta.zip,183,1147,1014
23361_NT_AL_AA.fasta.zip,187,1429,862
23362_NT_AL_AA.fasta.zip,176,1068,1020.0
23363_NT_AL_AA.fasta.zip,177,1996,1886
23365_NT_AL_AA.fasta.zip,189,1567,1540
23366_NT_AL_AA.fasta.zip,177,529,511
23367_NT_AL_AA.fasta.zip,184,1126,1093.0
23368_NT_AL_AA.fasta.zip,189,1116,1083
23369_NT_AL_AA.fasta.zip,183,1096,1064
23370_NT_AL_AA.fasta.zip,161,1484,1309
23371_NT_AL_AA.fasta.zip,187,1444,1381
23373_NT_AL_AA.fasta.zip,183,673,648
23376_NT_AL_AA.fasta.zip,189,799,792
23378_NT_AL_AA.fasta.zip,189,504,449
23379_NT_AL_AA.fasta.zip,182,4394,1990.0
23380_NT_AL_AA.fasta.zip,190,1077,1071.0
23381_NT_AL_AA.fasta.zip,187,1047,1012
23382_NT_AL_AA.fasta.zip,188,637,611.0
23383_NT_AL_AA.fasta.zip,186,621,612.0
23384_NT_AL_AA.fasta.zip,165,1138,1117
23385_NT_AL_AA.fasta.zip,188,714,708.0
23386_NT_AL_AA.fasta.zip,187,377,352
23387_NT_AL_AA.fasta.zip,185,1364,1303
23389_NT_AL_AA.fasta.zip,181,2235,2207
23390_NT_AL_AA.fasta.zip,189,634,632
23392_NT_AL_AA.fasta.zip,184,1853,1839.0
23394_NT_AL_AA.fasta.zip,187,1128,1103
23395_NT_AL_AA.fasta.zip,186,911,903.0
23396_NT_AL_AA.fasta.zip,185,684,635
23397_NT_AL_AA.fasta.zip,185,744,713
23398_NT_AL_AA.fasta.zip,185,649,646
23399_NT_AL_AA.fasta.zip,178,244,243.0
2339_NT_AL_AA.fasta.zip,181,410,372
23400_NT_AL_AA.fasta.zip,183,1321,1169
23403_NT_AL_AA.fasta.zip,180,641,602.0
23404_NT_AL_AA.fasta.zip,188,295,293.0
23405_NT_AL_AA.fasta.zip,185,1943,1919
23406_NT_AL_AA.fasta.zip,184,142,142.0
23408_NT_AL_AA.fasta.zip,186,317,309.0
23409_NT_AL_AA.fasta.zip,187,315,310
23410_NT_AL_AA.fasta.zip,182,300,293.0
23411_NT_AL_AA.fasta.zip,187,803,729
23412_NT_AL_AA.fasta.zip,173,200,195
23413_NT_AL_AA.fasta.zip,177,171,171
23414_NT_AL_AA.fasta.zip,183,1173,1137
23415_NT_AL_AA.fasta.zip,185,1086,1015
23416_NT_AL_AA.fasta.zip,189,1169,1076
23417_NT_AL_AA.fasta.zip,178,507,492.0
23418_NT_AL_AA.fasta.zip,167,1413,1378
23421_NT_AL_AA.fasta.zip,184,168,158.0
23423_NT_AL_AA.fasta.zip,175,223,217
23424_NT_AL_AA.fasta.zip,185,1128,1094
23426_NT_AL_AA.fasta.zip,186,1120,1099.0
23428_NT_AL_AA.fasta.zip,190,550,530.0
23429_NT_AL_AA.fasta.zip,169,228,228
2342_NT_AL_AA.fasta.zip,138,437,437.0
23431_NT_AL_AA.fasta.zip,187,1145,1132
23432_NT_AL_AA.fasta.zip,188,542,529.0
23433_NT_AL_AA.fasta.zip,186,209,205.0
23435_NT_AL_AA.fasta.zip,180,415,414.0
23439_NT_AL_AA.fasta.zip,180,389,354.0
23440_NT_AL_AA.fasta.zip,184,329,325.0
23443_NT_AL_AA.fasta.zip,177,328,326
23446_NT_AL_AA.fasta.zip,188,710,708.0
23450_NT_AL_AA.fasta.zip,188,1220,1217.0
23451_NT_AL_AA.fasta.zip,181,1305,1304
23452_NT_AL_AA.fasta.zip,188,500,493.0
23456_NT_AL_AA.fasta.zip,173,761,661
23457_NT_AL_AA.fasta.zip,187,783,764
23461_NT_AL_AA.fasta.zip,185,1651,1642
23462_NT_AL_AA.fasta.zip,184,312,304.0
23463_NT_AL_AA.fasta.zip,184,287,284.0
23464_NT_AL_AA.fasta.zip,181,455,417
23466_NT_AL_AA.fasta.zip,178,459,414.0
23467_NT_AL_AA.fasta.zip,161,511,480
23468_NT_AL_AA.fasta.zip,182,191,191.0
23469_NT_AL_AA.fasta.zip,187,2132,2037
23471_NT_AL_AA.fasta.zip,189,375,374
23473_NT_AL_AA.fasta.zip,188,816,813.0
23474_NT_AL_AA.fasta.zip,181,254,254
23475_NT_AL_AA.fasta.zip,172,304,299.0
23476_NT_AL_AA.fasta.zip,183,1472,1359
23478_NT_AL_AA.fasta.zip,187,182,179
23479_NT_AL_AA.fasta.zip,188,171,167.0
23480_NT_AL_AA.fasta.zip,175,68,68
23481_NT_AL_AA.fasta.zip,188,669,580.0
23483_NT_AL_AA.fasta.zip,181,354,348
23484_NT_AL_AA.fasta.zip,182,131,131.0
23492_NT_AL_AA.fasta.zip,185,284,244
23493_NT_AL_AA.fasta.zip,178,359,337.0
23495_NT_AL_AA.fasta.zip,173,283,246
23498_NT_AL_AA.fasta.zip,186,291,286.0
23500_NT_AL_AA.fasta.zip,187,1255,1073
23503_NT_AL_AA.fasta.zip,186,2720,2538.0
23504_NT_AL_AA.fasta.zip,178,1371,1237.5
23505_NT_AL_AA.fasta.zip,185,1935,1868
23506_NT_AL_AA.fasta.zip,187,1101,1078
23507_NT_AL_AA.fasta.zip,188,816,803.0
23508_NT_AL_AA.fasta.zip,169,231,222
23509_NT_AL_AA.fasta.zip,189,403,391
23510_NT_AL_AA.fasta.zip,168,272,260.0
23511_NT_AL_AA.fasta.zip,185,1761,1735
23512_NT_AL_AA.fasta.zip,184,778,732.0
23513_NT_AL_AA.fasta.zip,180,1799,1578.0
23514_NT_AL_AA.fasta.zip,178,979,874.5
23515_NT_AL_AA.fasta.zip,189,985,938
23516_NT_AL_AA.fasta.zip,153,523,490
23517_NT_AL_AA.fasta.zip,173,1044,1042
23518_NT_AL_AA.fasta.zip,186,1164,1133.0
23521_NT_AL_AA.fasta.zip,187,209,203
23522_NT_AL_AA.fasta.zip,186,2236,2052.0
23523_NT_AL_AA.fasta.zip,182,2249,2166.0
23524_NT_AL_AA.fasta.zip,185,2932,2733
23526_NT_AL_AA.fasta.zip,179,1244,1072
23527_NT_AL_AA.fasta.zip,186,791,777.0
23528_NT_AL_AA.fasta.zip,131,953,882
23529_NT_AL_AA.fasta.zip,184,225,220.0
23530_NT_AL_AA.fasta.zip,185,1091,1086
23531_NT_AL_AA.fasta.zip,185,237,236
23533_NT_AL_AA.fasta.zip,189,931,869
23534_NT_AL_AA.fasta.zip,186,929,923.0
23536_NT_AL_AA.fasta.zip,190,511,489.0
23539_NT_AL_AA.fasta.zip,177,538,473
2353_NT_AL_AA.fasta.zip,190,400,380.0
23542_NT_AL_AA.fasta.zip,188,981,809.0
23543_NT_AL_AA.fasta.zip,187,459,439
23544_NT_AL_AA.fasta.zip,183,1024,977
23545_NT_AL_AA.fasta.zip,182,863,854.0
23546_NT_AL_AA.fasta.zip,186,241,234.0
23548_NT_AL_AA.fasta.zip,189,272,262
23549_NT_AL_AA.fasta.zip,190,484,471.0
2354_NT_AL_AA.fasta.zip,176,349,338.0
23550_NT_AL_AA.fasta.zip,184,1157,988.0
23551_NT_AL_AA.fasta.zip,175,267,266
23552_NT_AL_AA.fasta.zip,175,349,339
23553_NT_AL_AA.fasta.zip,113,483,480
23554_NT_AL_AA.fasta.zip,186,306,305.0
23555_NT_AL_AA.fasta.zip,184,306,291.0
23556_NT_AL_AA.fasta.zip,178,934,930.0
23557_NT_AL_AA.fasta.zip,186,136,136.0
23558_NT_AL_AA.fasta.zip,188,277,261.0
23559_NT_AL_AA.fasta.zip,190,314,294.0
2355_NT_AL_AA.fasta.zip,187,339,326
23560_NT_AL_AA.fasta.zip,184,639,634.0
23562_NT_AL_AA.fasta.zip,185,243,236
23564_NT_AL_AA.fasta.zip,188,293,285.0
23566_NT_AL_AA.fasta.zip,190,365,354.0
23567_NT_AL_AA.fasta.zip,187,322,307
23568_NT_AL_AA.fasta.zip,187,163,163
23569_NT_AL_AA.fasta.zip,159,688,663
2356_NT_AL_AA.fasta.zip,190,607,576.0
23576_NT_AL_AA.fasta.zip,185,290,285
23580_NT_AL_AA.fasta.zip,188,408,342.0
23581_NT_AL_AA.fasta.zip,159,246,240
23582_NT_AL_AA.fasta.zip,183,371,357
23583_NT_AL_AA.fasta.zip,187,273,270
23584_NT_AL_AA.fasta.zip,187,339,323
23585_NT_AL_AA.fasta.zip,187,159,157
23586_NT_AL_AA.fasta.zip,176,945,925.0
23587_NT_AL_AA.fasta.zip,185,308,300
23588_NT_AL_AA.fasta.zip,188,418,406.0
23589_NT_AL_AA.fasta.zip,184,160,147.0
2358_NT_AL_AA.fasta.zip,88,352,351.0
23590_NT_AL_AA.fasta.zip,185,434,403
23592_NT_AL_AA.fasta.zip,180,1010,898.0
23593_NT_AL_AA.fasta.zip,182,212,201.0
23594_NT_AL_AA.fasta.zip,182,257,252.0
23595_NT_AL_AA.fasta.zip,187,725,710
23596_NT_AL_AA.fasta.zip,146,410,402.0
23597_NT_AL_AA.fasta.zip,181,463,444
23598_NT_AL_AA.fasta.zip,185,695,687
23600_NT_AL_AA.fasta.zip,185,389,381
23601_NT_AL_AA.fasta.zip,168,199,180.0
23603_NT_AL_AA.fasta.zip,189,475,474
23604_NT_AL_AA.fasta.zip,181,487,483
23607_NT_AL_AA.fasta.zip,186,802,637.0
23608_NT_AL_AA.fasta.zip,186,513,479.0
23609_NT_AL_AA.fasta.zip,185,429,415
23612_NT_AL_AA.fasta.zip,174,127,125.0
23613_NT_AL_AA.fasta.zip,187,1292,1195
23616_NT_AL_AA.fasta.zip,166,753,671.0
23617_NT_AL_AA.fasta.zip,170,378,358.0
23620_NT_AL_AA.fasta.zip,146,399,374.0
23621_NT_AL_AA.fasta.zip,145,512,501
23623_NT_AL_AA.fasta.zip,186,1153,1017.0
23624_NT_AL_AA.fasta.zip,181,494,457
23625_NT_AL_AA.fasta.zip,178,203,189.0
23626_NT_AL_AA.fasta.zip,187,397,396
23627_NT_AL_AA.fasta.zip,185,194,178
23630_NT_AL_AA.fasta.zip,161,156,142
23632_NT_AL_AA.fasta.zip,185,343,327
23633_NT_AL_AA.fasta.zip,190,538,536.0
23635_NT_AL_AA.fasta.zip,177,372,369
23636_NT_AL_AA.fasta.zip,178,584,515.0
23637_NT_AL_AA.fasta.zip,185,1076,1069
23639_NT_AL_AA.fasta.zip,185,487,459
23640_NT_AL_AA.fasta.zip,187,376,356
23641_NT_AL_AA.fasta.zip,165,151,144
23643_NT_AL_AA.fasta.zip,185,162,160
23644_NT_AL_AA.fasta.zip,186,1445,1399.0
23645_NT_AL_AA.fasta.zip,179,1653,605
23646_NT_AL_AA.fasta.zip,186,531,490.0
23647_NT_AL_AA.fasta.zip,183,343,341
23648_NT_AL_AA.fasta.zip,180,394,388.0
23649_NT_AL_AA.fasta.zip,189,621,598
23650_NT_AL_AA.fasta.zip,187,619,585
23654_NT_AL_AA.fasta.zip,182,2023,1835.0
23657_NT_AL_AA.fasta.zip,182,502,497.0
23658_NT_AL_AA.fasta.zip,187,90,89
23659_NT_AL_AA.fasta.zip,186,414,406.0
23660_NT_AL_AA.fasta.zip,181,899,830
23670_NT_AL_AA.fasta.zip,187,1396,1383
23671_NT_AL_AA.fasta.zip,176,374,374.0
23673_NT_AL_AA.fasta.zip,186,278,274.0
23676_NT_AL_AA.fasta.zip,172,89,86.0
23677_NT_AL_AA.fasta.zip,189,983,962
23682_NT_AL_AA.fasta.zip,186,211,211.0
23683_NT_AL_AA.fasta.zip,184,922,890.0
23704_NT_AL_AA.fasta.zip,188,181,170.0
23705_NT_AL_AA.fasta.zip,188,493,472.0
23710_NT_AL_AA.fasta.zip,178,121,117.0
23729_NT_AL_AA.fasta.zip,179,483,478
23731_NT_AL_AA.fasta.zip,185,886,864
23732_NT_AL_AA.fasta.zip,181,281,277
23741_NT_AL_AA.fasta.zip,134,203,191.0
23743_NT_AL_AA.fasta.zip,133,364,362
23746_NT_AL_AA.fasta.zip,187,329,327
23753_NT_AL_AA.fasta.zip,166,231,221.0
23759_NT_AL_AA.fasta.zip,186,535,521.0
23760_NT_AL_AA.fasta.zip,186,273,272.0
23761_NT_AL_AA.fasta.zip,182,372,315.0
23762_NT_AL_AA.fasta.zip,179,968,896
23764_NT_AL_AA.fasta.zip,175,182,160
23765_NT_AL_AA.fasta.zip,182,935,823.0
23767_NT_AL_AA.fasta.zip,185,653,649
23768_NT_AL_AA.fasta.zip,184,666,660.0
23769_NT_AL_AA.fasta.zip,187,691,674
23770_NT_AL_AA.fasta.zip,186,426,406.0
23774_NT_AL_AA.fasta.zip,189,1202,1182
23779_NT_AL_AA.fasta.zip,159,396,384
23786_NT_AL_AA.fasta.zip,185,504,437
23787_NT_AL_AA.fasta.zip,179,403,389
23788_NT_AL_AA.fasta.zip,180,308,303.0
238_NT_AL_AA.fasta.zip,175,1674,1596
2395_NT_AL_AA.fasta.zip,175,214,189
23_NT_AL_AA.fasta.zip,178,890,837.0
240_NT_AL_AA.fasta.zip,147,675,674
24137_NT_AL_AA.fasta.zip,172,1256,1229.0
24139_NT_AL_AA.fasta.zip,180,841,828.0
24140_NT_AL_AA.fasta.zip,180,325,319.0
24141_NT_AL_AA.fasta.zip,189,282,280
24142_NT_AL_AA.fasta.zip,174,308,278.0
24144_NT_AL_AA.fasta.zip,175,854,837
24145_NT_AL_AA.fasta.zip,183,444,426
24146_NT_AL_AA.fasta.zip,188,247,226.0
24147_NT_AL_AA.fasta.zip,157,469,435
24148_NT_AL_AA.fasta.zip,178,941,941.0
242_NT_AL_AA.fasta.zip,163,705,699
2444_NT_AL_AA.fasta.zip,186,534,507.0
245711_NT_AL_AA.fasta.zip,189,320,312
245806_NT_AL_AA.fasta.zip,184,349,302.0
245812_NT_AL_AA.fasta.zip,186,254,238.0
245913_NT_AL_AA.fasta.zip,33,66,65
245927_NT_AL_AA.fasta.zip,115,82,70
245930_NT_AL_AA.fasta.zip,135,99,94
245932_NT_AL_AA.fasta.zip,12,74,74.0
245937_NT_AL_AA.fasta.zip,151,64,64
245938_NT_AL_AA.fasta.zip,23,106,105
245939_NT_AL_AA.fasta.zip,132,104,79.0
245972_NT_AL_AA.fasta.zip,178,350,349.0
245973_NT_AL_AA.fasta.zip,186,435,423.0
246175_NT_AL_AA.fasta.zip,189,556,554
246176_NT_AL_AA.fasta.zip,183,914,867
246184_NT_AL_AA.fasta.zip,182,88,85.0
246213_NT_AL_AA.fasta.zip,189,608,588
246243_NT_AL_AA.fasta.zip,180,315,282.0
246269_NT_AL_AA.fasta.zip,182,494,480.0
246329_NT_AL_AA.fasta.zip,187,373,363
246330_NT_AL_AA.fasta.zip,187,476,469
246777_NT_AL_AA.fasta.zip,171,416,316
246778_NT_AL_AA.fasta.zip,188,252,216.0
247_NT_AL_AA.fasta.zip,122,699,676.0
2483_NT_AL_AA.fasta.zip,173,258,258
2487_NT_AL_AA.fasta.zip,186,334,325.0
2488_NT_AL_AA.fasta.zip,148,129,129.0
248_NT_AL_AA.fasta.zip,97,550,519
2491_NT_AL_AA.fasta.zip,178,760,740.0
2492_NT_AL_AA.fasta.zip,179,699,694
2494_NT_AL_AA.fasta.zip,166,544,541.0
2495_NT_AL_AA.fasta.zip,174,184,182.0
249_NT_AL_AA.fasta.zip,189,525,524
24_NT_AL_AA.fasta.zip,178,2296,2258.5
2512_NT_AL_AA.fasta.zip,175,181,175
2515_NT_AL_AA.fasta.zip,137,752,705
2516_NT_AL_AA.fasta.zip,183,470,461
2517_NT_AL_AA.fasta.zip,183,437,431
2519_NT_AL_AA.fasta.zip,188,456,441.0
2520_NT_AL_AA.fasta.zip,184,115,104.0
2521_NT_AL_AA.fasta.zip,184,558,513.0
2523_NT_AL_AA.fasta.zip,180,370,357.0
2524_NT_AL_AA.fasta.zip,110,341,320.0
2526_NT_AL_AA.fasta.zip,156,458,413.0
252839_NT_AL_AA.fasta.zip,178,188,183.0
252969_NT_AL_AA.fasta.zip,183,334,312
252983_NT_AL_AA.fasta.zip,182,569,553.0
252995_NT_AL_AA.fasta.zip,183,182,181
2529_NT_AL_AA.fasta.zip,178,348,335.0
253012_NT_AL_AA.fasta.zip,187,474,462
253017_NT_AL_AA.fasta.zip,178,367,362.0
2530_NT_AL_AA.fasta.zip,185,581,573
253143_NT_AL_AA.fasta.zip,180,2287,2120.0
253152_NT_AL_AA.fasta.zip,184,364,362.0
253190_NT_AL_AA.fasta.zip,155,301,295
2531_NT_AL_AA.fasta.zip,187,334,330
253260_NT_AL_AA.fasta.zip,187,1747,1732
2532_NT_AL_AA.fasta.zip,187,341,308
253314_NT_AL_AA.fasta.zip,186,208,193.0
2533_NT_AL_AA.fasta.zip,186,914,831.0
253430_NT_AL_AA.fasta.zip,165,428,418
253461_NT_AL_AA.fasta.zip,180,1258,1194.0
2534_NT_AL_AA.fasta.zip,189,579,537
253512_NT_AL_AA.fasta.zip,182,293,289.0
253558_NT_AL_AA.fasta.zip,186,399,375.0
253559_NT_AL_AA.fasta.zip,176,415,415.0
2535_NT_AL_AA.fasta.zip,174,573,565.0
253635_NT_AL_AA.fasta.zip,188,292,263.0
253714_NT_AL_AA.fasta.zip,187,1259,1239
253738_NT_AL_AA.fasta.zip,178,633,629.0
253769_NT_AL_AA.fasta.zip,174,852,735.5
253782_NT_AL_AA.fasta.zip,183,397,391
253827_NT_AL_AA.fasta.zip,149,174,159
253832_NT_AL_AA.fasta.zip,190,361,358.0
2538_NT_AL_AA.fasta.zip,184,360,357.0
253935_NT_AL_AA.fasta.zip,177,397,388
253943_NT_AL_AA.fasta.zip,181,611,586
253959_NT_AL_AA.fasta.zip,185,2611,2582
253980_NT_AL_AA.fasta.zip,184,340,329.0
253982_NT_AL_AA.fasta.zip,188,370,366.0
2539_NT_AL_AA.fasta.zip,179,523,515
254013_NT_AL_AA.fasta.zip,184,265,255.0
254042_NT_AL_AA.fasta.zip,187,323,321
254048_NT_AL_AA.fasta.zip,183,1409,1323
254050_NT_AL_AA.fasta.zip,176,736,575.5
254065_NT_AL_AA.fasta.zip,179,1838,1800
254102_NT_AL_AA.fasta.zip,181,2408,1427
254122_NT_AL_AA.fasta.zip,152,413,384.5
254158_NT_AL_AA.fasta.zip,165,274,257
254170_NT_AL_AA.fasta.zip,183,591,557
254173_NT_AL_AA.fasta.zip,153,476,442
254187_NT_AL_AA.fasta.zip,183,587,518
254225_NT_AL_AA.fasta.zip,183,752,694
254228_NT_AL_AA.fasta.zip,185,310,309
254240_NT_AL_AA.fasta.zip,186,515,507.0
254251_NT_AL_AA.fasta.zip,156,1921,1840.5
254263_NT_AL_AA.fasta.zip,174,162,160.0
254268_NT_AL_AA.fasta.zip,175,801,730
254295_NT_AL_AA.fasta.zip,184,324,281.0
2542_NT_AL_AA.fasta.zip,187,454,451
254359_NT_AL_AA.fasta.zip,188,286,284.0
254394_NT_AL_AA.fasta.zip,187,1178,1128
254427_NT_AL_AA.fasta.zip,164,512,452.0
254428_NT_AL_AA.fasta.zip,183,520,512
254439_NT_AL_AA.fasta.zip,180,132,119.0
254528_NT_AL_AA.fasta.zip,182,477,471.0
254531_NT_AL_AA.fasta.zip,182,537,516.0
254552_NT_AL_AA.fasta.zip,176,201,198.0
254773_NT_AL_AA.fasta.zip,170,215,208.0
254778_NT_AL_AA.fasta.zip,187,225,200
2547_NT_AL_AA.fasta.zip,181,633,606
254827_NT_AL_AA.fasta.zip,172,784,781.0
254863_NT_AL_AA.fasta.zip,187,116,113
254887_NT_AL_AA.fasta.zip,188,433,429.0
2548_NT_AL_AA.fasta.zip,186,966,939.0
254956_NT_AL_AA.fasta.zip,187,165,160
2549_NT_AL_AA.fasta.zip,187,766,725
255027_NT_AL_AA.fasta.zip,167,196,196
255043_NT_AL_AA.fasta.zip,184,276,223.5
255057_NT_AL_AA.fasta.zip,159,819,653
255061_NT_AL_AA.fasta.zip,163,93,72
2550_NT_AL_AA.fasta.zip,185,965,958
255101_NT_AL_AA.fasta.zip,179,1931,1796
255104_NT_AL_AA.fasta.zip,183,650,619
255119_NT_AL_AA.fasta.zip,174,236,233.0
255189_NT_AL_AA.fasta.zip,183,864,840
2551_NT_AL_AA.fasta.zip,188,460,454.0
255220_NT_AL_AA.fasta.zip,130,128,105.0
255231_NT_AL_AA.fasta.zip,187,547,538
255239_NT_AL_AA.fasta.zip,178,811,735.0
255252_NT_AL_AA.fasta.zip,187,240,239
255275_NT_AL_AA.fasta.zip,181,309,307
255324_NT_AL_AA.fasta.zip,187,161,153
255349_NT_AL_AA.fasta.zip,176,186,177.0
255374_NT_AL_AA.fasta.zip,184,249,244.0
255394_NT_AL_AA.fasta.zip,181,527,519
2553_NT_AL_AA.fasta.zip,184,395,395.0
255411_NT_AL_AA.fasta.zip,132,132,131.0
255426_NT_AL_AA.fasta.zip,176,481,466.0
255488_NT_AL_AA.fasta.zip,186,309,303.0
2554_NT_AL_AA.fasta.zip,186,462,456.0
255520_NT_AL_AA.fasta.zip,187,294,293
2555_NT_AL_AA.fasta.zip,186,513,511.0
255631_NT_AL_AA.fasta.zip,183,1757,1688
2556_NT_AL_AA.fasta.zip,178,497,492.0
255725_NT_AL_AA.fasta.zip,114,323,322.0
255738_NT_AL_AA.fasta.zip,107,696,668
255743_NT_AL_AA.fasta.zip,169,627,607
255758_NT_AL_AA.fasta.zip,176,136,130.0
255762_NT_AL_AA.fasta.zip,185,268,251
255783_NT_AL_AA.fasta.zip,137,155,142
255798_NT_AL_AA.fasta.zip,181,213,212
2557_NT_AL_AA.fasta.zip,188,567,554.0
255809_NT_AL_AA.fasta.zip,184,255,226.0
255877_NT_AL_AA.fasta.zip,186,503,473.0
2558_NT_AL_AA.fasta.zip,175,466,463
255919_NT_AL_AA.fasta.zip,178,128,125.0
255928_NT_AL_AA.fasta.zip,136,512,512.0
255967_NT_AL_AA.fasta.zip,186,930,879.0
2559_NT_AL_AA.fasta.zip,187,462,453
256006_NT_AL_AA.fasta.zip,181,2057,1840
256076_NT_AL_AA.fasta.zip,169,2642,2585
2560_NT_AL_AA.fasta.zip,177,503,473
256126_NT_AL_AA.fasta.zip,175,177,160
256130_NT_AL_AA.fasta.zip,189,182,181
256158_NT_AL_AA.fasta.zip,174,5125,5043.5
256281_NT_AL_AA.fasta.zip,167,230,222
256297_NT_AL_AA.fasta.zip,176,360,326.0
2562_NT_AL_AA.fasta.zip,175,450,447
256302_NT_AL_AA.fasta.zip,169,105,102
256309_NT_AL_AA.fasta.zip,182,835,808.0
256329_NT_AL_AA.fasta.zip,168,681,514.0
256356_NT_AL_AA.fasta.zip,189,516,512
256364_NT_AL_AA.fasta.zip,185,922,888
256380_NT_AL_AA.fasta.zip,190,432,413.0
2563_NT_AL_AA.fasta.zip,172,490,445.5
256435_NT_AL_AA.fasta.zip,178,299,299.0
256471_NT_AL_AA.fasta.zip,180,528,518.0
256472_NT_AL_AA.fasta.zip,175,730,465
2564_NT_AL_AA.fasta.zip,174,549,455.5
256536_NT_AL_AA.fasta.zip,160,548,503.0
256586_NT_AL_AA.fasta.zip,184,241,215.0
2565_NT_AL_AA.fasta.zip,182,470,465.0
256643_NT_AL_AA.fasta.zip,183,760,696
256646_NT_AL_AA.fasta.zip,184,1266,1107.5
256691_NT_AL_AA.fasta.zip,186,693,686.0
2566_NT_AL_AA.fasta.zip,182,476,475.0
256714_NT_AL_AA.fasta.zip,179,1027,724
256764_NT_AL_AA.fasta.zip,177,1114,1086
2567_NT_AL_AA.fasta.zip,155,471,467
256815_NT_AL_AA.fasta.zip,155,516,388
2568_NT_AL_AA.fasta.zip,189,441,440
256933_NT_AL_AA.fasta.zip,152,155,122.0
256949_NT_AL_AA.fasta.zip,180,912,768.0
256957_NT_AL_AA.fasta.zip,185,592,558
256979_NT_AL_AA.fasta.zip,187,328,313
256987_NT_AL_AA.fasta.zip,179,463,457
2569_NT_AL_AA.fasta.zip,158,463,456.0
257019_NT_AL_AA.fasta.zip,178,603,596.0
257044_NT_AL_AA.fasta.zip,178,1031,900.5
257062_NT_AL_AA.fasta.zip,179,787,713
257068_NT_AL_AA.fasta.zip,189,345,341
2570_NT_AL_AA.fasta.zip,149,813,465
257101_NT_AL_AA.fasta.zip,169,491,460
257106_NT_AL_AA.fasta.zip,188,1248,1080.5
257144_NT_AL_AA.fasta.zip,175,177,161
257160_NT_AL_AA.fasta.zip,188,709,703.0
257169_NT_AL_AA.fasta.zip,168,512,427.0
257177_NT_AL_AA.fasta.zip,183,194,177
257194_NT_AL_AA.fasta.zip,176,355,354.0
2571_NT_AL_AA.fasta.zip,187,598,593
257202_NT_AL_AA.fasta.zip,138,225,221.0
257218_NT_AL_AA.fasta.zip,185,1831,1681
257236_NT_AL_AA.fasta.zip,171,695,474
257240_NT_AL_AA.fasta.zip,178,683,643.0
2572_NT_AL_AA.fasta.zip,183,618,585
257313_NT_AL_AA.fasta.zip,107,127,117
257364_NT_AL_AA.fasta.zip,187,588,573
257397_NT_AL_AA.fasta.zip,179,729,716
257407_NT_AL_AA.fasta.zip,151,322,281
257415_NT_AL_AA.fasta.zip,177,252,247
25758_NT_AL_AA.fasta.zip,182,1859,1744.0
25759_NT_AL_AA.fasta.zip,171,621,541
257629_NT_AL_AA.fasta.zip,185,446,414
25763_NT_AL_AA.fasta.zip,49,115,111
25764_NT_AL_AA.fasta.zip,187,121,121
25766_NT_AL_AA.fasta.zip,187,913,879
25769_NT_AL_AA.fasta.zip,181,678,664
25770_NT_AL_AA.fasta.zip,169,318,287
25771_NT_AL_AA.fasta.zip,168,542,506.0
25776_NT_AL_AA.fasta.zip,185,132,127
25777_NT_AL_AA.fasta.zip,186,779,720.0
25778_NT_AL_AA.fasta.zip,187,952,924
25780_NT_AL_AA.fasta.zip,187,692,689
25782_NT_AL_AA.fasta.zip,176,1408,1390.0
25788_NT_AL_AA.fasta.zip,179,921,907
25789_NT_AL_AA.fasta.zip,185,375,333
25790_NT_AL_AA.fasta.zip,189,557,547
25791_NT_AL_AA.fasta.zip,182,598,582.0
25792_NT_AL_AA.fasta.zip,190,1015,784.5
25793_NT_AL_AA.fasta.zip,183,540,522
25794_NT_AL_AA.fasta.zip,183,522,488
25796_NT_AL_AA.fasta.zip,184,267,258.0
25797_NT_AL_AA.fasta.zip,190,371,359.0
25798_NT_AL_AA.fasta.zip,172,130,124.0
257_NT_AL_AA.fasta.zip,177,356,339
25800_NT_AL_AA.fasta.zip,187,918,734
258010_NT_AL_AA.fasta.zip,170,82,77.0
25801_NT_AL_AA.fasta.zip,185,223,212
25802_NT_AL_AA.fasta.zip,181,651,564
25803_NT_AL_AA.fasta.zip,186,348,334.0
25804_NT_AL_AA.fasta.zip,182,139,139.0
25805_NT_AL_AA.fasta.zip,158,266,260.0
25806_NT_AL_AA.fasta.zip,178,317,281.5
25807_NT_AL_AA.fasta.zip,190,400,384.0
25809_NT_AL_AA.fasta.zip,177,432,422
2580_NT_AL_AA.fasta.zip,184,1359,1259.5
25813_NT_AL_AA.fasta.zip,185,472,468
25814_NT_AL_AA.fasta.zip,180,477,475.0
25816_NT_AL_AA.fasta.zip,182,196,196.0
25817_NT_AL_AA.fasta.zip,146,114,114.0
25818_NT_AL_AA.fasta.zip,157,312,290
25819_NT_AL_AA.fasta.zip,178,445,425.0
2581_NT_AL_AA.fasta.zip,187,700,685
25820_NT_AL_AA.fasta.zip,180,575,555.0
25821_NT_AL_AA.fasta.zip,188,692,686.0
25822_NT_AL_AA.fasta.zip,189,421,417
25824_NT_AL_AA.fasta.zip,186,221,195.0
25825_NT_AL_AA.fasta.zip,179,514,495
25827_NT_AL_AA.fasta.zip,179,444,419
25828_NT_AL_AA.fasta.zip,116,169,166.0
25829_NT_AL_AA.fasta.zip,187,426,414
2582_NT_AL_AA.fasta.zip,189,352,347
25830_NT_AL_AA.fasta.zip,182,281,280.0
25831_NT_AL_AA.fasta.zip,187,2634,2610
25833_NT_AL_AA.fasta.zip,179,430,419
25834_NT_AL_AA.fasta.zip,188,479,478.0
25836_NT_AL_AA.fasta.zip,187,2928,2803
25837_NT_AL_AA.fasta.zip,183,269,252
25839_NT_AL_AA.fasta.zip,188,794,785.0
2583_NT_AL_AA.fasta.zip,189,541,533
25841_NT_AL_AA.fasta.zip,186,1043,1021.0
25842_NT_AL_AA.fasta.zip,181,206,204
25844_NT_AL_AA.fasta.zip,190,357,346.0
25847_NT_AL_AA.fasta.zip,176,74,74.0
2584_NT_AL_AA.fasta.zip,188,395,392.0
25851_NT_AL_AA.fasta.zip,189,1171,1121
25852_NT_AL_AA.fasta.zip,185,680,673
25853_NT_AL_AA.fasta.zip,189,458,452
25854_NT_AL_AA.fasta.zip,182,612,560.0
25855_NT_AL_AA.fasta.zip,189,254,242
25858_NT_AL_AA.fasta.zip,166,186,149.5
2585_NT_AL_AA.fasta.zip,189,458,455
25861_NT_AL_AA.fasta.zip,176,970,903.0
25862_NT_AL_AA.fasta.zip,186,707,674.0
25864_NT_AL_AA.fasta.zip,164,245,241.0
25865_NT_AL_AA.fasta.zip,184,1042,872.0
25870_NT_AL_AA.fasta.zip,187,310,291
25871_NT_AL_AA.fasta.zip,189,583,559
25873_NT_AL_AA.fasta.zip,174,105,105.0
25874_NT_AL_AA.fasta.zip,187,129,127
25875_NT_AL_AA.fasta.zip,189,362,359
25876_NT_AL_AA.fasta.zip,189,238,230
25879_NT_AL_AA.fasta.zip,185,447,445
2587_NT_AL_AA.fasta.zip,183,370,349
25880_NT_AL_AA.fasta.zip,176,220,212.0
25884_NT_AL_AA.fasta.zip,187,443,430
25885_NT_AL_AA.fasta.zip,188,1746,1711.5
25886_NT_AL_AA.fasta.zip,186,411,406.0
25888_NT_AL_AA.fasta.zip,163,1048,845
2588_NT_AL_AA.fasta.zip,181,523,511
25890_NT_AL_AA.fasta.zip,182,2169,1648.5
25891_NT_AL_AA.fasta.zip,186,728,720.0
25893_NT_AL_AA.fasta.zip,165,477,468
25894_NT_AL_AA.fasta.zip,187,1262,1182
25895_NT_AL_AA.fasta.zip,177,225,225
25896_NT_AL_AA.fasta.zip,183,974,962
25897_NT_AL_AA.fasta.zip,186,856,838.0
25898_NT_AL_AA.fasta.zip,188,268,261.0
2589_NT_AL_AA.fasta.zip,184,563,559.0
258_NT_AL_AA.fasta.zip,179,463,410
25900_NT_AL_AA.fasta.zip,179,603,568
25901_NT_AL_AA.fasta.zip,186,187,180.0
25902_NT_AL_AA.fasta.zip,181,992,967
25903_NT_AL_AA.fasta.zip,186,794,736.5
25904_NT_AL_AA.fasta.zip,186,742,736.0
25906_NT_AL_AA.fasta.zip,187,129,125
25907_NT_AL_AA.fasta.zip,131,329,287
25909_NT_AL_AA.fasta.zip,187,3238,2252
2590_NT_AL_AA.fasta.zip,180,581,571.0
25911_NT_AL_AA.fasta.zip,189,207,200
25912_NT_AL_AA.fasta.zip,181,254,251
25913_NT_AL_AA.fasta.zip,148,646,636.0
25914_NT_AL_AA.fasta.zip,187,2301,2222
25915_NT_AL_AA.fasta.zip,185,187,181
259173_NT_AL_AA.fasta.zip,186,970,946.5
25917_NT_AL_AA.fasta.zip,181,510,501
2591_NT_AL_AA.fasta.zip,187,637,633
25920_NT_AL_AA.fasta.zip,175,962,579
259215_NT_AL_AA.fasta.zip,102,293,281.5
259217_NT_AL_AA.fasta.zip,183,663,662
25921_NT_AL_AA.fasta.zip,172,724,715.0
259230_NT_AL_AA.fasta.zip,149,420,413
259232_NT_AL_AA.fasta.zip,185,1746,1737
259236_NT_AL_AA.fasta.zip,183,155,148
259239_NT_AL_AA.fasta.zip,98,79,77.0
25923_NT_AL_AA.fasta.zip,184,547,541.0
259240_NT_AL_AA.fasta.zip,121,88,78
25924_NT_AL_AA.fasta.zip,177,890,850
25925_NT_AL_AA.fasta.zip,176,1759,1311.0
259266_NT_AL_AA.fasta.zip,167,3499,3397
25926_NT_AL_AA.fasta.zip,187,737,717
25927_NT_AL_AA.fasta.zip,184,165,164.0
259282_NT_AL_AA.fasta.zip,184,3251,2899.0
25928_NT_AL_AA.fasta.zip,180,212,206.0
25929_NT_AL_AA.fasta.zip,185,1582,1504
2592_NT_AL_AA.fasta.zip,186,381,377.0
25930_NT_AL_AA.fasta.zip,187,1752,1618
25932_NT_AL_AA.fasta.zip,187,256,253
25936_NT_AL_AA.fasta.zip,181,290,280
25937_NT_AL_AA.fasta.zip,185,427,400
25938_NT_AL_AA.fasta.zip,183,2067,2050
25939_NT_AL_AA.fasta.zip,184,643,599.0
2593_NT_AL_AA.fasta.zip,185,242,235
25940_NT_AL_AA.fasta.zip,188,664,507.0
25941_NT_AL_AA.fasta.zip,184,303,290.0
25942_NT_AL_AA.fasta.zip,184,1290,1274.0
25943_NT_AL_AA.fasta.zip,187,1196,1176
25945_NT_AL_AA.fasta.zip,147,560,549
25946_NT_AL_AA.fasta.zip,188,396,383.0
25948_NT_AL_AA.fasta.zip,182,625,623.0
25950_NT_AL_AA.fasta.zip,172,269,264.0
25953_NT_AL_AA.fasta.zip,149,393,384
25956_NT_AL_AA.fasta.zip,186,1379,1158.0
25957_NT_AL_AA.fasta.zip,188,828,814.0
25959_NT_AL_AA.fasta.zip,181,918,837
2595_NT_AL_AA.fasta.zip,182,983,901.0
25960_NT_AL_AA.fasta.zip,180,1408,1333.0
25961_NT_AL_AA.fasta.zip,187,374,351
25962_NT_AL_AA.fasta.zip,188,1884,1812.0
25963_NT_AL_AA.fasta.zip,188,565,554.0
25966_NT_AL_AA.fasta.zip,180,739,675.0
2596_NT_AL_AA.fasta.zip,183,260,238
25970_NT_AL_AA.fasta.zip,185,792,756
25972_NT_AL_AA.fasta.zip,189,260,259
25973_NT_AL_AA.fasta.zip,190,482,475.0
25974_NT_AL_AA.fasta.zip,188,285,280.0
25975_NT_AL_AA.fasta.zip,170,566,548.0
25976_NT_AL_AA.fasta.zip,186,668,657.0
25977_NT_AL_AA.fasta.zip,187,287,274
25978_NT_AL_AA.fasta.zip,189,215,213
25979_NT_AL_AA.fasta.zip,186,318,317.0
2597_NT_AL_AA.fasta.zip,176,338,333.0
25980_NT_AL_AA.fasta.zip,186,384,384.0
25981_NT_AL_AA.fasta.zip,185,4223,4200
25983_NT_AL_AA.fasta.zip,189,313,310
25984_NT_AL_AA.fasta.zip,180,439,422.0
25987_NT_AL_AA.fasta.zip,189,366,353
25988_NT_AL_AA.fasta.zip,186,624,516.0
25989_NT_AL_AA.fasta.zip,189,481,469
25992_NT_AL_AA.fasta.zip,181,1496,1357
25994_NT_AL_AA.fasta.zip,186,95,93.0
25996_NT_AL_AA.fasta.zip,189,241,237
25998_NT_AL_AA.fasta.zip,187,1385,1351
25999_NT_AL_AA.fasta.zip,167,561,547
259_NT_AL_AA.fasta.zip,184,362,349.0
25_NT_AL_AA.fasta.zip,190,1193,1148.0
26000_NT_AL_AA.fasta.zip,177,977,790
26001_NT_AL_AA.fasta.zip,189,383,348
26002_NT_AL_AA.fasta.zip,186,629,606.0
26003_NT_AL_AA.fasta.zip,189,479,452
26005_NT_AL_AA.fasta.zip,187,2404,2318
26007_NT_AL_AA.fasta.zip,188,583,576.0
26009_NT_AL_AA.fasta.zip,178,993,903.0
26010_NT_AL_AA.fasta.zip,186,593,556.0
26011_NT_AL_AA.fasta.zip,179,2863,2823
26012_NT_AL_AA.fasta.zip,180,549,522.5
26013_NT_AL_AA.fasta.zip,181,843,797
26015_NT_AL_AA.fasta.zip,188,1415,1389.0
26017_NT_AL_AA.fasta.zip,186,114,112.0
26018_NT_AL_AA.fasta.zip,183,1138,1081
26019_NT_AL_AA.fasta.zip,186,1280,1271.0
26020_NT_AL_AA.fasta.zip,187,739,708
26022_NT_AL_AA.fasta.zip,182,229,226.0
26027_NT_AL_AA.fasta.zip,187,626,583
260293_NT_AL_AA.fasta.zip,125,556,506
26030_NT_AL_AA.fasta.zip,187,1473,1303
26031_NT_AL_AA.fasta.zip,187,898,886
26032_NT_AL_AA.fasta.zip,184,660,606.0
26033_NT_AL_AA.fasta.zip,172,1393,1375.0
26034_NT_AL_AA.fasta.zip,180,448,421.0
26035_NT_AL_AA.fasta.zip,179,621,617
26036_NT_AL_AA.fasta.zip,181,1065,1043
26037_NT_AL_AA.fasta.zip,184,1940,1803.0
26038_NT_AL_AA.fasta.zip,185,1988,1925
26039_NT_AL_AA.fasta.zip,185,384,371
26040_NT_AL_AA.fasta.zip,179,1650,1589
260425_NT_AL_AA.fasta.zip,181,1523,1473
260429_NT_AL_AA.fasta.zip,98,282,269.0
26043_NT_AL_AA.fasta.zip,186,494,488.0
26045_NT_AL_AA.fasta.zip,184,517,516.0
26046_NT_AL_AA.fasta.zip,188,1908,1759.5
26047_NT_AL_AA.fasta.zip,167,1304,1300
26049_NT_AL_AA.fasta.zip,187,692,670
26050_NT_AL_AA.fasta.zip,186,1035,950.0
26051_NT_AL_AA.fasta.zip,186,597,568.0
26052_NT_AL_AA.fasta.zip,182,882,865.0
26053_NT_AL_AA.fasta.zip,175,1325,1250
26054_NT_AL_AA.fasta.zip,185,2093,1111
26056_NT_AL_AA.fasta.zip,175,1425,1281
26057_NT_AL_AA.fasta.zip,189,2672,2593
26058_NT_AL_AA.fasta.zip,184,1367,1287.0
26059_NT_AL_AA.fasta.zip,175,1087,961
26060_NT_AL_AA.fasta.zip,188,716,708.0
26063_NT_AL_AA.fasta.zip,185,297,291
26064_NT_AL_AA.fasta.zip,189,982,968
26065_NT_AL_AA.fasta.zip,182,467,456.0
26073_NT_AL_AA.fasta.zip,183,378,368
26074_NT_AL_AA.fasta.zip,182,1248,1210.5
26084_NT_AL_AA.fasta.zip,173,905,865
26086_NT_AL_AA.fasta.zip,178,669,647.0
26088_NT_AL_AA.fasta.zip,188,664,635.0
26090_NT_AL_AA.fasta.zip,185,401,394
26091_NT_AL_AA.fasta.zip,185,1055,1055
26092_NT_AL_AA.fasta.zip,186,699,592.0
26093_NT_AL_AA.fasta.zip,187,664,504
26094_NT_AL_AA.fasta.zip,187,509,491
26095_NT_AL_AA.fasta.zip,169,306,301
26097_NT_AL_AA.fasta.zip,184,279,256.0
26098_NT_AL_AA.fasta.zip,177,1252,1228
26099_NT_AL_AA.fasta.zip,179,152,150
26100_NT_AL_AA.fasta.zip,185,446,436
26103_NT_AL_AA.fasta.zip,188,637,621.0
26108_NT_AL_AA.fasta.zip,151,427,416
26112_NT_AL_AA.fasta.zip,179,304,287
26115_NT_AL_AA.fasta.zip,188,2111,2069.0
26118_NT_AL_AA.fasta.zip,187,417,416
26119_NT_AL_AA.fasta.zip,187,318,308
26121_NT_AL_AA.fasta.zip,187,504,499
26122_NT_AL_AA.fasta.zip,187,817,807
26123_NT_AL_AA.fasta.zip,189,631,604
26127_NT_AL_AA.fasta.zip,188,260,253.0
26128_NT_AL_AA.fasta.zip,184,633,621.0
26130_NT_AL_AA.fasta.zip,188,1468,1457.0
26133_NT_AL_AA.fasta.zip,186,808,797.0
26135_NT_AL_AA.fasta.zip,179,421,407
26136_NT_AL_AA.fasta.zip,189,424,421
26137_NT_AL_AA.fasta.zip,185,754,741
26140_NT_AL_AA.fasta.zip,143,887,786
26145_NT_AL_AA.fasta.zip,179,609,584
26146_NT_AL_AA.fasta.zip,184,778,662.0
26150_NT_AL_AA.fasta.zip,186,379,377.0
26151_NT_AL_AA.fasta.zip,189,212,203
26153_NT_AL_AA.fasta.zip,176,1940,1796.5
26154_NT_AL_AA.fasta.zip,184,2623,2594.0
26155_NT_AL_AA.fasta.zip,180,803,718.0
26156_NT_AL_AA.fasta.zip,182,691,444.5
2615_NT_AL_AA.fasta.zip,188,685,663.0
26160_NT_AL_AA.fasta.zip,184,1760,1749.0
26164_NT_AL_AA.fasta.zip,188,413,393.0
26166_NT_AL_AA.fasta.zip,178,1265,1215.0
26168_NT_AL_AA.fasta.zip,187,609,573
261726_NT_AL_AA.fasta.zip,186,274,272.0
261729_NT_AL_AA.fasta.zip,187,490,490
261734_NT_AL_AA.fasta.zip,180,1573,1400.5
26173_NT_AL_AA.fasta.zip,181,2213,2176
26175_NT_AL_AA.fasta.zip,182,163,163.0
2617_NT_AL_AA.fasta.zip,185,747,736
2618_NT_AL_AA.fasta.zip,183,1066,1010
26190_NT_AL_AA.fasta.zip,186,454,454.0
26191_NT_AL_AA.fasta.zip,189,841,795
2619_NT_AL_AA.fasta.zip,158,380,336.0
26205_NT_AL_AA.fasta.zip,187,553,532
26206_NT_AL_AA.fasta.zip,188,760,422.0
26207_NT_AL_AA.fasta.zip,183,357,332
2620_NT_AL_AA.fasta.zip,185,316,312
2621_NT_AL_AA.fasta.zip,176,717,666.5
26224_NT_AL_AA.fasta.zip,190,437,428.0
26225_NT_AL_AA.fasta.zip,185,179,179
26227_NT_AL_AA.fasta.zip,172,536,533.0
26228_NT_AL_AA.fasta.zip,183,282,277
26229_NT_AL_AA.fasta.zip,185,339,335
2622_NT_AL_AA.fasta.zip,185,492,477
26230_NT_AL_AA.fasta.zip,176,1767,1658.0
26232_NT_AL_AA.fasta.zip,184,377,289.0
26233_NT_AL_AA.fasta.zip,179,545,493
26234_NT_AL_AA.fasta.zip,187,700,691
26235_NT_AL_AA.fasta.zip,188,625,621.0
2623_NT_AL_AA.fasta.zip,177,436,413
26248_NT_AL_AA.fasta.zip,167,311,309
26249_NT_AL_AA.fasta.zip,185,589,586
2624_NT_AL_AA.fasta.zip,184,491,479.0
26251_NT_AL_AA.fasta.zip,167,473,426
26254_NT_AL_AA.fasta.zip,170,350,326.0
26256_NT_AL_AA.fasta.zip,181,605,437
26257_NT_AL_AA.fasta.zip,175,263,234
26258_NT_AL_AA.fasta.zip,185,177,172
26259_NT_AL_AA.fasta.zip,184,611,588.0
2625_NT_AL_AA.fasta.zip,187,449,444
26260_NT_AL_AA.fasta.zip,179,367,361
26261_NT_AL_AA.fasta.zip,184,577,568.0
26262_NT_AL_AA.fasta.zip,186,276,270.0
26263_NT_AL_AA.fasta.zip,172,405,398.5
26266_NT_AL_AA.fasta.zip,189,645,624
26267_NT_AL_AA.fasta.zip,187,968,956
26268_NT_AL_AA.fasta.zip,183,451,435
26269_NT_AL_AA.fasta.zip,186,323,319.0
2626_NT_AL_AA.fasta.zip,187,456,442
26271_NT_AL_AA.fasta.zip,186,492,446.0
26272_NT_AL_AA.fasta.zip,182,397,385.0
26273_NT_AL_AA.fasta.zip,184,471,468.0
26275_NT_AL_AA.fasta.zip,182,381,378.0
26276_NT_AL_AA.fasta.zip,186,623,617.0
26277_NT_AL_AA.fasta.zip,185,456,427
26278_NT_AL_AA.fasta.zip,175,4608,4570
2627_NT_AL_AA.fasta.zip,176,680,592.0
26280_NT_AL_AA.fasta.zip,174,662,659.0
26281_NT_AL_AA.fasta.zip,183,216,211
26284_NT_AL_AA.fasta.zip,185,447,437
26285_NT_AL_AA.fasta.zip,174,225,224.0
26286_NT_AL_AA.fasta.zip,187,543,516
26287_NT_AL_AA.fasta.zip,187,351,330
26289_NT_AL_AA.fasta.zip,180,569,562.0
2628_NT_AL_AA.fasta.zip,186,428,423.0
26290_NT_AL_AA.fasta.zip,147,634,596
26291_NT_AL_AA.fasta.zip,183,221,209
26292_NT_AL_AA.fasta.zip,185,127,126
26297_NT_AL_AA.fasta.zip,188,450,428.0
26298_NT_AL_AA.fasta.zip,190,302,300.0
2629_NT_AL_AA.fasta.zip,179,541,536
262_NT_AL_AA.fasta.zip,182,341,334.0
26301_NT_AL_AA.fasta.zip,175,352,343
2631_NT_AL_AA.fasta.zip,181,298,286
2632_NT_AL_AA.fasta.zip,174,694,694.0
26330_NT_AL_AA.fasta.zip,182,466,382.0
26353_NT_AL_AA.fasta.zip,185,202,196
26354_NT_AL_AA.fasta.zip,189,576,532
26355_NT_AL_AA.fasta.zip,183,158,150
2636_NT_AL_AA.fasta.zip,167,394,360
2637_NT_AL_AA.fasta.zip,182,361,348.0
2638_NT_AL_AA.fasta.zip,189,483,474
2639_NT_AL_AA.fasta.zip,186,449,438.0
2641_NT_AL_AA.fasta.zip,188,180,180.0
2642_NT_AL_AA.fasta.zip,184,482,455.0
2643_NT_AL_AA.fasta.zip,186,258,249.0
2644_NT_AL_AA.fasta.zip,183,86,84
2645_NT_AL_AA.fasta.zip,182,450,449.0
26468_NT_AL_AA.fasta.zip,185,395,392
26469_NT_AL_AA.fasta.zip,164,499,424.5
2646_NT_AL_AA.fasta.zip,136,641,609.0
26470_NT_AL_AA.fasta.zip,187,940,919
26471_NT_AL_AA.fasta.zip,175,87,82
26472_NT_AL_AA.fasta.zip,162,149,147.0
2647_NT_AL_AA.fasta.zip,178,125,125.0
2648_NT_AL_AA.fasta.zip,186,853,837.0
26499_NT_AL_AA.fasta.zip,189,356,350
2649_NT_AL_AA.fasta.zip,177,489,479
26502_NT_AL_AA.fasta.zip,188,461,450.0
26503_NT_AL_AA.fasta.zip,185,499,495
26504_NT_AL_AA.fasta.zip,176,882,774.0
26505_NT_AL_AA.fasta.zip,176,840,704.0
26507_NT_AL_AA.fasta.zip,187,986,966
26508_NT_AL_AA.fasta.zip,186,337,328.0
26509_NT_AL_AA.fasta.zip,184,2106,2061.0
2650_NT_AL_AA.fasta.zip,187,433,428
26511_NT_AL_AA.fasta.zip,177,169,165
26512_NT_AL_AA.fasta.zip,185,898,887
26515_NT_AL_AA.fasta.zip,189,105,100
26517_NT_AL_AA.fasta.zip,183,99,95
26519_NT_AL_AA.fasta.zip,179,90,90
2651_NT_AL_AA.fasta.zip,53,616,384
26520_NT_AL_AA.fasta.zip,185,89,89
26521_NT_AL_AA.fasta.zip,186,83,83.0
26524_NT_AL_AA.fasta.zip,184,1167,1035.5
26525_NT_AL_AA.fasta.zip,157,154,154
26528_NT_AL_AA.fasta.zip,187,400,397
2652_NT_AL_AA.fasta.zip,9,345,345
2653_NT_AL_AA.fasta.zip,176,174,173.0
26548_NT_AL_AA.fasta.zip,179,357,348
26574_NT_AL_AA.fasta.zip,190,608,559.0
26575_NT_AL_AA.fasta.zip,187,213,209
26576_NT_AL_AA.fasta.zip,179,589,552
26577_NT_AL_AA.fasta.zip,183,424,415
26578_NT_AL_AA.fasta.zip,187,220,214
2657_NT_AL_AA.fasta.zip,164,402,355.0
26580_NT_AL_AA.fasta.zip,186,474,439.0
26585_NT_AL_AA.fasta.zip,186,184,184.0
26586_NT_AL_AA.fasta.zip,175,807,656
26589_NT_AL_AA.fasta.zip,187,288,278
2658_NT_AL_AA.fasta.zip,188,438,427.0
265_NT_AL_AA.fasta.zip,167,257,192
26608_NT_AL_AA.fasta.zip,190,455,446.0
2660_NT_AL_AA.fasta.zip,180,375,375.0
26610_NT_AL_AA.fasta.zip,187,438,420
2661_NT_AL_AA.fasta.zip,188,471,449.0
2662_NT_AL_AA.fasta.zip,183,511,477
2664_NT_AL_AA.fasta.zip,179,447,447
26658_NT_AL_AA.fasta.zip,53,312,312
2665_NT_AL_AA.fasta.zip,185,449,445
266655_NT_AL_AA.fasta.zip,114,85,84.0
266722_NT_AL_AA.fasta.zip,165,515,468
266727_NT_AL_AA.fasta.zip,184,989,955.0
266743_NT_AL_AA.fasta.zip,190,811,800.0
266812_NT_AL_AA.fasta.zip,159,220,175
2668_NT_AL_AA.fasta.zip,185,220,211
266977_NT_AL_AA.fasta.zip,188,920,896.5
2669_NT_AL_AA.fasta.zip,190,300,296.0
2670_NT_AL_AA.fasta.zip,186,495,470.0
2671_NT_AL_AA.fasta.zip,181,222,205
2672_NT_AL_AA.fasta.zip,186,452,417.0
2673_NT_AL_AA.fasta.zip,185,699,680
26747_NT_AL_AA.fasta.zip,185,513,487
2674_NT_AL_AA.fasta.zip,186,475,468.0
26750_NT_AL_AA.fasta.zip,184,1086,1058.0
26751_NT_AL_AA.fasta.zip,184,351,341.0
2675_NT_AL_AA.fasta.zip,185,535,464
2676_NT_AL_AA.fasta.zip,185,429,379
2677_NT_AL_AA.fasta.zip,188,769,758.0
2678_NT_AL_AA.fasta.zip,151,581,567
267_NT_AL_AA.fasta.zip,190,680,643.0
2681_NT_AL_AA.fasta.zip,85,413,366
2683_NT_AL_AA.fasta.zip,182,411,398.0
2686_NT_AL_AA.fasta.zip,187,663,660
26872_NT_AL_AA.fasta.zip,189,339,339
26873_NT_AL_AA.fasta.zip,178,1304,1289.0
2687_NT_AL_AA.fasta.zip,180,622,567.0
268_NT_AL_AA.fasta.zip,180,613,544.0
2690_NT_AL_AA.fasta.zip,186,656,634.0
2691_NT_AL_AA.fasta.zip,177,105,101
2692_NT_AL_AA.fasta.zip,187,458,417
2693_NT_AL_AA.fasta.zip,184,374,366.0
26953_NT_AL_AA.fasta.zip,178,1105,1105.0
26958_NT_AL_AA.fasta.zip,174,876,870.0
26959_NT_AL_AA.fasta.zip,189,531,521
2695_NT_AL_AA.fasta.zip,180,192,140.0
26960_NT_AL_AA.fasta.zip,167,3014,2943
2696_NT_AL_AA.fasta.zip,186,577,455.5
26973_NT_AL_AA.fasta.zip,175,335,332
2697_NT_AL_AA.fasta.zip,174,387,382.0
26984_NT_AL_AA.fasta.zip,184,307,307.0
26985_NT_AL_AA.fasta.zip,188,418,418.0
26986_NT_AL_AA.fasta.zip,185,644,634
26993_NT_AL_AA.fasta.zip,182,763,639.5
26994_NT_AL_AA.fasta.zip,181,157,154
26995_NT_AL_AA.fasta.zip,189,333,322
26996_NT_AL_AA.fasta.zip,187,342,337
26998_NT_AL_AA.fasta.zip,175,409,370
26999_NT_AL_AA.fasta.zip,181,1279,1278
269_NT_AL_AA.fasta.zip,183,557,512
27000_NT_AL_AA.fasta.zip,187,629,621
27005_NT_AL_AA.fasta.zip,185,576,565
27006_NT_AL_AA.fasta.zip,172,181,163.0
2700_NT_AL_AA.fasta.zip,170,470,393.0
27010_NT_AL_AA.fasta.zip,181,249,242
27012_NT_AL_AA.fasta.zip,185,510,501
27013_NT_AL_AA.fasta.zip,185,416,410
27018_NT_AL_AA.fasta.zip,156,115,112.0
27019_NT_AL_AA.fasta.zip,185,707,681
27020_NT_AL_AA.fasta.zip,181,404,397
27022_NT_AL_AA.fasta.zip,159,535,475
27023_NT_AL_AA.fasta.zip,183,340,325
2702_NT_AL_AA.fasta.zip,171,370,358
27030_NT_AL_AA.fasta.zip,185,1511,1448
27031_NT_AL_AA.fasta.zip,184,1358,1329.0
27032_NT_AL_AA.fasta.zip,188,960,950.0
27033_NT_AL_AA.fasta.zip,184,521,483.0
27034_NT_AL_AA.fasta.zip,188,394,384.0
27035_NT_AL_AA.fasta.zip,161,583,564
27037_NT_AL_AA.fasta.zip,183,614,587
27039_NT_AL_AA.fasta.zip,182,625,617.0
2703_NT_AL_AA.fasta.zip,172,467,440.0
27040_NT_AL_AA.fasta.zip,188,263,216.0
27042_NT_AL_AA.fasta.zip,185,806,752
27043_NT_AL_AA.fasta.zip,187,1272,1119
27044_NT_AL_AA.fasta.zip,185,912,909
2705_NT_AL_AA.fasta.zip,181,285,283
27063_NT_AL_AA.fasta.zip,189,319,317
27065_NT_AL_AA.fasta.zip,163,186,185
27067_NT_AL_AA.fasta.zip,179,611,605
27068_NT_AL_AA.fasta.zip,174,315,303.0
27069_NT_AL_AA.fasta.zip,187,352,345
2706_NT_AL_AA.fasta.zip,149,226,226
27071_NT_AL_AA.fasta.zip,179,282,280
27072_NT_AL_AA.fasta.zip,182,855,852.0
27074_NT_AL_AA.fasta.zip,184,478,394.5
27075_NT_AL_AA.fasta.zip,186,204,204.0
27076_NT_AL_AA.fasta.zip,186,401,336.0
27077_NT_AL_AA.fasta.zip,187,217,198
27079_NT_AL_AA.fasta.zip,189,572,538
2707_NT_AL_AA.fasta.zip,188,273,270.0
27085_NT_AL_AA.fasta.zip,184,933,899.0
27086_NT_AL_AA.fasta.zip,179,653,617
27087_NT_AL_AA.fasta.zip,188,356,347.0
27089_NT_AL_AA.fasta.zip,188,82,82.0
27090_NT_AL_AA.fasta.zip,188,309,298.0
27091_NT_AL_AA.fasta.zip,177,280,275
27092_NT_AL_AA.fasta.zip,181,328,325
27094_NT_AL_AA.fasta.zip,178,227,221.0
27095_NT_AL_AA.fasta.zip,187,180,180
27097_NT_AL_AA.fasta.zip,173,598,589
2709_NT_AL_AA.fasta.zip,178,277,273.0
270_NT_AL_AA.fasta.zip,186,753,747.0
27101_NT_AL_AA.fasta.zip,186,232,229.5
27102_NT_AL_AA.fasta.zip,188,644,606.0
27106_NT_AL_AA.fasta.zip,174,423,407.0
27107_NT_AL_AA.fasta.zip,188,1065,1049.0
27109_NT_AL_AA.fasta.zip,189,204,200
2710_NT_AL_AA.fasta.zip,174,593,583.5
27111_NT_AL_AA.fasta.zip,184,306,286.0
27112_NT_AL_AA.fasta.zip,162,499,470.0
27113_NT_AL_AA.fasta.zip,171,193,188
27115_NT_AL_AA.fasta.zip,187,515,495
27120_NT_AL_AA.fasta.zip,188,257,232.0
27121_NT_AL_AA.fasta.zip,173,228,221
27122_NT_AL_AA.fasta.zip,189,365,343
27123_NT_AL_AA.fasta.zip,176,260,259.0
27124_NT_AL_AA.fasta.zip,187,1083,988
27125_NT_AL_AA.fasta.zip,189,1189,1161
27127_NT_AL_AA.fasta.zip,180,1241,1234.0
27128_NT_AL_AA.fasta.zip,185,408,390
27129_NT_AL_AA.fasta.zip,186,176,169.0
2712_NT_AL_AA.fasta.zip,167,555,551
27130_NT_AL_AA.fasta.zip,185,1141,1050
27131_NT_AL_AA.fasta.zip,184,413,404.0
27132_NT_AL_AA.fasta.zip,168,605,525.0
27133_NT_AL_AA.fasta.zip,178,993,988.0
27134_NT_AL_AA.fasta.zip,186,999,896.0
27136_NT_AL_AA.fasta.zip,178,950,902.0
27141_NT_AL_AA.fasta.zip,188,233,219.0
27143_NT_AL_AA.fasta.zip,184,879,855.0
27145_NT_AL_AA.fasta.zip,184,1231,1213.0
27146_NT_AL_AA.fasta.zip,186,1122,1050.0
27147_NT_AL_AA.fasta.zip,180,1071,1001.5
27148_NT_AL_AA.fasta.zip,190,1348,1313.0
27152_NT_AL_AA.fasta.zip,181,969,936
27153_NT_AL_AA.fasta.zip,177,881,827
27154_NT_AL_AA.fasta.zip,189,1235,1203
27156_NT_AL_AA.fasta.zip,178,349,336.0
27158_NT_AL_AA.fasta.zip,182,603,592.0
27161_NT_AL_AA.fasta.zip,187,859,852
27164_NT_AL_AA.fasta.zip,178,1422,1290.5
27165_NT_AL_AA.fasta.zip,189,610,602
27166_NT_AL_AA.fasta.zip,183,221,219
27173_NT_AL_AA.fasta.zip,187,328,324
27177_NT_AL_AA.fasta.zip,89,140,139
2717_NT_AL_AA.fasta.zip,184,406,405.0
27183_NT_AL_AA.fasta.zip,187,438,436
27185_NT_AL_AA.fasta.zip,162,877,808.5
27189_NT_AL_AA.fasta.zip,174,205,195.0
27190_NT_AL_AA.fasta.zip,182,176,173.0
27197_NT_AL_AA.fasta.zip,182,344,334.0
27198_NT_AL_AA.fasta.zip,184,338,334.0
27199_NT_AL_AA.fasta.zip,188,344,335.0
2719_NT_AL_AA.fasta.zip,178,586,579.0
271_NT_AL_AA.fasta.zip,189,838,821
27202_NT_AL_AA.fasta.zip,171,349,337
2720_NT_AL_AA.fasta.zip,179,746,621
27229_NT_AL_AA.fasta.zip,187,671,664
27230_NT_AL_AA.fasta.zip,159,66,66
27232_NT_AL_AA.fasta.zip,170,297,295.0
27235_NT_AL_AA.fasta.zip,180,378,361.5
27236_NT_AL_AA.fasta.zip,187,376,373
27237_NT_AL_AA.fasta.zip,181,740,707
27239_NT_AL_AA.fasta.zip,182,608,588.0
27240_NT_AL_AA.fasta.zip,152,186,168.0
27241_NT_AL_AA.fasta.zip,154,891,887.0
27242_NT_AL_AA.fasta.zip,183,668,647
27243_NT_AL_AA.fasta.zip,186,226,222.0
27244_NT_AL_AA.fasta.zip,185,559,551
27245_NT_AL_AA.fasta.zip,186,1648,1595.0
27246_NT_AL_AA.fasta.zip,186,326,304.0
27247_NT_AL_AA.fasta.zip,182,265,244.0
27248_NT_AL_AA.fasta.zip,189,491,483
27249_NT_AL_AA.fasta.zip,185,298,296
27250_NT_AL_AA.fasta.zip,189,539,467
27252_NT_AL_AA.fasta.zip,174,609,609.0
27253_NT_AL_AA.fasta.zip,185,1169,1158
27254_NT_AL_AA.fasta.zip,185,156,153
27255_NT_AL_AA.fasta.zip,122,1026,1023.0
27257_NT_AL_AA.fasta.zip,184,133,133.0
27258_NT_AL_AA.fasta.zip,179,104,102
27283_NT_AL_AA.fasta.zip,181,486,475
27285_NT_AL_AA.fasta.zip,186,433,430.0
27286_NT_AL_AA.fasta.zip,185,469,465
27287_NT_AL_AA.fasta.zip,72,262,253.5
27288_NT_AL_AA.fasta.zip,151,435,389
27289_NT_AL_AA.fasta.zip,188,237,232.0
27290_NT_AL_AA.fasta.zip,158,89,86.0
27291_NT_AL_AA.fasta.zip,179,811,777
27292_NT_AL_AA.fasta.zip,186,317,313.0
27293_NT_AL_AA.fasta.zip,185,461,445
27294_NT_AL_AA.fasta.zip,172,345,333.0
27295_NT_AL_AA.fasta.zip,190,372,364.0
27296_NT_AL_AA.fasta.zip,182,324,219.0
27297_NT_AL_AA.fasta.zip,185,157,145
27299_NT_AL_AA.fasta.zip,178,463,447.0
2729_NT_AL_AA.fasta.zip,190,652,637.0
272_NT_AL_AA.fasta.zip,190,777,768.0
27301_NT_AL_AA.fasta.zip,184,528,514.0
27302_NT_AL_AA.fasta.zip,189,428,424
27303_NT_AL_AA.fasta.zip,150,433,428.0
27304_NT_AL_AA.fasta.zip,187,469,458
27306_NT_AL_AA.fasta.zip,188,200,199.0
27309_NT_AL_AA.fasta.zip,188,328,320.0
2730_NT_AL_AA.fasta.zip,185,276,274
27314_NT_AL_AA.fasta.zip,187,203,203
27315_NT_AL_AA.fasta.zip,189,324,310
27316_NT_AL_AA.fasta.zip,177,404,391
27319_NT_AL_AA.fasta.zip,156,430,363.0
2731_NT_AL_AA.fasta.zip,185,1039,1016
27324_NT_AL_AA.fasta.zip,183,613,568
27327_NT_AL_AA.fasta.zip,183,2028,1923
27329_NT_AL_AA.fasta.zip,186,469,460.0
27330_NT_AL_AA.fasta.zip,168,724,717.0
27332_NT_AL_AA.fasta.zip,178,2120,1964.0
27333_NT_AL_AA.fasta.zip,188,771,691.0
27334_NT_AL_AA.fasta.zip,76,328,327.0
27335_NT_AL_AA.fasta.zip,189,226,218
27336_NT_AL_AA.fasta.zip,187,936,749
27338_NT_AL_AA.fasta.zip,178,234,222.0
27339_NT_AL_AA.fasta.zip,178,506,504.0
2733_NT_AL_AA.fasta.zip,186,726,697.0
27340_NT_AL_AA.fasta.zip,181,2881,2777
27341_NT_AL_AA.fasta.zip,182,289,279.0
27342_NT_AL_AA.fasta.zip,169,502,492
27343_NT_AL_AA.fasta.zip,188,585,573.0
27344_NT_AL_AA.fasta.zip,166,277,260.0
27345_NT_AL_AA.fasta.zip,177,210,210
27346_NT_AL_AA.fasta.zip,186,175,174.0
27347_NT_AL_AA.fasta.zip,182,602,533.0
27348_NT_AL_AA.fasta.zip,170,326,324.0
27349_NT_AL_AA.fasta.zip,175,384,368
2734_NT_AL_AA.fasta.zip,186,1262,1177.0
27351_NT_AL_AA.fasta.zip,184,166,162.0
27352_NT_AL_AA.fasta.zip,90,764,749.0
2735_NT_AL_AA.fasta.zip,187,1150,1104
2736_NT_AL_AA.fasta.zip,185,1734,1543
2737_NT_AL_AA.fasta.zip,183,1667,1575
2738_NT_AL_AA.fasta.zip,131,406,365
2739_NT_AL_AA.fasta.zip,188,184,184.0
273_NT_AL_AA.fasta.zip,174,834,680.0
2740_NT_AL_AA.fasta.zip,184,466,461.0
2741_NT_AL_AA.fasta.zip,183,460,457
27429_NT_AL_AA.fasta.zip,185,478,458
2742_NT_AL_AA.fasta.zip,177,455,452
27430_NT_AL_AA.fasta.zip,185,334,334
27433_NT_AL_AA.fasta.zip,184,332,321.0
27434_NT_AL_AA.fasta.zip,186,513,478.5
27436_NT_AL_AA.fasta.zip,186,992,980.5
27439_NT_AL_AA.fasta.zip,158,663,570.0
2743_NT_AL_AA.fasta.zip,186,529,496.0
27440_NT_AL_AA.fasta.zip,183,408,384
27443_NT_AL_AA.fasta.zip,154,1535,1460.0
27445_NT_AL_AA.fasta.zip,168,5909,5062.5
2744_NT_AL_AA.fasta.zip,184,688,667.0
2745_NT_AL_AA.fasta.zip,185,107,106
2746_NT_AL_AA.fasta.zip,170,567,558.0
274_NT_AL_AA.fasta.zip,185,610,588
2752_NT_AL_AA.fasta.zip,182,373,373.0
275_NT_AL_AA.fasta.zip,189,410,403
2760_NT_AL_AA.fasta.zip,185,201,186
2762_NT_AL_AA.fasta.zip,169,381,372
2764_NT_AL_AA.fasta.zip,184,143,143.0
2766_NT_AL_AA.fasta.zip,188,352,345.0
2767_NT_AL_AA.fasta.zip,175,364,358
2768_NT_AL_AA.fasta.zip,164,388,378.0
2769_NT_AL_AA.fasta.zip,181,377,374
2770_NT_AL_AA.fasta.zip,181,355,354
2771_NT_AL_AA.fasta.zip,189,356,355
2773_NT_AL_AA.fasta.zip,190,354,354.0
2774_NT_AL_AA.fasta.zip,182,364,363.0
2775_NT_AL_AA.fasta.zip,157,355,354
2776_NT_AL_AA.fasta.zip,118,359,359.0
2779_NT_AL_AA.fasta.zip,183,358,350
2780_NT_AL_AA.fasta.zip,187,354,354
2781_NT_AL_AA.fasta.zip,186,406,355.0
2782_NT_AL_AA.fasta.zip,186,340,340.0
2783_NT_AL_AA.fasta.zip,182,340,340.0
2784_NT_AL_AA.fasta.zip,184,342,340.0
2785_NT_AL_AA.fasta.zip,169,76,75
2786_NT_AL_AA.fasta.zip,171,77,75
2787_NT_AL_AA.fasta.zip,173,68,68
2788_NT_AL_AA.fasta.zip,156,68,68.0
2790_NT_AL_AA.fasta.zip,153,76,68
2791_NT_AL_AA.fasta.zip,155,73,73
2792_NT_AL_AA.fasta.zip,165,74,74
2793_NT_AL_AA.fasta.zip,171,69,69
2794_NT_AL_AA.fasta.zip,182,614,607.0
2796_NT_AL_AA.fasta.zip,185,92,92
2798_NT_AL_AA.fasta.zip,187,333,328
2799_NT_AL_AA.fasta.zip,185,567,551
27_NT_AL_AA.fasta.zip,184,1201,1180.0
2800_NT_AL_AA.fasta.zip,189,777,758
2802_NT_AL_AA.fasta.zip,188,1521,1478.5
2803_NT_AL_AA.fasta.zip,185,2354,2275
2804_NT_AL_AA.fasta.zip,186,4461,3248.0
2805_NT_AL_AA.fasta.zip,177,413,413
280636_NT_AL_AA.fasta.zip,178,127,122.0
2806_NT_AL_AA.fasta.zip,187,435,430
2810_NT_AL_AA.fasta.zip,185,252,248
2811_NT_AL_AA.fasta.zip,178,1083,575.5
2813_NT_AL_AA.fasta.zip,161,554,514
2815_NT_AL_AA.fasta.zip,172,177,174.0
2817_NT_AL_AA.fasta.zip,183,578,558
2819_NT_AL_AA.fasta.zip,187,354,349
2820_NT_AL_AA.fasta.zip,188,728,727.0
2821_NT_AL_AA.fasta.zip,187,557,557
2822_NT_AL_AA.fasta.zip,189,854,835
28231_NT_AL_AA.fasta.zip,184,819,700.0
28232_NT_AL_AA.fasta.zip,177,718,710
28234_NT_AL_AA.fasta.zip,82,751,680.0
2823_NT_AL_AA.fasta.zip,170,268,268.0
2824_NT_AL_AA.fasta.zip,183,328,328
2825_NT_AL_AA.fasta.zip,188,357,355.0
282679_NT_AL_AA.fasta.zip,185,273,269
2826_NT_AL_AA.fasta.zip,178,370,355.0
2827_NT_AL_AA.fasta.zip,188,336,330.0
282809_NT_AL_AA.fasta.zip,173,480,474
2828_NT_AL_AA.fasta.zip,113,370,362
282966_NT_AL_AA.fasta.zip,188,96,93.0
282969_NT_AL_AA.fasta.zip,156,149,148.0
282973_NT_AL_AA.fasta.zip,184,845,832.0
282974_NT_AL_AA.fasta.zip,178,430,414.0
282991_NT_AL_AA.fasta.zip,183,147,142
282996_NT_AL_AA.fasta.zip,186,1295,1195.0
2829_NT_AL_AA.fasta.zip,187,345,331
2830_NT_AL_AA.fasta.zip,188,381,363.0
283130_NT_AL_AA.fasta.zip,187,286,280
283149_NT_AL_AA.fasta.zip,186,1552,1496.0
283150_NT_AL_AA.fasta.zip,177,318,280
283152_NT_AL_AA.fasta.zip,178,215,201.0
28316_NT_AL_AA.fasta.zip,188,818,799.0
2831_NT_AL_AA.fasta.zip,171,334,328
283208_NT_AL_AA.fasta.zip,176,586,542.0
283209_NT_AL_AA.fasta.zip,188,625,621.0
283212_NT_AL_AA.fasta.zip,177,617,574
283219_NT_AL_AA.fasta.zip,186,261,260.0
283229_NT_AL_AA.fasta.zip,174,434,385.0
283232_NT_AL_AA.fasta.zip,162,132,132.0
283234_NT_AL_AA.fasta.zip,181,1569,1426
283237_NT_AL_AA.fasta.zip,184,171,171.0
283248_NT_AL_AA.fasta.zip,183,548,523
283254_NT_AL_AA.fasta.zip,189,350,349
283284_NT_AL_AA.fasta.zip,159,1392,1296
283297_NT_AL_AA.fasta.zip,140,317,315.0
283298_NT_AL_AA.fasta.zip,176,403,401.0
283310_NT_AL_AA.fasta.zip,181,2436,2321
283337_NT_AL_AA.fasta.zip,181,201,191
283349_NT_AL_AA.fasta.zip,184,233,229.0
283358_NT_AL_AA.fasta.zip,183,1038,985
283373_NT_AL_AA.fasta.zip,186,1080,1075.0
283375_NT_AL_AA.fasta.zip,173,552,539
283377_NT_AL_AA.fasta.zip,188,209,207.0
283383_NT_AL_AA.fasta.zip,176,932,872.5
283385_NT_AL_AA.fasta.zip,188,239,238.0
2833_NT_AL_AA.fasta.zip,180,376,364.0
283417_NT_AL_AA.fasta.zip,129,786,766
283431_NT_AL_AA.fasta.zip,187,711,682
283446_NT_AL_AA.fasta.zip,187,1019,1016
283450_NT_AL_AA.fasta.zip,188,4456,4422.5
283455_NT_AL_AA.fasta.zip,180,970,947.0
283459_NT_AL_AA.fasta.zip,183,131,122
283461_NT_AL_AA.fasta.zip,166,665,600.0
283464_NT_AL_AA.fasta.zip,182,452,440.0
283471_NT_AL_AA.fasta.zip,172,357,311.0
283489_NT_AL_AA.fasta.zip,184,1059,810.0
2834_NT_AL_AA.fasta.zip,181,379,370
283514_NT_AL_AA.fasta.zip,183,282,267
283518_NT_AL_AA.fasta.zip,186,289,271.0
283537_NT_AL_AA.fasta.zip,189,464,460
283554_NT_AL_AA.fasta.zip,181,425,410
283571_NT_AL_AA.fasta.zip,184,642,592.0
283576_NT_AL_AA.fasta.zip,189,265,263
283578_NT_AL_AA.fasta.zip,188,311,301.0
2835_NT_AL_AA.fasta.zip,172,339,334.0
283600_NT_AL_AA.fasta.zip,183,336,301
283629_NT_AL_AA.fasta.zip,190,360,338.0
283635_NT_AL_AA.fasta.zip,162,224,212.0
283638_NT_AL_AA.fasta.zip,183,2054,1554
283643_NT_AL_AA.fasta.zip,171,468,387
283652_NT_AL_AA.fasta.zip,188,506,501.0
283659_NT_AL_AA.fasta.zip,173,1219,1195
283677_NT_AL_AA.fasta.zip,183,273,251
283726_NT_AL_AA.fasta.zip,152,473,454.0
283742_NT_AL_AA.fasta.zip,180,468,419.0
283748_NT_AL_AA.fasta.zip,186,827,800.0
2837_NT_AL_AA.fasta.zip,178,382,354.0
283807_NT_AL_AA.fasta.zip,177,211,207
283847_NT_AL_AA.fasta.zip,188,740,723.0
283849_NT_AL_AA.fasta.zip,183,764,743
283869_NT_AL_AA.fasta.zip,106,152,128.0
283870_NT_AL_AA.fasta.zip,183,208,198
283871_NT_AL_AA.fasta.zip,174,326,321.0
283897_NT_AL_AA.fasta.zip,185,272,224
283899_NT_AL_AA.fasta.zip,188,254,244.0
2838_NT_AL_AA.fasta.zip,188,369,360.0
283927_NT_AL_AA.fasta.zip,189,241,231
283951_NT_AL_AA.fasta.zip,180,146,132.0
283953_NT_AL_AA.fasta.zip,180,226,222.0
283985_NT_AL_AA.fasta.zip,173,330,329
283987_NT_AL_AA.fasta.zip,188,796,786.0
283989_NT_AL_AA.fasta.zip,184,542,517.0
283991_NT_AL_AA.fasta.zip,178,176,164.0
283999_NT_AL_AA.fasta.zip,138,211,186.5
284001_NT_AL_AA.fasta.zip,177,1062,867
284004_NT_AL_AA.fasta.zip,186,475,467.0
284013_NT_AL_AA.fasta.zip,185,212,196
284018_NT_AL_AA.fasta.zip,117,100,97
284021_NT_AL_AA.fasta.zip,174,477,304.0
284023_NT_AL_AA.fasta.zip,132,199,186.0
284040_NT_AL_AA.fasta.zip,173,145,139
284058_NT_AL_AA.fasta.zip,184,1132,1103.0
284067_NT_AL_AA.fasta.zip,185,157,157
284069_NT_AL_AA.fasta.zip,166,869,816.0
284071_NT_AL_AA.fasta.zip,184,954,936.0
284076_NT_AL_AA.fasta.zip,184,745,703.5
284086_NT_AL_AA.fasta.zip,187,706,693
284098_NT_AL_AA.fasta.zip,188,513,501.0
284099_NT_AL_AA.fasta.zip,175,314,263
2840_NT_AL_AA.fasta.zip,187,343,339
284111_NT_AL_AA.fasta.zip,186,587,565.0
284114_NT_AL_AA.fasta.zip,179,524,508
284119_NT_AL_AA.fasta.zip,182,407,386.0
284129_NT_AL_AA.fasta.zip,183,667,589
284131_NT_AL_AA.fasta.zip,171,295,272
284161_NT_AL_AA.fasta.zip,190,315,314.0
284184_NT_AL_AA.fasta.zip,163,70,68
2841_NT_AL_AA.fasta.zip,186,337,331.0
284207_NT_AL_AA.fasta.zip,180,333,289.0
284217_NT_AL_AA.fasta.zip,184,3080,3054.0
284252_NT_AL_AA.fasta.zip,176,913,854.0
284254_NT_AL_AA.fasta.zip,17,174,165
284266_NT_AL_AA.fasta.zip,172,339,316.5
284273_NT_AL_AA.fasta.zip,181,381,377
284297_NT_AL_AA.fasta.zip,172,2158,1421.5
2842_NT_AL_AA.fasta.zip,184,418,415.0
284325_NT_AL_AA.fasta.zip,187,377,345
284338_NT_AL_AA.fasta.zip,189,389,354
284339_NT_AL_AA.fasta.zip,180,568,502.0
284340_NT_AL_AA.fasta.zip,174,130,119.0
284346_NT_AL_AA.fasta.zip,168,253,241.0
284348_NT_AL_AA.fasta.zip,183,245,231
284352_NT_AL_AA.fasta.zip,87,759,674
284353_NT_AL_AA.fasta.zip,177,847,762
284358_NT_AL_AA.fasta.zip,176,517,393.0
284359_NT_AL_AA.fasta.zip,169,325,289
284361_NT_AL_AA.fasta.zip,178,258,258.0
284366_NT_AL_AA.fasta.zip,143,253,251
284382_NT_AL_AA.fasta.zip,170,411,403.0
2843_NT_AL_AA.fasta.zip,185,373,355
284403_NT_AL_AA.fasta.zip,184,1661,1504.0
284417_NT_AL_AA.fasta.zip,184,220,216.0
284418_NT_AL_AA.fasta.zip,170,1434,741.0
284427_NT_AL_AA.fasta.zip,173,326,313
284434_NT_AL_AA.fasta.zip,182,1618,1535.5
284439_NT_AL_AA.fasta.zip,184,323,318.0
284451_NT_AL_AA.fasta.zip,178,275,269.0
284467_NT_AL_AA.fasta.zip,181,134,131
284485_NT_AL_AA.fasta.zip,181,93,90
284486_NT_AL_AA.fasta.zip,183,243,240
284498_NT_AL_AA.fasta.zip,148,1841,1127.0
2844_NT_AL_AA.fasta.zip,183,355,349
284525_NT_AL_AA.fasta.zip,182,1101,1081.0
284546_NT_AL_AA.fasta.zip,168,230,211.0
2845_NT_AL_AA.fasta.zip,187,436,433
284611_NT_AL_AA.fasta.zip,182,362,357.0
284612_NT_AL_AA.fasta.zip,189,284,261
284613_NT_AL_AA.fasta.zip,186,223,223.0
284615_NT_AL_AA.fasta.zip,178,540,496.0
284654_NT_AL_AA.fasta.zip,187,282,262
284656_NT_AL_AA.fasta.zip,173,1076,1007
284680_NT_AL_AA.fasta.zip,185,276,243
284695_NT_AL_AA.fasta.zip,173,682,573
284697_NT_AL_AA.fasta.zip,129,1850,1752
2846_NT_AL_AA.fasta.zip,169,370,370
284716_NT_AL_AA.fasta.zip,183,393,391
284723_NT_AL_AA.fasta.zip,185,309,303
284739_NT_AL_AA.fasta.zip,130,205,175.0
2847_NT_AL_AA.fasta.zip,188,364,353.0
284948_NT_AL_AA.fasta.zip,164,209,191.0
284992_NT_AL_AA.fasta.zip,181,1093,1070
284996_NT_AL_AA.fasta.zip,178,416,384.0
2849_NT_AL_AA.fasta.zip,171,344,337
284_NT_AL_AA.fasta.zip,181,501,498
285016_NT_AL_AA.fasta.zip,163,160,149
285025_NT_AL_AA.fasta.zip,170,1539,1515.0
285051_NT_AL_AA.fasta.zip,184,222,219.0
2850_NT_AL_AA.fasta.zip,155,390,376
28511_NT_AL_AA.fasta.zip,188,191,191.0
285126_NT_AL_AA.fasta.zip,180,169,156.0
28512_NT_AL_AA.fasta.zip,175,194,192
28513_NT_AL_AA.fasta.zip,185,801,767
285141_NT_AL_AA.fasta.zip,152,190,174.0
285148_NT_AL_AA.fasta.zip,184,263,247.0
28514_NT_AL_AA.fasta.zip,184,752,721.0
285172_NT_AL_AA.fasta.zip,184,593,586.0
285175_NT_AL_AA.fasta.zip,189,3388,3320
285180_NT_AL_AA.fasta.zip,178,592,558.5
285193_NT_AL_AA.fasta.zip,149,148,148
285195_NT_AL_AA.fasta.zip,175,652,642
285203_NT_AL_AA.fasta.zip,184,537,527.0
285220_NT_AL_AA.fasta.zip,166,1149,1128.0
285237_NT_AL_AA.fasta.zip,187,336,326
285282_NT_AL_AA.fasta.zip,186,237,236.0
2852_NT_AL_AA.fasta.zip,179,356,351
285313_NT_AL_AA.fasta.zip,183,2701,2606
285315_NT_AL_AA.fasta.zip,188,282,271.0
285331_NT_AL_AA.fasta.zip,187,1034,940
285335_NT_AL_AA.fasta.zip,183,1113,1077
285343_NT_AL_AA.fasta.zip,182,502,493.0
285349_NT_AL_AA.fasta.zip,108,354,331.0
285362_NT_AL_AA.fasta.zip,166,401,371.0
285367_NT_AL_AA.fasta.zip,185,346,338
285368_NT_AL_AA.fasta.zip,183,1054,969
285381_NT_AL_AA.fasta.zip,184,84,82.0
285382_NT_AL_AA.fasta.zip,182,249,248.0
285386_NT_AL_AA.fasta.zip,187,291,278
2853_NT_AL_AA.fasta.zip,156,322,309.0
285423_NT_AL_AA.fasta.zip,139,492,441
285440_NT_AL_AA.fasta.zip,180,532,522.0
285489_NT_AL_AA.fasta.zip,179,502,457
285498_NT_AL_AA.fasta.zip,169,283,246
285513_NT_AL_AA.fasta.zip,184,818,768.0
285521_NT_AL_AA.fasta.zip,189,346,331
285525_NT_AL_AA.fasta.zip,186,255,253.0
285527_NT_AL_AA.fasta.zip,185,3149,3027
285555_NT_AL_AA.fasta.zip,162,526,433.0
285556_NT_AL_AA.fasta.zip,159,1995,1777
285588_NT_AL_AA.fasta.zip,182,180,179.0
285590_NT_AL_AA.fasta.zip,188,952,907.0
285598_NT_AL_AA.fasta.zip,173,249,243
285600_NT_AL_AA.fasta.zip,185,1276,1255
285601_NT_AL_AA.fasta.zip,179,477,421
285605_NT_AL_AA.fasta.zip,180,314,297.0
285613_NT_AL_AA.fasta.zip,188,312,297.0
285636_NT_AL_AA.fasta.zip,176,304,293.0
285641_NT_AL_AA.fasta.zip,103,473,467
285671_NT_AL_AA.fasta.zip,184,610,585.0
285672_NT_AL_AA.fasta.zip,178,161,155.0
285676_NT_AL_AA.fasta.zip,133,589,512
2856_NT_AL_AA.fasta.zip,184,346,339.0
285704_NT_AL_AA.fasta.zip,173,514,476
285753_NT_AL_AA.fasta.zip,189,491,474
285755_NT_AL_AA.fasta.zip,186,293,290.0
285761_NT_AL_AA.fasta.zip,183,723,657
285782_NT_AL_AA.fasta.zip,179,813,723
2857_NT_AL_AA.fasta.zip,179,383,368
285800_NT_AL_AA.fasta.zip,120,333,254.5
285848_NT_AL_AA.fasta.zip,185,569,497
285855_NT_AL_AA.fasta.zip,187,247,247
285888_NT_AL_AA.fasta.zip,161,95,94
285966_NT_AL_AA.fasta.zip,95,919,912
285971_NT_AL_AA.fasta.zip,173,737,454
285973_NT_AL_AA.fasta.zip,185,976,916
2859_NT_AL_AA.fasta.zip,146,297,277.0
285_NT_AL_AA.fasta.zip,171,500,495
286006_NT_AL_AA.fasta.zip,182,137,128.0
286053_NT_AL_AA.fasta.zip,184,258,245.0
286077_NT_AL_AA.fasta.zip,182,1442,1165.5
286097_NT_AL_AA.fasta.zip,183,559,529
286128_NT_AL_AA.fasta.zip,128,202,197.0
286133_NT_AL_AA.fasta.zip,182,501,491.0
286144_NT_AL_AA.fasta.zip,180,85,83.0
286148_NT_AL_AA.fasta.zip,187,725,716
286151_NT_AL_AA.fasta.zip,180,700,671.0
286183_NT_AL_AA.fasta.zip,164,189,186.0
286187_NT_AL_AA.fasta.zip,177,282,278
2861_NT_AL_AA.fasta.zip,188,651,606.0
286204_NT_AL_AA.fasta.zip,186,1412,1269.5
286205_NT_AL_AA.fasta.zip,185,611,603
286207_NT_AL_AA.fasta.zip,181,532,499
286256_NT_AL_AA.fasta.zip,36,151,145.0
286257_NT_AL_AA.fasta.zip,178,219,189.0
286262_NT_AL_AA.fasta.zip,173,867,679
286319_NT_AL_AA.fasta.zip,154,251,200.0
286336_NT_AL_AA.fasta.zip,187,283,283
286343_NT_AL_AA.fasta.zip,188,249,225.0
2863_NT_AL_AA.fasta.zip,169,483,452
286410_NT_AL_AA.fasta.zip,177,1123,1120
286451_NT_AL_AA.fasta.zip,174,238,236.0
286464_NT_AL_AA.fasta.zip,156,3459,3009.5
2864_NT_AL_AA.fasta.zip,181,304,300
2865_NT_AL_AA.fasta.zip,136,313,306.0
286676_NT_AL_AA.fasta.zip,190,585,526.5
286753_NT_AL_AA.fasta.zip,177,187,174
2867_NT_AL_AA.fasta.zip,131,337,329
286826_NT_AL_AA.fasta.zip,173,559,557
286827_NT_AL_AA.fasta.zip,186,408,403.0
2868_NT_AL_AA.fasta.zip,177,555,525
2869_NT_AL_AA.fasta.zip,187,596,589
286_NT_AL_AA.fasta.zip,173,2031,1847
287015_NT_AL_AA.fasta.zip,188,749,723.0
2870_NT_AL_AA.fasta.zip,190,584,576.0
2872_NT_AL_AA.fasta.zip,186,492,461.0
2873_NT_AL_AA.fasta.zip,181,527,520
2874_NT_AL_AA.fasta.zip,187,343,326
2875_NT_AL_AA.fasta.zip,178,497,493.0
2876_NT_AL_AA.fasta.zip,184,214,199.0
2877_NT_AL_AA.fasta.zip,189,190,190
2878_NT_AL_AA.fasta.zip,188,229,226.0
2879_NT_AL_AA.fasta.zip,120,174,169.0
287_NT_AL_AA.fasta.zip,167,4390,4050
2880_NT_AL_AA.fasta.zip,108,226,221.0
2882_NT_AL_AA.fasta.zip,183,189,184
2885_NT_AL_AA.fasta.zip,189,217,217
2886_NT_AL_AA.fasta.zip,188,553,529.0
2887_NT_AL_AA.fasta.zip,184,577,531.0
2888_NT_AL_AA.fasta.zip,186,550,537.0
2889_NT_AL_AA.fasta.zip,187,1277,1236
288_NT_AL_AA.fasta.zip,186,4515,4342.5
2890_NT_AL_AA.fasta.zip,182,909,906.0
2891_NT_AL_AA.fasta.zip,185,937,936
2892_NT_AL_AA.fasta.zip,171,932,894
2893_NT_AL_AA.fasta.zip,178,942,900.0
2894_NT_AL_AA.fasta.zip,178,1014,1009.0
28951_NT_AL_AA.fasta.zip,186,348,343.0
28952_NT_AL_AA.fasta.zip,184,633,626.0
28954_NT_AL_AA.fasta.zip,184,309,298.0
28956_NT_AL_AA.fasta.zip,188,128,125.0
28957_NT_AL_AA.fasta.zip,155,190,185
28958_NT_AL_AA.fasta.zip,188,110,106.0
28959_NT_AL_AA.fasta.zip,178,282,255.0
2895_NT_AL_AA.fasta.zip,173,1009,1007
28960_NT_AL_AA.fasta.zip,180,350,337.0
28962_NT_AL_AA.fasta.zip,187,342,327
28964_NT_AL_AA.fasta.zip,185,787,768
28965_NT_AL_AA.fasta.zip,170,622,619.0
28966_NT_AL_AA.fasta.zip,185,181,168
28968_NT_AL_AA.fasta.zip,113,659,628
28969_NT_AL_AA.fasta.zip,186,416,416.0
2896_NT_AL_AA.fasta.zip,189,733,587
28970_NT_AL_AA.fasta.zip,187,317,315
28971_NT_AL_AA.fasta.zip,184,125,122.0
28972_NT_AL_AA.fasta.zip,182,202,140.5
28973_NT_AL_AA.fasta.zip,188,281,257.0
28974_NT_AL_AA.fasta.zip,186,99,91.0
28976_NT_AL_AA.fasta.zip,182,619,612.0
28977_NT_AL_AA.fasta.zip,187,149,141
28978_NT_AL_AA.fasta.zip,182,99,99.0
2897_NT_AL_AA.fasta.zip,170,949,949.0
28981_NT_AL_AA.fasta.zip,189,682,675
28982_NT_AL_AA.fasta.zip,184,574,554.0
28984_NT_AL_AA.fasta.zip,180,140,132.0
28985_NT_AL_AA.fasta.zip,175,180,177
28987_NT_AL_AA.fasta.zip,187,424,411
28988_NT_AL_AA.fasta.zip,189,463,418
28989_NT_AL_AA.fasta.zip,183,223,223
2898_NT_AL_AA.fasta.zip,166,911,908.0
28990_NT_AL_AA.fasta.zip,187,505,503
28991_NT_AL_AA.fasta.zip,179,224,224
28992_NT_AL_AA.fasta.zip,184,344,324.0
28996_NT_AL_AA.fasta.zip,177,1265,1182
28998_NT_AL_AA.fasta.zip,186,178,178.0
28999_NT_AL_AA.fasta.zip,186,432,414.0
2899_NT_AL_AA.fasta.zip,186,914,911.0
28_NT_AL_AA.fasta.zip,39,281,281
2900_NT_AL_AA.fasta.zip,184,967,956.0
29015_NT_AL_AA.fasta.zip,180,506,472.0
2901_NT_AL_AA.fasta.zip,184,990,979.0
29028_NT_AL_AA.fasta.zip,188,1446,1367.0
2902_NT_AL_AA.fasta.zip,182,958,941.0
29035_NT_AL_AA.fasta.zip,147,278,275
2903_NT_AL_AA.fasta.zip,179,1487,1464
2904_NT_AL_AA.fasta.zip,181,1514,1482
29058_NT_AL_AA.fasta.zip,187,121,120
2905_NT_AL_AA.fasta.zip,185,1275,1215
29062_NT_AL_AA.fasta.zip,179,767,746
29063_NT_AL_AA.fasta.zip,186,523,510.0
29066_NT_AL_AA.fasta.zip,190,992,971.0
29068_NT_AL_AA.fasta.zip,188,619,616.0
2906_NT_AL_AA.fasta.zip,164,1423,1324.5
29070_NT_AL_AA.fasta.zip,188,379,374.0
29071_NT_AL_AA.fasta.zip,180,319,318.0
29072_NT_AL_AA.fasta.zip,186,2628,2556.5
29074_NT_AL_AA.fasta.zip,186,182,179.0
29078_NT_AL_AA.fasta.zip,186,206,175.0
29079_NT_AL_AA.fasta.zip,185,275,269
2907_NT_AL_AA.fasta.zip,185,402,359
29080_NT_AL_AA.fasta.zip,175,252,241
29081_NT_AL_AA.fasta.zip,188,214,209.0
29083_NT_AL_AA.fasta.zip,189,285,274
29085_NT_AL_AA.fasta.zip,171,128,125
29086_NT_AL_AA.fasta.zip,188,361,332.0
29087_NT_AL_AA.fasta.zip,188,230,217.0
29088_NT_AL_AA.fasta.zip,185,300,296
29089_NT_AL_AA.fasta.zip,179,199,195
2908_NT_AL_AA.fasta.zip,188,804,777.0
29090_NT_AL_AA.fasta.zip,188,252,244.0
29091_NT_AL_AA.fasta.zip,183,213,210
29093_NT_AL_AA.fasta.zip,183,209,207
29094_NT_AL_AA.fasta.zip,185,175,172
29095_NT_AL_AA.fasta.zip,184,153,153.0
29097_NT_AL_AA.fasta.zip,184,143,139.0
29098_NT_AL_AA.fasta.zip,186,190,186.0
29099_NT_AL_AA.fasta.zip,187,203,197
2909_NT_AL_AA.fasta.zip,184,1511,1500.0
290_NT_AL_AA.fasta.zip,185,1009,946
29100_NT_AL_AA.fasta.zip,187,175,173
29101_NT_AL_AA.fasta.zip,174,194,194.0
29102_NT_AL_AA.fasta.zip,184,1424,1372.0
29103_NT_AL_AA.fasta.zip,180,156,148.0
29104_NT_AL_AA.fasta.zip,185,220,214
29105_NT_AL_AA.fasta.zip,188,193,193.0
29106_NT_AL_AA.fasta.zip,188,551,467.0
29107_NT_AL_AA.fasta.zip,143,140,140
29109_NT_AL_AA.fasta.zip,188,1390,1172.5
29110_NT_AL_AA.fasta.zip,187,731,729
29113_NT_AL_AA.fasta.zip,169,539,285
29114_NT_AL_AA.fasta.zip,185,199,199
29115_NT_AL_AA.fasta.zip,190,314,306.0
29116_NT_AL_AA.fasta.zip,188,446,445.0
29117_NT_AL_AA.fasta.zip,174,661,649.0
29118_NT_AL_AA.fasta.zip,187,487,483
29119_NT_AL_AA.fasta.zip,172,895,895.0
2911_NT_AL_AA.fasta.zip,178,1241,1187.0
29122_NT_AL_AA.fasta.zip,140,356,320.0
29123_NT_AL_AA.fasta.zip,185,2813,2620
29126_NT_AL_AA.fasta.zip,184,291,280.5
29127_NT_AL_AA.fasta.zip,189,644,631
29128_NT_AL_AA.fasta.zip,115,818,747
2912_NT_AL_AA.fasta.zip,175,881,872
2913_NT_AL_AA.fasta.zip,181,881,878
2914_NT_AL_AA.fasta.zip,186,930,911.0
2915_NT_AL_AA.fasta.zip,176,1253,1195.0
2916_NT_AL_AA.fasta.zip,175,879,857
2917_NT_AL_AA.fasta.zip,171,925,922
2918_NT_AL_AA.fasta.zip,171,1221,905
291_NT_AL_AA.fasta.zip,187,299,298
2922_NT_AL_AA.fasta.zip,180,134,121.0
2923_NT_AL_AA.fasta.zip,185,516,505
2925_NT_AL_AA.fasta.zip,185,387,384
2926_NT_AL_AA.fasta.zip,185,499,477
2928_NT_AL_AA.fasta.zip,152,220,198.0
292_NT_AL_AA.fasta.zip,165,300,298
2931_NT_AL_AA.fasta.zip,176,509,481.0
2932_NT_AL_AA.fasta.zip,188,439,433.0
2934_NT_AL_AA.fasta.zip,184,804,771.0
2935_NT_AL_AA.fasta.zip,187,678,634
2936_NT_AL_AA.fasta.zip,184,489,476.0
2937_NT_AL_AA.fasta.zip,187,479,474
2954_NT_AL_AA.fasta.zip,189,224,216
2956_NT_AL_AA.fasta.zip,188,1416,1354.0
2957_NT_AL_AA.fasta.zip,187,393,376
2958_NT_AL_AA.fasta.zip,188,109,109.0
2959_NT_AL_AA.fasta.zip,188,319,316.0
2960_NT_AL_AA.fasta.zip,188,449,438.0
2961_NT_AL_AA.fasta.zip,186,302,291.0
2962_NT_AL_AA.fasta.zip,185,554,516
2963_NT_AL_AA.fasta.zip,187,251,249
2965_NT_AL_AA.fasta.zip,190,553,548.0
2967_NT_AL_AA.fasta.zip,189,310,308
2969_NT_AL_AA.fasta.zip,173,1104,996
2971_NT_AL_AA.fasta.zip,166,369,357.0
2972_NT_AL_AA.fasta.zip,186,702,644.0
2975_NT_AL_AA.fasta.zip,185,2204,2081
29760_NT_AL_AA.fasta.zip,189,476,454
29761_NT_AL_AA.fasta.zip,186,1135,1120.0
29763_NT_AL_AA.fasta.zip,189,434,424
29765_NT_AL_AA.fasta.zip,184,345,345.0
29766_NT_AL_AA.fasta.zip,180,353,352.0
29767_NT_AL_AA.fasta.zip,184,352,351.0
2976_NT_AL_AA.fasta.zip,184,934,910.0
29775_NT_AL_AA.fasta.zip,168,1075,1017.0
29777_NT_AL_AA.fasta.zip,179,286,262
2977_NT_AL_AA.fasta.zip,169,779,715
29780_NT_AL_AA.fasta.zip,179,366,347
29781_NT_AL_AA.fasta.zip,186,723,595.0
29785_NT_AL_AA.fasta.zip,162,518,490.0
29789_NT_AL_AA.fasta.zip,187,400,396
29796_NT_AL_AA.fasta.zip,183,65,63
29799_NT_AL_AA.fasta.zip,165,119,119
2979_NT_AL_AA.fasta.zip,180,206,200.0
29800_NT_AL_AA.fasta.zip,181,509,473
29801_NT_AL_AA.fasta.zip,184,814,770.0
29802_NT_AL_AA.fasta.zip,175,121,119
29803_NT_AL_AA.fasta.zip,179,754,605
2980_NT_AL_AA.fasta.zip,185,121,106
2981_NT_AL_AA.fasta.zip,186,124,112.0
2982_NT_AL_AA.fasta.zip,188,697,690.0
2983_NT_AL_AA.fasta.zip,184,622,619.0
29841_NT_AL_AA.fasta.zip,168,639,622.5
29842_NT_AL_AA.fasta.zip,185,483,473
29843_NT_AL_AA.fasta.zip,185,672,653
29844_NT_AL_AA.fasta.zip,181,269,251
2984_NT_AL_AA.fasta.zip,187,1115,1066
29850_NT_AL_AA.fasta.zip,174,1225,1087.0
29851_NT_AL_AA.fasta.zip,186,323,199.0
29855_NT_AL_AA.fasta.zip,190,1194,1131.0
2986_NT_AL_AA.fasta.zip,169,1155,1106
2987_NT_AL_AA.fasta.zip,185,206,194
29880_NT_AL_AA.fasta.zip,182,327,324.0
29881_NT_AL_AA.fasta.zip,185,1340,1292
29882_NT_AL_AA.fasta.zip,174,821,818.0
29883_NT_AL_AA.fasta.zip,186,285,285.0
29886_NT_AL_AA.fasta.zip,184,432,422.0
29887_NT_AL_AA.fasta.zip,185,205,198
29888_NT_AL_AA.fasta.zip,183,704,668
29889_NT_AL_AA.fasta.zip,183,814,726
29890_NT_AL_AA.fasta.zip,171,950,888
29893_NT_AL_AA.fasta.zip,184,217,214.0
29894_NT_AL_AA.fasta.zip,182,1522,1439.0
29895_NT_AL_AA.fasta.zip,185,171,170
29896_NT_AL_AA.fasta.zip,185,295,280
29899_NT_AL_AA.fasta.zip,181,709,674
29901_NT_AL_AA.fasta.zip,174,362,356.0
29902_NT_AL_AA.fasta.zip,176,266,250.0
29903_NT_AL_AA.fasta.zip,182,293,274.0
29904_NT_AL_AA.fasta.zip,186,743,724.0
29906_NT_AL_AA.fasta.zip,185,419,412
29907_NT_AL_AA.fasta.zip,189,368,339
29909_NT_AL_AA.fasta.zip,183,322,319
2990_NT_AL_AA.fasta.zip,175,644,627
29911_NT_AL_AA.fasta.zip,187,745,711
29914_NT_AL_AA.fasta.zip,181,342,337
29915_NT_AL_AA.fasta.zip,184,808,783.0
29916_NT_AL_AA.fasta.zip,188,280,266.0
29919_NT_AL_AA.fasta.zip,180,657,656.0
29920_NT_AL_AA.fasta.zip,184,321,320.0
29922_NT_AL_AA.fasta.zip,186,383,375.0
29923_NT_AL_AA.fasta.zip,167,65,63
29924_NT_AL_AA.fasta.zip,178,610,576.0
29925_NT_AL_AA.fasta.zip,189,365,360
29926_NT_AL_AA.fasta.zip,189,434,425
29927_NT_AL_AA.fasta.zip,178,478,476.0
29928_NT_AL_AA.fasta.zip,115,194,194
29929_NT_AL_AA.fasta.zip,184,512,506.0
2992_NT_AL_AA.fasta.zip,188,354,332.0
29930_NT_AL_AA.fasta.zip,177,825,818
29933_NT_AL_AA.fasta.zip,180,336,326.0
29934_NT_AL_AA.fasta.zip,177,162,162
29937_NT_AL_AA.fasta.zip,183,175,160
29940_NT_AL_AA.fasta.zip,188,973,958.0
29941_NT_AL_AA.fasta.zip,188,908,877.0
29942_NT_AL_AA.fasta.zip,167,367,347
29943_NT_AL_AA.fasta.zip,159,670,663
29945_NT_AL_AA.fasta.zip,187,831,808
29946_NT_AL_AA.fasta.zip,187,223,197
29947_NT_AL_AA.fasta.zip,176,381,355.0
29948_NT_AL_AA.fasta.zip,174,483,478.0
29949_NT_AL_AA.fasta.zip,183,181,177
29950_NT_AL_AA.fasta.zip,186,259,234.0
29951_NT_AL_AA.fasta.zip,167,1061,987
29952_NT_AL_AA.fasta.zip,176,479,469.0
29953_NT_AL_AA.fasta.zip,177,1099,1061
29954_NT_AL_AA.fasta.zip,189,761,749
29956_NT_AL_AA.fasta.zip,186,386,379.0
29958_NT_AL_AA.fasta.zip,179,871,860
29959_NT_AL_AA.fasta.zip,184,539,535.0
2995_NT_AL_AA.fasta.zip,172,70,69.0
29960_NT_AL_AA.fasta.zip,184,238,236.5
29964_NT_AL_AA.fasta.zip,178,399,364.0
29965_NT_AL_AA.fasta.zip,188,217,208.0
29966_NT_AL_AA.fasta.zip,189,844,789
29967_NT_AL_AA.fasta.zip,178,878,859.0
29969_NT_AL_AA.fasta.zip,184,253,232.0
29974_NT_AL_AA.fasta.zip,187,607,590
29978_NT_AL_AA.fasta.zip,161,655,624
29979_NT_AL_AA.fasta.zip,185,606,588
2997_NT_AL_AA.fasta.zip,185,741,737
29980_NT_AL_AA.fasta.zip,180,582,554.5
29982_NT_AL_AA.fasta.zip,178,295,287.0
29984_NT_AL_AA.fasta.zip,185,226,208
29985_NT_AL_AA.fasta.zip,184,325,314.0
29986_NT_AL_AA.fasta.zip,183,321,309
29988_NT_AL_AA.fasta.zip,181,485,475
2998_NT_AL_AA.fasta.zip,185,715,702
29992_NT_AL_AA.fasta.zip,101,330,266
29993_NT_AL_AA.fasta.zip,185,444,439
29994_NT_AL_AA.fasta.zip,189,2273,2211
29995_NT_AL_AA.fasta.zip,185,368,363
29997_NT_AL_AA.fasta.zip,179,502,473
29998_NT_AL_AA.fasta.zip,175,1731,1531
29999_NT_AL_AA.fasta.zip,185,502,498
29_NT_AL_AA.fasta.zip,185,1033,957
30000_NT_AL_AA.fasta.zip,188,897,887.0
30001_NT_AL_AA.fasta.zip,182,476,468.0
30008_NT_AL_AA.fasta.zip,188,449,443.0
30009_NT_AL_AA.fasta.zip,175,560,535
3000_NT_AL_AA.fasta.zip,176,1124,1097.0
30010_NT_AL_AA.fasta.zip,184,272,270.0
30011_NT_AL_AA.fasta.zip,182,702,687.0
30012_NT_AL_AA.fasta.zip,172,295,291.0
3001_NT_AL_AA.fasta.zip,132,270,260.0
3003_NT_AL_AA.fasta.zip,171,277,263
3005_NT_AL_AA.fasta.zip,176,202,194.0
30061_NT_AL_AA.fasta.zip,181,582,574
30062_NT_AL_AA.fasta.zip,179,374,340
3008_NT_AL_AA.fasta.zip,123,223,219
3009_NT_AL_AA.fasta.zip,151,242,226
3010_NT_AL_AA.fasta.zip,149,224,208
3014_NT_AL_AA.fasta.zip,177,149,143
3015_NT_AL_AA.fasta.zip,149,130,128
301_NT_AL_AA.fasta.zip,181,346,346
3020_NT_AL_AA.fasta.zip,161,140,136
3021_NT_AL_AA.fasta.zip,172,138,136.0
3024_NT_AL_AA.fasta.zip,164,237,215.0
3026_NT_AL_AA.fasta.zip,189,557,543
3028_NT_AL_AA.fasta.zip,185,267,259
3029_NT_AL_AA.fasta.zip,186,315,300.0
302_NT_AL_AA.fasta.zip,186,339,339.0
3030_NT_AL_AA.fasta.zip,187,768,763
3032_NT_AL_AA.fasta.zip,186,479,475.0
3033_NT_AL_AA.fasta.zip,181,322,313
3034_NT_AL_AA.fasta.zip,186,660,657.0
3035_NT_AL_AA.fasta.zip,183,554,509
3036_NT_AL_AA.fasta.zip,173,591,578
3037_NT_AL_AA.fasta.zip,172,552,552.0
3038_NT_AL_AA.fasta.zip,186,556,553.0
3049_NT_AL_AA.fasta.zip,123,148,141
3052_NT_AL_AA.fasta.zip,184,286,272.0
3053_NT_AL_AA.fasta.zip,154,495,486.0
3054_NT_AL_AA.fasta.zip,182,2407,2074.0
3055_NT_AL_AA.fasta.zip,190,511,503.0
3059_NT_AL_AA.fasta.zip,187,821,472
3060_NT_AL_AA.fasta.zip,178,286,130.0
3061_NT_AL_AA.fasta.zip,181,438,425
3062_NT_AL_AA.fasta.zip,180,454,444.0
3064_NT_AL_AA.fasta.zip,182,3287,3114.0
3065_NT_AL_AA.fasta.zip,189,482,479
3066_NT_AL_AA.fasta.zip,181,490,488
3067_NT_AL_AA.fasta.zip,185,670,654
3068_NT_AL_AA.fasta.zip,186,268,236.0
3069_NT_AL_AA.fasta.zip,184,1311,1268.0
306_NT_AL_AA.fasta.zip,182,320,320.0
3070_NT_AL_AA.fasta.zip,186,855,834.0
3071_NT_AL_AA.fasta.zip,188,1135,1130.0
3073_NT_AL_AA.fasta.zip,185,536,521
3074_NT_AL_AA.fasta.zip,174,502,491.0
3075_NT_AL_AA.fasta.zip,95,2173,1196
3077_NT_AL_AA.fasta.zip,176,360,331.0
307_NT_AL_AA.fasta.zip,189,320,319
30811_NT_AL_AA.fasta.zip,174,756,702.0
30812_NT_AL_AA.fasta.zip,175,478,450
30813_NT_AL_AA.fasta.zip,172,388,363.0
30815_NT_AL_AA.fasta.zip,189,330,323
30818_NT_AL_AA.fasta.zip,183,253,251
30819_NT_AL_AA.fasta.zip,187,274,269
3081_NT_AL_AA.fasta.zip,189,447,445
30820_NT_AL_AA.fasta.zip,185,209,207
30827_NT_AL_AA.fasta.zip,187,686,656
3082_NT_AL_AA.fasta.zip,182,733,729.0
30833_NT_AL_AA.fasta.zip,181,200,191
30834_NT_AL_AA.fasta.zip,168,124,123.0
30836_NT_AL_AA.fasta.zip,189,1008,753
30837_NT_AL_AA.fasta.zip,174,701,634.5
3083_NT_AL_AA.fasta.zip,180,709,634.0
30844_NT_AL_AA.fasta.zip,181,541,541
30845_NT_AL_AA.fasta.zip,189,535,535
30846_NT_AL_AA.fasta.zip,177,612,543
30849_NT_AL_AA.fasta.zip,184,1361,1358.0
3084_NT_AL_AA.fasta.zip,115,898,843
30850_NT_AL_AA.fasta.zip,187,478,465
30851_NT_AL_AA.fasta.zip,188,124,124.0
3087_NT_AL_AA.fasta.zip,181,284,266
308_NT_AL_AA.fasta.zip,167,324,321
3090_NT_AL_AA.fasta.zip,181,772,719
3091_NT_AL_AA.fasta.zip,186,860,823.0
3092_NT_AL_AA.fasta.zip,183,1052,1037
3093_NT_AL_AA.fasta.zip,183,204,198
3094_NT_AL_AA.fasta.zip,180,128,126.0
30968_NT_AL_AA.fasta.zip,189,356,356
3096_NT_AL_AA.fasta.zip,187,2830,2672
3097_NT_AL_AA.fasta.zip,189,2542,2440
3098_NT_AL_AA.fasta.zip,183,894,894
3099_NT_AL_AA.fasta.zip,183,923,917
309_NT_AL_AA.fasta.zip,188,675,673.0
30_NT_AL_AA.fasta.zip,157,435,424
3101_NT_AL_AA.fasta.zip,189,933,924
3104_NT_AL_AA.fasta.zip,189,715,686
3108_NT_AL_AA.fasta.zip,187,269,260
3109_NT_AL_AA.fasta.zip,183,266,263
310_NT_AL_AA.fasta.zip,184,534,484.0
3110_NT_AL_AA.fasta.zip,161,460,396
3112_NT_AL_AA.fasta.zip,113,275,270
311_NT_AL_AA.fasta.zip,187,573,503
312_NT_AL_AA.fasta.zip,186,373,352.0
3131_NT_AL_AA.fasta.zip,189,303,295
313_NT_AL_AA.fasta.zip,185,581,570
3140_NT_AL_AA.fasta.zip,151,323,294
3141_NT_AL_AA.fasta.zip,185,865,789
3142_NT_AL_AA.fasta.zip,179,572,470
3145_NT_AL_AA.fasta.zip,188,367,360.0
3146_NT_AL_AA.fasta.zip,168,217,215.0
3148_NT_AL_AA.fasta.zip,176,229,210.0
3149_NT_AL_AA.fasta.zip,173,205,200
314_NT_AL_AA.fasta.zip,140,772,756.0
3150_NT_AL_AA.fasta.zip,154,103,94.0
3151_NT_AL_AA.fasta.zip,159,92,90
3155_NT_AL_AA.fasta.zip,188,337,324.0
3156_NT_AL_AA.fasta.zip,186,894,888.0
3157_NT_AL_AA.fasta.zip,184,521,520.0
3158_NT_AL_AA.fasta.zip,182,515,505.0
3159_NT_AL_AA.fasta.zip,181,118,107
3161_NT_AL_AA.fasta.zip,181,966,709
3162_NT_AL_AA.fasta.zip,186,304,288.0
3163_NT_AL_AA.fasta.zip,188,323,316.0
3164_NT_AL_AA.fasta.zip,186,634,598.0
3166_NT_AL_AA.fasta.zip,137,402,344
3167_NT_AL_AA.fasta.zip,178,282,273.0
3169_NT_AL_AA.fasta.zip,187,500,468
3170_NT_AL_AA.fasta.zip,182,500,463.0
3171_NT_AL_AA.fasta.zip,187,400,350
3172_NT_AL_AA.fasta.zip,189,483,472
3174_NT_AL_AA.fasta.zip,185,465,456
3175_NT_AL_AA.fasta.zip,181,484,465
317649_NT_AL_AA.fasta.zip,186,172,166.0
317662_NT_AL_AA.fasta.zip,188,597,574.0
317671_NT_AL_AA.fasta.zip,184,161,156.0
3176_NT_AL_AA.fasta.zip,177,294,292
317719_NT_AL_AA.fasta.zip,176,608,608.0
317761_NT_AL_AA.fasta.zip,185,610,579
317762_NT_AL_AA.fasta.zip,161,449,416
317781_NT_AL_AA.fasta.zip,165,705,608
3177_NT_AL_AA.fasta.zip,185,470,446
3178_NT_AL_AA.fasta.zip,169,383,373
317_NT_AL_AA.fasta.zip,185,1262,1249
3181_NT_AL_AA.fasta.zip,187,358,353
3182_NT_AL_AA.fasta.zip,185,355,329
3183_NT_AL_AA.fasta.zip,183,356,307
3184_NT_AL_AA.fasta.zip,183,374,350
3185_NT_AL_AA.fasta.zip,169,422,414
3187_NT_AL_AA.fasta.zip,177,494,472
3188_NT_AL_AA.fasta.zip,171,449,449
3189_NT_AL_AA.fasta.zip,188,358,346.0
318_NT_AL_AA.fasta.zip,186,149,147.0
319089_NT_AL_AA.fasta.zip,167,1923,1710
3190_NT_AL_AA.fasta.zip,185,467,464
3191_NT_AL_AA.fasta.zip,183,628,623
3192_NT_AL_AA.fasta.zip,184,857,825.0
3195_NT_AL_AA.fasta.zip,179,375,329
3196_NT_AL_AA.fasta.zip,179,301,284
3198_NT_AL_AA.fasta.zip,189,346,334
3199_NT_AL_AA.fasta.zip,181,386,373
319_NT_AL_AA.fasta.zip,161,333,278
31_NT_AL_AA.fasta.zip,185,2352,2346
3200_NT_AL_AA.fasta.zip,187,499,443
3201_NT_AL_AA.fasta.zip,173,375,318
3202_NT_AL_AA.fasta.zip,174,385,381.0
3203_NT_AL_AA.fasta.zip,171,238,233
3204_NT_AL_AA.fasta.zip,178,243,231.0
3205_NT_AL_AA.fasta.zip,179,300,272
3206_NT_AL_AA.fasta.zip,179,487,407
3207_NT_AL_AA.fasta.zip,188,362,311.0
3208_NT_AL_AA.fasta.zip,183,194,193
3209_NT_AL_AA.fasta.zip,175,417,385
320_NT_AL_AA.fasta.zip,182,919,821.0
3211_NT_AL_AA.fasta.zip,187,345,301
3212_NT_AL_AA.fasta.zip,181,383,350
3213_NT_AL_AA.fasta.zip,180,474,427.5
3214_NT_AL_AA.fasta.zip,176,265,251.0
3215_NT_AL_AA.fasta.zip,175,281,269
3216_NT_AL_AA.fasta.zip,179,228,224
3217_NT_AL_AA.fasta.zip,180,228,217.0
3218_NT_AL_AA.fasta.zip,157,256,243
3219_NT_AL_AA.fasta.zip,163,255,250
321_NT_AL_AA.fasta.zip,186,785,749.0
3221_NT_AL_AA.fasta.zip,170,268,264.0
3222_NT_AL_AA.fasta.zip,173,222,222
3223_NT_AL_AA.fasta.zip,181,235,235
3224_NT_AL_AA.fasta.zip,178,242,242.0
3225_NT_AL_AA.fasta.zip,172,260,260.0
3226_NT_AL_AA.fasta.zip,180,353,342.0
3227_NT_AL_AA.fasta.zip,178,319,304.0
3228_NT_AL_AA.fasta.zip,116,291,280.0
3229_NT_AL_AA.fasta.zip,178,362,329.0
322_NT_AL_AA.fasta.zip,188,731,707.0
3231_NT_AL_AA.fasta.zip,178,360,324.0
3232_NT_AL_AA.fasta.zip,185,453,432
3233_NT_AL_AA.fasta.zip,183,276,254
3234_NT_AL_AA.fasta.zip,169,319,276
3235_NT_AL_AA.fasta.zip,177,444,334
3236_NT_AL_AA.fasta.zip,178,340,340.0
3237_NT_AL_AA.fasta.zip,166,375,336.0
3238_NT_AL_AA.fasta.zip,185,282,270
3239_NT_AL_AA.fasta.zip,166,361,341.0
323_NT_AL_AA.fasta.zip,184,768,753.0
3242_NT_AL_AA.fasta.zip,185,398,393
3248_NT_AL_AA.fasta.zip,188,267,266.0
3249_NT_AL_AA.fasta.zip,188,424,412.0
324_NT_AL_AA.fasta.zip,186,2883,2821.0
3251_NT_AL_AA.fasta.zip,176,216,215.0
3257_NT_AL_AA.fasta.zip,187,752,693
326340_NT_AL_AA.fasta.zip,170,431,334.0
3263_NT_AL_AA.fasta.zip,187,477,461
3265_NT_AL_AA.fasta.zip,181,190,189
326624_NT_AL_AA.fasta.zip,130,237,223.0
326625_NT_AL_AA.fasta.zip,189,248,235
3266_NT_AL_AA.fasta.zip,172,246,227.0
3267_NT_AL_AA.fasta.zip,187,614,579
3268_NT_AL_AA.fasta.zip,190,540,486.0
3269_NT_AL_AA.fasta.zip,188,504,486.0
326_NT_AL_AA.fasta.zip,183,615,529
3270_NT_AL_AA.fasta.zip,172,1724,660.0
3273_NT_AL_AA.fasta.zip,177,945,499
3274_NT_AL_AA.fasta.zip,185,405,389
3275_NT_AL_AA.fasta.zip,182,438,424.0
3276_NT_AL_AA.fasta.zip,183,371,371
327_NT_AL_AA.fasta.zip,188,738,729.0
3280_NT_AL_AA.fasta.zip,185,307,280
3281_NT_AL_AA.fasta.zip,171,78,76
328_NT_AL_AA.fasta.zip,187,328,318
3290_NT_AL_AA.fasta.zip,181,296,292
3291_NT_AL_AA.fasta.zip,182,442,398.0
3292_NT_AL_AA.fasta.zip,181,295,287
3293_NT_AL_AA.fasta.zip,182,308,304.0
3294_NT_AL_AA.fasta.zip,183,372,363
3295_NT_AL_AA.fasta.zip,180,771,736.0
3297_NT_AL_AA.fasta.zip,187,574,549
3298_NT_AL_AA.fasta.zip,178,547,534.0
329_NT_AL_AA.fasta.zip,149,607,597
32_NT_AL_AA.fasta.zip,184,2467,2441.0
3300_NT_AL_AA.fasta.zip,190,381,321.5
3301_NT_AL_AA.fasta.zip,176,400,397.0
3306_NT_AL_AA.fasta.zip,186,640,636.0
3308_NT_AL_AA.fasta.zip,189,854,839
3309_NT_AL_AA.fasta.zip,187,664,654
3312_NT_AL_AA.fasta.zip,184,658,646.0
3313_NT_AL_AA.fasta.zip,187,680,679
3315_NT_AL_AA.fasta.zip,184,214,203.0
3316_NT_AL_AA.fasta.zip,178,186,182.0
331_NT_AL_AA.fasta.zip,179,499,497
3320_NT_AL_AA.fasta.zip,169,741,733
3321_NT_AL_AA.fasta.zip,180,1494,1205.0
3326_NT_AL_AA.fasta.zip,186,745,724.0
3329_NT_AL_AA.fasta.zip,183,588,573
332_NT_AL_AA.fasta.zip,182,145,142.0
3337_NT_AL_AA.fasta.zip,177,345,340
3338_NT_AL_AA.fasta.zip,182,247,228.0
333926_NT_AL_AA.fasta.zip,186,528,503.0
333929_NT_AL_AA.fasta.zip,180,304,286.0
3339_NT_AL_AA.fasta.zip,185,4666,4359
333_NT_AL_AA.fasta.zip,179,702,651
3340_NT_AL_AA.fasta.zip,186,890,882.0
3344_NT_AL_AA.fasta.zip,185,446,436
334_NT_AL_AA.fasta.zip,188,816,750.0
3350_NT_AL_AA.fasta.zip,188,432,422.0
3351_NT_AL_AA.fasta.zip,186,405,389.0
3352_NT_AL_AA.fasta.zip,189,382,377
3355_NT_AL_AA.fasta.zip,187,366,366
3356_NT_AL_AA.fasta.zip,186,487,470.0
3357_NT_AL_AA.fasta.zip,189,488,480
3358_NT_AL_AA.fasta.zip,168,478,458.0
3359_NT_AL_AA.fasta.zip,187,490,483
335_NT_AL_AA.fasta.zip,187,271,265
3360_NT_AL_AA.fasta.zip,188,382,371.0
3361_NT_AL_AA.fasta.zip,186,365,356.0
3362_NT_AL_AA.fasta.zip,183,460,439
3363_NT_AL_AA.fasta.zip,174,446,435.0
3364_NT_AL_AA.fasta.zip,183,279,278
336_NT_AL_AA.fasta.zip,180,102,100.0
3371_NT_AL_AA.fasta.zip,183,2695,2200
3373_NT_AL_AA.fasta.zip,154,452,442.0
3375_NT_AL_AA.fasta.zip,144,93,89.0
3376_NT_AL_AA.fasta.zip,179,1271,1261
337867_NT_AL_AA.fasta.zip,183,351,344
337876_NT_AL_AA.fasta.zip,163,906,882
337878_NT_AL_AA.fasta.zip,173,88,87
337879_NT_AL_AA.fasta.zip,169,64,63
337880_NT_AL_AA.fasta.zip,172,206,159.0
337_NT_AL_AA.fasta.zip,188,402,374.0
338094_NT_AL_AA.fasta.zip,177,591,573
3381_NT_AL_AA.fasta.zip,188,364,310.0
3382_NT_AL_AA.fasta.zip,179,520,487
338322_NT_AL_AA.fasta.zip,161,678,622
338323_NT_AL_AA.fasta.zip,161,1127,1080
338328_NT_AL_AA.fasta.zip,110,210,157.5
338376_NT_AL_AA.fasta.zip,171,199,189
338382_NT_AL_AA.fasta.zip,187,201,197
338398_NT_AL_AA.fasta.zip,147,340,294
3383_NT_AL_AA.fasta.zip,170,577,509.5
338440_NT_AL_AA.fasta.zip,145,777,722
3384_NT_AL_AA.fasta.zip,169,367,254
338557_NT_AL_AA.fasta.zip,185,368,358
338567_NT_AL_AA.fasta.zip,181,405,372
338596_NT_AL_AA.fasta.zip,180,403,379.5
338599_NT_AL_AA.fasta.zip,180,214,207.0
338645_NT_AL_AA.fasta.zip,175,354,336
338657_NT_AL_AA.fasta.zip,189,337,322
338661_NT_AL_AA.fasta.zip,157,237,215
338662_NT_AL_AA.fasta.zip,122,316,311.0
338667_NT_AL_AA.fasta.zip,140,814,778.5
338692_NT_AL_AA.fasta.zip,186,633,598.0
338699_NT_AL_AA.fasta.zip,164,524,514.5
338707_NT_AL_AA.fasta.zip,172,1142,1001.0
338761_NT_AL_AA.fasta.zip,184,245,238.0
338773_NT_AL_AA.fasta.zip,177,319,271
338811_NT_AL_AA.fasta.zip,181,133,131
338879_NT_AL_AA.fasta.zip,183,219,211
338917_NT_AL_AA.fasta.zip,188,390,361.0
338_NT_AL_AA.fasta.zip,185,4650,4455
339105_NT_AL_AA.fasta.zip,186,574,539.0
339122_NT_AL_AA.fasta.zip,177,211,209
339123_NT_AL_AA.fasta.zip,178,276,258.0
339145_NT_AL_AA.fasta.zip,179,287,265
339168_NT_AL_AA.fasta.zip,185,164,160
339175_NT_AL_AA.fasta.zip,176,385,371.0
339210_NT_AL_AA.fasta.zip,180,101,90.0
339221_NT_AL_AA.fasta.zip,178,429,412.5
339229_NT_AL_AA.fasta.zip,166,170,150.0
339230_NT_AL_AA.fasta.zip,181,290,252
339231_NT_AL_AA.fasta.zip,182,173,170.0
339287_NT_AL_AA.fasta.zip,182,629,614.0
339291_NT_AL_AA.fasta.zip,179,303,301
339302_NT_AL_AA.fasta.zip,186,162,160.0
339324_NT_AL_AA.fasta.zip,126,436,407.0
339344_NT_AL_AA.fasta.zip,167,454,385
339345_NT_AL_AA.fasta.zip,181,145,136
339366_NT_AL_AA.fasta.zip,179,481,457
339390_NT_AL_AA.fasta.zip,152,301,289.0
339398_NT_AL_AA.fasta.zip,185,601,593
339416_NT_AL_AA.fasta.zip,177,274,247
339448_NT_AL_AA.fasta.zip,182,257,210.5
339451_NT_AL_AA.fasta.zip,184,659,632.5
339453_NT_AL_AA.fasta.zip,171,175,173
339456_NT_AL_AA.fasta.zip,166,181,162.0
339479_NT_AL_AA.fasta.zip,170,766,766.0
339487_NT_AL_AA.fasta.zip,190,169,167.0
339488_NT_AL_AA.fasta.zip,177,465,435
3394_NT_AL_AA.fasta.zip,190,440,425.0
339501_NT_AL_AA.fasta.zip,158,312,303.0
339512_NT_AL_AA.fasta.zip,158,294,282.0
339541_NT_AL_AA.fasta.zip,181,408,398
339665_NT_AL_AA.fasta.zip,186,358,347.0
339669_NT_AL_AA.fasta.zip,175,291,263
3396_NT_AL_AA.fasta.zip,188,209,205.0
339745_NT_AL_AA.fasta.zip,186,392,392.0
339766_NT_AL_AA.fasta.zip,179,1728,1643
339768_NT_AL_AA.fasta.zip,183,1057,974
339778_NT_AL_AA.fasta.zip,182,206,201.0
339779_NT_AL_AA.fasta.zip,180,460,387.0
3397_NT_AL_AA.fasta.zip,184,157,154.0
339804_NT_AL_AA.fasta.zip,172,197,172.0
339829_NT_AL_AA.fasta.zip,184,957,941.0
339834_NT_AL_AA.fasta.zip,184,648,586.0
339855_NT_AL_AA.fasta.zip,190,670,658.0
339896_NT_AL_AA.fasta.zip,186,503,502.0
3398_NT_AL_AA.fasta.zip,173,134,134
339965_NT_AL_AA.fasta.zip,189,1139,1109
339976_NT_AL_AA.fasta.zip,174,479,468.0
339977_NT_AL_AA.fasta.zip,177,990,804
339983_NT_AL_AA.fasta.zip,160,298,286.0
3399_NT_AL_AA.fasta.zip,186,127,119.0
339_NT_AL_AA.fasta.zip,179,236,232
33_NT_AL_AA.fasta.zip,188,435,430.0
340024_NT_AL_AA.fasta.zip,181,635,634
340061_NT_AL_AA.fasta.zip,188,392,377.0
340075_NT_AL_AA.fasta.zip,187,588,571
3400_NT_AL_AA.fasta.zip,160,180,161.0
340120_NT_AL_AA.fasta.zip,178,516,513.0
340146_NT_AL_AA.fasta.zip,185,435,419
340152_NT_AL_AA.fasta.zip,181,551,450
340168_NT_AL_AA.fasta.zip,140,118,116.0
340260_NT_AL_AA.fasta.zip,157,599,526
340267_NT_AL_AA.fasta.zip,167,1157,1127
340273_NT_AL_AA.fasta.zip,167,1266,1241
340277_NT_AL_AA.fasta.zip,180,304,290.5
340348_NT_AL_AA.fasta.zip,186,287,282.0
340351_NT_AL_AA.fasta.zip,175,1000,882
340359_NT_AL_AA.fasta.zip,189,583,581
340371_NT_AL_AA.fasta.zip,183,523,499
340390_NT_AL_AA.fasta.zip,163,1726,1471
340393_NT_AL_AA.fasta.zip,165,211,205
340419_NT_AL_AA.fasta.zip,184,244,243.0
340481_NT_AL_AA.fasta.zip,187,266,265
340485_NT_AL_AA.fasta.zip,186,281,275.0
340526_NT_AL_AA.fasta.zip,163,698,532
340527_NT_AL_AA.fasta.zip,161,1182,1126
340533_NT_AL_AA.fasta.zip,185,1546,1514
340543_NT_AL_AA.fasta.zip,99,227,205
340547_NT_AL_AA.fasta.zip,180,550,379.0
340554_NT_AL_AA.fasta.zip,178,850,835.0
340562_NT_AL_AA.fasta.zip,114,798,248.0
340595_NT_AL_AA.fasta.zip,155,313,302
340596_NT_AL_AA.fasta.zip,177,221,220
340665_NT_AL_AA.fasta.zip,186,603,519.0
340706_NT_AL_AA.fasta.zip,185,762,748
340719_NT_AL_AA.fasta.zip,150,323,285.0
340745_NT_AL_AA.fasta.zip,181,555,538
340784_NT_AL_AA.fasta.zip,170,385,357.0
340895_NT_AL_AA.fasta.zip,165,2174,2078
340990_NT_AL_AA.fasta.zip,185,2977,2881
341019_NT_AL_AA.fasta.zip,142,1732,1611.0
341032_NT_AL_AA.fasta.zip,181,255,236
341208_NT_AL_AA.fasta.zip,181,1169,1159
341277_NT_AL_AA.fasta.zip,186,621,549.0
341346_NT_AL_AA.fasta.zip,161,361,318
341359_NT_AL_AA.fasta.zip,170,532,523.0
341405_NT_AL_AA.fasta.zip,181,338,311
341567_NT_AL_AA.fasta.zip,157,344,243
341640_NT_AL_AA.fasta.zip,174,3330,3166.5
341676_NT_AL_AA.fasta.zip,164,852,738.0
3416_NT_AL_AA.fasta.zip,129,1020,1016
341799_NT_AL_AA.fasta.zip,169,336,330
3417_NT_AL_AA.fasta.zip,189,416,414
341880_NT_AL_AA.fasta.zip,185,456,453
341883_NT_AL_AA.fasta.zip,141,1503,1481
3418_NT_AL_AA.fasta.zip,186,460,452.0
3419_NT_AL_AA.fasta.zip,163,367,364
341_NT_AL_AA.fasta.zip,118,88,87.0
342035_NT_AL_AA.fasta.zip,186,576,547.0
3420_NT_AL_AA.fasta.zip,188,392,384.0
342125_NT_AL_AA.fasta.zip,178,1130,1089.5
342184_NT_AL_AA.fasta.zip,168,1532,1374.0
3421_NT_AL_AA.fasta.zip,181,394,391
3422_NT_AL_AA.fasta.zip,120,230,228.0
342346_NT_AL_AA.fasta.zip,181,1332,920
342357_NT_AL_AA.fasta.zip,186,1111,965.0
342371_NT_AL_AA.fasta.zip,185,700,688
342372_NT_AL_AA.fasta.zip,164,1877,1528.5
3423_NT_AL_AA.fasta.zip,178,610,530.0
342527_NT_AL_AA.fasta.zip,183,476,446
342574_NT_AL_AA.fasta.zip,90,463,458.0
3425_NT_AL_AA.fasta.zip,180,660,633.0
342618_NT_AL_AA.fasta.zip,132,923,906.0
342667_NT_AL_AA.fasta.zip,186,423,405.0
3426_NT_AL_AA.fasta.zip,186,608,569.5
342865_NT_AL_AA.fasta.zip,172,326,273.0
342897_NT_AL_AA.fasta.zip,172,266,237.0
342898_NT_AL_AA.fasta.zip,158,143,134.0
342918_NT_AL_AA.fasta.zip,172,180,180.0
342945_NT_AL_AA.fasta.zip,126,613,487.0
342977_NT_AL_AA.fasta.zip,183,214,167
342979_NT_AL_AA.fasta.zip,183,1163,665
343035_NT_AL_AA.fasta.zip,186,203,195.0
343099_NT_AL_AA.fasta.zip,183,1465,1448
3430_NT_AL_AA.fasta.zip,186,297,275.0
343263_NT_AL_AA.fasta.zip,175,360,350
3433_NT_AL_AA.fasta.zip,140,483,454.0
343413_NT_AL_AA.fasta.zip,112,322,274.0
343450_NT_AL_AA.fasta.zip,177,1624,1133
343472_NT_AL_AA.fasta.zip,188,435,384.0
343521_NT_AL_AA.fasta.zip,187,237,219
343578_NT_AL_AA.fasta.zip,113,753,654
343637_NT_AL_AA.fasta.zip,181,233,219
343641_NT_AL_AA.fasta.zip,183,720,703
343702_NT_AL_AA.fasta.zip,174,596,574.0
343930_NT_AL_AA.fasta.zip,188,198,193.0
343990_NT_AL_AA.fasta.zip,180,1282,892.5
343_NT_AL_AA.fasta.zip,182,252,252.0
344018_NT_AL_AA.fasta.zip,180,174,169.0
344022_NT_AL_AA.fasta.zip,175,359,221
344148_NT_AL_AA.fasta.zip,179,1999,1851
344167_NT_AL_AA.fasta.zip,161,490,408
344191_NT_AL_AA.fasta.zip,184,519,470.0
344387_NT_AL_AA.fasta.zip,186,347,341.0
344558_NT_AL_AA.fasta.zip,169,935,831
344657_NT_AL_AA.fasta.zip,158,566,557.0
344658_NT_AL_AA.fasta.zip,183,472,446
344758_NT_AL_AA.fasta.zip,187,767,730
344805_NT_AL_AA.fasta.zip,189,740,730
344838_NT_AL_AA.fasta.zip,175,392,377
344892_NT_AL_AA.fasta.zip,168,229,225.0
344901_NT_AL_AA.fasta.zip,185,136,132
344905_NT_AL_AA.fasta.zip,170,1241,1217.0
344_NT_AL_AA.fasta.zip,184,105,101.0
345079_NT_AL_AA.fasta.zip,180,864,749.0
345193_NT_AL_AA.fasta.zip,188,722,674.0
345222_NT_AL_AA.fasta.zip,182,261,257.0
345274_NT_AL_AA.fasta.zip,188,374,365.0
345275_NT_AL_AA.fasta.zip,131,303,300
345456_NT_AL_AA.fasta.zip,186,139,137.0
345462_NT_AL_AA.fasta.zip,144,1332,557.0
3454_NT_AL_AA.fasta.zip,179,585,549
345557_NT_AL_AA.fasta.zip,183,321,321
3455_NT_AL_AA.fasta.zip,169,594,489
345630_NT_AL_AA.fasta.zip,121,400,321
345643_NT_AL_AA.fasta.zip,182,434,381.5
345651_NT_AL_AA.fasta.zip,167,380,375
3456_NT_AL_AA.fasta.zip,155,192,182
345757_NT_AL_AA.fasta.zip,176,212,190.0
345778_NT_AL_AA.fasta.zip,184,317,312.0
345895_NT_AL_AA.fasta.zip,182,753,708.5
3458_NT_AL_AA.fasta.zip,185,175,166
345930_NT_AL_AA.fasta.zip,188,972,905.0
3459_NT_AL_AA.fasta.zip,184,513,457.0
345_NT_AL_AA.fasta.zip,182,99,89.0
3460_NT_AL_AA.fasta.zip,183,325,297
346171_NT_AL_AA.fasta.zip,161,482,422
346288_NT_AL_AA.fasta.zip,161,427,422
346389_NT_AL_AA.fasta.zip,189,875,845
346562_NT_AL_AA.fasta.zip,174,355,353.0
346606_NT_AL_AA.fasta.zip,135,340,326
346653_NT_AL_AA.fasta.zip,166,306,298.0
346673_NT_AL_AA.fasta.zip,180,428,335.0
346689_NT_AL_AA.fasta.zip,175,443,395
346_NT_AL_AA.fasta.zip,172,162,122.0
347051_NT_AL_AA.fasta.zip,156,446,422.5
347088_NT_AL_AA.fasta.zip,131,948,849
347148_NT_AL_AA.fasta.zip,170,157,133.0
347240_NT_AL_AA.fasta.zip,187,1429,1354
347252_NT_AL_AA.fasta.zip,167,293,272
347273_NT_AL_AA.fasta.zip,19,385,347
347404_NT_AL_AA.fasta.zip,173,422,420
347411_NT_AL_AA.fasta.zip,165,118,110
347454_NT_AL_AA.fasta.zip,167,355,307
347475_NT_AL_AA.fasta.zip,184,334,322.0
347487_NT_AL_AA.fasta.zip,142,451,335.0
347516_NT_AL_AA.fasta.zip,168,338,336.0
3475_NT_AL_AA.fasta.zip,174,467,450.0
3476_NT_AL_AA.fasta.zip,184,351,339.0
347730_NT_AL_AA.fasta.zip,190,526,522.0
347731_NT_AL_AA.fasta.zip,181,586,581
347732_NT_AL_AA.fasta.zip,189,368,360
347734_NT_AL_AA.fasta.zip,190,439,430.0
347735_NT_AL_AA.fasta.zip,188,449,440.0
347736_NT_AL_AA.fasta.zip,184,325,308.0
347741_NT_AL_AA.fasta.zip,185,576,562
347853_NT_AL_AA.fasta.zip,179,399,380
347862_NT_AL_AA.fasta.zip,185,225,219
347902_NT_AL_AA.fasta.zip,174,534,520.0
3479_NT_AL_AA.fasta.zip,188,184,154.0
347_NT_AL_AA.fasta.zip,188,207,189.0
348013_NT_AL_AA.fasta.zip,142,331,309.0
348093_NT_AL_AA.fasta.zip,171,222,202
348094_NT_AL_AA.fasta.zip,184,490,475.0
3480_NT_AL_AA.fasta.zip,178,1407,1367.0
348110_NT_AL_AA.fasta.zip,120,226,226.0
348180_NT_AL_AA.fasta.zip,187,560,484
3481_NT_AL_AA.fasta.zip,170,192,181.0
348235_NT_AL_AA.fasta.zip,162,122,119.0
348262_NT_AL_AA.fasta.zip,179,98,97
3482_NT_AL_AA.fasta.zip,179,2659,2435
348303_NT_AL_AA.fasta.zip,140,1000,295.0
348378_NT_AL_AA.fasta.zip,178,195,187.0
3483_NT_AL_AA.fasta.zip,180,612,597.0
348487_NT_AL_AA.fasta.zip,182,312,266.0
3484_NT_AL_AA.fasta.zip,181,277,246
3485_NT_AL_AA.fasta.zip,178,339,309.0
348654_NT_AL_AA.fasta.zip,188,945,904.0
3486_NT_AL_AA.fasta.zip,176,302,288.0
348793_NT_AL_AA.fasta.zip,187,360,358
3487_NT_AL_AA.fasta.zip,184,266,258.0
348801_NT_AL_AA.fasta.zip,173,213,176
348807_NT_AL_AA.fasta.zip,183,599,543
3488_NT_AL_AA.fasta.zip,183,276,271
348932_NT_AL_AA.fasta.zip,169,616,588
348938_NT_AL_AA.fasta.zip,185,414,398
348980_NT_AL_AA.fasta.zip,169,978,871
348995_NT_AL_AA.fasta.zip,188,383,380.0
3489_NT_AL_AA.fasta.zip,183,264,236
348_NT_AL_AA.fasta.zip,186,312,286.0
3490_NT_AL_AA.fasta.zip,180,290,282.0
349136_NT_AL_AA.fasta.zip,179,390,355
349149_NT_AL_AA.fasta.zip,153,270,259
3491_NT_AL_AA.fasta.zip,188,402,380.0
349565_NT_AL_AA.fasta.zip,180,237,232.0
349633_NT_AL_AA.fasta.zip,116,319,178.0
349667_NT_AL_AA.fasta.zip,178,436,420.0
34_NT_AL_AA.fasta.zip,184,423,420.0
350383_NT_AL_AA.fasta.zip,173,362,349
3508_NT_AL_AA.fasta.zip,186,1032,954.5
350_NT_AL_AA.fasta.zip,185,348,343
3512_NT_AL_AA.fasta.zip,189,166,158
3516_NT_AL_AA.fasta.zip,179,486,481
351_NT_AL_AA.fasta.zip,188,777,770.0
352909_NT_AL_AA.fasta.zip,169,499,456
353116_NT_AL_AA.fasta.zip,186,423,404.0
353189_NT_AL_AA.fasta.zip,174,737,722.5
353238_NT_AL_AA.fasta.zip,171,706,669
353274_NT_AL_AA.fasta.zip,171,1117,1016
353288_NT_AL_AA.fasta.zip,131,481,466
353299_NT_AL_AA.fasta.zip,175,1099,1032
353322_NT_AL_AA.fasta.zip,182,160,157.0
353376_NT_AL_AA.fasta.zip,112,238,232.0
353497_NT_AL_AA.fasta.zip,158,886,836.0
353_NT_AL_AA.fasta.zip,178,186,177.0
3547_NT_AL_AA.fasta.zip,157,1344,1325
3549_NT_AL_AA.fasta.zip,182,451,409.0
3550_NT_AL_AA.fasta.zip,187,561,555
3551_NT_AL_AA.fasta.zip,179,751,743
3552_NT_AL_AA.fasta.zip,183,284,265
3553_NT_AL_AA.fasta.zip,182,276,266.0
3554_NT_AL_AA.fasta.zip,181,579,566
3556_NT_AL_AA.fasta.zip,183,706,685
3557_NT_AL_AA.fasta.zip,166,174,168.0
3558_NT_AL_AA.fasta.zip,183,158,154
3559_NT_AL_AA.fasta.zip,181,292,250
355_NT_AL_AA.fasta.zip,173,326,265
3560_NT_AL_AA.fasta.zip,182,610,536.0
3561_NT_AL_AA.fasta.zip,178,382,367.0
3562_NT_AL_AA.fasta.zip,18,145,143.0
3565_NT_AL_AA.fasta.zip,180,153,130.0
3566_NT_AL_AA.fasta.zip,179,895,784
3567_NT_AL_AA.fasta.zip,186,138,133.0
3568_NT_AL_AA.fasta.zip,161,424,417
3569_NT_AL_AA.fasta.zip,180,212,198.0
356_NT_AL_AA.fasta.zip,184,325,269.0
3570_NT_AL_AA.fasta.zip,183,466,428
3572_NT_AL_AA.fasta.zip,176,941,918.0
3574_NT_AL_AA.fasta.zip,185,186,164
3575_NT_AL_AA.fasta.zip,186,476,456.0
3578_NT_AL_AA.fasta.zip,186,141,135.0
3579_NT_AL_AA.fasta.zip,106,344,340.0
357_NT_AL_AA.fasta.zip,169,2705,1398
3581_NT_AL_AA.fasta.zip,131,486,446
3586_NT_AL_AA.fasta.zip,188,183,178.0
3587_NT_AL_AA.fasta.zip,183,616,575
3588_NT_AL_AA.fasta.zip,176,329,313.0
3589_NT_AL_AA.fasta.zip,172,204,196.0
358_NT_AL_AA.fasta.zip,185,273,271
3590_NT_AL_AA.fasta.zip,173,425,416
3592_NT_AL_AA.fasta.zip,185,230,216
3593_NT_AL_AA.fasta.zip,189,339,326
3594_NT_AL_AA.fasta.zip,178,693,627.0
3595_NT_AL_AA.fasta.zip,183,887,855
3596_NT_AL_AA.fasta.zip,180,136,123.0
359710_NT_AL_AA.fasta.zip,177,482,469
359787_NT_AL_AA.fasta.zip,24,164,150.0
3597_NT_AL_AA.fasta.zip,183,434,417
359845_NT_AL_AA.fasta.zip,169,234,214
3598_NT_AL_AA.fasta.zip,184,369,362.0
359948_NT_AL_AA.fasta.zip,167,632,578
359_NT_AL_AA.fasta.zip,170,276,271.0
35_NT_AL_AA.fasta.zip,182,416,410.0
360023_NT_AL_AA.fasta.zip,170,931,909.0
3600_NT_AL_AA.fasta.zip,170,172,162.0
3601_NT_AL_AA.fasta.zip,173,251,214
360200_NT_AL_AA.fasta.zip,183,1110,1044
360203_NT_AL_AA.fasta.zip,143,273,260
3603_NT_AL_AA.fasta.zip,181,1448,1301
3604_NT_AL_AA.fasta.zip,184,258,247.0
3605_NT_AL_AA.fasta.zip,181,165,153
3606_NT_AL_AA.fasta.zip,178,199,192.0
3607_NT_AL_AA.fasta.zip,170,636,605.0
3608_NT_AL_AA.fasta.zip,187,395,390
3609_NT_AL_AA.fasta.zip,189,924,899
360_NT_AL_AA.fasta.zip,188,295,292.0
3611_NT_AL_AA.fasta.zip,190,457,452.0
3612_NT_AL_AA.fasta.zip,167,277,277
3613_NT_AL_AA.fasta.zip,175,303,287
3614_NT_AL_AA.fasta.zip,184,554,550.0
3615_NT_AL_AA.fasta.zip,188,538,538.0
3617_NT_AL_AA.fasta.zip,177,877,760
3619_NT_AL_AA.fasta.zip,186,1148,856.5
361_NT_AL_AA.fasta.zip,184,327,322.0
3620_NT_AL_AA.fasta.zip,182,405,391.0
3621_NT_AL_AA.fasta.zip,133,234,234
3622_NT_AL_AA.fasta.zip,181,277,277
3623_NT_AL_AA.fasta.zip,188,384,365.0
3624_NT_AL_AA.fasta.zip,185,433,424
3625_NT_AL_AA.fasta.zip,170,418,402.0
3626_NT_AL_AA.fasta.zip,189,364,352
3627_NT_AL_AA.fasta.zip,182,99,97.0
3628_NT_AL_AA.fasta.zip,176,402,398.0
362_NT_AL_AA.fasta.zip,158,266,265.0
3630_NT_AL_AA.fasta.zip,149,111,110
3631_NT_AL_AA.fasta.zip,189,958,943
3632_NT_AL_AA.fasta.zip,181,416,404
3633_NT_AL_AA.fasta.zip,189,949,908
3635_NT_AL_AA.fasta.zip,186,1240,1183.0
3636_NT_AL_AA.fasta.zip,177,1303,1259
3638_NT_AL_AA.fasta.zip,179,280,243
363_NT_AL_AA.fasta.zip,182,271,258.0
3640_NT_AL_AA.fasta.zip,170,161,130.0
3642_NT_AL_AA.fasta.zip,154,579,507.5
3643_NT_AL_AA.fasta.zip,180,1397,1364.0
3645_NT_AL_AA.fasta.zip,186,1316,1295.0
3646_NT_AL_AA.fasta.zip,185,445,445
364_NT_AL_AA.fasta.zip,184,322,297.0
3651_NT_AL_AA.fasta.zip,186,319,281.0
3652_NT_AL_AA.fasta.zip,189,586,584
3654_NT_AL_AA.fasta.zip,180,755,699.0
3655_NT_AL_AA.fasta.zip,186,1107,1091.0
3656_NT_AL_AA.fasta.zip,186,637,606.0
3658_NT_AL_AA.fasta.zip,173,964,963
3659_NT_AL_AA.fasta.zip,187,347,319
3660_NT_AL_AA.fasta.zip,189,356,349
3661_NT_AL_AA.fasta.zip,187,434,415
3662_NT_AL_AA.fasta.zip,185,468,451
3663_NT_AL_AA.fasta.zip,187,535,499
3664_NT_AL_AA.fasta.zip,183,486,467
3665_NT_AL_AA.fasta.zip,175,532,426
3667_NT_AL_AA.fasta.zip,189,1367,1232
3669_NT_AL_AA.fasta.zip,181,176,171
366_NT_AL_AA.fasta.zip,188,297,295.0
3670_NT_AL_AA.fasta.zip,182,349,349.0
3671_NT_AL_AA.fasta.zip,184,444,428.0
3672_NT_AL_AA.fasta.zip,174,1181,1173.0
3673_NT_AL_AA.fasta.zip,177,1168,1159
3674_NT_AL_AA.fasta.zip,188,1052,1026.0
3675_NT_AL_AA.fasta.zip,185,1068,1033
3676_NT_AL_AA.fasta.zip,186,1042,1031.0
3678_NT_AL_AA.fasta.zip,181,1083,1047
3679_NT_AL_AA.fasta.zip,184,1206,1179.0
367_NT_AL_AA.fasta.zip,174,999,878.0
3680_NT_AL_AA.fasta.zip,177,1033,1025
3682_NT_AL_AA.fasta.zip,183,1281,1117
3683_NT_AL_AA.fasta.zip,186,1199,1152.0
3684_NT_AL_AA.fasta.zip,144,1171,1152.0
3685_NT_AL_AA.fasta.zip,173,1052,1036
3687_NT_AL_AA.fasta.zip,118,1173,1152.0
3688_NT_AL_AA.fasta.zip,177,906,798
3689_NT_AL_AA.fasta.zip,181,779,754
368_NT_AL_AA.fasta.zip,181,1544,1486
3690_NT_AL_AA.fasta.zip,182,779,768.0
3691_NT_AL_AA.fasta.zip,183,1936,1819
3692_NT_AL_AA.fasta.zip,186,247,245.0
3693_NT_AL_AA.fasta.zip,181,803,796
3694_NT_AL_AA.fasta.zip,188,791,788.0
3695_NT_AL_AA.fasta.zip,185,835,793
3696_NT_AL_AA.fasta.zip,187,777,767
3697_NT_AL_AA.fasta.zip,187,926,909
3698_NT_AL_AA.fasta.zip,187,955,946
3699_NT_AL_AA.fasta.zip,180,900,881.0
369_NT_AL_AA.fasta.zip,183,634,603
36_NT_AL_AA.fasta.zip,184,440,432.0
3700_NT_AL_AA.fasta.zip,177,937,814
3702_NT_AL_AA.fasta.zip,187,624,617
3703_NT_AL_AA.fasta.zip,189,709,704
3704_NT_AL_AA.fasta.zip,189,198,191
3705_NT_AL_AA.fasta.zip,183,433,412
3706_NT_AL_AA.fasta.zip,183,469,454
3707_NT_AL_AA.fasta.zip,180,1009,922.0
3708_NT_AL_AA.fasta.zip,155,2844,2746
3709_NT_AL_AA.fasta.zip,174,2710,2701.0
3710_NT_AL_AA.fasta.zip,186,2891,2664.0
3712_NT_AL_AA.fasta.zip,186,431,426.0
3713_NT_AL_AA.fasta.zip,118,1299,320.5
3714_NT_AL_AA.fasta.zip,175,1252,1203
3716_NT_AL_AA.fasta.zip,182,1161,1153.0
3717_NT_AL_AA.fasta.zip,185,1136,1131
3718_NT_AL_AA.fasta.zip,185,1125,1100
3720_NT_AL_AA.fasta.zip,189,1287,1227
3725_NT_AL_AA.fasta.zip,179,363,334
3726_NT_AL_AA.fasta.zip,184,369,347.0
3727_NT_AL_AA.fasta.zip,160,383,344.0
3728_NT_AL_AA.fasta.zip,186,748,745.0
372_NT_AL_AA.fasta.zip,189,511,511
373156_NT_AL_AA.fasta.zip,179,234,225
3732_NT_AL_AA.fasta.zip,185,272,266
373509_NT_AL_AA.fasta.zip,181,377,369
3735_NT_AL_AA.fasta.zip,184,636,623.0
3736_NT_AL_AA.fasta.zip,180,496,495.0
3737_NT_AL_AA.fasta.zip,184,501,499.0
373863_NT_AL_AA.fasta.zip,185,375,350
3738_NT_AL_AA.fasta.zip,169,543,523
3739_NT_AL_AA.fasta.zip,173,692,650
373_NT_AL_AA.fasta.zip,187,578,574
3741_NT_AL_AA.fasta.zip,174,662,598.5
374286_NT_AL_AA.fasta.zip,155,1084,1008
374291_NT_AL_AA.fasta.zip,187,214,205
3742_NT_AL_AA.fasta.zip,174,556,529.0
374308_NT_AL_AA.fasta.zip,150,854,829.5
374354_NT_AL_AA.fasta.zip,189,731,724
374355_NT_AL_AA.fasta.zip,189,254,251
374378_NT_AL_AA.fasta.zip,185,608,607
374395_NT_AL_AA.fasta.zip,177,221,218
3743_NT_AL_AA.fasta.zip,179,468,454
374403_NT_AL_AA.fasta.zip,185,464,445
374407_NT_AL_AA.fasta.zip,186,313,313.0
374454_NT_AL_AA.fasta.zip,100,820,576.0
374462_NT_AL_AA.fasta.zip,179,2365,2285
3744_NT_AL_AA.fasta.zip,183,518,511
374569_NT_AL_AA.fasta.zip,183,563,545
3745_NT_AL_AA.fasta.zip,182,874,858.0
374618_NT_AL_AA.fasta.zip,186,436,386.0
374654_NT_AL_AA.fasta.zip,180,1410,1324.5
374655_NT_AL_AA.fasta.zip,184,702,664.0
374659_NT_AL_AA.fasta.zip,182,182,178.0
3746_NT_AL_AA.fasta.zip,180,594,584.0
374739_NT_AL_AA.fasta.zip,187,219,213
374768_NT_AL_AA.fasta.zip,167,345,305
374786_NT_AL_AA.fasta.zip,181,2018,1358
3747_NT_AL_AA.fasta.zip,179,682,631
374864_NT_AL_AA.fasta.zip,163,829,810
374868_NT_AL_AA.fasta.zip,184,1206,1128.0
374877_NT_AL_AA.fasta.zip,175,515,478
374882_NT_AL_AA.fasta.zip,185,191,189
374887_NT_AL_AA.fasta.zip,183,245,232
374897_NT_AL_AA.fasta.zip,180,1914,547.0
3748_NT_AL_AA.fasta.zip,162,782,721.0
374907_NT_AL_AA.fasta.zip,186,404,397.0
374920_NT_AL_AA.fasta.zip,180,953,878.5
374946_NT_AL_AA.fasta.zip,186,374,345.5
374955_NT_AL_AA.fasta.zip,174,511,445.5
374969_NT_AL_AA.fasta.zip,181,66,66
374973_NT_AL_AA.fasta.zip,189,208,197
374977_NT_AL_AA.fasta.zip,186,1355,1311.5
374986_NT_AL_AA.fasta.zip,183,612,600
3749_NT_AL_AA.fasta.zip,186,659,618.0
374_NT_AL_AA.fasta.zip,189,278,248
375033_NT_AL_AA.fasta.zip,187,1073,1035
375035_NT_AL_AA.fasta.zip,180,167,160.0
375056_NT_AL_AA.fasta.zip,172,2156,1828.0
375057_NT_AL_AA.fasta.zip,167,156,137
375061_NT_AL_AA.fasta.zip,175,186,169
3750_NT_AL_AA.fasta.zip,180,665,644.0
375189_NT_AL_AA.fasta.zip,178,129,129.0
3751_NT_AL_AA.fasta.zip,162,631,630.0
375298_NT_AL_AA.fasta.zip,187,554,526
3752_NT_AL_AA.fasta.zip,178,658,655.0
375307_NT_AL_AA.fasta.zip,184,377,364.0
375316_NT_AL_AA.fasta.zip,184,1092,1038.0
375323_NT_AL_AA.fasta.zip,184,249,247.0
375337_NT_AL_AA.fasta.zip,183,1769,1638
375341_NT_AL_AA.fasta.zip,179,274,254
375387_NT_AL_AA.fasta.zip,189,700,692
3753_NT_AL_AA.fasta.zip,178,138,129.0
375444_NT_AL_AA.fasta.zip,187,666,636
375449_NT_AL_AA.fasta.zip,162,3344,2571.0
375484_NT_AL_AA.fasta.zip,184,1793,884.0
3754_NT_AL_AA.fasta.zip,184,616,490.0
375567_NT_AL_AA.fasta.zip,138,339,325.0
3755_NT_AL_AA.fasta.zip,186,536,513.0
375611_NT_AL_AA.fasta.zip,188,760,738.0
375612_NT_AL_AA.fasta.zip,169,239,233
375616_NT_AL_AA.fasta.zip,177,1684,1533
375686_NT_AL_AA.fasta.zip,180,774,549.5
3756_NT_AL_AA.fasta.zip,175,1021,988
375704_NT_AL_AA.fasta.zip,159,76,76
375743_NT_AL_AA.fasta.zip,189,440,429
375748_NT_AL_AA.fasta.zip,182,1576,1538.0
375757_NT_AL_AA.fasta.zip,140,127,119.0
375759_NT_AL_AA.fasta.zip,156,527,365.5
375775_NT_AL_AA.fasta.zip,175,1348,1293
375790_NT_AL_AA.fasta.zip,181,2207,2036
375791_NT_AL_AA.fasta.zip,175,187,138
3757_NT_AL_AA.fasta.zip,166,1206,1150.5
3758_NT_AL_AA.fasta.zip,188,374,372.0
3759_NT_AL_AA.fasta.zip,153,440,427
375_NT_AL_AA.fasta.zip,167,182,181
3760_NT_AL_AA.fasta.zip,184,507,500.0
376132_NT_AL_AA.fasta.zip,190,277,276.0
3761_NT_AL_AA.fasta.zip,184,466,440.0
376267_NT_AL_AA.fasta.zip,188,213,211.0
3762_NT_AL_AA.fasta.zip,187,424,417
3763_NT_AL_AA.fasta.zip,182,424,423.0
376497_NT_AL_AA.fasta.zip,187,652,646
3764_NT_AL_AA.fasta.zip,183,425,424
3765_NT_AL_AA.fasta.zip,179,404,390
3766_NT_AL_AA.fasta.zip,171,381,379
3767_NT_AL_AA.fasta.zip,189,396,388
3768_NT_AL_AA.fasta.zip,159,444,428
376940_NT_AL_AA.fasta.zip,181,1242,1168
3769_NT_AL_AA.fasta.zip,188,363,360.0
377007_NT_AL_AA.fasta.zip,185,594,578
3770_NT_AL_AA.fasta.zip,176,449,432.0
3772_NT_AL_AA.fasta.zip,182,376,375.0
3773_NT_AL_AA.fasta.zip,157,426,419
3775_NT_AL_AA.fasta.zip,169,337,336
377677_NT_AL_AA.fasta.zip,149,262,262
3776_NT_AL_AA.fasta.zip,181,427,422
3777_NT_AL_AA.fasta.zip,182,422,394.0
377841_NT_AL_AA.fasta.zip,176,509,488.0
3778_NT_AL_AA.fasta.zip,179,1395,1260
3779_NT_AL_AA.fasta.zip,189,191,190
377_NT_AL_AA.fasta.zip,187,181,181
3780_NT_AL_AA.fasta.zip,180,550,538.0
3781_NT_AL_AA.fasta.zip,170,901,836.0
3782_NT_AL_AA.fasta.zip,181,764,709
3783_NT_AL_AA.fasta.zip,186,444,425.0
3784_NT_AL_AA.fasta.zip,171,758,648
3785_NT_AL_AA.fasta.zip,177,922,884
3786_NT_AL_AA.fasta.zip,168,897,867.0
378708_NT_AL_AA.fasta.zip,85,125,120
3787_NT_AL_AA.fasta.zip,179,511,495
378807_NT_AL_AA.fasta.zip,185,437,413
378884_NT_AL_AA.fasta.zip,180,417,395.0
3788_NT_AL_AA.fasta.zip,187,485,477
378925_NT_AL_AA.fasta.zip,177,308,303
378_NT_AL_AA.fasta.zip,181,180,180
3790_NT_AL_AA.fasta.zip,188,495,491.0
3791_NT_AL_AA.fasta.zip,187,1372,1351
3792_NT_AL_AA.fasta.zip,184,731,704.0
3795_NT_AL_AA.fasta.zip,187,346,343
3796_NT_AL_AA.fasta.zip,188,747,744.0
3797_NT_AL_AA.fasta.zip,186,854,788.0
3798_NT_AL_AA.fasta.zip,187,1048,1032
3799_NT_AL_AA.fasta.zip,187,980,963
379_NT_AL_AA.fasta.zip,178,201,201.0
37_NT_AL_AA.fasta.zip,188,663,652.0
3800_NT_AL_AA.fasta.zip,186,963,956.0
3801_NT_AL_AA.fasta.zip,188,999,937.0
3814_NT_AL_AA.fasta.zip,162,154,125.0
3815_NT_AL_AA.fasta.zip,182,992,968.0
3816_NT_AL_AA.fasta.zip,134,271,261.0
381_NT_AL_AA.fasta.zip,184,182,180.0
3820_NT_AL_AA.fasta.zip,120,223,220.0
382_NT_AL_AA.fasta.zip,180,175,175.0
3831_NT_AL_AA.fasta.zip,160,603,597.0
3832_NT_AL_AA.fasta.zip,184,1074,1056.0
3835_NT_AL_AA.fasta.zip,174,680,647.5
3836_NT_AL_AA.fasta.zip,187,539,538
3837_NT_AL_AA.fasta.zip,189,881,876
3838_NT_AL_AA.fasta.zip,183,535,529
3839_NT_AL_AA.fasta.zip,188,523,521.0
383_NT_AL_AA.fasta.zip,185,324,322
3840_NT_AL_AA.fasta.zip,187,522,521
3842_NT_AL_AA.fasta.zip,184,898,898.0
3843_NT_AL_AA.fasta.zip,189,1098,1096
3845_NT_AL_AA.fasta.zip,178,189,189.0
3848_NT_AL_AA.fasta.zip,133,888,611
3849_NT_AL_AA.fasta.zip,142,955,646.0
384_NT_AL_AA.fasta.zip,189,356,354
3852_NT_AL_AA.fasta.zip,147,756,580
3853_NT_AL_AA.fasta.zip,71,572,562
3855_NT_AL_AA.fasta.zip,174,524,461.0
3856_NT_AL_AA.fasta.zip,182,541,483.0
3857_NT_AL_AA.fasta.zip,130,1249,602.5
3858_NT_AL_AA.fasta.zip,161,968,562
3859_NT_AL_AA.fasta.zip,159,610,486
386617_NT_AL_AA.fasta.zip,172,496,471.0
386618_NT_AL_AA.fasta.zip,188,260,259.0
386653_NT_AL_AA.fasta.zip,28,160,159.0
3866_NT_AL_AA.fasta.zip,123,516,455
386724_NT_AL_AA.fasta.zip,177,543,504
386746_NT_AL_AA.fasta.zip,155,297,276
387032_NT_AL_AA.fasta.zip,84,554,544.0
387103_NT_AL_AA.fasta.zip,187,86,86
387104_NT_AL_AA.fasta.zip,184,1049,945.0
387119_NT_AL_AA.fasta.zip,181,800,779
387129_NT_AL_AA.fasta.zip,177,387,368
387263_NT_AL_AA.fasta.zip,142,190,178.0
387332_NT_AL_AA.fasta.zip,184,360,342.0
387338_NT_AL_AA.fasta.zip,178,389,384.0
387357_NT_AL_AA.fasta.zip,186,629,626.0
387496_NT_AL_AA.fasta.zip,178,245,242.0
387509_NT_AL_AA.fasta.zip,177,670,591
387597_NT_AL_AA.fasta.zip,173,673,626
3875_NT_AL_AA.fasta.zip,178,442,428.0
387640_NT_AL_AA.fasta.zip,186,992,901.5
387694_NT_AL_AA.fasta.zip,174,439,428.5
387695_NT_AL_AA.fasta.zip,140,84,69.0
387700_NT_AL_AA.fasta.zip,187,489,486
387707_NT_AL_AA.fasta.zip,168,1419,1378.5
387712_NT_AL_AA.fasta.zip,188,639,609.0
387718_NT_AL_AA.fasta.zip,180,196,179.0
387723_NT_AL_AA.fasta.zip,110,105,85.5
387733_NT_AL_AA.fasta.zip,165,143,134
387755_NT_AL_AA.fasta.zip,185,535,531
387758_NT_AL_AA.fasta.zip,181,216,211
387763_NT_AL_AA.fasta.zip,172,125,123.0
387787_NT_AL_AA.fasta.zip,172,232,231.0
387804_NT_AL_AA.fasta.zip,180,201,195.0
387837_NT_AL_AA.fasta.zip,156,282,276.0
387849_NT_AL_AA.fasta.zip,184,242,236.0
387856_NT_AL_AA.fasta.zip,181,200,194
387882_NT_AL_AA.fasta.zip,149,65,62
387885_NT_AL_AA.fasta.zip,184,311,297.0
387890_NT_AL_AA.fasta.zip,181,115,108
387893_NT_AL_AA.fasta.zip,183,312,308
387914_NT_AL_AA.fasta.zip,183,301,293
387921_NT_AL_AA.fasta.zip,182,345,340.0
387923_NT_AL_AA.fasta.zip,124,52,52.0
387990_NT_AL_AA.fasta.zip,169,148,139
387_NT_AL_AA.fasta.zip,186,193,193.0
388015_NT_AL_AA.fasta.zip,172,1865,1235.0
388021_NT_AL_AA.fasta.zip,177,235,232
388115_NT_AL_AA.fasta.zip,186,527,471.0
388121_NT_AL_AA.fasta.zip,180,204,204.0
388135_NT_AL_AA.fasta.zip,187,316,292
388228_NT_AL_AA.fasta.zip,176,430,413.0
388272_NT_AL_AA.fasta.zip,148,155,154.0
388284_NT_AL_AA.fasta.zip,177,351,316
388323_NT_AL_AA.fasta.zip,181,303,281
388324_NT_AL_AA.fasta.zip,179,271,229
388325_NT_AL_AA.fasta.zip,175,138,133
388335_NT_AL_AA.fasta.zip,179,161,160
388336_NT_AL_AA.fasta.zip,142,568,540.0
388341_NT_AL_AA.fasta.zip,172,357,330.0
388364_NT_AL_AA.fasta.zip,187,266,261
388381_NT_AL_AA.fasta.zip,188,155,154.0
388389_NT_AL_AA.fasta.zip,185,253,240
388394_NT_AL_AA.fasta.zip,147,129,120
388403_NT_AL_AA.fasta.zip,175,119,119
388419_NT_AL_AA.fasta.zip,181,493,477
388531_NT_AL_AA.fasta.zip,183,241,235
388533_NT_AL_AA.fasta.zip,141,103,99
388551_NT_AL_AA.fasta.zip,181,418,409
388552_NT_AL_AA.fasta.zip,81,206,198
388553_NT_AL_AA.fasta.zip,168,601,523.5
388564_NT_AL_AA.fasta.zip,140,190,176.0
388581_NT_AL_AA.fasta.zip,176,335,293.0
388585_NT_AL_AA.fasta.zip,147,179,165
388588_NT_AL_AA.fasta.zip,169,81,78
388591_NT_AL_AA.fasta.zip,183,623,609
388595_NT_AL_AA.fasta.zip,188,359,333.0
3885_NT_AL_AA.fasta.zip,45,393,393
388610_NT_AL_AA.fasta.zip,151,246,225
388611_NT_AL_AA.fasta.zip,184,181,173.0
388630_NT_AL_AA.fasta.zip,174,533,512.0
388633_NT_AL_AA.fasta.zip,188,212,204.0
388649_NT_AL_AA.fasta.zip,183,181,178
388650_NT_AL_AA.fasta.zip,189,410,410
388662_NT_AL_AA.fasta.zip,188,735,727.0
388695_NT_AL_AA.fasta.zip,187,234,227
3886_NT_AL_AA.fasta.zip,157,463,455
388722_NT_AL_AA.fasta.zip,166,154,132.0
388730_NT_AL_AA.fasta.zip,190,250,246.0
388743_NT_AL_AA.fasta.zip,135,714,702
388753_NT_AL_AA.fasta.zip,134,79,79.0
388789_NT_AL_AA.fasta.zip,85,98,94
388795_NT_AL_AA.fasta.zip,162,1235,1109.0
388820_NT_AL_AA.fasta.zip,66,114,108.0
388849_NT_AL_AA.fasta.zip,171,433,390
388886_NT_AL_AA.fasta.zip,132,331,312.5
3888_NT_AL_AA.fasta.zip,169,524,515
388931_NT_AL_AA.fasta.zip,189,491,471
388939_NT_AL_AA.fasta.zip,187,1392,1272
388946_NT_AL_AA.fasta.zip,186,245,201.0
388962_NT_AL_AA.fasta.zip,183,112,109
388963_NT_AL_AA.fasta.zip,175,652,565
388969_NT_AL_AA.fasta.zip,185,183,166
388_NT_AL_AA.fasta.zip,182,197,196.0
389015_NT_AL_AA.fasta.zip,189,837,787
389058_NT_AL_AA.fasta.zip,181,426,395
389072_NT_AL_AA.fasta.zip,190,773,757.0
389073_NT_AL_AA.fasta.zip,174,188,179.0
389084_NT_AL_AA.fasta.zip,169,126,119
3890_NT_AL_AA.fasta.zip,182,678,581.0
389118_NT_AL_AA.fasta.zip,185,805,761
389119_NT_AL_AA.fasta.zip,188,296,277.0
389136_NT_AL_AA.fasta.zip,189,350,326
389158_NT_AL_AA.fasta.zip,165,274,267
389161_NT_AL_AA.fasta.zip,188,559,539.0
389170_NT_AL_AA.fasta.zip,180,708,688.0
389177_NT_AL_AA.fasta.zip,181,184,181
389197_NT_AL_AA.fasta.zip,139,1595,1312
389203_NT_AL_AA.fasta.zip,168,68,67.0
389206_NT_AL_AA.fasta.zip,185,586,527
389207_NT_AL_AA.fasta.zip,176,293,290.0
389257_NT_AL_AA.fasta.zip,181,517,511
389320_NT_AL_AA.fasta.zip,180,137,134.0
389332_NT_AL_AA.fasta.zip,123,105,103
389333_NT_AL_AA.fasta.zip,173,1148,1001
389336_NT_AL_AA.fasta.zip,172,88,70.0
389337_NT_AL_AA.fasta.zip,188,689,674.0
389362_NT_AL_AA.fasta.zip,176,123,120.0
389376_NT_AL_AA.fasta.zip,170,87,78.0
389383_NT_AL_AA.fasta.zip,155,98,87
389384_NT_AL_AA.fasta.zip,177,964,630
389396_NT_AL_AA.fasta.zip,177,290,284
389400_NT_AL_AA.fasta.zip,182,397,385.0
389421_NT_AL_AA.fasta.zip,183,260,247
389432_NT_AL_AA.fasta.zip,148,186,170.0
389434_NT_AL_AA.fasta.zip,187,309,285
389493_NT_AL_AA.fasta.zip,173,93,87
389541_NT_AL_AA.fasta.zip,188,100,99.0
389549_NT_AL_AA.fasta.zip,185,504,475
389558_NT_AL_AA.fasta.zip,188,175,173.0
3895_NT_AL_AA.fasta.zip,189,1374,1350
389610_NT_AL_AA.fasta.zip,174,693,616.5
389643_NT_AL_AA.fasta.zip,186,803,789.0
389658_NT_AL_AA.fasta.zip,140,138,120.0
389668_NT_AL_AA.fasta.zip,186,376,371.0
389677_NT_AL_AA.fasta.zip,183,1242,970
389692_NT_AL_AA.fasta.zip,145,450,350
389792_NT_AL_AA.fasta.zip,165,484,402
389799_NT_AL_AA.fasta.zip,182,294,281.0
3897_NT_AL_AA.fasta.zip,182,1273,1249.0
389812_NT_AL_AA.fasta.zip,137,174,167
389813_NT_AL_AA.fasta.zip,168,1079,974.0
389816_NT_AL_AA.fasta.zip,167,324,292
389827_NT_AL_AA.fasta.zip,186,222,221.0
389840_NT_AL_AA.fasta.zip,167,1315,1219
389852_NT_AL_AA.fasta.zip,47,159,159
389856_NT_AL_AA.fasta.zip,141,685,656
389874_NT_AL_AA.fasta.zip,140,180,170.0
389895_NT_AL_AA.fasta.zip,161,306,274
389941_NT_AL_AA.fasta.zip,180,256,255.0
3899_NT_AL_AA.fasta.zip,182,1335,1203.0
389_NT_AL_AA.fasta.zip,188,193,193.0
38_NT_AL_AA.fasta.zip,180,427,425.0
390010_NT_AL_AA.fasta.zip,161,365,300
390205_NT_AL_AA.fasta.zip,167,298,292
390212_NT_AL_AA.fasta.zip,185,849,453
390243_NT_AL_AA.fasta.zip,181,245,238
390259_NT_AL_AA.fasta.zip,186,246,232.0
3902_NT_AL_AA.fasta.zip,186,532,471.0
390443_NT_AL_AA.fasta.zip,131,190,161
390594_NT_AL_AA.fasta.zip,181,470,457
390595_NT_AL_AA.fasta.zip,189,457,367
390598_NT_AL_AA.fasta.zip,187,818,722
390616_NT_AL_AA.fasta.zip,166,546,533.0
390637_NT_AL_AA.fasta.zip,188,395,385.0
390667_NT_AL_AA.fasta.zip,182,479,442.0
3906_NT_AL_AA.fasta.zip,181,146,142
390748_NT_AL_AA.fasta.zip,168,321,246.0
390790_NT_AL_AA.fasta.zip,159,198,168
390792_NT_AL_AA.fasta.zip,166,500,484.0
390874_NT_AL_AA.fasta.zip,142,544,481.0
3908_NT_AL_AA.fasta.zip,176,3152,3110.0
390916_NT_AL_AA.fasta.zip,167,398,354
390928_NT_AL_AA.fasta.zip,118,430,427.0
390937_NT_AL_AA.fasta.zip,171,379,353
390940_NT_AL_AA.fasta.zip,149,215,212
390992_NT_AL_AA.fasta.zip,171,203,178
3909_NT_AL_AA.fasta.zip,176,3375,3283.5
390_NT_AL_AA.fasta.zip,187,244,244
391013_NT_AL_AA.fasta.zip,172,166,149.0
391059_NT_AL_AA.fasta.zip,172,598,589.0
3910_NT_AL_AA.fasta.zip,182,1853,1823.0
391123_NT_AL_AA.fasta.zip,152,450,409.0
3911_NT_AL_AA.fasta.zip,168,3758,3637.0
3912_NT_AL_AA.fasta.zip,186,1863,1786.0
391356_NT_AL_AA.fasta.zip,188,142,140.0
391365_NT_AL_AA.fasta.zip,169,304,303
3913_NT_AL_AA.fasta.zip,172,1816,1800.5
391475_NT_AL_AA.fasta.zip,177,594,561
3914_NT_AL_AA.fasta.zip,188,1197,1172.0
3915_NT_AL_AA.fasta.zip,173,1606,1605
3916_NT_AL_AA.fasta.zip,181,455,406
391723_NT_AL_AA.fasta.zip,185,246,242
3918_NT_AL_AA.fasta.zip,184,1221,1191.0
391_NT_AL_AA.fasta.zip,183,191,191
3920_NT_AL_AA.fasta.zip,181,450,411
3921_NT_AL_AA.fasta.zip,181,298,295
392255_NT_AL_AA.fasta.zip,179,509,448
392307_NT_AL_AA.fasta.zip,184,898,384.5
392391_NT_AL_AA.fasta.zip,176,318,314.5
392465_NT_AL_AA.fasta.zip,181,152,147
392509_NT_AL_AA.fasta.zip,162,307,279.0
3925_NT_AL_AA.fasta.zip,185,150,149
392617_NT_AL_AA.fasta.zip,173,892,815
392636_NT_AL_AA.fasta.zip,180,424,420.0
3927_NT_AL_AA.fasta.zip,187,272,261
392843_NT_AL_AA.fasta.zip,175,855,811
392862_NT_AL_AA.fasta.zip,186,1542,1190.0
3929_NT_AL_AA.fasta.zip,137,503,481
392_NT_AL_AA.fasta.zip,188,441,439.0
3930_NT_AL_AA.fasta.zip,188,687,610.0
3931_NT_AL_AA.fasta.zip,189,482,440
3932_NT_AL_AA.fasta.zip,190,513,509.0
3934_NT_AL_AA.fasta.zip,158,208,198.0
3936_NT_AL_AA.fasta.zip,188,630,626.0
3937_NT_AL_AA.fasta.zip,189,576,531
3938_NT_AL_AA.fasta.zip,180,2004,1901.0
3939_NT_AL_AA.fasta.zip,101,335,332
393_NT_AL_AA.fasta.zip,175,995,926
394263_NT_AL_AA.fasta.zip,116,456,233.0
3945_NT_AL_AA.fasta.zip,182,334,334.0
3948_NT_AL_AA.fasta.zip,76,333,332.0
3949_NT_AL_AA.fasta.zip,188,1065,816.5
394_NT_AL_AA.fasta.zip,185,1510,1503
3950_NT_AL_AA.fasta.zip,184,156,151.0
3952_NT_AL_AA.fasta.zip,185,171,167
3953_NT_AL_AA.fasta.zip,188,1182,1161.0
3954_NT_AL_AA.fasta.zip,180,775,716.5
3955_NT_AL_AA.fasta.zip,168,386,377.0
3956_NT_AL_AA.fasta.zip,181,132,132
3957_NT_AL_AA.fasta.zip,179,134,128
3958_NT_AL_AA.fasta.zip,182,441,261.0
395_NT_AL_AA.fasta.zip,180,1030,959.0
3964_NT_AL_AA.fasta.zip,182,360,357.0
3965_NT_AL_AA.fasta.zip,141,365,355
396_NT_AL_AA.fasta.zip,183,210,204
3972_NT_AL_AA.fasta.zip,81,143,139
3973_NT_AL_AA.fasta.zip,180,668,667.0
3975_NT_AL_AA.fasta.zip,187,408,406
3976_NT_AL_AA.fasta.zip,180,204,200.0
3977_NT_AL_AA.fasta.zip,187,1131,1094
3978_NT_AL_AA.fasta.zip,182,1022,903.0
397_NT_AL_AA.fasta.zip,186,201,200.0
3980_NT_AL_AA.fasta.zip,187,1042,997
3981_NT_AL_AA.fasta.zip,186,917,911.0
3982_NT_AL_AA.fasta.zip,182,174,173.0
3983_NT_AL_AA.fasta.zip,186,761,723.0
3984_NT_AL_AA.fasta.zip,185,675,647
3985_NT_AL_AA.fasta.zip,173,645,634
3987_NT_AL_AA.fasta.zip,145,400,398
3988_NT_AL_AA.fasta.zip,165,400,398
398_NT_AL_AA.fasta.zip,180,227,223.0
3990_NT_AL_AA.fasta.zip,181,506,497
3991_NT_AL_AA.fasta.zip,181,771,751
3992_NT_AL_AA.fasta.zip,175,439,435
3993_NT_AL_AA.fasta.zip,190,1035,1011.0
399473_NT_AL_AA.fasta.zip,182,436,407.0
399474_NT_AL_AA.fasta.zip,166,317,307.0
399512_NT_AL_AA.fasta.zip,188,300,300.0
3995_NT_AL_AA.fasta.zip,174,451,443.0
399664_NT_AL_AA.fasta.zip,142,682,563.0
399665_NT_AL_AA.fasta.zip,188,394,384.0
399668_NT_AL_AA.fasta.zip,29,78,78
399671_NT_AL_AA.fasta.zip,186,1045,957.0
399687_NT_AL_AA.fasta.zip,184,2063,2029.0
399693_NT_AL_AA.fasta.zip,137,1060,859
399694_NT_AL_AA.fasta.zip,186,660,630.0
399697_NT_AL_AA.fasta.zip,167,81,81
3996_NT_AL_AA.fasta.zip,185,1076,1052
399814_NT_AL_AA.fasta.zip,170,331,309.0
399818_NT_AL_AA.fasta.zip,187,238,229
399823_NT_AL_AA.fasta.zip,160,335,309.0
399888_NT_AL_AA.fasta.zip,178,189,182.0
3998_NT_AL_AA.fasta.zip,188,525,517.0
399909_NT_AL_AA.fasta.zip,185,2094,2040
399947_NT_AL_AA.fasta.zip,181,241,195
399949_NT_AL_AA.fasta.zip,179,174,149
399967_NT_AL_AA.fasta.zip,152,83,83.0
399979_NT_AL_AA.fasta.zip,184,1029,988.0
399_NT_AL_AA.fasta.zip,183,191,191
4000_NT_AL_AA.fasta.zip,187,824,664
400120_NT_AL_AA.fasta.zip,148,107,107.0
4001_NT_AL_AA.fasta.zip,180,592,586.0
400224_NT_AL_AA.fasta.zip,188,513,506.0
400258_NT_AL_AA.fasta.zip,157,164,144
400451_NT_AL_AA.fasta.zip,149,158,143
4004_NT_AL_AA.fasta.zip,190,156,156.0
400506_NT_AL_AA.fasta.zip,176,525,447.5
400566_NT_AL_AA.fasta.zip,173,439,192
400569_NT_AL_AA.fasta.zip,188,121,117.0
4005_NT_AL_AA.fasta.zip,186,232,218.0
400668_NT_AL_AA.fasta.zip,153,324,260
400673_NT_AL_AA.fasta.zip,178,182,169.0
400745_NT_AL_AA.fasta.zip,188,442,428.0
400746_NT_AL_AA.fasta.zip,187,105,102
400757_NT_AL_AA.fasta.zip,156,475,399.0
4007_NT_AL_AA.fasta.zip,180,660,607.5
400823_NT_AL_AA.fasta.zip,144,169,156.0
400831_NT_AL_AA.fasta.zip,157,101,99
400891_NT_AL_AA.fasta.zip,160,378,344.0
4008_NT_AL_AA.fasta.zip,184,1850,1613.0
400916_NT_AL_AA.fasta.zip,181,163,139
400954_NT_AL_AA.fasta.zip,179,1968,1953
400961_NT_AL_AA.fasta.zip,187,123,122
4009_NT_AL_AA.fasta.zip,174,423,382.0
400_NT_AL_AA.fasta.zip,182,181,181.0
401024_NT_AL_AA.fasta.zip,172,7261,6816.5
401027_NT_AL_AA.fasta.zip,161,107,99
401036_NT_AL_AA.fasta.zip,174,482,466.0
401097_NT_AL_AA.fasta.zip,158,274,246.0
4010_NT_AL_AA.fasta.zip,180,413,395.0
401115_NT_AL_AA.fasta.zip,159,110,94
401124_NT_AL_AA.fasta.zip,185,931,894
401137_NT_AL_AA.fasta.zip,49,314,216
401138_NT_AL_AA.fasta.zip,177,219,208
401145_NT_AL_AA.fasta.zip,172,749,725.0
401152_NT_AL_AA.fasta.zip,138,70,67.0
401190_NT_AL_AA.fasta.zip,190,259,256.0
401207_NT_AL_AA.fasta.zip,185,115,113
401236_NT_AL_AA.fasta.zip,189,295,267
401251_NT_AL_AA.fasta.zip,165,187,173
401258_NT_AL_AA.fasta.zip,175,2234,929
401265_NT_AL_AA.fasta.zip,189,635,634
4012_NT_AL_AA.fasta.zip,188,1028,1023.0
401387_NT_AL_AA.fasta.zip,179,882,848
401397_NT_AL_AA.fasta.zip,123,60,59
401399_NT_AL_AA.fasta.zip,164,957,897.0
401409_NT_AL_AA.fasta.zip,180,220,217.0
401466_NT_AL_AA.fasta.zip,188,104,100.0
401474_NT_AL_AA.fasta.zip,182,154,149.0
401494_NT_AL_AA.fasta.zip,188,231,227.0
401498_NT_AL_AA.fasta.zip,190,240,235.0
4014_NT_AL_AA.fasta.zip,146,1190,256.5
401505_NT_AL_AA.fasta.zip,170,52,50.0
401541_NT_AL_AA.fasta.zip,181,285,280
401546_NT_AL_AA.fasta.zip,180,253,237.0
401548_NT_AL_AA.fasta.zip,182,441,435.0
401551_NT_AL_AA.fasta.zip,179,321,293
401565_NT_AL_AA.fasta.zip,186,334,317.0
4015_NT_AL_AA.fasta.zip,186,449,413.0
401612_NT_AL_AA.fasta.zip,181,307,306
401613_NT_AL_AA.fasta.zip,106,91,90.0
401647_NT_AL_AA.fasta.zip,148,193,166.0
401665_NT_AL_AA.fasta.zip,159,335,324
4016_NT_AL_AA.fasta.zip,176,664,576.5
401720_NT_AL_AA.fasta.zip,174,713,651.0
401934_NT_AL_AA.fasta.zip,178,407,246.0
401944_NT_AL_AA.fasta.zip,175,292,250
401_NT_AL_AA.fasta.zip,177,299,284
402055_NT_AL_AA.fasta.zip,181,338,311
402117_NT_AL_AA.fasta.zip,188,223,222.0
402160_NT_AL_AA.fasta.zip,183,650,609
402381_NT_AL_AA.fasta.zip,160,311,264.5
4023_NT_AL_AA.fasta.zip,190,480,475.0
402415_NT_AL_AA.fasta.zip,180,453,449.0
402569_NT_AL_AA.fasta.zip,174,496,480.0
4025_NT_AL_AA.fasta.zip,184,721,711.0
402635_NT_AL_AA.fasta.zip,153,140,136
402665_NT_AL_AA.fasta.zip,173,312,310
402682_NT_AL_AA.fasta.zip,163,147,142
4026_NT_AL_AA.fasta.zip,183,631,611
402778_NT_AL_AA.fasta.zip,169,202,195
402_NT_AL_AA.fasta.zip,188,195,183.0
403313_NT_AL_AA.fasta.zip,167,314,287
403314_NT_AL_AA.fasta.zip,182,383,364.0
403341_NT_AL_AA.fasta.zip,165,512,504
4033_NT_AL_AA.fasta.zip,174,512,495.0
4034_NT_AL_AA.fasta.zip,180,733,682.0
4035_NT_AL_AA.fasta.zip,186,4571,4544.0
4036_NT_AL_AA.fasta.zip,186,4719,4617.0
4037_NT_AL_AA.fasta.zip,184,792,761.0
4038_NT_AL_AA.fasta.zip,180,1902,1894.0
403_NT_AL_AA.fasta.zip,187,185,182
404037_NT_AL_AA.fasta.zip,177,407,398
404093_NT_AL_AA.fasta.zip,175,443,374
4040_NT_AL_AA.fasta.zip,186,1625,1613.0
4041_NT_AL_AA.fasta.zip,176,1593,1585.0
404203_NT_AL_AA.fasta.zip,76,84,80.0
404217_NT_AL_AA.fasta.zip,179,82,82
404220_NT_AL_AA.fasta.zip,117,210,191
404281_NT_AL_AA.fasta.zip,103,484,326
4043_NT_AL_AA.fasta.zip,183,353,342
4045_NT_AL_AA.fasta.zip,180,359,356.0
404636_NT_AL_AA.fasta.zip,186,360,355.0
404672_NT_AL_AA.fasta.zip,172,71,71.0
4046_NT_AL_AA.fasta.zip,174,375,310.0
4047_NT_AL_AA.fasta.zip,186,768,727.0
4048_NT_AL_AA.fasta.zip,188,615,610.0
4049_NT_AL_AA.fasta.zip,185,211,204
4050_NT_AL_AA.fasta.zip,186,270,244.0
4052_NT_AL_AA.fasta.zip,87,1750,1707
4053_NT_AL_AA.fasta.zip,187,1890,1802
4054_NT_AL_AA.fasta.zip,184,1334,1295.0
4055_NT_AL_AA.fasta.zip,185,438,411
4056_NT_AL_AA.fasta.zip,175,152,149
405753_NT_AL_AA.fasta.zip,184,324,320.0
4057_NT_AL_AA.fasta.zip,178,729,706.0
4058_NT_AL_AA.fasta.zip,153,908,760
4059_NT_AL_AA.fasta.zip,181,652,620
405_NT_AL_AA.fasta.zip,187,822,786
4060_NT_AL_AA.fasta.zip,190,350,338.0
4063_NT_AL_AA.fasta.zip,103,691,616
4064_NT_AL_AA.fasta.zip,188,663,661.0
4066_NT_AL_AA.fasta.zip,184,319,278.0
4067_NT_AL_AA.fasta.zip,184,539,512.0
4068_NT_AL_AA.fasta.zip,183,131,127
406_NT_AL_AA.fasta.zip,189,631,626
4070_NT_AL_AA.fasta.zip,184,332,318.0
4071_NT_AL_AA.fasta.zip,184,207,202.0
4072_NT_AL_AA.fasta.zip,187,324,312
4074_NT_AL_AA.fasta.zip,185,283,276
4076_NT_AL_AA.fasta.zip,184,727,703.0
407738_NT_AL_AA.fasta.zip,168,135,133.0
4077_NT_AL_AA.fasta.zip,179,1009,958
407_NT_AL_AA.fasta.zip,157,403,386
408187_NT_AL_AA.fasta.zip,125,97,95
4081_NT_AL_AA.fasta.zip,168,359,359.0
408263_NT_AL_AA.fasta.zip,187,231,222
4082_NT_AL_AA.fasta.zip,150,412,331.0
4084_NT_AL_AA.fasta.zip,180,233,219.0
4085_NT_AL_AA.fasta.zip,164,205,205.0
4086_NT_AL_AA.fasta.zip,186,470,465.0
4087_NT_AL_AA.fasta.zip,186,467,467.0
4088_NT_AL_AA.fasta.zip,185,428,425
4089_NT_AL_AA.fasta.zip,189,559,552
408_NT_AL_AA.fasta.zip,187,422,412
4090_NT_AL_AA.fasta.zip,187,466,465
4091_NT_AL_AA.fasta.zip,175,536,495
4092_NT_AL_AA.fasta.zip,184,446,425.0
4093_NT_AL_AA.fasta.zip,180,472,432.0
4094_NT_AL_AA.fasta.zip,166,451,369.5
4097_NT_AL_AA.fasta.zip,179,166,162
4099_NT_AL_AA.fasta.zip,184,631,625.0
409_NT_AL_AA.fasta.zip,187,410,401
40_NT_AL_AA.fasta.zip,128,575,563.0
410_NT_AL_AA.fasta.zip,188,507,506.0
4116_NT_AL_AA.fasta.zip,187,146,146
4117_NT_AL_AA.fasta.zip,182,672,647.0
4118_NT_AL_AA.fasta.zip,160,154,152.0
411_NT_AL_AA.fasta.zip,178,511,504.0
4121_NT_AL_AA.fasta.zip,173,674,651
4122_NT_AL_AA.fasta.zip,187,1173,1150
4123_NT_AL_AA.fasta.zip,182,1064,1030.5
4124_NT_AL_AA.fasta.zip,186,1165,1143.0
4125_NT_AL_AA.fasta.zip,180,1014,980.0
4126_NT_AL_AA.fasta.zip,184,889,876.0
4128_NT_AL_AA.fasta.zip,135,527,526
4129_NT_AL_AA.fasta.zip,163,520,520
4130_NT_AL_AA.fasta.zip,188,3420,2996.0
4131_NT_AL_AA.fasta.zip,189,2535,2466
4133_NT_AL_AA.fasta.zip,184,2015,1899.5
4134_NT_AL_AA.fasta.zip,175,2611,1996
4135_NT_AL_AA.fasta.zip,181,2457,765
4137_NT_AL_AA.fasta.zip,185,837,736
4139_NT_AL_AA.fasta.zip,172,807,795.0
414061_NT_AL_AA.fasta.zip,120,264,239.0
4140_NT_AL_AA.fasta.zip,185,760,753
414149_NT_AL_AA.fasta.zip,164,87,86.0
414152_NT_AL_AA.fasta.zip,187,146,123
414157_NT_AL_AA.fasta.zip,171,387,219
4141_NT_AL_AA.fasta.zip,161,914,906
4142_NT_AL_AA.fasta.zip,163,329,324
414301_NT_AL_AA.fasta.zip,171,416,389
414328_NT_AL_AA.fasta.zip,183,171,168
414332_NT_AL_AA.fasta.zip,139,181,167
4143_NT_AL_AA.fasta.zip,184,397,396.0
4144_NT_AL_AA.fasta.zip,186,394,394.0
4145_NT_AL_AA.fasta.zip,179,472,466
4146_NT_AL_AA.fasta.zip,188,504,492.0
4147_NT_AL_AA.fasta.zip,187,1038,952
4148_NT_AL_AA.fasta.zip,184,794,467.0
414918_NT_AL_AA.fasta.zip,183,586,561
414919_NT_AL_AA.fasta.zip,166,228,217.0
4149_NT_AL_AA.fasta.zip,187,167,160
4150_NT_AL_AA.fasta.zip,167,507,491
415116_NT_AL_AA.fasta.zip,171,330,326
415117_NT_AL_AA.fasta.zip,187,302,294
4151_NT_AL_AA.fasta.zip,187,154,154
4152_NT_AL_AA.fasta.zip,81,669,602
4154_NT_AL_AA.fasta.zip,174,404,399.0
4155_NT_AL_AA.fasta.zip,184,337,323.0
4157_NT_AL_AA.fasta.zip,75,321,317
4158_NT_AL_AA.fasta.zip,185,300,297
4159_NT_AL_AA.fasta.zip,185,332,323
4160_NT_AL_AA.fasta.zip,186,336,332.0
4161_NT_AL_AA.fasta.zip,151,327,325
4162_NT_AL_AA.fasta.zip,184,668,622.0
4163_NT_AL_AA.fasta.zip,178,814,810.0
4168_NT_AL_AA.fasta.zip,178,1007,961.0
4170_NT_AL_AA.fasta.zip,180,399,348.0
4171_NT_AL_AA.fasta.zip,178,919,903.0
4172_NT_AL_AA.fasta.zip,188,851,801.0
4173_NT_AL_AA.fasta.zip,163,866,861
4174_NT_AL_AA.fasta.zip,184,742,734.0
4175_NT_AL_AA.fasta.zip,184,827,821.0
4176_NT_AL_AA.fasta.zip,187,719,719
417_NT_AL_AA.fasta.zip,186,332,320.0
4184_NT_AL_AA.fasta.zip,25,124,115
4185_NT_AL_AA.fasta.zip,184,762,755.0
4188_NT_AL_AA.fasta.zip,186,250,240.0
4189_NT_AL_AA.fasta.zip,186,226,222.0
4190_NT_AL_AA.fasta.zip,187,336,334
4191_NT_AL_AA.fasta.zip,186,338,338.0
4192_NT_AL_AA.fasta.zip,184,152,143.0
4193_NT_AL_AA.fasta.zip,176,514,491.0
4194_NT_AL_AA.fasta.zip,189,504,490
4199_NT_AL_AA.fasta.zip,183,575,572
419_NT_AL_AA.fasta.zip,189,400,362
41_NT_AL_AA.fasta.zip,157,576,558
4200_NT_AL_AA.fasta.zip,190,587,584.0
4201_NT_AL_AA.fasta.zip,188,180,174.0
4204_NT_AL_AA.fasta.zip,185,506,475
4205_NT_AL_AA.fasta.zip,185,544,499
4208_NT_AL_AA.fasta.zip,163,484,483
4209_NT_AL_AA.fasta.zip,185,581,514
420_NT_AL_AA.fasta.zip,175,338,320
4210_NT_AL_AA.fasta.zip,184,879,743.0
4211_NT_AL_AA.fasta.zip,184,465,463.0
4212_NT_AL_AA.fasta.zip,177,478,477
4214_NT_AL_AA.fasta.zip,171,1549,1494
4215_NT_AL_AA.fasta.zip,186,660,656.0
4216_NT_AL_AA.fasta.zip,187,1646,1547
4217_NT_AL_AA.fasta.zip,182,1399,1357.5
4218_NT_AL_AA.fasta.zip,179,208,207
421_NT_AL_AA.fasta.zip,186,1009,953.0
4221_NT_AL_AA.fasta.zip,180,626,611.0
4222_NT_AL_AA.fasta.zip,184,266,254.0
4223_NT_AL_AA.fasta.zip,190,309,303.0
4224_NT_AL_AA.fasta.zip,188,761,742.0
4225_NT_AL_AA.fasta.zip,181,718,688
4232_NT_AL_AA.fasta.zip,187,333,331
4233_NT_AL_AA.fasta.zip,186,1389,1382.0
4234_NT_AL_AA.fasta.zip,187,276,268
4237_NT_AL_AA.fasta.zip,188,203,180.0
4238_NT_AL_AA.fasta.zip,188,368,362.0
4239_NT_AL_AA.fasta.zip,181,263,255
4240_NT_AL_AA.fasta.zip,187,462,426
4241_NT_AL_AA.fasta.zip,183,735,722
4242_NT_AL_AA.fasta.zip,185,326,320
4247_NT_AL_AA.fasta.zip,180,452,443.0
4248_NT_AL_AA.fasta.zip,184,558,532.0
4253_NT_AL_AA.fasta.zip,165,1599,1386
4254_NT_AL_AA.fasta.zip,188,276,272.0
4255_NT_AL_AA.fasta.zip,181,184,173
4256_NT_AL_AA.fasta.zip,186,104,103.0
4257_NT_AL_AA.fasta.zip,182,156,155.0
4258_NT_AL_AA.fasta.zip,185,164,146
4259_NT_AL_AA.fasta.zip,187,153,152
4261_NT_AL_AA.fasta.zip,182,1253,1187.0
427_NT_AL_AA.fasta.zip,187,396,395
4281_NT_AL_AA.fasta.zip,180,668,667.0
4282_NT_AL_AA.fasta.zip,178,118,115.0
4284_NT_AL_AA.fasta.zip,184,264,263.0
4285_NT_AL_AA.fasta.zip,188,693,687.0
4286_NT_AL_AA.fasta.zip,182,529,525.0
4287_NT_AL_AA.fasta.zip,186,384,348.0
4288_NT_AL_AA.fasta.zip,159,6806,2503
4289_NT_AL_AA.fasta.zip,183,743,730
4291_NT_AL_AA.fasta.zip,187,294,276
4292_NT_AL_AA.fasta.zip,187,772,754
4293_NT_AL_AA.fasta.zip,187,1130,1100
4294_NT_AL_AA.fasta.zip,185,998,936
4296_NT_AL_AA.fasta.zip,190,897,848.0
4297_NT_AL_AA.fasta.zip,173,4062,3962
4298_NT_AL_AA.fasta.zip,186,623,551.0
4299_NT_AL_AA.fasta.zip,185,1338,1197
429_NT_AL_AA.fasta.zip,181,273,225
4300_NT_AL_AA.fasta.zip,189,608,566
4301_NT_AL_AA.fasta.zip,179,1841,1776
4302_NT_AL_AA.fasta.zip,183,1189,1084
4303_NT_AL_AA.fasta.zip,177,529,505
4306_NT_AL_AA.fasta.zip,184,1020,981.0
4308_NT_AL_AA.fasta.zip,173,1687,1617
430_NT_AL_AA.fasta.zip,159,202,191
4311_NT_AL_AA.fasta.zip,185,750,749
4313_NT_AL_AA.fasta.zip,185,666,660
4316_NT_AL_AA.fasta.zip,185,279,259
431704_NT_AL_AA.fasta.zip,183,152,152
431705_NT_AL_AA.fasta.zip,173,408,367
431707_NT_AL_AA.fasta.zip,188,349,346.0
4317_NT_AL_AA.fasta.zip,179,481,463
4318_NT_AL_AA.fasta.zip,187,815,700
4320_NT_AL_AA.fasta.zip,180,535,483.0
4321_NT_AL_AA.fasta.zip,157,503,463
4322_NT_AL_AA.fasta.zip,178,477,471.0
432355_NT_AL_AA.fasta.zip,30,98,97.0
4323_NT_AL_AA.fasta.zip,190,595,580.0
4324_NT_AL_AA.fasta.zip,185,702,666
4325_NT_AL_AA.fasta.zip,165,608,607
4326_NT_AL_AA.fasta.zip,174,558,524.5
4327_NT_AL_AA.fasta.zip,183,528,497
4329_NT_AL_AA.fasta.zip,189,542,533
4330_NT_AL_AA.fasta.zip,184,1722,1289.0
4331_NT_AL_AA.fasta.zip,188,324,309.0
4335_NT_AL_AA.fasta.zip,187,636,582
4336_NT_AL_AA.fasta.zip,169,201,151
4337_NT_AL_AA.fasta.zip,185,683,633
4338_NT_AL_AA.fasta.zip,164,198,188.0
433_NT_AL_AA.fasta.zip,120,315,301.0
4340_NT_AL_AA.fasta.zip,179,245,240
4342_NT_AL_AA.fasta.zip,184,363,344.0
4343_NT_AL_AA.fasta.zip,190,1019,1001.0
4345_NT_AL_AA.fasta.zip,113,270,261
434_NT_AL_AA.fasta.zip,171,141,132
4350_NT_AL_AA.fasta.zip,185,278,265
4351_NT_AL_AA.fasta.zip,189,423,422
4352_NT_AL_AA.fasta.zip,180,717,626.0
4353_NT_AL_AA.fasta.zip,178,726,719.0
4354_NT_AL_AA.fasta.zip,183,478,465
4355_NT_AL_AA.fasta.zip,185,560,552
4356_NT_AL_AA.fasta.zip,181,588,585
4357_NT_AL_AA.fasta.zip,180,311,298.0
4358_NT_AL_AA.fasta.zip,186,176,171.0
4359_NT_AL_AA.fasta.zip,183,252,248
435_NT_AL_AA.fasta.zip,182,467,463.0
4360_NT_AL_AA.fasta.zip,188,1485,1454.0
4361_NT_AL_AA.fasta.zip,184,743,707.0
4363_NT_AL_AA.fasta.zip,183,1533,1510
43847_NT_AL_AA.fasta.zip,167,252,251
43849_NT_AL_AA.fasta.zip,140,249,244.0
438_NT_AL_AA.fasta.zip,152,351,320.5
439921_NT_AL_AA.fasta.zip,171,199,152
439_NT_AL_AA.fasta.zip,190,349,348.0
43_NT_AL_AA.fasta.zip,188,584,577.0
440026_NT_AL_AA.fasta.zip,188,293,291.0
440073_NT_AL_AA.fasta.zip,183,1325,1165
440087_NT_AL_AA.fasta.zip,179,227,225
440097_NT_AL_AA.fasta.zip,184,361,336.0
440107_NT_AL_AA.fasta.zip,154,531,495.0
440138_NT_AL_AA.fasta.zip,186,497,492.0
440145_NT_AL_AA.fasta.zip,179,88,80
440163_NT_AL_AA.fasta.zip,182,155,153.0
440184_NT_AL_AA.fasta.zip,139,305,293
440193_NT_AL_AA.fasta.zip,180,2095,2003.0
440275_NT_AL_AA.fasta.zip,189,1690,1634
440279_NT_AL_AA.fasta.zip,173,2232,2214
440335_NT_AL_AA.fasta.zip,162,92,75.0
440400_NT_AL_AA.fasta.zip,173,102,98
440435_NT_AL_AA.fasta.zip,186,2647,2334.0
440498_NT_AL_AA.fasta.zip,164,71,70.0
440503_NT_AL_AA.fasta.zip,177,501,448
440574_NT_AL_AA.fasta.zip,187,81,76
440585_NT_AL_AA.fasta.zip,182,140,135.0
440590_NT_AL_AA.fasta.zip,177,763,751
440603_NT_AL_AA.fasta.zip,184,175,163.0
440695_NT_AL_AA.fasta.zip,125,376,357
440699_NT_AL_AA.fasta.zip,183,322,315
440730_NT_AL_AA.fasta.zip,181,817,778
440829_NT_AL_AA.fasta.zip,164,440,391.0
440836_NT_AL_AA.fasta.zip,179,256,248
440955_NT_AL_AA.fasta.zip,181,178,157
440956_NT_AL_AA.fasta.zip,165,123,121
440957_NT_AL_AA.fasta.zip,182,79,78.0
440_NT_AL_AA.fasta.zip,183,565,561
441027_NT_AL_AA.fasta.zip,187,250,249
441054_NT_AL_AA.fasta.zip,187,315,309
441061_NT_AL_AA.fasta.zip,173,427,372
441150_NT_AL_AA.fasta.zip,131,66,57
441151_NT_AL_AA.fasta.zip,170,551,522.0
441161_NT_AL_AA.fasta.zip,145,124,122
441168_NT_AL_AA.fasta.zip,166,332,309.0
441381_NT_AL_AA.fasta.zip,180,551,505.0
441476_NT_AL_AA.fasta.zip,175,344,283
441478_NT_AL_AA.fasta.zip,163,114,114
441549_NT_AL_AA.fasta.zip,187,186,186
441631_NT_AL_AA.fasta.zip,176,249,246.0
441869_NT_AL_AA.fasta.zip,167,373,354
441925_NT_AL_AA.fasta.zip,152,450,418.0
442117_NT_AL_AA.fasta.zip,179,600,600
442179_NT_AL_AA.fasta.zip,66,313,313.0
442194_NT_AL_AA.fasta.zip,74,315,312.0
442247_NT_AL_AA.fasta.zip,82,270,269.0
442425_NT_AL_AA.fasta.zip,166,503,424.0
442721_NT_AL_AA.fasta.zip,185,610,539
4430_NT_AL_AA.fasta.zip,178,1167,1135.0
4435_NT_AL_AA.fasta.zip,173,250,209
4436_NT_AL_AA.fasta.zip,189,944,934
4437_NT_AL_AA.fasta.zip,182,1156,1105.0
4438_NT_AL_AA.fasta.zip,186,960,920.0
4439_NT_AL_AA.fasta.zip,181,851,829
443_NT_AL_AA.fasta.zip,186,319,313.0
4440_NT_AL_AA.fasta.zip,186,363,360.0
444_NT_AL_AA.fasta.zip,172,761,708.0
445815_NT_AL_AA.fasta.zip,113,1388,1300
445_NT_AL_AA.fasta.zip,188,414,412.0
4478_NT_AL_AA.fasta.zip,180,584,577.0
4481_NT_AL_AA.fasta.zip,185,460,451
4482_NT_AL_AA.fasta.zip,183,238,228
4485_NT_AL_AA.fasta.zip,188,719,707.0
4486_NT_AL_AA.fasta.zip,174,1450,1377.0
4487_NT_AL_AA.fasta.zip,182,311,300.0
448834_NT_AL_AA.fasta.zip,154,1192,559.0
448835_NT_AL_AA.fasta.zip,103,87,77
4488_NT_AL_AA.fasta.zip,183,274,267
4507_NT_AL_AA.fasta.zip,184,288,282.0
4515_NT_AL_AA.fasta.zip,176,107,107.0
4520_NT_AL_AA.fasta.zip,190,784,746.0
4521_NT_AL_AA.fasta.zip,178,158,156.0
4522_NT_AL_AA.fasta.zip,187,994,933
4524_NT_AL_AA.fasta.zip,188,698,684.0
4528_NT_AL_AA.fasta.zip,188,731,727.0
4534_NT_AL_AA.fasta.zip,186,612,603.0
4542_NT_AL_AA.fasta.zip,185,1175,1096
4543_NT_AL_AA.fasta.zip,132,355,351.0
4544_NT_AL_AA.fasta.zip,159,371,345
4547_NT_AL_AA.fasta.zip,187,920,888
4548_NT_AL_AA.fasta.zip,181,1256,1248
4552_NT_AL_AA.fasta.zip,183,813,696
4580_NT_AL_AA.fasta.zip,179,320,316
4582_NT_AL_AA.fasta.zip,166,2264,428.5
4583_NT_AL_AA.fasta.zip,151,11568,2784
4585_NT_AL_AA.fasta.zip,148,1181,1107.0
4586_NT_AL_AA.fasta.zip,140,12560,2926.0
4589_NT_AL_AA.fasta.zip,18,498,349.0
4591_NT_AL_AA.fasta.zip,188,1090,958.0
4593_NT_AL_AA.fasta.zip,186,891,866.0
4594_NT_AL_AA.fasta.zip,189,751,750
4595_NT_AL_AA.fasta.zip,187,547,511
4597_NT_AL_AA.fasta.zip,187,407,400
4598_NT_AL_AA.fasta.zip,188,401,394.0
4599_NT_AL_AA.fasta.zip,127,671,633
4601_NT_AL_AA.fasta.zip,187,303,291
4602_NT_AL_AA.fasta.zip,188,778,760.0
4603_NT_AL_AA.fasta.zip,188,782,751.0
4604_NT_AL_AA.fasta.zip,178,1215,1141.0
4605_NT_AL_AA.fasta.zip,185,749,686
4606_NT_AL_AA.fasta.zip,174,1188,1134.0
4607_NT_AL_AA.fasta.zip,189,1363,1254
4608_NT_AL_AA.fasta.zip,188,569,466.0
4609_NT_AL_AA.fasta.zip,187,464,439
460_NT_AL_AA.fasta.zip,185,1309,1301
4610_NT_AL_AA.fasta.zip,190,424,394.0
4613_NT_AL_AA.fasta.zip,175,635,427
4615_NT_AL_AA.fasta.zip,183,292,290
4616_NT_AL_AA.fasta.zip,182,164,160.0
4617_NT_AL_AA.fasta.zip,189,266,255
4618_NT_AL_AA.fasta.zip,189,248,242
4619_NT_AL_AA.fasta.zip,85,1946,1939
4620_NT_AL_AA.fasta.zip,54,1945,1939.0
4621_NT_AL_AA.fasta.zip,77,1949,1940
4624_NT_AL_AA.fasta.zip,75,1942,1939
4625_NT_AL_AA.fasta.zip,56,1942,1935.0
4627_NT_AL_AA.fasta.zip,182,1970,1960.0
4628_NT_AL_AA.fasta.zip,181,2118,2006
4629_NT_AL_AA.fasta.zip,180,1986,1979.0
462_NT_AL_AA.fasta.zip,188,469,463.0
4632_NT_AL_AA.fasta.zip,189,199,187
4633_NT_AL_AA.fasta.zip,176,170,166.0
4634_NT_AL_AA.fasta.zip,185,205,198
4635_NT_AL_AA.fasta.zip,183,198,192
4637_NT_AL_AA.fasta.zip,181,151,151
4638_NT_AL_AA.fasta.zip,185,2512,1944
463_NT_AL_AA.fasta.zip,186,4050,3676.0
4640_NT_AL_AA.fasta.zip,190,1050,1042.0
4641_NT_AL_AA.fasta.zip,160,1071,1063.0
4642_NT_AL_AA.fasta.zip,182,1008,1006.0
4643_NT_AL_AA.fasta.zip,183,1115,1108
4644_NT_AL_AA.fasta.zip,188,1878,1872.0
4645_NT_AL_AA.fasta.zip,185,1853,1835
4646_NT_AL_AA.fasta.zip,187,1303,1294
4647_NT_AL_AA.fasta.zip,181,2176,2171
4648_NT_AL_AA.fasta.zip,185,2157,2101
4649_NT_AL_AA.fasta.zip,181,2686,2626
4650_NT_AL_AA.fasta.zip,185,2225,2111
4651_NT_AL_AA.fasta.zip,186,2120,2043.0
4653_NT_AL_AA.fasta.zip,179,501,490
4654_NT_AL_AA.fasta.zip,183,340,316
4656_NT_AL_AA.fasta.zip,187,233,224
4659_NT_AL_AA.fasta.zip,187,1064,1029
4660_NT_AL_AA.fasta.zip,162,1090,1032.0
4661_NT_AL_AA.fasta.zip,187,1195,1100
4664_NT_AL_AA.fasta.zip,168,503,486.0
4665_NT_AL_AA.fasta.zip,186,533,525.0
4666_NT_AL_AA.fasta.zip,59,218,215
4668_NT_AL_AA.fasta.zip,186,411,407.0
4669_NT_AL_AA.fasta.zip,179,752,742
466_NT_AL_AA.fasta.zip,187,329,309
4670_NT_AL_AA.fasta.zip,186,777,733.0
4673_NT_AL_AA.fasta.zip,188,396,391.0
4674_NT_AL_AA.fasta.zip,142,475,460.0
4675_NT_AL_AA.fasta.zip,162,741,477.0
4676_NT_AL_AA.fasta.zip,183,396,386
4677_NT_AL_AA.fasta.zip,186,560,559.0
4678_NT_AL_AA.fasta.zip,185,840,775
467_NT_AL_AA.fasta.zip,182,181,181.0
4681_NT_AL_AA.fasta.zip,150,194,178.0
4682_NT_AL_AA.fasta.zip,189,325,320
4683_NT_AL_AA.fasta.zip,186,848,739.0
4684_NT_AL_AA.fasta.zip,186,1184,1129.0
4685_NT_AL_AA.fasta.zip,180,848,835.0
4686_NT_AL_AA.fasta.zip,185,790,790
4688_NT_AL_AA.fasta.zip,189,536,526
4689_NT_AL_AA.fasta.zip,184,345,339.0
468_NT_AL_AA.fasta.zip,181,371,351
4690_NT_AL_AA.fasta.zip,186,377,376.0
4691_NT_AL_AA.fasta.zip,170,847,706.0
4692_NT_AL_AA.fasta.zip,162,332,325.0
4693_NT_AL_AA.fasta.zip,181,133,133
4694_NT_AL_AA.fasta.zip,172,70,70.0
4695_NT_AL_AA.fasta.zip,185,102,99
4696_NT_AL_AA.fasta.zip,182,83,80.0
4697_NT_AL_AA.fasta.zip,180,82,82.0
4698_NT_AL_AA.fasta.zip,183,116,115
4700_NT_AL_AA.fasta.zip,185,135,128
4701_NT_AL_AA.fasta.zip,184,122,113.0
4702_NT_AL_AA.fasta.zip,187,175,172
4703_NT_AL_AA.fasta.zip,183,16581,7393
4704_NT_AL_AA.fasta.zip,185,380,377
4705_NT_AL_AA.fasta.zip,180,365,348.0
4706_NT_AL_AA.fasta.zip,186,167,156.0
4707_NT_AL_AA.fasta.zip,169,58,58
4708_NT_AL_AA.fasta.zip,183,105,105
4709_NT_AL_AA.fasta.zip,185,101,95
4710_NT_AL_AA.fasta.zip,190,128,128.0
4711_NT_AL_AA.fasta.zip,189,198,189
4712_NT_AL_AA.fasta.zip,190,128,128.0
4713_NT_AL_AA.fasta.zip,183,139,137
4714_NT_AL_AA.fasta.zip,189,191,186
4715_NT_AL_AA.fasta.zip,188,182,178.0
4716_NT_AL_AA.fasta.zip,182,176,176.0
4717_NT_AL_AA.fasta.zip,181,79,76
4719_NT_AL_AA.fasta.zip,188,734,727.0
471_NT_AL_AA.fasta.zip,185,593,592
4720_NT_AL_AA.fasta.zip,185,476,463
4722_NT_AL_AA.fasta.zip,184,271,260.0
4723_NT_AL_AA.fasta.zip,187,471,464
4724_NT_AL_AA.fasta.zip,183,175,174
4725_NT_AL_AA.fasta.zip,182,109,106.0
4726_NT_AL_AA.fasta.zip,180,126,124.0
4728_NT_AL_AA.fasta.zip,187,222,210
4729_NT_AL_AA.fasta.zip,181,253,248
472_NT_AL_AA.fasta.zip,182,3099,3051.0
4731_NT_AL_AA.fasta.zip,177,558,443
4733_NT_AL_AA.fasta.zip,185,370,367
4734_NT_AL_AA.fasta.zip,185,1374,1319
4735_NT_AL_AA.fasta.zip,183,407,358
4736_NT_AL_AA.fasta.zip,186,217,217.0
4738_NT_AL_AA.fasta.zip,178,81,80.0
4739_NT_AL_AA.fasta.zip,189,849,829
473_NT_AL_AA.fasta.zip,185,1600,1548
4741_NT_AL_AA.fasta.zip,184,1165,850.0
474344_NT_AL_AA.fasta.zip,110,243,221.0
474354_NT_AL_AA.fasta.zip,188,257,255.0
4744_NT_AL_AA.fasta.zip,174,1786,976.0
4745_NT_AL_AA.fasta.zip,169,833,810
4747_NT_AL_AA.fasta.zip,183,620,535
474_NT_AL_AA.fasta.zip,181,392,350
4750_NT_AL_AA.fasta.zip,181,1412,1236
4751_NT_AL_AA.fasta.zip,181,457,444
4752_NT_AL_AA.fasta.zip,178,520,497.5
4753_NT_AL_AA.fasta.zip,165,823,816
4756_NT_AL_AA.fasta.zip,184,1473,1440.0
4758_NT_AL_AA.fasta.zip,188,394,388.0
4759_NT_AL_AA.fasta.zip,186,385,378.0
475_NT_AL_AA.fasta.zip,160,69,68.0
4760_NT_AL_AA.fasta.zip,186,365,356.0
4761_NT_AL_AA.fasta.zip,174,409,382.0
4762_NT_AL_AA.fasta.zip,189,256,243
4763_NT_AL_AA.fasta.zip,186,2851,2833.0
476_NT_AL_AA.fasta.zip,184,1024,1021.0
4771_NT_AL_AA.fasta.zip,177,585,580
4772_NT_AL_AA.fasta.zip,181,961,895
4773_NT_AL_AA.fasta.zip,182,978,913.0
4774_NT_AL_AA.fasta.zip,171,509,508
4775_NT_AL_AA.fasta.zip,185,1100,1069
4776_NT_AL_AA.fasta.zip,186,933,901.0
4778_NT_AL_AA.fasta.zip,187,387,373
4779_NT_AL_AA.fasta.zip,182,785,772.0
4780_NT_AL_AA.fasta.zip,189,653,602
4781_NT_AL_AA.fasta.zip,184,571,567.0
4782_NT_AL_AA.fasta.zip,180,476,469.0
4783_NT_AL_AA.fasta.zip,164,478,462.0
4784_NT_AL_AA.fasta.zip,183,494,494
478_NT_AL_AA.fasta.zip,180,1018,1012.0
4790_NT_AL_AA.fasta.zip,179,993,962
4791_NT_AL_AA.fasta.zip,188,921,900.0
4792_NT_AL_AA.fasta.zip,182,322,314.0
4793_NT_AL_AA.fasta.zip,170,382,349.0
4794_NT_AL_AA.fasta.zip,187,389,360
4795_NT_AL_AA.fasta.zip,186,396,362.0
4796_NT_AL_AA.fasta.zip,186,1429,1347.0
4798_NT_AL_AA.fasta.zip,185,1327,1309
4799_NT_AL_AA.fasta.zip,187,1133,1118
479_NT_AL_AA.fasta.zip,167,1041,1035
47_NT_AL_AA.fasta.zip,185,1105,1101
4800_NT_AL_AA.fasta.zip,183,350,347
4801_NT_AL_AA.fasta.zip,163,208,207
4802_NT_AL_AA.fasta.zip,190,445,438.0
4803_NT_AL_AA.fasta.zip,187,253,241
4804_NT_AL_AA.fasta.zip,185,442,426
4807_NT_AL_AA.fasta.zip,184,142,133.0
4808_NT_AL_AA.fasta.zip,177,136,135
4809_NT_AL_AA.fasta.zip,180,128,128.0
4810_NT_AL_AA.fasta.zip,173,1684,1620
4811_NT_AL_AA.fasta.zip,183,1265,1235
4814_NT_AL_AA.fasta.zip,174,164,151.0
4815_NT_AL_AA.fasta.zip,178,130,128.0
4817_NT_AL_AA.fasta.zip,156,328,326.0
4818_NT_AL_AA.fasta.zip,180,170,164.0
481_NT_AL_AA.fasta.zip,175,304,303
4820_NT_AL_AA.fasta.zip,184,1546,1460.0
4821_NT_AL_AA.fasta.zip,183,277,273
4824_NT_AL_AA.fasta.zip,183,273,224
4825_NT_AL_AA.fasta.zip,181,392,365
4826_NT_AL_AA.fasta.zip,175,128,123
4828_NT_AL_AA.fasta.zip,173,134,122
4829_NT_AL_AA.fasta.zip,188,393,390.0
482_NT_AL_AA.fasta.zip,187,290,290
4832_NT_AL_AA.fasta.zip,169,177,168
4833_NT_AL_AA.fasta.zip,177,189,185
4835_NT_AL_AA.fasta.zip,169,234,230
4836_NT_AL_AA.fasta.zip,189,508,496
4838_NT_AL_AA.fasta.zip,186,360,346.0
4839_NT_AL_AA.fasta.zip,186,880,801.0
483_NT_AL_AA.fasta.zip,187,290,279
4841_NT_AL_AA.fasta.zip,177,500,470
4842_NT_AL_AA.fasta.zip,187,1481,1459
4843_NT_AL_AA.fasta.zip,186,1113,1106.0
4846_NT_AL_AA.fasta.zip,188,1218,1193.0
4848_NT_AL_AA.fasta.zip,187,548,548
4849_NT_AL_AA.fasta.zip,185,756,743
4850_NT_AL_AA.fasta.zip,188,727,713.0
4851_NT_AL_AA.fasta.zip,176,2643,2523.0
4852_NT_AL_AA.fasta.zip,187,98,97
4853_NT_AL_AA.fasta.zip,175,2500,2471
4854_NT_AL_AA.fasta.zip,176,2410,2315.0
4855_NT_AL_AA.fasta.zip,178,2190,1982.0
4856_NT_AL_AA.fasta.zip,188,351,347.0
4857_NT_AL_AA.fasta.zip,179,509,507
4858_NT_AL_AA.fasta.zip,170,501,491.0
4860_NT_AL_AA.fasta.zip,175,286,285
4861_NT_AL_AA.fasta.zip,183,631,591
4862_NT_AL_AA.fasta.zip,182,867,809.0
4863_NT_AL_AA.fasta.zip,189,1500,1420
4864_NT_AL_AA.fasta.zip,183,1289,1277
4867_NT_AL_AA.fasta.zip,180,769,668.0
4868_NT_AL_AA.fasta.zip,186,1278,1240.0
4869_NT_AL_AA.fasta.zip,182,306,294.0
486_NT_AL_AA.fasta.zip,115,60,58
4878_NT_AL_AA.fasta.zip,187,161,152
4879_NT_AL_AA.fasta.zip,159,144,125
487_NT_AL_AA.fasta.zip,188,994,992.0
4880_NT_AL_AA.fasta.zip,179,139,126
4881_NT_AL_AA.fasta.zip,178,1083,1052.0
4882_NT_AL_AA.fasta.zip,190,1059,1046.0
4883_NT_AL_AA.fasta.zip,188,553,536.0
4884_NT_AL_AA.fasta.zip,175,442,432
4885_NT_AL_AA.fasta.zip,183,450,430
4886_NT_AL_AA.fasta.zip,187,385,383
4887_NT_AL_AA.fasta.zip,186,394,382.0
4889_NT_AL_AA.fasta.zip,189,475,446
488_NT_AL_AA.fasta.zip,189,1044,1042
4891_NT_AL_AA.fasta.zip,176,579,568.0
4892_NT_AL_AA.fasta.zip,186,1752,1722.5
4893_NT_AL_AA.fasta.zip,186,188,187.0
4897_NT_AL_AA.fasta.zip,186,1318,1289.5
4898_NT_AL_AA.fasta.zip,181,1264,1221
4899_NT_AL_AA.fasta.zip,189,508,502
489_NT_AL_AA.fasta.zip,186,1001,990.0
48_NT_AL_AA.fasta.zip,186,891,889.0
4900_NT_AL_AA.fasta.zip,179,78,78
4901_NT_AL_AA.fasta.zip,188,244,234.0
4904_NT_AL_AA.fasta.zip,175,332,319
4905_NT_AL_AA.fasta.zip,183,738,737
4907_NT_AL_AA.fasta.zip,179,580,570
4908_NT_AL_AA.fasta.zip,186,274,270.0
4909_NT_AL_AA.fasta.zip,175,217,210
490_NT_AL_AA.fasta.zip,189,1252,1249
4913_NT_AL_AA.fasta.zip,184,326,298.0
4914_NT_AL_AA.fasta.zip,176,1022,794.0
4915_NT_AL_AA.fasta.zip,176,842,837.0
4916_NT_AL_AA.fasta.zip,178,844,838.0
4917_NT_AL_AA.fasta.zip,172,587,574.0
4919_NT_AL_AA.fasta.zip,176,912,908.0
491_NT_AL_AA.fasta.zip,187,1278,1270
4920_NT_AL_AA.fasta.zip,176,918,907.0
4921_NT_AL_AA.fasta.zip,164,861,855.0
4922_NT_AL_AA.fasta.zip,189,176,170
4923_NT_AL_AA.fasta.zip,181,428,417
4924_NT_AL_AA.fasta.zip,184,500,451.0
4925_NT_AL_AA.fasta.zip,185,421,418
4926_NT_AL_AA.fasta.zip,190,2177,2109.0
4927_NT_AL_AA.fasta.zip,142,758,738.0
4928_NT_AL_AA.fasta.zip,186,1843,1816.0
4929_NT_AL_AA.fasta.zip,188,597,595.0
492_NT_AL_AA.fasta.zip,180,1262,1245.0
4931_NT_AL_AA.fasta.zip,184,865,845.0
4935_NT_AL_AA.fasta.zip,174,406,383.5
493753_NT_AL_AA.fasta.zip,170,78,74.0
493829_NT_AL_AA.fasta.zip,187,480,472
493856_NT_AL_AA.fasta.zip,168,136,135.0
493860_NT_AL_AA.fasta.zip,186,1125,1057.5
493861_NT_AL_AA.fasta.zip,168,400,350.0
493869_NT_AL_AA.fasta.zip,174,212,209.0
493901_NT_AL_AA.fasta.zip,166,150,145.0
493911_NT_AL_AA.fasta.zip,185,243,241
493_NT_AL_AA.fasta.zip,184,1266,1240.0
4940_NT_AL_AA.fasta.zip,110,1144,1074.0
494143_NT_AL_AA.fasta.zip,189,185,182
494188_NT_AL_AA.fasta.zip,187,460,451
4942_NT_AL_AA.fasta.zip,170,439,439.0
4943_NT_AL_AA.fasta.zip,181,707,686
494470_NT_AL_AA.fasta.zip,185,351,347
494513_NT_AL_AA.fasta.zip,189,351,348
494551_NT_AL_AA.fasta.zip,188,659,537.0
4946_NT_AL_AA.fasta.zip,163,229,227
4947_NT_AL_AA.fasta.zip,175,185,184
4948_NT_AL_AA.fasta.zip,180,853,801.0
4952_NT_AL_AA.fasta.zip,181,903,892
4953_NT_AL_AA.fasta.zip,180,464,461.0
4956_NT_AL_AA.fasta.zip,188,352,249.0
4957_NT_AL_AA.fasta.zip,190,928,910.0
4958_NT_AL_AA.fasta.zip,184,443,417.0
495_NT_AL_AA.fasta.zip,188,1035,1029.0
4967_NT_AL_AA.fasta.zip,186,1054,1038.0
4968_NT_AL_AA.fasta.zip,187,331,323
4969_NT_AL_AA.fasta.zip,186,308,298.0
496_NT_AL_AA.fasta.zip,178,296,288.5
497189_NT_AL_AA.fasta.zip,185,175,168
4973_NT_AL_AA.fasta.zip,165,372,272
4974_NT_AL_AA.fasta.zip,184,449,440.0
4975_NT_AL_AA.fasta.zip,174,167,163.0
497661_NT_AL_AA.fasta.zip,182,76,76.0
4976_NT_AL_AA.fasta.zip,187,1019,1009
4978_NT_AL_AA.fasta.zip,178,354,346.0
4982_NT_AL_AA.fasta.zip,189,404,401
4983_NT_AL_AA.fasta.zip,166,815,791.0
49854_NT_AL_AA.fasta.zip,153,1098,1056
49855_NT_AL_AA.fasta.zip,180,1421,1396.5
49856_NT_AL_AA.fasta.zip,187,468,453
4985_NT_AL_AA.fasta.zip,182,382,370.0
49860_NT_AL_AA.fasta.zip,140,1687,489.0
49861_NT_AL_AA.fasta.zip,185,223,219
4986_NT_AL_AA.fasta.zip,188,387,380.0
4987_NT_AL_AA.fasta.zip,185,375,369
4988_NT_AL_AA.fasta.zip,185,401,389
498_NT_AL_AA.fasta.zip,188,561,553.0
4990_NT_AL_AA.fasta.zip,183,250,246
4998_NT_AL_AA.fasta.zip,187,910,847
4999_NT_AL_AA.fasta.zip,187,586,577
49_NT_AL_AA.fasta.zip,171,414,356
5000_NT_AL_AA.fasta.zip,189,443,436
5001_NT_AL_AA.fasta.zip,188,437,435.0
5002_NT_AL_AA.fasta.zip,185,416,410
5007_NT_AL_AA.fasta.zip,168,842,805.0
5008_NT_AL_AA.fasta.zip,169,266,217
5009_NT_AL_AA.fasta.zip,178,357,354.0
5010_NT_AL_AA.fasta.zip,187,208,207
5013_NT_AL_AA.fasta.zip,185,379,355
5015_NT_AL_AA.fasta.zip,185,299,297
5016_NT_AL_AA.fasta.zip,141,800,482
5017_NT_AL_AA.fasta.zip,188,268,264.0
5018_NT_AL_AA.fasta.zip,185,454,430
5019_NT_AL_AA.fasta.zip,184,519,518.0
501_NT_AL_AA.fasta.zip,189,540,539
5020_NT_AL_AA.fasta.zip,150,130,125.0
5021_NT_AL_AA.fasta.zip,181,403,389
5023_NT_AL_AA.fasta.zip,184,407,398.0
5024_NT_AL_AA.fasta.zip,187,399,397
5025_NT_AL_AA.fasta.zip,182,396,387.0
5026_NT_AL_AA.fasta.zip,183,385,376
5027_NT_AL_AA.fasta.zip,178,609,593.5
5028_NT_AL_AA.fasta.zip,175,381,373
5029_NT_AL_AA.fasta.zip,186,381,376.0
5030_NT_AL_AA.fasta.zip,181,359,352
5031_NT_AL_AA.fasta.zip,186,331,328.0
5033_NT_AL_AA.fasta.zip,185,535,533
503497_NT_AL_AA.fasta.zip,169,151,142
5034_NT_AL_AA.fasta.zip,187,515,510
503542_NT_AL_AA.fasta.zip,152,172,147.0
5036_NT_AL_AA.fasta.zip,185,394,394
5037_NT_AL_AA.fasta.zip,185,188,187
5045_NT_AL_AA.fasta.zip,183,810,790
5046_NT_AL_AA.fasta.zip,168,925,914.0
50484_NT_AL_AA.fasta.zip,186,354,351.0
50485_NT_AL_AA.fasta.zip,184,992,943.5
50486_NT_AL_AA.fasta.zip,186,115,103.0
50487_NT_AL_AA.fasta.zip,187,521,491
50488_NT_AL_AA.fasta.zip,174,1424,1364.5
50489_NT_AL_AA.fasta.zip,174,329,326.0
5048_NT_AL_AA.fasta.zip,188,414,410.0
5049_NT_AL_AA.fasta.zip,187,229,229
50506_NT_AL_AA.fasta.zip,170,1567,1542.0
50507_NT_AL_AA.fasta.zip,183,584,577
50508_NT_AL_AA.fasta.zip,186,568,565.0
50509_NT_AL_AA.fasta.zip,183,1834,1732
5050_NT_AL_AA.fasta.zip,190,239,230.0
50511_NT_AL_AA.fasta.zip,179,240,231
50512_NT_AL_AA.fasta.zip,177,627,570
50515_NT_AL_AA.fasta.zip,151,354,351
5051_NT_AL_AA.fasta.zip,188,396,389.0
5052_NT_AL_AA.fasta.zip,183,199,199
5053_NT_AL_AA.fasta.zip,187,457,452
5054_NT_AL_AA.fasta.zip,189,405,400
5055_NT_AL_AA.fasta.zip,164,525,414.0
5058_NT_AL_AA.fasta.zip,182,550,543.0
50604_NT_AL_AA.fasta.zip,177,179,176
50614_NT_AL_AA.fasta.zip,178,611,604.0
50615_NT_AL_AA.fasta.zip,185,573,528
50617_NT_AL_AA.fasta.zip,184,846,836.0
50618_NT_AL_AA.fasta.zip,187,1705,1678
50619_NT_AL_AA.fasta.zip,186,654,631.0
50624_NT_AL_AA.fasta.zip,130,620,607.0
50628_NT_AL_AA.fasta.zip,116,1066,1058.0
5062_NT_AL_AA.fasta.zip,186,704,524.0
50632_NT_AL_AA.fasta.zip,174,240,203.0
50636_NT_AL_AA.fasta.zip,132,855,817.0
5063_NT_AL_AA.fasta.zip,179,563,558
50640_NT_AL_AA.fasta.zip,188,794,780.0
50649_NT_AL_AA.fasta.zip,155,654,614
5064_NT_AL_AA.fasta.zip,183,430,374
50650_NT_AL_AA.fasta.zip,189,553,547
50651_NT_AL_AA.fasta.zip,184,780,748.0
5066_NT_AL_AA.fasta.zip,188,997,972.0
50674_NT_AL_AA.fasta.zip,184,225,215.0
5069_NT_AL_AA.fasta.zip,167,1547,1536
506_NT_AL_AA.fasta.zip,188,537,528.0
50700_NT_AL_AA.fasta.zip,181,318,312
50717_NT_AL_AA.fasta.zip,187,610,596
5071_NT_AL_AA.fasta.zip,170,468,453.0
5073_NT_AL_AA.fasta.zip,187,645,635
5074_NT_AL_AA.fasta.zip,179,375,328
5075_NT_AL_AA.fasta.zip,181,478,445
5076_NT_AL_AA.fasta.zip,181,437,431
5077_NT_AL_AA.fasta.zip,180,485,484.0
5078_NT_AL_AA.fasta.zip,185,301,300
5079_NT_AL_AA.fasta.zip,179,388,386
50801_NT_AL_AA.fasta.zip,180,438,386.0
50804_NT_AL_AA.fasta.zip,187,631,593
50805_NT_AL_AA.fasta.zip,181,569,515
50807_NT_AL_AA.fasta.zip,184,1146,1121.0
50808_NT_AL_AA.fasta.zip,189,229,227
50809_NT_AL_AA.fasta.zip,190,594,552.0
5080_NT_AL_AA.fasta.zip,181,436,435
50810_NT_AL_AA.fasta.zip,175,209,203
50813_NT_AL_AA.fasta.zip,186,283,275.0
50814_NT_AL_AA.fasta.zip,181,366,361
5081_NT_AL_AA.fasta.zip,177,607,503
5082_NT_AL_AA.fasta.zip,184,304,301.0
50831_NT_AL_AA.fasta.zip,155,319,316
50832_NT_AL_AA.fasta.zip,166,301,294.0
50834_NT_AL_AA.fasta.zip,171,304,277
5083_NT_AL_AA.fasta.zip,187,344,342
50846_NT_AL_AA.fasta.zip,183,405,396
50848_NT_AL_AA.fasta.zip,185,311,298
50852_NT_AL_AA.fasta.zip,185,194,186
50853_NT_AL_AA.fasta.zip,177,905,831
50855_NT_AL_AA.fasta.zip,187,351,346
50859_NT_AL_AA.fasta.zip,149,456,435
50861_NT_AL_AA.fasta.zip,183,179,178
50862_NT_AL_AA.fasta.zip,188,232,229.0
50863_NT_AL_AA.fasta.zip,169,351,339
50865_NT_AL_AA.fasta.zip,185,189,188
5087_NT_AL_AA.fasta.zip,153,443,430
5089_NT_AL_AA.fasta.zip,186,437,429.0
5090_NT_AL_AA.fasta.zip,185,439,434
5091_NT_AL_AA.fasta.zip,183,1182,1178
5092_NT_AL_AA.fasta.zip,183,104,103
50937_NT_AL_AA.fasta.zip,189,1288,1256
50939_NT_AL_AA.fasta.zip,187,1292,1227
5093_NT_AL_AA.fasta.zip,159,363,356
50940_NT_AL_AA.fasta.zip,180,953,933.0
50943_NT_AL_AA.fasta.zip,187,444,422
50944_NT_AL_AA.fasta.zip,176,2717,2155.5
5094_NT_AL_AA.fasta.zip,172,467,462.0
5095_NT_AL_AA.fasta.zip,186,740,723.0
50964_NT_AL_AA.fasta.zip,182,217,213.0
5096_NT_AL_AA.fasta.zip,181,548,538
5097_NT_AL_AA.fasta.zip,184,1232,1224.0
50999_NT_AL_AA.fasta.zip,183,233,227
5099_NT_AL_AA.fasta.zip,180,1297,1249.0
509_NT_AL_AA.fasta.zip,179,297,296
50_NT_AL_AA.fasta.zip,189,782,780
51000_NT_AL_AA.fasta.zip,182,369,369.0
51001_NT_AL_AA.fasta.zip,187,422,416
51002_NT_AL_AA.fasta.zip,178,175,175.0
51003_NT_AL_AA.fasta.zip,124,131,131.0
51004_NT_AL_AA.fasta.zip,190,470,469.0
51005_NT_AL_AA.fasta.zip,180,420,409.0
51006_NT_AL_AA.fasta.zip,189,379,360
51008_NT_AL_AA.fasta.zip,186,356,356.0
51009_NT_AL_AA.fasta.zip,171,240,239
51010_NT_AL_AA.fasta.zip,187,283,271
51011_NT_AL_AA.fasta.zip,138,317,314.0
51012_NT_AL_AA.fasta.zip,176,196,194.0
51013_NT_AL_AA.fasta.zip,188,199,195.0
51014_NT_AL_AA.fasta.zip,133,231,224
51015_NT_AL_AA.fasta.zip,179,308,297
51016_NT_AL_AA.fasta.zip,190,213,206.0
51018_NT_AL_AA.fasta.zip,184,292,278.0
51019_NT_AL_AA.fasta.zip,184,195,194.0
5101_NT_AL_AA.fasta.zip,179,1243,1237
51020_NT_AL_AA.fasta.zip,187,203,194
51021_NT_AL_AA.fasta.zip,182,136,135.0
51022_NT_AL_AA.fasta.zip,182,161,150.0
51023_NT_AL_AA.fasta.zip,187,149,143
51024_NT_AL_AA.fasta.zip,188,153,152.0
51025_NT_AL_AA.fasta.zip,141,125,125
51026_NT_AL_AA.fasta.zip,180,138,138.0
51027_NT_AL_AA.fasta.zip,182,140,137.0
51028_NT_AL_AA.fasta.zip,180,388,386.0
51029_NT_AL_AA.fasta.zip,152,198,194.0
51030_NT_AL_AA.fasta.zip,37,205,202
51031_NT_AL_AA.fasta.zip,188,298,296.0
51035_NT_AL_AA.fasta.zip,189,308,296
51042_NT_AL_AA.fasta.zip,185,136,134
51043_NT_AL_AA.fasta.zip,185,591,538
51046_NT_AL_AA.fasta.zip,188,379,378.0
51050_NT_AL_AA.fasta.zip,184,259,258.0
51052_NT_AL_AA.fasta.zip,164,89,81.0
51053_NT_AL_AA.fasta.zip,176,229,206.0
51056_NT_AL_AA.fasta.zip,186,520,519.0
51057_NT_AL_AA.fasta.zip,183,666,658
51058_NT_AL_AA.fasta.zip,179,291,284
51059_NT_AL_AA.fasta.zip,184,1439,1366.5
5105_NT_AL_AA.fasta.zip,186,622,621.0
51060_NT_AL_AA.fasta.zip,180,176,171.0
51061_NT_AL_AA.fasta.zip,182,1023,949.0
51062_NT_AL_AA.fasta.zip,187,561,556
51063_NT_AL_AA.fasta.zip,182,324,323.0
51065_NT_AL_AA.fasta.zip,178,83,83.0
51066_NT_AL_AA.fasta.zip,181,374,369
51067_NT_AL_AA.fasta.zip,181,480,477
51068_NT_AL_AA.fasta.zip,184,503,503.0
51069_NT_AL_AA.fasta.zip,186,311,306.0
5106_NT_AL_AA.fasta.zip,188,644,639.0
51070_NT_AL_AA.fasta.zip,185,316,300
51071_NT_AL_AA.fasta.zip,185,320,318
51072_NT_AL_AA.fasta.zip,182,305,297.0
51073_NT_AL_AA.fasta.zip,184,313,291.0
51074_NT_AL_AA.fasta.zip,186,244,242.0
51075_NT_AL_AA.fasta.zip,186,296,295.0
51076_NT_AL_AA.fasta.zip,186,283,272.0
51077_NT_AL_AA.fasta.zip,187,198,198
51078_NT_AL_AA.fasta.zip,180,601,554.0
51079_NT_AL_AA.fasta.zip,185,146,144
51081_NT_AL_AA.fasta.zip,189,243,242
51083_NT_AL_AA.fasta.zip,171,136,123
51084_NT_AL_AA.fasta.zip,188,325,319.0
51085_NT_AL_AA.fasta.zip,186,910,842.0
51087_NT_AL_AA.fasta.zip,176,377,357.0
51088_NT_AL_AA.fasta.zip,186,710,709.0
5108_NT_AL_AA.fasta.zip,187,2198,2093
51090_NT_AL_AA.fasta.zip,185,184,182
51091_NT_AL_AA.fasta.zip,189,501,498
51092_NT_AL_AA.fasta.zip,188,871,853.0
51093_NT_AL_AA.fasta.zip,189,484,474
51094_NT_AL_AA.fasta.zip,176,382,375.0
51095_NT_AL_AA.fasta.zip,156,438,433.0
51096_NT_AL_AA.fasta.zip,187,658,549
51097_NT_AL_AA.fasta.zip,180,430,429.0
51098_NT_AL_AA.fasta.zip,188,441,436.0
51099_NT_AL_AA.fasta.zip,169,351,346
51100_NT_AL_AA.fasta.zip,186,409,400.0
51101_NT_AL_AA.fasta.zip,185,374,362
51102_NT_AL_AA.fasta.zip,190,383,372.0
51103_NT_AL_AA.fasta.zip,189,337,327
51104_NT_AL_AA.fasta.zip,187,289,288
51105_NT_AL_AA.fasta.zip,189,1040,1017
51106_NT_AL_AA.fasta.zip,186,334,334.0
51107_NT_AL_AA.fasta.zip,180,266,265.0
51108_NT_AL_AA.fasta.zip,187,327,318
51109_NT_AL_AA.fasta.zip,182,324,315.0
5110_NT_AL_AA.fasta.zip,187,290,279
51110_NT_AL_AA.fasta.zip,189,290,288
51111_NT_AL_AA.fasta.zip,186,932,879.0
51112_NT_AL_AA.fasta.zip,182,818,760.5
51114_NT_AL_AA.fasta.zip,185,418,364
51115_NT_AL_AA.fasta.zip,188,321,307.0
51116_NT_AL_AA.fasta.zip,176,245,238.0
51117_NT_AL_AA.fasta.zip,187,266,256
51118_NT_AL_AA.fasta.zip,190,253,253.0
51119_NT_AL_AA.fasta.zip,175,250,250
5111_NT_AL_AA.fasta.zip,187,261,261
51122_NT_AL_AA.fasta.zip,186,199,198.0
51123_NT_AL_AA.fasta.zip,168,76,76.0
51124_NT_AL_AA.fasta.zip,181,83,82
51125_NT_AL_AA.fasta.zip,176,138,137.0
51126_NT_AL_AA.fasta.zip,175,177,177
51127_NT_AL_AA.fasta.zip,159,485,475
51128_NT_AL_AA.fasta.zip,189,200,198
51129_NT_AL_AA.fasta.zip,184,421,399.0
51130_NT_AL_AA.fasta.zip,159,531,524
51132_NT_AL_AA.fasta.zip,182,637,616.0
51133_NT_AL_AA.fasta.zip,163,850,812
51134_NT_AL_AA.fasta.zip,184,704,699.0
51135_NT_AL_AA.fasta.zip,168,471,459.0
51136_NT_AL_AA.fasta.zip,189,406,398
51138_NT_AL_AA.fasta.zip,185,409,406
51141_NT_AL_AA.fasta.zip,161,224,223
51142_NT_AL_AA.fasta.zip,149,166,150
51143_NT_AL_AA.fasta.zip,186,529,522.0
51144_NT_AL_AA.fasta.zip,187,338,312
51146_NT_AL_AA.fasta.zip,179,348,341
51147_NT_AL_AA.fasta.zip,179,251,248
51148_NT_AL_AA.fasta.zip,188,592,578.0
51149_NT_AL_AA.fasta.zip,175,366,302
51150_NT_AL_AA.fasta.zip,182,354,353.0
51151_NT_AL_AA.fasta.zip,185,543,529
51154_NT_AL_AA.fasta.zip,187,242,239
51155_NT_AL_AA.fasta.zip,188,168,153.0
51160_NT_AL_AA.fasta.zip,183,224,221
51161_NT_AL_AA.fasta.zip,185,166,162
51162_NT_AL_AA.fasta.zip,183,286,264
51163_NT_AL_AA.fasta.zip,179,572,542
51164_NT_AL_AA.fasta.zip,189,467,467
51166_NT_AL_AA.fasta.zip,168,422,421.0
51167_NT_AL_AA.fasta.zip,183,528,516
51168_NT_AL_AA.fasta.zip,180,3781,3462.5
5116_NT_AL_AA.fasta.zip,178,3507,2823.0
51170_NT_AL_AA.fasta.zip,142,300,300.0
51171_NT_AL_AA.fasta.zip,167,288,268
51172_NT_AL_AA.fasta.zip,185,587,522
51174_NT_AL_AA.fasta.zip,190,454,453.0
51175_NT_AL_AA.fasta.zip,186,478,475.0
51176_NT_AL_AA.fasta.zip,172,421,414.0
51177_NT_AL_AA.fasta.zip,181,415,408
51179_NT_AL_AA.fasta.zip,179,357,352
51182_NT_AL_AA.fasta.zip,186,513,508.0
51184_NT_AL_AA.fasta.zip,187,303,280
51185_NT_AL_AA.fasta.zip,184,455,442.0
51186_NT_AL_AA.fasta.zip,162,119,103.0
51187_NT_AL_AA.fasta.zip,172,167,163.0
51188_NT_AL_AA.fasta.zip,185,77,77
5118_NT_AL_AA.fasta.zip,187,481,452
51193_NT_AL_AA.fasta.zip,178,488,485.0
51194_NT_AL_AA.fasta.zip,187,989,975
51195_NT_AL_AA.fasta.zip,176,680,662.0
51196_NT_AL_AA.fasta.zip,174,2330,2294.0
51199_NT_AL_AA.fasta.zip,188,2188,2127.0
5119_NT_AL_AA.fasta.zip,185,196,196
51200_NT_AL_AA.fasta.zip,148,462,420.0
51201_NT_AL_AA.fasta.zip,189,373,366
51202_NT_AL_AA.fasta.zip,182,461,455.0
51203_NT_AL_AA.fasta.zip,187,471,436
51204_NT_AL_AA.fasta.zip,186,299,292.0
51205_NT_AL_AA.fasta.zip,184,441,423.0
51206_NT_AL_AA.fasta.zip,144,407,299.0
51207_NT_AL_AA.fasta.zip,103,361,323
51208_NT_AL_AA.fasta.zip,131,263,261
51209_NT_AL_AA.fasta.zip,186,201,201.0
51218_NT_AL_AA.fasta.zip,170,173,155.0
5121_NT_AL_AA.fasta.zip,178,62,62.0
51222_NT_AL_AA.fasta.zip,190,813,705.0
51225_NT_AL_AA.fasta.zip,188,447,352.0
51226_NT_AL_AA.fasta.zip,181,203,192
51227_NT_AL_AA.fasta.zip,178,135,134.0
51228_NT_AL_AA.fasta.zip,113,219,209
5122_NT_AL_AA.fasta.zip,189,761,753
51230_NT_AL_AA.fasta.zip,184,1030,1010.0
51231_NT_AL_AA.fasta.zip,185,554,438
51232_NT_AL_AA.fasta.zip,179,1050,1036
51234_NT_AL_AA.fasta.zip,186,186,183.0
51236_NT_AL_AA.fasta.zip,175,387,360
51237_NT_AL_AA.fasta.zip,185,200,188
51239_NT_AL_AA.fasta.zip,185,191,179
51241_NT_AL_AA.fasta.zip,97,111,106
51244_NT_AL_AA.fasta.zip,179,485,465
51246_NT_AL_AA.fasta.zip,182,266,233.0
51247_NT_AL_AA.fasta.zip,184,124,124.0
51248_NT_AL_AA.fasta.zip,184,141,140.0
51249_NT_AL_AA.fasta.zip,187,257,248
51250_NT_AL_AA.fasta.zip,188,247,239.0
51251_NT_AL_AA.fasta.zip,184,331,330.0
51252_NT_AL_AA.fasta.zip,176,707,552.0
51253_NT_AL_AA.fasta.zip,184,424,423.0
51255_NT_AL_AA.fasta.zip,185,155,151
51256_NT_AL_AA.fasta.zip,124,293,292.0
51257_NT_AL_AA.fasta.zip,187,260,246
51258_NT_AL_AA.fasta.zip,182,129,127.0
51259_NT_AL_AA.fasta.zip,186,142,139.0
5125_NT_AL_AA.fasta.zip,178,1907,1875.0
51260_NT_AL_AA.fasta.zip,169,191,178
51263_NT_AL_AA.fasta.zip,186,161,160.0
51264_NT_AL_AA.fasta.zip,190,146,146.0
51265_NT_AL_AA.fasta.zip,181,632,568
51267_NT_AL_AA.fasta.zip,169,280,269
51268_NT_AL_AA.fasta.zip,187,399,390
5126_NT_AL_AA.fasta.zip,178,645,638.0
51271_NT_AL_AA.fasta.zip,185,507,495
51272_NT_AL_AA.fasta.zip,179,107,104
51274_NT_AL_AA.fasta.zip,189,359,345
51277_NT_AL_AA.fasta.zip,186,275,273.0
51278_NT_AL_AA.fasta.zip,174,380,311.0
51279_NT_AL_AA.fasta.zip,171,488,464
5127_NT_AL_AA.fasta.zip,185,491,485
51280_NT_AL_AA.fasta.zip,184,426,395.0
51281_NT_AL_AA.fasta.zip,173,949,852
51282_NT_AL_AA.fasta.zip,180,194,170.0
51283_NT_AL_AA.fasta.zip,188,453,450.0
51284_NT_AL_AA.fasta.zip,187,1054,1048
51285_NT_AL_AA.fasta.zip,170,277,266.0
51286_NT_AL_AA.fasta.zip,184,169,149.0
51287_NT_AL_AA.fasta.zip,185,88,84
51289_NT_AL_AA.fasta.zip,177,488,458
5128_NT_AL_AA.fasta.zip,189,524,523
51290_NT_AL_AA.fasta.zip,186,382,377.0
51291_NT_AL_AA.fasta.zip,186,1025,946.0
51292_NT_AL_AA.fasta.zip,189,350,347
51293_NT_AL_AA.fasta.zip,180,326,245.5
51294_NT_AL_AA.fasta.zip,187,1203,1172
51295_NT_AL_AA.fasta.zip,185,448,429
51296_NT_AL_AA.fasta.zip,178,593,563.0
51297_NT_AL_AA.fasta.zip,155,310,246
51298_NT_AL_AA.fasta.zip,180,321,293.0
51299_NT_AL_AA.fasta.zip,176,145,142.0
5129_NT_AL_AA.fasta.zip,189,482,469
51300_NT_AL_AA.fasta.zip,187,289,282
51301_NT_AL_AA.fasta.zip,184,456,454.0
51302_NT_AL_AA.fasta.zip,185,479,463
51303_NT_AL_AA.fasta.zip,186,212,201.0
51304_NT_AL_AA.fasta.zip,188,372,330.0
51305_NT_AL_AA.fasta.zip,146,380,374.0
51306_NT_AL_AA.fasta.zip,187,990,949
51307_NT_AL_AA.fasta.zip,185,411,392
51308_NT_AL_AA.fasta.zip,168,252,246.0
51309_NT_AL_AA.fasta.zip,162,480,453.0
5130_NT_AL_AA.fasta.zip,188,367,367.0
51310_NT_AL_AA.fasta.zip,184,538,518.5
51311_NT_AL_AA.fasta.zip,186,1052,1033.0
51312_NT_AL_AA.fasta.zip,187,359,332
51313_NT_AL_AA.fasta.zip,182,531,515.0
51314_NT_AL_AA.fasta.zip,180,602,558.0
51315_NT_AL_AA.fasta.zip,169,266,257
51316_NT_AL_AA.fasta.zip,111,115,112
51317_NT_AL_AA.fasta.zip,189,720,680
51318_NT_AL_AA.fasta.zip,188,192,186.0
51319_NT_AL_AA.fasta.zip,170,348,334.0
51320_NT_AL_AA.fasta.zip,176,676,614.0
51321_NT_AL_AA.fasta.zip,173,362,359
51322_NT_AL_AA.fasta.zip,189,669,646
51324_NT_AL_AA.fasta.zip,184,309,308.0
51326_NT_AL_AA.fasta.zip,30,181,181.0
51327_NT_AL_AA.fasta.zip,188,93,91.0
51329_NT_AL_AA.fasta.zip,183,273,227
5132_NT_AL_AA.fasta.zip,189,247,245
51330_NT_AL_AA.fasta.zip,182,131,129.0
51332_NT_AL_AA.fasta.zip,161,3609,3424
51333_NT_AL_AA.fasta.zip,170,373,317.0
51334_NT_AL_AA.fasta.zip,180,320,304.0
51335_NT_AL_AA.fasta.zip,176,307,287.0
51337_NT_AL_AA.fasta.zip,173,210,207
51339_NT_AL_AA.fasta.zip,183,939,806
5133_NT_AL_AA.fasta.zip,178,305,279.0
51340_NT_AL_AA.fasta.zip,186,688,687.0
51341_NT_AL_AA.fasta.zip,174,642,581.5
51343_NT_AL_AA.fasta.zip,183,502,496
51347_NT_AL_AA.fasta.zip,179,902,895
5134_NT_AL_AA.fasta.zip,175,351,342
51360_NT_AL_AA.fasta.zip,136,528,519.0
51361_NT_AL_AA.fasta.zip,187,831,725
51362_NT_AL_AA.fasta.zip,189,579,579
51363_NT_AL_AA.fasta.zip,182,568,561.0
51364_NT_AL_AA.fasta.zip,189,455,440
51365_NT_AL_AA.fasta.zip,173,466,454
51366_NT_AL_AA.fasta.zip,186,2925,2795.0
51367_NT_AL_AA.fasta.zip,186,173,169.0
51368_NT_AL_AA.fasta.zip,175,321,308
5136_NT_AL_AA.fasta.zip,186,551,521.0
51371_NT_AL_AA.fasta.zip,184,142,141.0
51372_NT_AL_AA.fasta.zip,52,64,64.0
51373_NT_AL_AA.fasta.zip,159,132,130
51374_NT_AL_AA.fasta.zip,185,248,228
51375_NT_AL_AA.fasta.zip,174,455,450.0
51377_NT_AL_AA.fasta.zip,186,326,324.0
51378_NT_AL_AA.fasta.zip,180,515,492.0
51379_NT_AL_AA.fasta.zip,186,439,435.0
5137_NT_AL_AA.fasta.zip,182,748,738.0
51380_NT_AL_AA.fasta.zip,188,499,493.0
51382_NT_AL_AA.fasta.zip,188,248,247.0
51384_NT_AL_AA.fasta.zip,186,370,360.0
51386_NT_AL_AA.fasta.zip,184,566,564.0
51388_NT_AL_AA.fasta.zip,186,182,180.0
51389_NT_AL_AA.fasta.zip,186,249,242.0
5138_NT_AL_AA.fasta.zip,186,943,911.0
51390_NT_AL_AA.fasta.zip,184,232,225.0
51393_NT_AL_AA.fasta.zip,180,775,747.0
51397_NT_AL_AA.fasta.zip,184,203,199.0
51398_NT_AL_AA.fasta.zip,187,106,106
51399_NT_AL_AA.fasta.zip,187,219,218
5139_NT_AL_AA.fasta.zip,182,1192,1129.0
513_NT_AL_AA.fasta.zip,175,175,168
51400_NT_AL_AA.fasta.zip,186,387,386.0
51406_NT_AL_AA.fasta.zip,186,286,255.0
51409_NT_AL_AA.fasta.zip,188,348,335.0
5140_NT_AL_AA.fasta.zip,178,1172,1103.5
51411_NT_AL_AA.fasta.zip,185,713,538
51412_NT_AL_AA.fasta.zip,185,417,413
5141_NT_AL_AA.fasta.zip,148,908,826.5
51421_NT_AL_AA.fasta.zip,188,824,774.0
51422_NT_AL_AA.fasta.zip,184,579,562.0
51426_NT_AL_AA.fasta.zip,186,888,863.0
51428_NT_AL_AA.fasta.zip,188,627,622.0
51429_NT_AL_AA.fasta.zip,181,606,590
5142_NT_AL_AA.fasta.zip,180,765,736.0
51430_NT_AL_AA.fasta.zip,187,1304,1249
51433_NT_AL_AA.fasta.zip,188,795,754.0
51434_NT_AL_AA.fasta.zip,183,564,564
51435_NT_AL_AA.fasta.zip,190,608,606.0
51439_NT_AL_AA.fasta.zip,186,468,394.0
5143_NT_AL_AA.fasta.zip,173,632,596
51440_NT_AL_AA.fasta.zip,184,190,190.0
51441_NT_AL_AA.fasta.zip,185,598,578
51442_NT_AL_AA.fasta.zip,183,253,208
51444_NT_AL_AA.fasta.zip,186,251,244.0
51447_NT_AL_AA.fasta.zip,189,428,425
51449_NT_AL_AA.fasta.zip,186,500,494.0
5144_NT_AL_AA.fasta.zip,111,665,657
51450_NT_AL_AA.fasta.zip,175,239,227
51451_NT_AL_AA.fasta.zip,181,340,332
51454_NT_AL_AA.fasta.zip,178,325,309.0
51455_NT_AL_AA.fasta.zip,188,1335,1248.0
51458_NT_AL_AA.fasta.zip,188,465,453.0
5145_NT_AL_AA.fasta.zip,186,863,860.0
51460_NT_AL_AA.fasta.zip,188,878,864.0
51465_NT_AL_AA.fasta.zip,185,329,318
51466_NT_AL_AA.fasta.zip,189,433,413
5146_NT_AL_AA.fasta.zip,186,872,844.0
51473_NT_AL_AA.fasta.zip,181,524,471
51474_NT_AL_AA.fasta.zip,188,795,759.0
51475_NT_AL_AA.fasta.zip,171,226,215
51477_NT_AL_AA.fasta.zip,178,571,557.0
51478_NT_AL_AA.fasta.zip,164,340,331.0
51479_NT_AL_AA.fasta.zip,180,1181,1168.0
5147_NT_AL_AA.fasta.zip,183,152,150
5148_NT_AL_AA.fasta.zip,183,88,87
51490_NT_AL_AA.fasta.zip,181,381,365
51491_NT_AL_AA.fasta.zip,188,185,178.0
51493_NT_AL_AA.fasta.zip,183,505,505
51495_NT_AL_AA.fasta.zip,188,363,362.0
51496_NT_AL_AA.fasta.zip,181,470,466
51497_NT_AL_AA.fasta.zip,173,595,588
51499_NT_AL_AA.fasta.zip,183,78,76
5149_NT_AL_AA.fasta.zip,184,86,83.0
514_NT_AL_AA.fasta.zip,162,51,51.0
51501_NT_AL_AA.fasta.zip,187,198,195
51503_NT_AL_AA.fasta.zip,182,232,231.0
51504_NT_AL_AA.fasta.zip,187,127,125
51506_NT_AL_AA.fasta.zip,187,170,167
51507_NT_AL_AA.fasta.zip,186,318,304.0
5150_NT_AL_AA.fasta.zip,187,481,478
51510_NT_AL_AA.fasta.zip,187,220,219
51512_NT_AL_AA.fasta.zip,174,992,676.0
51514_NT_AL_AA.fasta.zip,186,752,728.0
51517_NT_AL_AA.fasta.zip,182,745,710.0
5151_NT_AL_AA.fasta.zip,175,839,799
51520_NT_AL_AA.fasta.zip,188,1185,1176.0
51523_NT_AL_AA.fasta.zip,186,345,313.0
51524_NT_AL_AA.fasta.zip,185,164,160
51526_NT_AL_AA.fasta.zip,188,296,292.0
51527_NT_AL_AA.fasta.zip,186,139,139.0
51528_NT_AL_AA.fasta.zip,187,312,311
51529_NT_AL_AA.fasta.zip,168,87,84.0
5152_NT_AL_AA.fasta.zip,185,538,521
51530_NT_AL_AA.fasta.zip,189,517,499
51531_NT_AL_AA.fasta.zip,187,478,423
51533_NT_AL_AA.fasta.zip,188,388,379.0
51534_NT_AL_AA.fasta.zip,188,319,306.0
51535_NT_AL_AA.fasta.zip,181,388,370
51537_NT_AL_AA.fasta.zip,188,170,166.0
51538_NT_AL_AA.fasta.zip,189,246,239
5153_NT_AL_AA.fasta.zip,187,551,534
51540_NT_AL_AA.fasta.zip,186,428,414.0
51542_NT_AL_AA.fasta.zip,187,1031,977
51547_NT_AL_AA.fasta.zip,178,406,400.0
51548_NT_AL_AA.fasta.zip,184,379,349.5
5154_NT_AL_AA.fasta.zip,174,207,197.0
51550_NT_AL_AA.fasta.zip,186,219,211.0
51552_NT_AL_AA.fasta.zip,177,215,215
51554_NT_AL_AA.fasta.zip,177,352,350
51555_NT_AL_AA.fasta.zip,186,660,650.0
51557_NT_AL_AA.fasta.zip,173,569,550
51559_NT_AL_AA.fasta.zip,179,541,534
5155_NT_AL_AA.fasta.zip,182,258,240.0
51560_NT_AL_AA.fasta.zip,185,208,208
51561_NT_AL_AA.fasta.zip,187,201,178
51562_NT_AL_AA.fasta.zip,188,347,342.0
51564_NT_AL_AA.fasta.zip,185,1014,956
51566_NT_AL_AA.fasta.zip,172,383,379.0
51567_NT_AL_AA.fasta.zip,185,361,345
51569_NT_AL_AA.fasta.zip,177,87,85
5156_NT_AL_AA.fasta.zip,187,1102,1089
51571_NT_AL_AA.fasta.zip,185,326,324
51573_NT_AL_AA.fasta.zip,188,336,329.0
51574_NT_AL_AA.fasta.zip,186,613,578.0
51575_NT_AL_AA.fasta.zip,189,950,836
5157_NT_AL_AA.fasta.zip,185,378,374
51582_NT_AL_AA.fasta.zip,185,450,448
51585_NT_AL_AA.fasta.zip,187,1722,1685
51586_NT_AL_AA.fasta.zip,177,971,770
51588_NT_AL_AA.fasta.zip,186,535,505.0
5158_NT_AL_AA.fasta.zip,181,869,855
51592_NT_AL_AA.fasta.zip,171,1172,1126
51593_NT_AL_AA.fasta.zip,186,903,874.0
51594_NT_AL_AA.fasta.zip,181,2387,2360
51596_NT_AL_AA.fasta.zip,189,187,177
51599_NT_AL_AA.fasta.zip,184,632,573.0
5159_NT_AL_AA.fasta.zip,188,1170,1095.0
51601_NT_AL_AA.fasta.zip,177,373,373
51602_NT_AL_AA.fasta.zip,189,557,528
51603_NT_AL_AA.fasta.zip,187,710,699
51604_NT_AL_AA.fasta.zip,188,589,578.0
51605_NT_AL_AA.fasta.zip,188,511,496.0
51606_NT_AL_AA.fasta.zip,181,485,483
51608_NT_AL_AA.fasta.zip,180,325,324.0
5160_NT_AL_AA.fasta.zip,179,391,390
51611_NT_AL_AA.fasta.zip,177,281,279
51614_NT_AL_AA.fasta.zip,188,391,387.0
51616_NT_AL_AA.fasta.zip,181,265,248
51617_NT_AL_AA.fasta.zip,173,172,171
5161_NT_AL_AA.fasta.zip,134,398,391.0
51621_NT_AL_AA.fasta.zip,151,315,287
51626_NT_AL_AA.fasta.zip,183,354,349
51629_NT_AL_AA.fasta.zip,187,365,358
5162_NT_AL_AA.fasta.zip,189,367,359
51633_NT_AL_AA.fasta.zip,187,302,293
51634_NT_AL_AA.fasta.zip,181,441,318
51635_NT_AL_AA.fasta.zip,163,343,336
51637_NT_AL_AA.fasta.zip,180,249,244.0
51639_NT_AL_AA.fasta.zip,178,125,125.0
5163_NT_AL_AA.fasta.zip,190,453,436.0
51642_NT_AL_AA.fasta.zip,176,214,212.0
51643_NT_AL_AA.fasta.zip,188,243,238.0
51645_NT_AL_AA.fasta.zip,183,166,163
51646_NT_AL_AA.fasta.zip,185,121,121
51647_NT_AL_AA.fasta.zip,184,176,163.0
51649_NT_AL_AA.fasta.zip,187,192,190
5164_NT_AL_AA.fasta.zip,188,411,405.0
51650_NT_AL_AA.fasta.zip,187,108,106
51651_NT_AL_AA.fasta.zip,181,182,179
51652_NT_AL_AA.fasta.zip,56,226,222.0
51654_NT_AL_AA.fasta.zip,187,591,582
51655_NT_AL_AA.fasta.zip,181,288,279
51657_NT_AL_AA.fasta.zip,182,318,293.0
51659_NT_AL_AA.fasta.zip,182,188,185.0
5165_NT_AL_AA.fasta.zip,184,416,415.0
51660_NT_AL_AA.fasta.zip,178,111,109.0
51661_NT_AL_AA.fasta.zip,189,221,218
51663_NT_AL_AA.fasta.zip,188,1081,1074.0
51665_NT_AL_AA.fasta.zip,183,321,321
51666_NT_AL_AA.fasta.zip,188,429,426.0
51667_NT_AL_AA.fasta.zip,189,647,611
51668_NT_AL_AA.fasta.zip,188,144,143.0
51669_NT_AL_AA.fasta.zip,186,347,334.0
5166_NT_AL_AA.fasta.zip,189,414,412
51673_NT_AL_AA.fasta.zip,179,176,176
51676_NT_AL_AA.fasta.zip,189,642,628
51678_NT_AL_AA.fasta.zip,188,556,553.0
5167_NT_AL_AA.fasta.zip,183,912,903
51684_NT_AL_AA.fasta.zip,185,488,482
51686_NT_AL_AA.fasta.zip,168,195,186.0
5168_NT_AL_AA.fasta.zip,186,937,903.0
51690_NT_AL_AA.fasta.zip,176,105,103.0
51691_NT_AL_AA.fasta.zip,179,99,96
51692_NT_AL_AA.fasta.zip,169,687,684
51693_NT_AL_AA.fasta.zip,183,140,136
51696_NT_AL_AA.fasta.zip,186,589,538.0
51699_NT_AL_AA.fasta.zip,189,186,186
5169_NT_AL_AA.fasta.zip,181,891,870
516_NT_AL_AA.fasta.zip,186,149,136.0
51700_NT_AL_AA.fasta.zip,185,283,275
51701_NT_AL_AA.fasta.zip,186,531,527.0
51702_NT_AL_AA.fasta.zip,164,669,664.0
51703_NT_AL_AA.fasta.zip,189,685,683
51704_NT_AL_AA.fasta.zip,179,424,387
51705_NT_AL_AA.fasta.zip,168,289,211.0
51706_NT_AL_AA.fasta.zip,187,309,305
5170_NT_AL_AA.fasta.zip,171,565,548
51714_NT_AL_AA.fasta.zip,181,196,195
51715_NT_AL_AA.fasta.zip,189,239,237
51719_NT_AL_AA.fasta.zip,186,341,341.0
51720_NT_AL_AA.fasta.zip,187,760,720
51725_NT_AL_AA.fasta.zip,184,724,709.0
51726_NT_AL_AA.fasta.zip,190,359,358.0
51727_NT_AL_AA.fasta.zip,185,229,227
51728_NT_AL_AA.fasta.zip,176,111,108.0
51729_NT_AL_AA.fasta.zip,181,695,641
5172_NT_AL_AA.fasta.zip,186,785,780.0
51733_NT_AL_AA.fasta.zip,185,391,382
51734_NT_AL_AA.fasta.zip,182,120,116.0
51735_NT_AL_AA.fasta.zip,186,1634,1605.0
51738_NT_AL_AA.fasta.zip,183,119,112
5173_NT_AL_AA.fasta.zip,188,269,253.0
51741_NT_AL_AA.fasta.zip,182,414,411.0
51742_NT_AL_AA.fasta.zip,185,1352,1303
51744_NT_AL_AA.fasta.zip,177,401,315
51747_NT_AL_AA.fasta.zip,188,490,487.0
5174_NT_AL_AA.fasta.zip,188,752,513.0
51750_NT_AL_AA.fasta.zip,185,1314,1195
51751_NT_AL_AA.fasta.zip,183,103,99
51752_NT_AL_AA.fasta.zip,183,956,940
51754_NT_AL_AA.fasta.zip,186,964,907.0
51755_NT_AL_AA.fasta.zip,188,1541,1490.0
51759_NT_AL_AA.fasta.zip,187,292,289
5175_NT_AL_AA.fasta.zip,188,743,709.0
51760_NT_AL_AA.fasta.zip,182,565,470.0
51761_NT_AL_AA.fasta.zip,130,1164,1161.5
51762_NT_AL_AA.fasta.zip,184,209,207.0
51763_NT_AL_AA.fasta.zip,189,440,431
51764_NT_AL_AA.fasta.zip,173,67,67
51765_NT_AL_AA.fasta.zip,186,424,416.0
51768_NT_AL_AA.fasta.zip,188,588,566.0
5176_NT_AL_AA.fasta.zip,188,425,417.0
51773_NT_AL_AA.fasta.zip,184,1487,1431.0
51776_NT_AL_AA.fasta.zip,185,826,800
51778_NT_AL_AA.fasta.zip,171,273,264
51780_NT_AL_AA.fasta.zip,187,1916,1753
5178_NT_AL_AA.fasta.zip,158,1681,1371.0
5179_NT_AL_AA.fasta.zip,182,455,266.0
517_NT_AL_AA.fasta.zip,183,152,140
51802_NT_AL_AA.fasta.zip,166,512,504.0
51804_NT_AL_AA.fasta.zip,177,814,778
51805_NT_AL_AA.fasta.zip,189,372,361
51807_NT_AL_AA.fasta.zip,166,449,449.0
51808_NT_AL_AA.fasta.zip,186,402,391.0
51809_NT_AL_AA.fasta.zip,188,721,657.0
5184_NT_AL_AA.fasta.zip,185,492,492
5187_NT_AL_AA.fasta.zip,189,1364,1281
5188_NT_AL_AA.fasta.zip,188,559,556.0
5189_NT_AL_AA.fasta.zip,188,1308,1267.0
518_NT_AL_AA.fasta.zip,186,143,141.0
5190_NT_AL_AA.fasta.zip,186,1010,980.0
5191_NT_AL_AA.fasta.zip,186,329,323.0
5192_NT_AL_AA.fasta.zip,183,331,320
5193_NT_AL_AA.fasta.zip,184,369,359.0
5194_NT_AL_AA.fasta.zip,187,409,403
5195_NT_AL_AA.fasta.zip,185,394,368
5198_NT_AL_AA.fasta.zip,188,1356,1335.0
5199_NT_AL_AA.fasta.zip,184,478,453.0
51_NT_AL_AA.fasta.zip,188,673,661.0
5201_NT_AL_AA.fasta.zip,186,125,122.0
5202_NT_AL_AA.fasta.zip,185,163,154
5203_NT_AL_AA.fasta.zip,181,132,131
5204_NT_AL_AA.fasta.zip,187,158,154
5205_NT_AL_AA.fasta.zip,189,1256,1251
5207_NT_AL_AA.fasta.zip,172,475,464.0
5208_NT_AL_AA.fasta.zip,187,515,510
5209_NT_AL_AA.fasta.zip,187,512,506
5210_NT_AL_AA.fasta.zip,185,474,468
5211_NT_AL_AA.fasta.zip,186,844,779.0
5212_NT_AL_AA.fasta.zip,187,685,655
5213_NT_AL_AA.fasta.zip,147,785,780
5214_NT_AL_AA.fasta.zip,179,819,764
5216_NT_AL_AA.fasta.zip,182,140,140.0
5217_NT_AL_AA.fasta.zip,152,141,140.0
5218_NT_AL_AA.fasta.zip,178,469,468.0
521_NT_AL_AA.fasta.zip,154,71,71.0
5223_NT_AL_AA.fasta.zip,182,260,254.0
5224_NT_AL_AA.fasta.zip,186,256,253.0
5225_NT_AL_AA.fasta.zip,173,412,386
5226_NT_AL_AA.fasta.zip,179,488,483
5228_NT_AL_AA.fasta.zip,117,162,159
5229_NT_AL_AA.fasta.zip,186,375,374.0
522_NT_AL_AA.fasta.zip,181,108,108
5230_NT_AL_AA.fasta.zip,179,417,417
5236_NT_AL_AA.fasta.zip,141,583,580
5238_NT_AL_AA.fasta.zip,186,546,539.0
5239_NT_AL_AA.fasta.zip,182,567,567.0
523_NT_AL_AA.fasta.zip,189,617,617
5241_NT_AL_AA.fasta.zip,159,1042,926
5243_NT_AL_AA.fasta.zip,149,1297,1255
5245_NT_AL_AA.fasta.zip,185,274,272
5250_NT_AL_AA.fasta.zip,148,367,362.0
5251_NT_AL_AA.fasta.zip,178,753,749.0
5252_NT_AL_AA.fasta.zip,188,592,566.0
5253_NT_AL_AA.fasta.zip,183,1133,1060
5255_NT_AL_AA.fasta.zip,169,1263,1226
5256_NT_AL_AA.fasta.zip,181,1258,1235
5257_NT_AL_AA.fasta.zip,169,1098,1090
525_NT_AL_AA.fasta.zip,188,519,512.0
5260_NT_AL_AA.fasta.zip,188,398,386.0
5261_NT_AL_AA.fasta.zip,183,412,405
5268_NT_AL_AA.fasta.zip,188,385,375.0
526_NT_AL_AA.fasta.zip,184,527,511.0
5270_NT_AL_AA.fasta.zip,186,400,397.0
5272_NT_AL_AA.fasta.zip,108,380,375.0
5273_NT_AL_AA.fasta.zip,152,399,397.0
5274_NT_AL_AA.fasta.zip,190,414,410.0
5275_NT_AL_AA.fasta.zip,132,418,390.0
5276_NT_AL_AA.fasta.zip,186,406,405.0
5277_NT_AL_AA.fasta.zip,185,488,482
5279_NT_AL_AA.fasta.zip,189,301,297
527_NT_AL_AA.fasta.zip,179,156,155
5281_NT_AL_AA.fasta.zip,187,221,218
5283_NT_AL_AA.fasta.zip,188,188,186.0
5284_NT_AL_AA.fasta.zip,187,846,747
5286_NT_AL_AA.fasta.zip,189,1717,1687
5287_NT_AL_AA.fasta.zip,169,1651,1634
5288_NT_AL_AA.fasta.zip,173,1526,1480
5289_NT_AL_AA.fasta.zip,184,892,887.0
528_NT_AL_AA.fasta.zip,118,384,382.0
5290_NT_AL_AA.fasta.zip,181,1076,1068
5291_NT_AL_AA.fasta.zip,187,1071,1070
5293_NT_AL_AA.fasta.zip,186,1062,1044.0
5294_NT_AL_AA.fasta.zip,188,1113,1101.0
5295_NT_AL_AA.fasta.zip,187,734,724
5296_NT_AL_AA.fasta.zip,183,759,721
5297_NT_AL_AA.fasta.zip,184,2122,2093.0
5298_NT_AL_AA.fasta.zip,185,881,816
529_NT_AL_AA.fasta.zip,189,226,226
52_NT_AL_AA.fasta.zip,85,176,158
5300_NT_AL_AA.fasta.zip,185,167,163
5303_NT_AL_AA.fasta.zip,176,133,131.0
5305_NT_AL_AA.fasta.zip,187,414,406
5306_NT_AL_AA.fasta.zip,182,276,270.0
5307_NT_AL_AA.fasta.zip,176,332,314.0
5308_NT_AL_AA.fasta.zip,184,330,325.0
5309_NT_AL_AA.fasta.zip,182,314,301.0
5310_NT_AL_AA.fasta.zip,176,4410,4267.5
5311_NT_AL_AA.fasta.zip,177,994,957
5313_NT_AL_AA.fasta.zip,189,545,541
5314_NT_AL_AA.fasta.zip,178,4126,4049.0
5315_NT_AL_AA.fasta.zip,129,532,531
5316_NT_AL_AA.fasta.zip,182,436,436.0
5317_NT_AL_AA.fasta.zip,181,738,726
5318_NT_AL_AA.fasta.zip,179,871,829
5319_NT_AL_AA.fasta.zip,179,150,146
5321_NT_AL_AA.fasta.zip,189,752,749
5324_NT_AL_AA.fasta.zip,157,502,499
5325_NT_AL_AA.fasta.zip,188,506,461.0
5326_NT_AL_AA.fasta.zip,180,500,496.0
5327_NT_AL_AA.fasta.zip,189,573,558
5328_NT_AL_AA.fasta.zip,188,453,430.0
5330_NT_AL_AA.fasta.zip,186,1237,1163.5
5331_NT_AL_AA.fasta.zip,185,1276,1225
5332_NT_AL_AA.fasta.zip,183,1211,1206
53335_NT_AL_AA.fasta.zip,186,861,835.0
53339_NT_AL_AA.fasta.zip,177,510,477
5333_NT_AL_AA.fasta.zip,185,786,776
53340_NT_AL_AA.fasta.zip,187,211,144
53342_NT_AL_AA.fasta.zip,150,211,197.5
53343_NT_AL_AA.fasta.zip,189,351,349
53344_NT_AL_AA.fasta.zip,171,262,218
53345_NT_AL_AA.fasta.zip,186,381,372.0
53346_NT_AL_AA.fasta.zip,180,372,370.0
53347_NT_AL_AA.fasta.zip,186,633,623.0
53349_NT_AL_AA.fasta.zip,188,775,774.0
5334_NT_AL_AA.fasta.zip,184,1104,1095.0
53353_NT_AL_AA.fasta.zip,163,4582,4572
53354_NT_AL_AA.fasta.zip,186,568,536.0
53358_NT_AL_AA.fasta.zip,175,616,583
5335_NT_AL_AA.fasta.zip,185,1307,1289
5336_NT_AL_AA.fasta.zip,183,1281,1265
53371_NT_AL_AA.fasta.zip,187,575,556
53373_NT_AL_AA.fasta.zip,187,897,812
5337_NT_AL_AA.fasta.zip,186,1138,1067.0
5338_NT_AL_AA.fasta.zip,188,1123,933.0
5339_NT_AL_AA.fasta.zip,167,5788,4683
533_NT_AL_AA.fasta.zip,190,206,205.0
53405_NT_AL_AA.fasta.zip,183,240,239
53407_NT_AL_AA.fasta.zip,186,346,334.0
5340_NT_AL_AA.fasta.zip,171,828,805
5341_NT_AL_AA.fasta.zip,190,354,350.0
5345_NT_AL_AA.fasta.zip,186,502,486.5
5346_NT_AL_AA.fasta.zip,183,558,503
5347_NT_AL_AA.fasta.zip,185,651,602
5348_NT_AL_AA.fasta.zip,164,100,91.0
5349_NT_AL_AA.fasta.zip,173,94,85
534_NT_AL_AA.fasta.zip,186,118,118.0
5350_NT_AL_AA.fasta.zip,177,52,52
5351_NT_AL_AA.fasta.zip,186,759,720.0
5352_NT_AL_AA.fasta.zip,179,749,749
5354_NT_AL_AA.fasta.zip,186,278,277.0
5355_NT_AL_AA.fasta.zip,184,156,152.0
5356_NT_AL_AA.fasta.zip,189,521,513
5357_NT_AL_AA.fasta.zip,187,631,630
5358_NT_AL_AA.fasta.zip,175,633,630
535_NT_AL_AA.fasta.zip,182,848,844.0
5360_NT_AL_AA.fasta.zip,185,514,492
53615_NT_AL_AA.fasta.zip,182,259,252.0
53616_NT_AL_AA.fasta.zip,185,996,950
5361_NT_AL_AA.fasta.zip,182,1938,1898.0
5362_NT_AL_AA.fasta.zip,180,1898,1894.0
53630_NT_AL_AA.fasta.zip,185,586,528
53632_NT_AL_AA.fasta.zip,189,492,469
53635_NT_AL_AA.fasta.zip,161,445,410
53637_NT_AL_AA.fasta.zip,180,422,398.0
5364_NT_AL_AA.fasta.zip,186,3032,2131.0
5365_NT_AL_AA.fasta.zip,176,2048,1884.0
5366_NT_AL_AA.fasta.zip,162,86,54.0
5367_NT_AL_AA.fasta.zip,186,170,165.0
5368_NT_AL_AA.fasta.zip,188,191,174.0
5371_NT_AL_AA.fasta.zip,178,943,857.0
5372_NT_AL_AA.fasta.zip,182,265,261.0
5373_NT_AL_AA.fasta.zip,188,248,246.0
5376_NT_AL_AA.fasta.zip,186,162,160.0
5378_NT_AL_AA.fasta.zip,185,950,925
537_NT_AL_AA.fasta.zip,185,486,464
53820_NT_AL_AA.fasta.zip,161,167,131
53822_NT_AL_AA.fasta.zip,161,81,77
53827_NT_AL_AA.fasta.zip,157,201,156
53828_NT_AL_AA.fasta.zip,73,89,87
53829_NT_AL_AA.fasta.zip,185,344,333
53831_NT_AL_AA.fasta.zip,185,410,395
53832_NT_AL_AA.fasta.zip,188,525,502.0
53833_NT_AL_AA.fasta.zip,186,294,286.0
53834_NT_AL_AA.fasta.zip,178,544,499.0
53836_NT_AL_AA.fasta.zip,181,360,358
53838_NT_AL_AA.fasta.zip,170,591,351.0
53841_NT_AL_AA.fasta.zip,176,1205,688.0
538_NT_AL_AA.fasta.zip,177,1518,1498
53904_NT_AL_AA.fasta.zip,177,1690,1594
53905_NT_AL_AA.fasta.zip,168,1595,1542.0
53916_NT_AL_AA.fasta.zip,186,212,212.0
53917_NT_AL_AA.fasta.zip,189,213,202
53918_NT_AL_AA.fasta.zip,169,386,385
53919_NT_AL_AA.fasta.zip,178,716,709.0
53938_NT_AL_AA.fasta.zip,178,161,161.0
5393_NT_AL_AA.fasta.zip,187,448,439
53942_NT_AL_AA.fasta.zip,169,1079,1075
53944_NT_AL_AA.fasta.zip,190,468,457.0
53947_NT_AL_AA.fasta.zip,184,360,353.0
5394_NT_AL_AA.fasta.zip,189,896,876
5396_NT_AL_AA.fasta.zip,180,249,245.0
53981_NT_AL_AA.fasta.zip,186,783,782.0
539_NT_AL_AA.fasta.zip,190,213,213.0
53_NT_AL_AA.fasta.zip,190,423,421.0
54014_NT_AL_AA.fasta.zip,177,2962,2210
54020_NT_AL_AA.fasta.zip,190,579,514.0
54033_NT_AL_AA.fasta.zip,181,291,237
54039_NT_AL_AA.fasta.zip,186,391,389.0
54058_NT_AL_AA.fasta.zip,167,273,211
54059_NT_AL_AA.fasta.zip,175,168,164
54065_NT_AL_AA.fasta.zip,177,60,58
54069_NT_AL_AA.fasta.zip,179,226,210
5406_NT_AL_AA.fasta.zip,110,473,465.0
5407_NT_AL_AA.fasta.zip,125,481,467
54084_NT_AL_AA.fasta.zip,166,644,618.0
54093_NT_AL_AA.fasta.zip,179,444,433
54097_NT_AL_AA.fasta.zip,176,230,229.0
5409_NT_AL_AA.fasta.zip,181,286,272
540_NT_AL_AA.fasta.zip,187,1555,1427
54101_NT_AL_AA.fasta.zip,183,793,780
54102_NT_AL_AA.fasta.zip,174,855,555.0
54103_NT_AL_AA.fasta.zip,182,863,832.0
54107_NT_AL_AA.fasta.zip,187,148,147
54108_NT_AL_AA.fasta.zip,182,140,129.0
54112_NT_AL_AA.fasta.zip,175,401,384
5411_NT_AL_AA.fasta.zip,185,853,720
5412_NT_AL_AA.fasta.zip,156,117,117.0
5413_NT_AL_AA.fasta.zip,180,390,378.0
541468_NT_AL_AA.fasta.zip,185,248,239
54148_NT_AL_AA.fasta.zip,186,325,316.0
54149_NT_AL_AA.fasta.zip,186,307,297.0
5414_NT_AL_AA.fasta.zip,156,461,457.0
541565_NT_AL_AA.fasta.zip,176,393,347.0
54165_NT_AL_AA.fasta.zip,187,259,258
54187_NT_AL_AA.fasta.zip,190,359,359.0
54205_NT_AL_AA.fasta.zip,180,105,105.0
54206_NT_AL_AA.fasta.zip,180,481,459.0
54207_NT_AL_AA.fasta.zip,186,549,538.0
54209_NT_AL_AA.fasta.zip,176,236,223.0
5420_NT_AL_AA.fasta.zip,178,342,270.5
54210_NT_AL_AA.fasta.zip,137,248,212
54212_NT_AL_AA.fasta.zip,167,527,517
54221_NT_AL_AA.fasta.zip,126,517,515.0
5422_NT_AL_AA.fasta.zip,177,1490,1459
5423_NT_AL_AA.fasta.zip,187,335,334
5424_NT_AL_AA.fasta.zip,164,1139,1100.0
5425_NT_AL_AA.fasta.zip,188,476,469.0
5426_NT_AL_AA.fasta.zip,186,2312,2273.0
5427_NT_AL_AA.fasta.zip,186,532,527.0
5428_NT_AL_AA.fasta.zip,182,1260,1197.0
5429_NT_AL_AA.fasta.zip,188,801,710.0
5430_NT_AL_AA.fasta.zip,186,2041,1970.0
5431_NT_AL_AA.fasta.zip,186,1178,1174.0
54328_NT_AL_AA.fasta.zip,182,375,373.0
54329_NT_AL_AA.fasta.zip,186,371,370.0
5432_NT_AL_AA.fasta.zip,187,276,275
54331_NT_AL_AA.fasta.zip,157,71,71
54332_NT_AL_AA.fasta.zip,182,360,358.0
5433_NT_AL_AA.fasta.zip,181,142,142
54344_NT_AL_AA.fasta.zip,178,93,92.0
54345_NT_AL_AA.fasta.zip,156,432,372.0
5434_NT_AL_AA.fasta.zip,183,215,209
5435_NT_AL_AA.fasta.zip,184,133,127.0
54360_NT_AL_AA.fasta.zip,185,146,134
54361_NT_AL_AA.fasta.zip,187,326,325
54363_NT_AL_AA.fasta.zip,188,370,370.0
5436_NT_AL_AA.fasta.zip,186,170,168.0
5437_NT_AL_AA.fasta.zip,188,154,150.0
54386_NT_AL_AA.fasta.zip,190,414,394.0
5438_NT_AL_AA.fasta.zip,182,128,125.0
5439_NT_AL_AA.fasta.zip,172,122,117.0
54407_NT_AL_AA.fasta.zip,188,517,506.0
5440_NT_AL_AA.fasta.zip,172,58,58.0
54413_NT_AL_AA.fasta.zip,177,850,848
54414_NT_AL_AA.fasta.zip,188,527,507.0
5441_NT_AL_AA.fasta.zip,159,67,67
5442_NT_AL_AA.fasta.zip,179,1313,1166
54431_NT_AL_AA.fasta.zip,188,800,793.0
54432_NT_AL_AA.fasta.zip,187,310,301
54433_NT_AL_AA.fasta.zip,183,312,211
54434_NT_AL_AA.fasta.zip,185,1092,1001
54436_NT_AL_AA.fasta.zip,178,1410,1281.0
54437_NT_AL_AA.fasta.zip,185,1139,1090
54438_NT_AL_AA.fasta.zip,186,391,390.0
54439_NT_AL_AA.fasta.zip,186,1090,1058.0
5443_NT_AL_AA.fasta.zip,182,435,235.0
54440_NT_AL_AA.fasta.zip,188,394,376.0
54442_NT_AL_AA.fasta.zip,173,243,234
54443_NT_AL_AA.fasta.zip,189,1189,1119
5444_NT_AL_AA.fasta.zip,165,356,355
54453_NT_AL_AA.fasta.zip,187,918,882
54454_NT_AL_AA.fasta.zip,179,1492,1449
54455_NT_AL_AA.fasta.zip,185,729,717
54456_NT_AL_AA.fasta.zip,177,1209,1137
54457_NT_AL_AA.fasta.zip,174,479,362.0
54458_NT_AL_AA.fasta.zip,182,186,139.0
5445_NT_AL_AA.fasta.zip,155,354,354
54460_NT_AL_AA.fasta.zip,176,87,87.0
54461_NT_AL_AA.fasta.zip,179,594,554
54462_NT_AL_AA.fasta.zip,185,1081,1045
54463_NT_AL_AA.fasta.zip,184,528,476.0
54464_NT_AL_AA.fasta.zip,185,1775,1717
54465_NT_AL_AA.fasta.zip,186,982,888.0
54467_NT_AL_AA.fasta.zip,188,1109,1090.0
54468_NT_AL_AA.fasta.zip,180,878,875.0
54469_NT_AL_AA.fasta.zip,162,212,208.0
54471_NT_AL_AA.fasta.zip,172,465,463.0
54472_NT_AL_AA.fasta.zip,183,279,274
54474_NT_AL_AA.fasta.zip,163,488,420
54475_NT_AL_AA.fasta.zip,184,484,479.0
54476_NT_AL_AA.fasta.zip,185,948,923
54477_NT_AL_AA.fasta.zip,178,1325,1269.0
54478_NT_AL_AA.fasta.zip,187,239,225
5447_NT_AL_AA.fasta.zip,189,683,678
54480_NT_AL_AA.fasta.zip,183,784,772
54482_NT_AL_AA.fasta.zip,176,496,478.0
54487_NT_AL_AA.fasta.zip,177,776,771
54491_NT_AL_AA.fasta.zip,180,338,337.0
54492_NT_AL_AA.fasta.zip,184,580,552.0
54494_NT_AL_AA.fasta.zip,169,137,120
54495_NT_AL_AA.fasta.zip,186,452,442.0
54496_NT_AL_AA.fasta.zip,190,707,689.0
54497_NT_AL_AA.fasta.zip,185,2073,2070
54498_NT_AL_AA.fasta.zip,189,587,585
54499_NT_AL_AA.fasta.zip,177,193,188
5449_NT_AL_AA.fasta.zip,190,323,317.0
54502_NT_AL_AA.fasta.zip,187,627,586
54503_NT_AL_AA.fasta.zip,188,625,620.0
54504_NT_AL_AA.fasta.zip,183,481,469
54505_NT_AL_AA.fasta.zip,178,1400,1366.0
54507_NT_AL_AA.fasta.zip,187,1115,1049
54509_NT_AL_AA.fasta.zip,183,220,211
5450_NT_AL_AA.fasta.zip,187,265,253
54510_NT_AL_AA.fasta.zip,175,1148,1135
54511_NT_AL_AA.fasta.zip,183,342,340
54512_NT_AL_AA.fasta.zip,184,247,245.0
54514_NT_AL_AA.fasta.zip,172,755,726.0
54516_NT_AL_AA.fasta.zip,187,384,380
54517_NT_AL_AA.fasta.zip,186,685,659.0
54518_NT_AL_AA.fasta.zip,172,760,643.0
5451_NT_AL_AA.fasta.zip,183,787,747
54520_NT_AL_AA.fasta.zip,184,640,631.0
54521_NT_AL_AA.fasta.zip,177,935,912
54522_NT_AL_AA.fasta.zip,181,356,345
54529_NT_AL_AA.fasta.zip,181,652,635
5452_NT_AL_AA.fasta.zip,185,723,600
54531_NT_AL_AA.fasta.zip,180,598,539.0
54532_NT_AL_AA.fasta.zip,169,1128,1078
54534_NT_AL_AA.fasta.zip,184,168,159.0
54535_NT_AL_AA.fasta.zip,185,813,768
54536_NT_AL_AA.fasta.zip,187,920,780
54537_NT_AL_AA.fasta.zip,183,933,886
54538_NT_AL_AA.fasta.zip,186,1036,994.0
54539_NT_AL_AA.fasta.zip,183,152,150
5453_NT_AL_AA.fasta.zip,164,485,451.0
54540_NT_AL_AA.fasta.zip,153,957,892
54541_NT_AL_AA.fasta.zip,190,242,230.0
54542_NT_AL_AA.fasta.zip,186,1208,1188.0
54543_NT_AL_AA.fasta.zip,163,57,55
54545_NT_AL_AA.fasta.zip,189,760,743
54546_NT_AL_AA.fasta.zip,187,241,220
54549_NT_AL_AA.fasta.zip,177,2157,2149
5454_NT_AL_AA.fasta.zip,175,455,443
54550_NT_AL_AA.fasta.zip,176,322,310.5
54551_NT_AL_AA.fasta.zip,169,1613,1163
54552_NT_AL_AA.fasta.zip,176,656,572.0
54554_NT_AL_AA.fasta.zip,175,331,329
54555_NT_AL_AA.fasta.zip,186,482,464.0
54556_NT_AL_AA.fasta.zip,188,423,418.0
54557_NT_AL_AA.fasta.zip,186,308,304.0
54558_NT_AL_AA.fasta.zip,182,506,487.0
5455_NT_AL_AA.fasta.zip,131,539,493
54566_NT_AL_AA.fasta.zip,169,957,882
54567_NT_AL_AA.fasta.zip,189,700,684
5456_NT_AL_AA.fasta.zip,176,363,361.0
5457_NT_AL_AA.fasta.zip,173,456,408
54583_NT_AL_AA.fasta.zip,168,474,406.5
54584_NT_AL_AA.fasta.zip,183,332,324
54585_NT_AL_AA.fasta.zip,187,303,299
54586_NT_AL_AA.fasta.zip,150,240,195.0
54587_NT_AL_AA.fasta.zip,176,460,421.0
5458_NT_AL_AA.fasta.zip,187,436,408
54596_NT_AL_AA.fasta.zip,92,1052,810.5
5459_NT_AL_AA.fasta.zip,182,345,338.0
545_NT_AL_AA.fasta.zip,188,2663,2642.0
54602_NT_AL_AA.fasta.zip,183,364,332
54606_NT_AL_AA.fasta.zip,185,558,546
5460_NT_AL_AA.fasta.zip,185,376,357
54617_NT_AL_AA.fasta.zip,187,1580,1559
54619_NT_AL_AA.fasta.zip,184,393,382.0
54620_NT_AL_AA.fasta.zip,186,675,674.0
54621_NT_AL_AA.fasta.zip,183,572,526
54622_NT_AL_AA.fasta.zip,171,206,203
54623_NT_AL_AA.fasta.zip,188,563,528.0
54625_NT_AL_AA.fasta.zip,156,1836,1777.5
54626_NT_AL_AA.fasta.zip,166,187,164.0
54627_NT_AL_AA.fasta.zip,179,974,877
54629_NT_AL_AA.fasta.zip,180,673,612.0
5463_NT_AL_AA.fasta.zip,189,640,610
5464_NT_AL_AA.fasta.zip,186,291,289.0
5465_NT_AL_AA.fasta.zip,168,471,468.0
54662_NT_AL_AA.fasta.zip,188,397,396.0
54663_NT_AL_AA.fasta.zip,188,397,385.0
54664_NT_AL_AA.fasta.zip,184,275,275.0
54665_NT_AL_AA.fasta.zip,184,826,802.0
54674_NT_AL_AA.fasta.zip,172,712,707.0
54675_NT_AL_AA.fasta.zip,187,314,302
54676_NT_AL_AA.fasta.zip,184,603,602.0
54677_NT_AL_AA.fasta.zip,187,613,609
5467_NT_AL_AA.fasta.zip,190,451,441.0
54680_NT_AL_AA.fasta.zip,187,703,433
54681_NT_AL_AA.fasta.zip,177,490,482
54682_NT_AL_AA.fasta.zip,183,469,406
5468_NT_AL_AA.fasta.zip,174,481,478.0
5469_NT_AL_AA.fasta.zip,185,1601,1580
546_NT_AL_AA.fasta.zip,176,2540,2468.5
54700_NT_AL_AA.fasta.zip,186,670,650.0
54704_NT_AL_AA.fasta.zip,186,565,562.0
54707_NT_AL_AA.fasta.zip,186,311,310.0
54708_NT_AL_AA.fasta.zip,189,282,278
5470_NT_AL_AA.fasta.zip,176,1046,730.0
54714_NT_AL_AA.fasta.zip,179,840,756
54715_NT_AL_AA.fasta.zip,177,420,414
54716_NT_AL_AA.fasta.zip,164,595,592.0
5471_NT_AL_AA.fasta.zip,183,566,517
54726_NT_AL_AA.fasta.zip,186,1165,1107.0
54729_NT_AL_AA.fasta.zip,136,503,429.0
54732_NT_AL_AA.fasta.zip,140,239,235.0
54733_NT_AL_AA.fasta.zip,180,382,372.0
54734_NT_AL_AA.fasta.zip,174,217,217.0
54737_NT_AL_AA.fasta.zip,182,895,840.0
54738_NT_AL_AA.fasta.zip,181,265,237
54739_NT_AL_AA.fasta.zip,153,303,268
54741_NT_AL_AA.fasta.zip,180,129,128.0
54742_NT_AL_AA.fasta.zip,11,165,165
54749_NT_AL_AA.fasta.zip,181,231,212
54751_NT_AL_AA.fasta.zip,182,402,365.0
54752_NT_AL_AA.fasta.zip,186,333,319.0
54753_NT_AL_AA.fasta.zip,162,1762,568.5
54756_NT_AL_AA.fasta.zip,186,748,726.0
54757_NT_AL_AA.fasta.zip,184,558,531.0
54758_NT_AL_AA.fasta.zip,183,548,510
5475_NT_AL_AA.fasta.zip,178,646,620.0
54760_NT_AL_AA.fasta.zip,175,698,646
54762_NT_AL_AA.fasta.zip,184,675,651.0
54764_NT_AL_AA.fasta.zip,173,729,720
54765_NT_AL_AA.fasta.zip,179,360,334
54766_NT_AL_AA.fasta.zip,188,230,221.0
54768_NT_AL_AA.fasta.zip,176,5214,5091.0
54769_NT_AL_AA.fasta.zip,174,200,199.0
5476_NT_AL_AA.fasta.zip,189,487,475
54776_NT_AL_AA.fasta.zip,173,799,719
54777_NT_AL_AA.fasta.zip,173,2783,2450
54778_NT_AL_AA.fasta.zip,184,1044,999.0
54780_NT_AL_AA.fasta.zip,184,402,382.0
54784_NT_AL_AA.fasta.zip,190,304,295.0
54785_NT_AL_AA.fasta.zip,188,396,351.0
54788_NT_AL_AA.fasta.zip,187,379,372
5478_NT_AL_AA.fasta.zip,173,165,164
54790_NT_AL_AA.fasta.zip,179,2198,1988
54793_NT_AL_AA.fasta.zip,187,395,389
54795_NT_AL_AA.fasta.zip,174,1234,1182.5
54796_NT_AL_AA.fasta.zip,182,1116,1084.0
54797_NT_AL_AA.fasta.zip,165,208,208
54798_NT_AL_AA.fasta.zip,172,3412,3327.0
54799_NT_AL_AA.fasta.zip,187,696,657
5479_NT_AL_AA.fasta.zip,187,217,216
547_NT_AL_AA.fasta.zip,184,2033,1783.0
54800_NT_AL_AA.fasta.zip,188,601,600.0
54801_NT_AL_AA.fasta.zip,162,978,942.0
54802_NT_AL_AA.fasta.zip,190,470,467.0
54805_NT_AL_AA.fasta.zip,183,887,875
54806_NT_AL_AA.fasta.zip,185,1225,1153
54808_NT_AL_AA.fasta.zip,185,745,682
5480_NT_AL_AA.fasta.zip,183,215,212
54810_NT_AL_AA.fasta.zip,181,329,309
54812_NT_AL_AA.fasta.zip,189,969,932
54813_NT_AL_AA.fasta.zip,186,575,571.0
54814_NT_AL_AA.fasta.zip,186,392,383.0
54815_NT_AL_AA.fasta.zip,184,654,630.0
54816_NT_AL_AA.fasta.zip,186,1002,964.0
54819_NT_AL_AA.fasta.zip,180,190,170.0
5481_NT_AL_AA.fasta.zip,175,374,370
54820_NT_AL_AA.fasta.zip,117,354,344
54821_NT_AL_AA.fasta.zip,179,1499,1231
54822_NT_AL_AA.fasta.zip,188,1889,1863.0
54823_NT_AL_AA.fasta.zip,186,933,896.0
54825_NT_AL_AA.fasta.zip,188,1407,1288.0
54826_NT_AL_AA.fasta.zip,189,536,522
54828_NT_AL_AA.fasta.zip,183,955,945
54829_NT_AL_AA.fasta.zip,185,384,372
54830_NT_AL_AA.fasta.zip,159,253,231
54831_NT_AL_AA.fasta.zip,189,531,506
54832_NT_AL_AA.fasta.zip,178,3829,3700.0
54834_NT_AL_AA.fasta.zip,188,499,495.0
54836_NT_AL_AA.fasta.zip,180,383,382.0
54838_NT_AL_AA.fasta.zip,187,390,359
54839_NT_AL_AA.fasta.zip,179,768,751
54840_NT_AL_AA.fasta.zip,151,355,342
54841_NT_AL_AA.fasta.zip,133,511,503
54842_NT_AL_AA.fasta.zip,181,831,791
54843_NT_AL_AA.fasta.zip,184,2321,2097.5
54845_NT_AL_AA.fasta.zip,187,684,680
54847_NT_AL_AA.fasta.zip,183,842,816
54848_NT_AL_AA.fasta.zip,182,829,777.0
54849_NT_AL_AA.fasta.zip,188,462,451.0
54850_NT_AL_AA.fasta.zip,181,327,326
54851_NT_AL_AA.fasta.zip,180,242,239.0
54852_NT_AL_AA.fasta.zip,184,328,326.0
54853_NT_AL_AA.fasta.zip,187,392,381
54854_NT_AL_AA.fasta.zip,185,520,474
54855_NT_AL_AA.fasta.zip,160,397,391.0
54857_NT_AL_AA.fasta.zip,184,540,530.0
54858_NT_AL_AA.fasta.zip,184,216,205.0
548593_NT_AL_AA.fasta.zip,183,293,269
54859_NT_AL_AA.fasta.zip,186,272,266.0
54861_NT_AL_AA.fasta.zip,181,809,756
54862_NT_AL_AA.fasta.zip,188,1011,944.5
54863_NT_AL_AA.fasta.zip,165,439,406
548645_NT_AL_AA.fasta.zip,106,341,337.0
54865_NT_AL_AA.fasta.zip,187,423,331
54866_NT_AL_AA.fasta.zip,188,159,143.0
54867_NT_AL_AA.fasta.zip,186,710,683.0
54868_NT_AL_AA.fasta.zip,189,505,496
54869_NT_AL_AA.fasta.zip,178,773,702.0
54870_NT_AL_AA.fasta.zip,187,806,777
54872_NT_AL_AA.fasta.zip,183,979,933
54873_NT_AL_AA.fasta.zip,179,571,550
54874_NT_AL_AA.fasta.zip,189,607,606
54875_NT_AL_AA.fasta.zip,178,1448,1398.0
54877_NT_AL_AA.fasta.zip,171,1159,1088
54878_NT_AL_AA.fasta.zip,187,891,889
54879_NT_AL_AA.fasta.zip,188,553,544.0
54880_NT_AL_AA.fasta.zip,180,1863,1754.0
54881_NT_AL_AA.fasta.zip,186,937,929.0
54883_NT_AL_AA.fasta.zip,183,440,425
54884_NT_AL_AA.fasta.zip,174,619,607.0
54885_NT_AL_AA.fasta.zip,180,1142,1118.0
54886_NT_AL_AA.fasta.zip,186,326,325.0
54887_NT_AL_AA.fasta.zip,186,1485,1438.0
54888_NT_AL_AA.fasta.zip,179,744,715
54890_NT_AL_AA.fasta.zip,175,416,394
54891_NT_AL_AA.fasta.zip,183,1040,1025
54892_NT_AL_AA.fasta.zip,188,1158,1131.5
54893_NT_AL_AA.fasta.zip,181,786,763
54894_NT_AL_AA.fasta.zip,189,822,776
54896_NT_AL_AA.fasta.zip,187,305,288
54897_NT_AL_AA.fasta.zip,180,1838,1694.5
54898_NT_AL_AA.fasta.zip,184,300,295.0
54899_NT_AL_AA.fasta.zip,190,590,565.0
54900_NT_AL_AA.fasta.zip,185,397,359
54901_NT_AL_AA.fasta.zip,181,584,571
54902_NT_AL_AA.fasta.zip,187,401,351
54903_NT_AL_AA.fasta.zip,189,578,557
54904_NT_AL_AA.fasta.zip,188,1457,1438.0
54905_NT_AL_AA.fasta.zip,174,496,478.0
54906_NT_AL_AA.fasta.zip,185,2719,2374
54908_NT_AL_AA.fasta.zip,184,577,559.0
54910_NT_AL_AA.fasta.zip,187,847,833
54913_NT_AL_AA.fasta.zip,140,207,198.0
54914_NT_AL_AA.fasta.zip,183,1817,1799
54916_NT_AL_AA.fasta.zip,187,720,707
54918_NT_AL_AA.fasta.zip,187,189,183
54919_NT_AL_AA.fasta.zip,176,869,842.0
54920_NT_AL_AA.fasta.zip,187,498,489
54922_NT_AL_AA.fasta.zip,178,994,959.0
54923_NT_AL_AA.fasta.zip,164,289,252.0
54926_NT_AL_AA.fasta.zip,185,241,238
54927_NT_AL_AA.fasta.zip,138,234,222.0
54928_NT_AL_AA.fasta.zip,179,410,357
54929_NT_AL_AA.fasta.zip,185,496,478
54931_NT_AL_AA.fasta.zip,188,465,407.0
54933_NT_AL_AA.fasta.zip,188,311,302.0
54934_NT_AL_AA.fasta.zip,187,495,491
54935_NT_AL_AA.fasta.zip,184,152,150.0
54936_NT_AL_AA.fasta.zip,185,369,363
54938_NT_AL_AA.fasta.zip,188,530,516.0
54939_NT_AL_AA.fasta.zip,176,205,199.0
5493_NT_AL_AA.fasta.zip,187,1773,1752
54940_NT_AL_AA.fasta.zip,188,253,247.0
54941_NT_AL_AA.fasta.zip,186,236,232.0
54942_NT_AL_AA.fasta.zip,184,183,175.0
54943_NT_AL_AA.fasta.zip,188,399,385.0
54946_NT_AL_AA.fasta.zip,168,506,456.0
54947_NT_AL_AA.fasta.zip,182,550,543.0
54948_NT_AL_AA.fasta.zip,186,254,251.0
54949_NT_AL_AA.fasta.zip,187,171,165
5494_NT_AL_AA.fasta.zip,186,382,382.0
54951_NT_AL_AA.fasta.zip,188,185,178.0
54952_NT_AL_AA.fasta.zip,88,291,287.0
54953_NT_AL_AA.fasta.zip,180,462,452.0
54954_NT_AL_AA.fasta.zip,162,1144,1090.0
54955_NT_AL_AA.fasta.zip,188,205,202.0
54956_NT_AL_AA.fasta.zip,182,323,318.0
54957_NT_AL_AA.fasta.zip,189,145,145
54958_NT_AL_AA.fasta.zip,179,207,188
54959_NT_AL_AA.fasta.zip,160,313,274.0
5495_NT_AL_AA.fasta.zip,185,481,479
54961_NT_AL_AA.fasta.zip,186,716,645.0
54962_NT_AL_AA.fasta.zip,186,319,283.5
54963_NT_AL_AA.fasta.zip,178,523,505.0
54964_NT_AL_AA.fasta.zip,170,387,273.0
54965_NT_AL_AA.fasta.zip,157,251,242
54968_NT_AL_AA.fasta.zip,184,273,253.0
54969_NT_AL_AA.fasta.zip,185,348,342
5496_NT_AL_AA.fasta.zip,188,568,543.0
54970_NT_AL_AA.fasta.zip,188,705,691.0
54971_NT_AL_AA.fasta.zip,188,525,504.0
54972_NT_AL_AA.fasta.zip,180,1071,1014.0
54973_NT_AL_AA.fasta.zip,187,608,594
54974_NT_AL_AA.fasta.zip,190,299,298.0
54976_NT_AL_AA.fasta.zip,187,183,172
54977_NT_AL_AA.fasta.zip,184,308,304.0
54978_NT_AL_AA.fasta.zip,189,378,371
54980_NT_AL_AA.fasta.zip,188,577,574.0
54981_NT_AL_AA.fasta.zip,188,196,192.0
54982_NT_AL_AA.fasta.zip,182,309,304.0
54984_NT_AL_AA.fasta.zip,186,354,304.0
54985_NT_AL_AA.fasta.zip,180,140,137.0
54986_NT_AL_AA.fasta.zip,178,1295,1262.5
54987_NT_AL_AA.fasta.zip,190,162,157.0
54988_NT_AL_AA.fasta.zip,131,587,577
54989_NT_AL_AA.fasta.zip,187,711,689
5498_NT_AL_AA.fasta.zip,188,489,477.0
54991_NT_AL_AA.fasta.zip,174,198,177.0
54993_NT_AL_AA.fasta.zip,137,650,600
54994_NT_AL_AA.fasta.zip,178,230,228.0
54995_NT_AL_AA.fasta.zip,176,463,460.0
54996_NT_AL_AA.fasta.zip,145,346,333
54997_NT_AL_AA.fasta.zip,183,225,214
54998_NT_AL_AA.fasta.zip,185,208,199
5499_NT_AL_AA.fasta.zip,183,334,330
549_NT_AL_AA.fasta.zip,178,341,326.0
54_NT_AL_AA.fasta.zip,187,328,324
55001_NT_AL_AA.fasta.zip,187,584,567
55002_NT_AL_AA.fasta.zip,147,682,677
55003_NT_AL_AA.fasta.zip,186,417,384.0
55004_NT_AL_AA.fasta.zip,189,161,161
55005_NT_AL_AA.fasta.zip,188,459,447.0
55007_NT_AL_AA.fasta.zip,187,361,351
55008_NT_AL_AA.fasta.zip,136,1049,969.0
55009_NT_AL_AA.fasta.zip,163,169,127
5500_NT_AL_AA.fasta.zip,187,328,327
55010_NT_AL_AA.fasta.zip,188,596,579.0
55011_NT_AL_AA.fasta.zip,187,299,284
55013_NT_AL_AA.fasta.zip,181,304,302
55014_NT_AL_AA.fasta.zip,189,314,301
55015_NT_AL_AA.fasta.zip,188,682,667.0
55016_NT_AL_AA.fasta.zip,182,504,434.5
55017_NT_AL_AA.fasta.zip,185,147,142
55018_NT_AL_AA.fasta.zip,100,103,101.0
5501_NT_AL_AA.fasta.zip,185,338,337
55020_NT_AL_AA.fasta.zip,173,512,469
55022_NT_AL_AA.fasta.zip,185,218,216
55023_NT_AL_AA.fasta.zip,188,1853,1819.0
55024_NT_AL_AA.fasta.zip,179,773,739
55026_NT_AL_AA.fasta.zip,182,354,349.0
55027_NT_AL_AA.fasta.zip,182,699,678.0
55028_NT_AL_AA.fasta.zip,170,597,552.0
5502_NT_AL_AA.fasta.zip,186,182,171.0
55030_NT_AL_AA.fasta.zip,189,762,709
55031_NT_AL_AA.fasta.zip,187,1384,1375
55032_NT_AL_AA.fasta.zip,189,431,424
55033_NT_AL_AA.fasta.zip,187,213,211
55034_NT_AL_AA.fasta.zip,182,891,846.0
55035_NT_AL_AA.fasta.zip,184,1233,1113.0
55036_NT_AL_AA.fasta.zip,184,1243,1012.0
55037_NT_AL_AA.fasta.zip,188,719,676.0
55038_NT_AL_AA.fasta.zip,180,249,229.0
55039_NT_AL_AA.fasta.zip,183,445,439
55040_NT_AL_AA.fasta.zip,184,692,631.0
55041_NT_AL_AA.fasta.zip,143,225,222
55048_NT_AL_AA.fasta.zip,186,382,353.0
55049_NT_AL_AA.fasta.zip,177,163,155
5504_NT_AL_AA.fasta.zip,186,221,205.0
55051_NT_AL_AA.fasta.zip,188,1177,1137.5
55052_NT_AL_AA.fasta.zip,180,151,149.0
55054_NT_AL_AA.fasta.zip,189,627,623
55055_NT_AL_AA.fasta.zip,187,609,589
55057_NT_AL_AA.fasta.zip,181,2054,1510
55061_NT_AL_AA.fasta.zip,179,512,483
55062_NT_AL_AA.fasta.zip,187,451,443
550631_NT_AL_AA.fasta.zip,182,754,706.0
55063_NT_AL_AA.fasta.zip,182,750,614.0
55064_NT_AL_AA.fasta.zip,186,417,398.0
55066_NT_AL_AA.fasta.zip,174,896,878.0
55068_NT_AL_AA.fasta.zip,180,653,642.0
55069_NT_AL_AA.fasta.zip,183,312,312
5506_NT_AL_AA.fasta.zip,185,1168,1113
55070_NT_AL_AA.fasta.zip,158,553,550.0
55071_NT_AL_AA.fasta.zip,165,224,193
55072_NT_AL_AA.fasta.zip,187,1090,1068
55074_NT_AL_AA.fasta.zip,182,882,860.0
55075_NT_AL_AA.fasta.zip,187,1435,1412
55076_NT_AL_AA.fasta.zip,153,248,246
55079_NT_AL_AA.fasta.zip,185,507,458
5507_NT_AL_AA.fasta.zip,189,318,317
55080_NT_AL_AA.fasta.zip,185,438,414
55081_NT_AL_AA.fasta.zip,190,435,429.0
55082_NT_AL_AA.fasta.zip,180,277,273.0
55083_NT_AL_AA.fasta.zip,172,2266,2086.5
55084_NT_AL_AA.fasta.zip,184,940,863.0
55086_NT_AL_AA.fasta.zip,162,890,843.0
55088_NT_AL_AA.fasta.zip,190,938,898.0
55089_NT_AL_AA.fasta.zip,186,797,547.0
55090_NT_AL_AA.fasta.zip,185,152,146
55092_NT_AL_AA.fasta.zip,187,265,249
55093_NT_AL_AA.fasta.zip,188,209,203.0
55094_NT_AL_AA.fasta.zip,185,962,928
55095_NT_AL_AA.fasta.zip,188,707,690.0
5509_NT_AL_AA.fasta.zip,163,315,298
550_NT_AL_AA.fasta.zip,184,424,407.0
55100_NT_AL_AA.fasta.zip,178,678,652.0
55101_NT_AL_AA.fasta.zip,185,258,250
55102_NT_AL_AA.fasta.zip,187,2100,2074
55103_NT_AL_AA.fasta.zip,181,590,583
55105_NT_AL_AA.fasta.zip,171,548,527
55107_NT_AL_AA.fasta.zip,186,1001,967.0
55108_NT_AL_AA.fasta.zip,189,430,418
55109_NT_AL_AA.fasta.zip,181,746,709
5510_NT_AL_AA.fasta.zip,185,369,357
55110_NT_AL_AA.fasta.zip,137,148,148
55111_NT_AL_AA.fasta.zip,180,154,142.0
55112_NT_AL_AA.fasta.zip,185,1188,1002
55113_NT_AL_AA.fasta.zip,147,430,399
55114_NT_AL_AA.fasta.zip,180,927,866.5
55116_NT_AL_AA.fasta.zip,189,496,492
55117_NT_AL_AA.fasta.zip,188,739,729.0
55118_NT_AL_AA.fasta.zip,185,624,608
55119_NT_AL_AA.fasta.zip,189,568,545
5511_NT_AL_AA.fasta.zip,189,369,351
55120_NT_AL_AA.fasta.zip,185,380,371
55122_NT_AL_AA.fasta.zip,185,207,203
55124_NT_AL_AA.fasta.zip,186,991,970.0
55125_NT_AL_AA.fasta.zip,177,2646,2443
55127_NT_AL_AA.fasta.zip,183,2171,2142
55128_NT_AL_AA.fasta.zip,150,486,485.0
55131_NT_AL_AA.fasta.zip,186,852,746.0
55132_NT_AL_AA.fasta.zip,171,926,891
55133_NT_AL_AA.fasta.zip,184,1017,989.5
55135_NT_AL_AA.fasta.zip,188,565,532.0
55137_NT_AL_AA.fasta.zip,177,754,751
55139_NT_AL_AA.fasta.zip,190,759,711.5
55140_NT_AL_AA.fasta.zip,154,553,547.0
55142_NT_AL_AA.fasta.zip,187,241,232
55143_NT_AL_AA.fasta.zip,190,294,280.0
55144_NT_AL_AA.fasta.zip,185,869,858
55145_NT_AL_AA.fasta.zip,184,213,209.0
55146_NT_AL_AA.fasta.zip,187,350,339
55148_NT_AL_AA.fasta.zip,190,430,424.0
55149_NT_AL_AA.fasta.zip,185,648,581
5514_NT_AL_AA.fasta.zip,178,1039,908.0
55151_NT_AL_AA.fasta.zip,187,296,291
55152_NT_AL_AA.fasta.zip,188,559,532.5
55153_NT_AL_AA.fasta.zip,187,701,687
55154_NT_AL_AA.fasta.zip,172,590,559.0
55156_NT_AL_AA.fasta.zip,187,284,282
55157_NT_AL_AA.fasta.zip,187,647,643
55159_NT_AL_AA.fasta.zip,187,1163,759
5515_NT_AL_AA.fasta.zip,183,309,309
55160_NT_AL_AA.fasta.zip,183,1342,1272
55161_NT_AL_AA.fasta.zip,187,251,247
55163_NT_AL_AA.fasta.zip,189,276,261
55164_NT_AL_AA.fasta.zip,187,746,542
55165_NT_AL_AA.fasta.zip,187,471,463
55166_NT_AL_AA.fasta.zip,188,281,265.5
55167_NT_AL_AA.fasta.zip,188,581,577.0
55168_NT_AL_AA.fasta.zip,183,220,194
5516_NT_AL_AA.fasta.zip,186,312,309.0
55170_NT_AL_AA.fasta.zip,180,386,372.0
55172_NT_AL_AA.fasta.zip,188,931,779.0
55173_NT_AL_AA.fasta.zip,189,206,200
55174_NT_AL_AA.fasta.zip,184,741,736.0
55175_NT_AL_AA.fasta.zip,177,711,708
55176_NT_AL_AA.fasta.zip,188,474,474.0
55177_NT_AL_AA.fasta.zip,186,492,471.0
55178_NT_AL_AA.fasta.zip,182,444,409.0
55180_NT_AL_AA.fasta.zip,186,774,743.0
55181_NT_AL_AA.fasta.zip,189,1009,988
55182_NT_AL_AA.fasta.zip,180,592,587.0
55183_NT_AL_AA.fasta.zip,187,2601,2458
55184_NT_AL_AA.fasta.zip,183,857,744
55186_NT_AL_AA.fasta.zip,184,316,311.0
55187_NT_AL_AA.fasta.zip,187,4422,4382
55188_NT_AL_AA.fasta.zip,179,561,560
55190_NT_AL_AA.fasta.zip,61,165,164
55191_NT_AL_AA.fasta.zip,184,710,699.0
55192_NT_AL_AA.fasta.zip,190,318,304.0
55193_NT_AL_AA.fasta.zip,188,1737,1723.0
55194_NT_AL_AA.fasta.zip,182,178,165.0
55195_NT_AL_AA.fasta.zip,188,317,290.0
55196_NT_AL_AA.fasta.zip,171,2174,1703
55197_NT_AL_AA.fasta.zip,172,321,312.0
55198_NT_AL_AA.fasta.zip,186,666,662.0
5519_NT_AL_AA.fasta.zip,183,662,637
551_NT_AL_AA.fasta.zip,146,180,164.0
55200_NT_AL_AA.fasta.zip,188,856,787.0
55201_NT_AL_AA.fasta.zip,177,1137,1026
55203_NT_AL_AA.fasta.zip,183,563,541
55204_NT_AL_AA.fasta.zip,185,291,285
55205_NT_AL_AA.fasta.zip,180,1324,1301.0
55206_NT_AL_AA.fasta.zip,187,1404,1393
55207_NT_AL_AA.fasta.zip,160,189,186.0
55208_NT_AL_AA.fasta.zip,157,248,243
55209_NT_AL_AA.fasta.zip,187,1527,1496
5520_NT_AL_AA.fasta.zip,188,446,444.0
55211_NT_AL_AA.fasta.zip,165,303,246
55212_NT_AL_AA.fasta.zip,185,718,715
55213_NT_AL_AA.fasta.zip,187,533,530
55214_NT_AL_AA.fasta.zip,188,734,697.0
55215_NT_AL_AA.fasta.zip,184,1367,1317.0
55216_NT_AL_AA.fasta.zip,187,303,292
55217_NT_AL_AA.fasta.zip,143,427,421
55218_NT_AL_AA.fasta.zip,187,665,615
55219_NT_AL_AA.fasta.zip,185,665,661
5521_NT_AL_AA.fasta.zip,174,448,443.0
55220_NT_AL_AA.fasta.zip,186,350,350.0
55222_NT_AL_AA.fasta.zip,186,188,184.0
55223_NT_AL_AA.fasta.zip,188,480,475.0
55224_NT_AL_AA.fasta.zip,185,386,383
55225_NT_AL_AA.fasta.zip,178,659,637.5
55226_NT_AL_AA.fasta.zip,188,1035,1026.0
55227_NT_AL_AA.fasta.zip,182,532,524.0
55229_NT_AL_AA.fasta.zip,177,784,773
5522_NT_AL_AA.fasta.zip,181,448,447
55230_NT_AL_AA.fasta.zip,187,1245,1222
55231_NT_AL_AA.fasta.zip,186,881,834.0
55233_NT_AL_AA.fasta.zip,175,218,216
55234_NT_AL_AA.fasta.zip,186,515,513.0
55236_NT_AL_AA.fasta.zip,139,1055,1052
55237_NT_AL_AA.fasta.zip,187,785,699
55238_NT_AL_AA.fasta.zip,184,480,463.0
55239_NT_AL_AA.fasta.zip,189,555,543
5523_NT_AL_AA.fasta.zip,189,1172,1150
55240_NT_AL_AA.fasta.zip,153,488,488
55243_NT_AL_AA.fasta.zip,185,762,756
55245_NT_AL_AA.fasta.zip,189,302,295
55246_NT_AL_AA.fasta.zip,185,210,208
55247_NT_AL_AA.fasta.zip,184,619,597.0
55248_NT_AL_AA.fasta.zip,183,337,333
5524_NT_AL_AA.fasta.zip,189,338,319
55250_NT_AL_AA.fasta.zip,186,840,825.0
55251_NT_AL_AA.fasta.zip,177,369,359
55252_NT_AL_AA.fasta.zip,187,1518,1438
55254_NT_AL_AA.fasta.zip,188,489,488.0
55255_NT_AL_AA.fasta.zip,185,459,456
55256_NT_AL_AA.fasta.zip,176,185,179.0
55257_NT_AL_AA.fasta.zip,181,211,204
55258_NT_AL_AA.fasta.zip,188,478,473.0
55259_NT_AL_AA.fasta.zip,188,726,686.5
5525_NT_AL_AA.fasta.zip,184,498,486.0
55260_NT_AL_AA.fasta.zip,188,458,444.5
55262_NT_AL_AA.fasta.zip,180,589,580.0
55266_NT_AL_AA.fasta.zip,178,337,336.0
55268_NT_AL_AA.fasta.zip,181,305,296
55269_NT_AL_AA.fasta.zip,184,535,521.0
5526_NT_AL_AA.fasta.zip,186,502,496.0
55270_NT_AL_AA.fasta.zip,181,167,163
55272_NT_AL_AA.fasta.zip,183,184,184
55273_NT_AL_AA.fasta.zip,189,134,134
55274_NT_AL_AA.fasta.zip,168,474,469.0
55275_NT_AL_AA.fasta.zip,187,838,832
55276_NT_AL_AA.fasta.zip,187,605,600
55277_NT_AL_AA.fasta.zip,183,569,547
55278_NT_AL_AA.fasta.zip,187,532,525
55279_NT_AL_AA.fasta.zip,186,1162,1126.0
5527_NT_AL_AA.fasta.zip,184,578,565.0
55280_NT_AL_AA.fasta.zip,188,538,538.0
55281_NT_AL_AA.fasta.zip,186,176,173.0
55282_NT_AL_AA.fasta.zip,189,770,746
55283_NT_AL_AA.fasta.zip,186,560,553.0
55284_NT_AL_AA.fasta.zip,179,147,147
55285_NT_AL_AA.fasta.zip,178,438,435.0
55286_NT_AL_AA.fasta.zip,181,352,310
55287_NT_AL_AA.fasta.zip,184,253,211.5
552889_NT_AL_AA.fasta.zip,165,97,97
55288_NT_AL_AA.fasta.zip,188,706,704.0
55289_NT_AL_AA.fasta.zip,163,583,540
5528_NT_AL_AA.fasta.zip,189,627,600
55290_NT_AL_AA.fasta.zip,188,442,419.0
55291_NT_AL_AA.fasta.zip,185,881,862
55293_NT_AL_AA.fasta.zip,187,512,470
55294_NT_AL_AA.fasta.zip,188,736,705.0
55295_NT_AL_AA.fasta.zip,180,604,592.0
55296_NT_AL_AA.fasta.zip,183,535,526
55297_NT_AL_AA.fasta.zip,162,459,440.0
55298_NT_AL_AA.fasta.zip,183,331,327
55299_NT_AL_AA.fasta.zip,188,359,353.0
5529_NT_AL_AA.fasta.zip,187,468,467
552_NT_AL_AA.fasta.zip,182,439,418.0
55300_NT_AL_AA.fasta.zip,179,500,457
55303_NT_AL_AA.fasta.zip,90,310,308.0
55304_NT_AL_AA.fasta.zip,185,563,551
5530_NT_AL_AA.fasta.zip,169,521,521
553115_NT_AL_AA.fasta.zip,189,306,284
55311_NT_AL_AA.fasta.zip,158,363,310.5
55312_NT_AL_AA.fasta.zip,182,154,154.0
55313_NT_AL_AA.fasta.zip,185,320,313
55314_NT_AL_AA.fasta.zip,186,353,348.0
55315_NT_AL_AA.fasta.zip,185,480,473
55316_NT_AL_AA.fasta.zip,178,455,440.0
55317_NT_AL_AA.fasta.zip,184,204,200.0
55319_NT_AL_AA.fasta.zip,189,247,195
5531_NT_AL_AA.fasta.zip,188,308,307.0
55320_NT_AL_AA.fasta.zip,185,1196,1097
55321_NT_AL_AA.fasta.zip,182,245,232.0
55322_NT_AL_AA.fasta.zip,190,464,440.0
55323_NT_AL_AA.fasta.zip,180,506,491.5
55324_NT_AL_AA.fasta.zip,190,713,709.0
55325_NT_AL_AA.fasta.zip,186,468,463.0
55326_NT_AL_AA.fasta.zip,168,367,362.0
55327_NT_AL_AA.fasta.zip,175,197,197
55329_NT_AL_AA.fasta.zip,187,497,495
5532_NT_AL_AA.fasta.zip,189,524,523
55330_NT_AL_AA.fasta.zip,165,214,203
55331_NT_AL_AA.fasta.zip,183,270,267
55332_NT_AL_AA.fasta.zip,180,240,238.0
55333_NT_AL_AA.fasta.zip,164,149,145.0
55334_NT_AL_AA.fasta.zip,188,311,303.0
55336_NT_AL_AA.fasta.zip,184,377,374.0
55337_NT_AL_AA.fasta.zip,180,291,280.0
55339_NT_AL_AA.fasta.zip,185,1396,1336
5533_NT_AL_AA.fasta.zip,189,516,506
55341_NT_AL_AA.fasta.zip,189,683,650
55342_NT_AL_AA.fasta.zip,186,653,648.0
55343_NT_AL_AA.fasta.zip,186,365,362.0
55344_NT_AL_AA.fasta.zip,128,318,304.0
55345_NT_AL_AA.fasta.zip,185,2242,2022
55346_NT_AL_AA.fasta.zip,190,510,503.0
55347_NT_AL_AA.fasta.zip,185,302,297
55349_NT_AL_AA.fasta.zip,187,605,587
5534_NT_AL_AA.fasta.zip,177,171,170
55351_NT_AL_AA.fasta.zip,180,421,414.0
55352_NT_AL_AA.fasta.zip,181,153,148
55353_NT_AL_AA.fasta.zip,182,260,225.0
55355_NT_AL_AA.fasta.zip,173,746,640
55356_NT_AL_AA.fasta.zip,181,555,547
55357_NT_AL_AA.fasta.zip,184,960,922.0
55359_NT_AL_AA.fasta.zip,186,436,424.0
5535_NT_AL_AA.fasta.zip,171,175,170
55361_NT_AL_AA.fasta.zip,184,496,477.0
55362_NT_AL_AA.fasta.zip,185,840,831
55363_NT_AL_AA.fasta.zip,179,1063,456
55364_NT_AL_AA.fasta.zip,179,326,312
55365_NT_AL_AA.fasta.zip,167,240,208
55366_NT_AL_AA.fasta.zip,177,958,944
55367_NT_AL_AA.fasta.zip,182,1020,896.0
5536_NT_AL_AA.fasta.zip,157,501,499
55374_NT_AL_AA.fasta.zip,188,501,492.0
55379_NT_AL_AA.fasta.zip,188,311,306.0
5537_NT_AL_AA.fasta.zip,188,307,305.0
55388_NT_AL_AA.fasta.zip,186,904,868.0
5539_NT_AL_AA.fasta.zip,177,96,95
553_NT_AL_AA.fasta.zip,187,446,419
55421_NT_AL_AA.fasta.zip,188,652,615.0
554235_NT_AL_AA.fasta.zip,178,275,267.0
554251_NT_AL_AA.fasta.zip,182,164,155.0
55425_NT_AL_AA.fasta.zip,189,365,347
55432_NT_AL_AA.fasta.zip,145,357,348
55435_NT_AL_AA.fasta.zip,178,313,302.0
55437_NT_AL_AA.fasta.zip,185,429,418
55450_NT_AL_AA.fasta.zip,149,78,78
55454_NT_AL_AA.fasta.zip,185,544,541
55466_NT_AL_AA.fasta.zip,179,433,425
5546_NT_AL_AA.fasta.zip,188,522,491.0
55471_NT_AL_AA.fasta.zip,186,452,439.0
5547_NT_AL_AA.fasta.zip,174,504,496.0
55486_NT_AL_AA.fasta.zip,178,384,379.0
5549_NT_AL_AA.fasta.zip,189,392,378
554_NT_AL_AA.fasta.zip,176,381,367.5
55500_NT_AL_AA.fasta.zip,180,364,363.0
55501_NT_AL_AA.fasta.zip,186,425,414.0
55502_NT_AL_AA.fasta.zip,177,237,224
55503_NT_AL_AA.fasta.zip,148,744,721.0
55504_NT_AL_AA.fasta.zip,188,400,387.0
55505_NT_AL_AA.fasta.zip,181,63,63
55506_NT_AL_AA.fasta.zip,189,372,372
55507_NT_AL_AA.fasta.zip,183,351,343
55508_NT_AL_AA.fasta.zip,179,314,313
55509_NT_AL_AA.fasta.zip,181,130,118
5550_NT_AL_AA.fasta.zip,184,711,710.0
55510_NT_AL_AA.fasta.zip,188,664,634.0
55512_NT_AL_AA.fasta.zip,189,706,653
55515_NT_AL_AA.fasta.zip,186,542,538.0
5551_NT_AL_AA.fasta.zip,179,569,554
55520_NT_AL_AA.fasta.zip,189,367,363
55521_NT_AL_AA.fasta.zip,165,728,715
55526_NT_AL_AA.fasta.zip,185,931,914
55527_NT_AL_AA.fasta.zip,183,680,650
55529_NT_AL_AA.fasta.zip,180,261,257.0
5552_NT_AL_AA.fasta.zip,185,203,152
55530_NT_AL_AA.fasta.zip,187,552,548
55531_NT_AL_AA.fasta.zip,188,330,329.0
55532_NT_AL_AA.fasta.zip,181,512,450
55534_NT_AL_AA.fasta.zip,180,1252,1108.5
55536_NT_AL_AA.fasta.zip,187,480,443
55540_NT_AL_AA.fasta.zip,153,504,483
55544_NT_AL_AA.fasta.zip,185,256,238
55553_NT_AL_AA.fasta.zip,183,833,828
55558_NT_AL_AA.fasta.zip,174,1887,1871.0
55559_NT_AL_AA.fasta.zip,176,371,341.0
55561_NT_AL_AA.fasta.zip,179,1597,1540
55565_NT_AL_AA.fasta.zip,188,419,411.0
55567_NT_AL_AA.fasta.zip,151,4073,4054
55568_NT_AL_AA.fasta.zip,177,606,602
55571_NT_AL_AA.fasta.zip,188,518,507.0
55572_NT_AL_AA.fasta.zip,189,503,485
55573_NT_AL_AA.fasta.zip,183,318,255
55576_NT_AL_AA.fasta.zip,181,2628,2539
55577_NT_AL_AA.fasta.zip,189,348,344
55578_NT_AL_AA.fasta.zip,185,949,858
5557_NT_AL_AA.fasta.zip,185,430,418
55582_NT_AL_AA.fasta.zip,177,1417,1394
55584_NT_AL_AA.fasta.zip,189,486,479
55585_NT_AL_AA.fasta.zip,176,475,416.0
55586_NT_AL_AA.fasta.zip,180,288,285.0
55588_NT_AL_AA.fasta.zip,185,204,200
55589_NT_AL_AA.fasta.zip,176,1288,1116.5
5558_NT_AL_AA.fasta.zip,181,542,507
55591_NT_AL_AA.fasta.zip,183,831,778
55593_NT_AL_AA.fasta.zip,179,584,567
55596_NT_AL_AA.fasta.zip,187,747,701
55599_NT_AL_AA.fasta.zip,184,526,515.0
55601_NT_AL_AA.fasta.zip,78,1747,1698.0
55602_NT_AL_AA.fasta.zip,183,648,580
55603_NT_AL_AA.fasta.zip,181,474,448
55604_NT_AL_AA.fasta.zip,170,1445,1412.0
55605_NT_AL_AA.fasta.zip,181,1724,1671
55607_NT_AL_AA.fasta.zip,186,1374,1331.5
55608_NT_AL_AA.fasta.zip,180,422,413.0
55609_NT_AL_AA.fasta.zip,168,835,718.5
55610_NT_AL_AA.fasta.zip,179,962,961
55611_NT_AL_AA.fasta.zip,183,272,270
55612_NT_AL_AA.fasta.zip,189,678,677
55614_NT_AL_AA.fasta.zip,176,1754,1252.5
55615_NT_AL_AA.fasta.zip,175,402,381
55616_NT_AL_AA.fasta.zip,188,927,897.0
55617_NT_AL_AA.fasta.zip,182,417,410.0
55619_NT_AL_AA.fasta.zip,185,2199,2154
55620_NT_AL_AA.fasta.zip,185,440,397
55621_NT_AL_AA.fasta.zip,187,763,647
55622_NT_AL_AA.fasta.zip,185,846,843
55623_NT_AL_AA.fasta.zip,184,434,353.0
55624_NT_AL_AA.fasta.zip,188,667,659.0
55625_NT_AL_AA.fasta.zip,190,323,307.0
55626_NT_AL_AA.fasta.zip,186,1338,1297.0
55627_NT_AL_AA.fasta.zip,168,833,825.0
55628_NT_AL_AA.fasta.zip,185,2316,2194
55629_NT_AL_AA.fasta.zip,175,151,139
5562_NT_AL_AA.fasta.zip,186,564,559.0
55630_NT_AL_AA.fasta.zip,181,698,628
55631_NT_AL_AA.fasta.zip,186,616,600.0
55632_NT_AL_AA.fasta.zip,185,715,704
55633_NT_AL_AA.fasta.zip,188,508,504.0
55635_NT_AL_AA.fasta.zip,190,827,811.0
55636_NT_AL_AA.fasta.zip,185,3112,2987
55638_NT_AL_AA.fasta.zip,186,693,654.0
5563_NT_AL_AA.fasta.zip,183,561,552
55640_NT_AL_AA.fasta.zip,137,622,515
55643_NT_AL_AA.fasta.zip,173,400,389
55644_NT_AL_AA.fasta.zip,189,338,335
55646_NT_AL_AA.fasta.zip,190,416,365.0
55647_NT_AL_AA.fasta.zip,180,239,233.0
5564_NT_AL_AA.fasta.zip,188,278,270.0
55650_NT_AL_AA.fasta.zip,190,497,492.0
55651_NT_AL_AA.fasta.zip,189,158,153
55652_NT_AL_AA.fasta.zip,184,146,146.0
55654_NT_AL_AA.fasta.zip,183,238,238
55656_NT_AL_AA.fasta.zip,185,1002,995
55657_NT_AL_AA.fasta.zip,184,548,487.0
55658_NT_AL_AA.fasta.zip,172,335,308.0
5565_NT_AL_AA.fasta.zip,183,289,272
55660_NT_AL_AA.fasta.zip,185,983,972
55661_NT_AL_AA.fasta.zip,189,793,756
55662_NT_AL_AA.fasta.zip,188,350,349.0
55664_NT_AL_AA.fasta.zip,189,344,337
55666_NT_AL_AA.fasta.zip,182,615,607.0
55667_NT_AL_AA.fasta.zip,187,1995,1954
55668_NT_AL_AA.fasta.zip,189,496,479
55669_NT_AL_AA.fasta.zip,186,747,741.0
5566_NT_AL_AA.fasta.zip,183,344,343
55670_NT_AL_AA.fasta.zip,182,315,293.0
55671_NT_AL_AA.fasta.zip,187,838,833
55676_NT_AL_AA.fasta.zip,189,467,460
55677_NT_AL_AA.fasta.zip,188,958,821.0
55679_NT_AL_AA.fasta.zip,183,345,338
5567_NT_AL_AA.fasta.zip,157,399,396
55680_NT_AL_AA.fasta.zip,185,606,606
55681_NT_AL_AA.fasta.zip,187,952,929
55683_NT_AL_AA.fasta.zip,190,909,897.0
55684_NT_AL_AA.fasta.zip,179,785,676
55686_NT_AL_AA.fasta.zip,175,221,214
55687_NT_AL_AA.fasta.zip,166,417,406.0
55689_NT_AL_AA.fasta.zip,186,1483,1404.0
55690_NT_AL_AA.fasta.zip,183,990,957
55691_NT_AL_AA.fasta.zip,184,1150,1019.0
55692_NT_AL_AA.fasta.zip,184,396,371.0
55695_NT_AL_AA.fasta.zip,187,475,453
55696_NT_AL_AA.fasta.zip,186,420,418.0
55697_NT_AL_AA.fasta.zip,186,790,777.0
55699_NT_AL_AA.fasta.zip,185,1078,1012
5569_NT_AL_AA.fasta.zip,152,77,76.0
55700_NT_AL_AA.fasta.zip,177,922,824
55701_NT_AL_AA.fasta.zip,188,1556,1505.0
55702_NT_AL_AA.fasta.zip,182,332,304.0
55703_NT_AL_AA.fasta.zip,186,1134,1133.0
55704_NT_AL_AA.fasta.zip,187,2047,2016
55705_NT_AL_AA.fasta.zip,154,1046,1038.0
55706_NT_AL_AA.fasta.zip,189,685,669
55707_NT_AL_AA.fasta.zip,187,262,249
55709_NT_AL_AA.fasta.zip,181,532,528
5570_NT_AL_AA.fasta.zip,177,82,78
55711_NT_AL_AA.fasta.zip,185,516,515
55714_NT_AL_AA.fasta.zip,167,2724,2703
55715_NT_AL_AA.fasta.zip,185,328,325
55716_NT_AL_AA.fasta.zip,187,496,489
55717_NT_AL_AA.fasta.zip,186,1237,1224.0
55718_NT_AL_AA.fasta.zip,188,731,707.0
55719_NT_AL_AA.fasta.zip,175,1213,1166
5571_NT_AL_AA.fasta.zip,185,334,322
55720_NT_AL_AA.fasta.zip,188,826,803.0
55721_NT_AL_AA.fasta.zip,187,515,421
55722_NT_AL_AA.fasta.zip,180,639,574.0
55723_NT_AL_AA.fasta.zip,187,209,202
55726_NT_AL_AA.fasta.zip,188,705,705.0
55727_NT_AL_AA.fasta.zip,188,1157,1122.0
55728_NT_AL_AA.fasta.zip,183,1837,1755
55729_NT_AL_AA.fasta.zip,186,1453,1237.0
55731_NT_AL_AA.fasta.zip,184,581,562.0
55732_NT_AL_AA.fasta.zip,186,919,904.0
55733_NT_AL_AA.fasta.zip,179,501,492
55734_NT_AL_AA.fasta.zip,155,825,681
55735_NT_AL_AA.fasta.zip,189,561,559
55737_NT_AL_AA.fasta.zip,166,796,796.0
55738_NT_AL_AA.fasta.zip,186,447,417.0
55739_NT_AL_AA.fasta.zip,183,336,328
5573_NT_AL_AA.fasta.zip,179,382,381
55740_NT_AL_AA.fasta.zip,183,954,752
55742_NT_AL_AA.fasta.zip,188,379,371.0
55743_NT_AL_AA.fasta.zip,185,690,646
55745_NT_AL_AA.fasta.zip,190,498,487.0
55746_NT_AL_AA.fasta.zip,185,1162,1156
55748_NT_AL_AA.fasta.zip,187,476,475
55749_NT_AL_AA.fasta.zip,188,1161,1149.0
55750_NT_AL_AA.fasta.zip,179,423,421
55751_NT_AL_AA.fasta.zip,163,443,438
55752_NT_AL_AA.fasta.zip,180,430,425.0
55753_NT_AL_AA.fasta.zip,190,1022,1006.0
55754_NT_AL_AA.fasta.zip,186,369,360.0
55755_NT_AL_AA.fasta.zip,185,2146,1858
55756_NT_AL_AA.fasta.zip,185,663,658
55757_NT_AL_AA.fasta.zip,160,1538,1507.0
55758_NT_AL_AA.fasta.zip,170,578,554.0
55759_NT_AL_AA.fasta.zip,186,425,423.0
5575_NT_AL_AA.fasta.zip,177,385,381
55760_NT_AL_AA.fasta.zip,174,760,743.0
55761_NT_AL_AA.fasta.zip,186,1207,1198.0
55763_NT_AL_AA.fasta.zip,174,926,909.0
55764_NT_AL_AA.fasta.zip,179,1252,1240
55765_NT_AL_AA.fasta.zip,181,653,562
55766_NT_AL_AA.fasta.zip,136,129,129.0
55768_NT_AL_AA.fasta.zip,187,667,653
55770_NT_AL_AA.fasta.zip,186,933,920.0
55771_NT_AL_AA.fasta.zip,188,429,362.0
55773_NT_AL_AA.fasta.zip,188,705,700.0
55775_NT_AL_AA.fasta.zip,186,624,598.0
55776_NT_AL_AA.fasta.zip,185,186,177
55777_NT_AL_AA.fasta.zip,183,1749,1731
55778_NT_AL_AA.fasta.zip,179,1020,790
55779_NT_AL_AA.fasta.zip,182,1883,1827.0
5577_NT_AL_AA.fasta.zip,184,436,417.0
55781_NT_AL_AA.fasta.zip,189,620,551
55783_NT_AL_AA.fasta.zip,185,774,766
55784_NT_AL_AA.fasta.zip,177,883,877
55785_NT_AL_AA.fasta.zip,186,1512,1423.0
55787_NT_AL_AA.fasta.zip,185,503,485
55788_NT_AL_AA.fasta.zip,184,550,540.0
55789_NT_AL_AA.fasta.zip,185,534,529
5578_NT_AL_AA.fasta.zip,182,675,672.0
55790_NT_AL_AA.fasta.zip,180,532,528.0
55791_NT_AL_AA.fasta.zip,187,812,760
55793_NT_AL_AA.fasta.zip,186,528,461.0
55794_NT_AL_AA.fasta.zip,169,553,538
55795_NT_AL_AA.fasta.zip,177,407,398
55796_NT_AL_AA.fasta.zip,183,390,368
55799_NT_AL_AA.fasta.zip,170,1099,1091.0
5579_NT_AL_AA.fasta.zip,176,675,673.0
55800_NT_AL_AA.fasta.zip,188,216,215.0
55802_NT_AL_AA.fasta.zip,189,595,579
55803_NT_AL_AA.fasta.zip,181,385,370
55805_NT_AL_AA.fasta.zip,179,353,348
55806_NT_AL_AA.fasta.zip,189,1252,1180
55809_NT_AL_AA.fasta.zip,189,1382,1201
5580_NT_AL_AA.fasta.zip,189,688,674
55810_NT_AL_AA.fasta.zip,185,637,563
55811_NT_AL_AA.fasta.zip,187,1634,1608
55812_NT_AL_AA.fasta.zip,185,622,585
55813_NT_AL_AA.fasta.zip,186,602,598.0
55814_NT_AL_AA.fasta.zip,182,4366,2413.5
55815_NT_AL_AA.fasta.zip,189,692,676
55816_NT_AL_AA.fasta.zip,186,306,306.0
55818_NT_AL_AA.fasta.zip,187,1373,1322
55819_NT_AL_AA.fasta.zip,155,400,393
5581_NT_AL_AA.fasta.zip,183,756,737
55821_NT_AL_AA.fasta.zip,170,429,411.0
55823_NT_AL_AA.fasta.zip,189,940,940
55824_NT_AL_AA.fasta.zip,185,458,432
55825_NT_AL_AA.fasta.zip,169,307,302
55827_NT_AL_AA.fasta.zip,181,986,933
55829_NT_AL_AA.fasta.zip,186,203,189.0
5582_NT_AL_AA.fasta.zip,181,704,697
55830_NT_AL_AA.fasta.zip,185,369,367
55831_NT_AL_AA.fasta.zip,190,261,261.0
55832_NT_AL_AA.fasta.zip,188,1233,1230.0
55833_NT_AL_AA.fasta.zip,188,1203,1120.5
55835_NT_AL_AA.fasta.zip,182,1426,1334.0
55837_NT_AL_AA.fasta.zip,180,293,285.0
55839_NT_AL_AA.fasta.zip,190,348,339.0
5583_NT_AL_AA.fasta.zip,184,690,682.0
55840_NT_AL_AA.fasta.zip,185,279,261
55843_NT_AL_AA.fasta.zip,181,483,475
55844_NT_AL_AA.fasta.zip,150,444,441.0
55845_NT_AL_AA.fasta.zip,181,75,75
55846_NT_AL_AA.fasta.zip,187,461,442
55847_NT_AL_AA.fasta.zip,180,106,106.0
55848_NT_AL_AA.fasta.zip,175,149,147
5584_NT_AL_AA.fasta.zip,188,600,596.0
55850_NT_AL_AA.fasta.zip,187,266,260
55851_NT_AL_AA.fasta.zip,187,101,101
55852_NT_AL_AA.fasta.zip,188,1158,1126.0
55854_NT_AL_AA.fasta.zip,179,432,426
55856_NT_AL_AA.fasta.zip,171,144,139
55857_NT_AL_AA.fasta.zip,186,750,666.0
55858_NT_AL_AA.fasta.zip,187,331,321
5585_NT_AL_AA.fasta.zip,190,1102,932.0
55860_NT_AL_AA.fasta.zip,187,417,416
55861_NT_AL_AA.fasta.zip,180,167,160.0
55862_NT_AL_AA.fasta.zip,189,301,300
55863_NT_AL_AA.fasta.zip,186,241,227.0
55869_NT_AL_AA.fasta.zip,175,378,368
5586_NT_AL_AA.fasta.zip,186,991,982.0
55870_NT_AL_AA.fasta.zip,178,3017,2962.0
55871_NT_AL_AA.fasta.zip,113,401,393
55872_NT_AL_AA.fasta.zip,189,334,323
55879_NT_AL_AA.fasta.zip,175,672,615
5587_NT_AL_AA.fasta.zip,183,903,860
55884_NT_AL_AA.fasta.zip,183,405,402
55885_NT_AL_AA.fasta.zip,173,146,146
55888_NT_AL_AA.fasta.zip,85,926,740
5588_NT_AL_AA.fasta.zip,185,707,705
55890_NT_AL_AA.fasta.zip,187,468,440
55891_NT_AL_AA.fasta.zip,159,65,61
55892_NT_AL_AA.fasta.zip,190,620,610.0
55893_NT_AL_AA.fasta.zip,188,548,495.0
55897_NT_AL_AA.fasta.zip,137,302,248
55898_NT_AL_AA.fasta.zip,186,933,927.0
5589_NT_AL_AA.fasta.zip,185,559,528
558_NT_AL_AA.fasta.zip,187,914,886
55901_NT_AL_AA.fasta.zip,147,888,845
55902_NT_AL_AA.fasta.zip,189,721,711
55904_NT_AL_AA.fasta.zip,188,1922,1854.0
55905_NT_AL_AA.fasta.zip,186,232,227.0
55906_NT_AL_AA.fasta.zip,177,227,224
55907_NT_AL_AA.fasta.zip,180,437,434.0
55908_NT_AL_AA.fasta.zip,171,200,197
55909_NT_AL_AA.fasta.zip,187,318,252
5590_NT_AL_AA.fasta.zip,181,599,589
55911_NT_AL_AA.fasta.zip,176,2221,996.0
55914_NT_AL_AA.fasta.zip,187,1500,1457
55915_NT_AL_AA.fasta.zip,183,456,450
55916_NT_AL_AA.fasta.zip,175,144,142
55917_NT_AL_AA.fasta.zip,184,649,639.0
5591_NT_AL_AA.fasta.zip,180,4180,4114.5
55920_NT_AL_AA.fasta.zip,180,539,519.0
55922_NT_AL_AA.fasta.zip,182,798,784.0
55924_NT_AL_AA.fasta.zip,182,316,290.0
55929_NT_AL_AA.fasta.zip,190,477,468.0
5592_NT_AL_AA.fasta.zip,179,689,685
55930_NT_AL_AA.fasta.zip,183,1767,1738
55937_NT_AL_AA.fasta.zip,189,208,188
5593_NT_AL_AA.fasta.zip,188,771,762.0
5594_NT_AL_AA.fasta.zip,179,361,358
55954_NT_AL_AA.fasta.zip,187,172,169
55957_NT_AL_AA.fasta.zip,188,257,245.0
55958_NT_AL_AA.fasta.zip,174,618,617.0
55959_NT_AL_AA.fasta.zip,185,895,868
5595_NT_AL_AA.fasta.zip,179,378,378
55964_NT_AL_AA.fasta.zip,175,369,352
55966_NT_AL_AA.fasta.zip,176,437,401.0
55967_NT_AL_AA.fasta.zip,188,146,145.0
55968_NT_AL_AA.fasta.zip,184,379,372.0
55969_NT_AL_AA.fasta.zip,104,116,115.0
5596_NT_AL_AA.fasta.zip,187,611,582
55970_NT_AL_AA.fasta.zip,157,72,72
55971_NT_AL_AA.fasta.zip,186,536,508.0
55972_NT_AL_AA.fasta.zip,177,342,337
55973_NT_AL_AA.fasta.zip,132,241,234.0
55974_NT_AL_AA.fasta.zip,186,225,220.0
55975_NT_AL_AA.fasta.zip,187,587,584
5597_NT_AL_AA.fasta.zip,161,725,722
5598_NT_AL_AA.fasta.zip,188,891,802.0
5599_NT_AL_AA.fasta.zip,184,453,426.0
55_NT_AL_AA.fasta.zip,188,426,417.0
56005_NT_AL_AA.fasta.zip,185,183,172
56006_NT_AL_AA.fasta.zip,187,531,518
5600_NT_AL_AA.fasta.zip,172,336,325.0
5601_NT_AL_AA.fasta.zip,165,457,424
5602_NT_AL_AA.fasta.zip,182,464,464.0
56033_NT_AL_AA.fasta.zip,176,381,254.0
56034_NT_AL_AA.fasta.zip,181,351,345
5603_NT_AL_AA.fasta.zip,186,369,365.0
5604_NT_AL_AA.fasta.zip,183,393,393
56052_NT_AL_AA.fasta.zip,188,489,463.0
5605_NT_AL_AA.fasta.zip,175,403,396
56061_NT_AL_AA.fasta.zip,186,326,309.0
56062_NT_AL_AA.fasta.zip,160,723,716.0
56063_NT_AL_AA.fasta.zip,187,130,127
5606_NT_AL_AA.fasta.zip,181,351,347
5607_NT_AL_AA.fasta.zip,174,461,447.0
5608_NT_AL_AA.fasta.zip,181,338,334
5609_NT_AL_AA.fasta.zip,186,460,432.0
5610_NT_AL_AA.fasta.zip,187,618,492
5611_NT_AL_AA.fasta.zip,185,532,504
5612_NT_AL_AA.fasta.zip,174,780,760.0
56134_NT_AL_AA.fasta.zip,44,1008,1002.5
56135_NT_AL_AA.fasta.zip,80,834,813.0
56137_NT_AL_AA.fasta.zip,8,765,740.5
56138_NT_AL_AA.fasta.zip,6,755,738.5
56139_NT_AL_AA.fasta.zip,4,664,652.0
5613_NT_AL_AA.fasta.zip,123,314,313
56141_NT_AL_AA.fasta.zip,4,596,592.5
56143_NT_AL_AA.fasta.zip,4,674,654.0
56144_NT_AL_AA.fasta.zip,4,655,655.0
56145_NT_AL_AA.fasta.zip,8,770,757.0
56147_NT_AL_AA.fasta.zip,5,750,741
56154_NT_AL_AA.fasta.zip,182,3330,3116.0
56155_NT_AL_AA.fasta.zip,181,1625,1485
56156_NT_AL_AA.fasta.zip,105,336,276
56158_NT_AL_AA.fasta.zip,162,128,123.0
56159_NT_AL_AA.fasta.zip,149,918,881
56160_NT_AL_AA.fasta.zip,139,303,284
56163_NT_AL_AA.fasta.zip,182,1659,1595.5
56164_NT_AL_AA.fasta.zip,173,1007,994
56165_NT_AL_AA.fasta.zip,189,1210,1166
56172_NT_AL_AA.fasta.zip,185,532,492
56180_NT_AL_AA.fasta.zip,183,213,211
56181_NT_AL_AA.fasta.zip,189,293,289
5618_NT_AL_AA.fasta.zip,185,636,619
56203_NT_AL_AA.fasta.zip,181,650,558
56204_NT_AL_AA.fasta.zip,183,1115,1081
5620_NT_AL_AA.fasta.zip,32,109,96.0
5621_NT_AL_AA.fasta.zip,189,325,251
5623_NT_AL_AA.fasta.zip,187,162,144
56241_NT_AL_AA.fasta.zip,177,843,814
56243_NT_AL_AA.fasta.zip,185,2002,1908
56244_NT_AL_AA.fasta.zip,139,487,477
56245_NT_AL_AA.fasta.zip,175,225,219
56246_NT_AL_AA.fasta.zip,172,101,92.0
5624_NT_AL_AA.fasta.zip,183,685,450
56252_NT_AL_AA.fasta.zip,184,2269,2141.5
56253_NT_AL_AA.fasta.zip,185,407,383
56254_NT_AL_AA.fasta.zip,190,980,975.0
56255_NT_AL_AA.fasta.zip,184,373,341.0
56256_NT_AL_AA.fasta.zip,184,389,350.0
56257_NT_AL_AA.fasta.zip,185,755,685
56259_NT_AL_AA.fasta.zip,186,573,562.0
56261_NT_AL_AA.fasta.zip,185,686,672
56262_NT_AL_AA.fasta.zip,189,811,810
56265_NT_AL_AA.fasta.zip,185,766,725
56267_NT_AL_AA.fasta.zip,188,463,454.0
5626_NT_AL_AA.fasta.zip,170,242,226.0
56270_NT_AL_AA.fasta.zip,177,348,343
56271_NT_AL_AA.fasta.zip,164,126,120.0
5627_NT_AL_AA.fasta.zip,185,689,674
56287_NT_AL_AA.fasta.zip,166,190,183.0
56288_NT_AL_AA.fasta.zip,179,1339,1310
5629_NT_AL_AA.fasta.zip,181,741,738
56301_NT_AL_AA.fasta.zip,180,541,523.0
56302_NT_AL_AA.fasta.zip,146,742,727.0
5630_NT_AL_AA.fasta.zip,189,506,469
5631_NT_AL_AA.fasta.zip,177,337,318
56339_NT_AL_AA.fasta.zip,189,586,579
56341_NT_AL_AA.fasta.zip,161,410,393
56344_NT_AL_AA.fasta.zip,166,174,173.0
5634_NT_AL_AA.fasta.zip,173,321,316
5635_NT_AL_AA.fasta.zip,181,387,385
5636_NT_AL_AA.fasta.zip,178,372,369.0
5638_NT_AL_AA.fasta.zip,161,220,218
5639_NT_AL_AA.fasta.zip,178,228,192.0
563_NT_AL_AA.fasta.zip,119,308,291
56413_NT_AL_AA.fasta.zip,175,366,356
5641_NT_AL_AA.fasta.zip,187,439,433
56474_NT_AL_AA.fasta.zip,177,592,585
56475_NT_AL_AA.fasta.zip,182,112,109.0
56477_NT_AL_AA.fasta.zip,172,123,115.0
56478_NT_AL_AA.fasta.zip,187,1015,985
56479_NT_AL_AA.fasta.zip,158,971,932.0
5648_NT_AL_AA.fasta.zip,187,727,726
5649_NT_AL_AA.fasta.zip,181,3515,3449
5650_NT_AL_AA.fasta.zip,135,255,250
5651_NT_AL_AA.fasta.zip,185,1047,1015
56521_NT_AL_AA.fasta.zip,186,204,198.0
5652_NT_AL_AA.fasta.zip,162,352,334.0
56548_NT_AL_AA.fasta.zip,174,501,486.0
5654_NT_AL_AA.fasta.zip,172,477,465.0
5655_NT_AL_AA.fasta.zip,170,287,277.0
56603_NT_AL_AA.fasta.zip,185,513,512
56605_NT_AL_AA.fasta.zip,178,471,467.0
56606_NT_AL_AA.fasta.zip,174,506,497.0
5660_NT_AL_AA.fasta.zip,189,540,522
56616_NT_AL_AA.fasta.zip,185,251,236
56623_NT_AL_AA.fasta.zip,179,647,608
56624_NT_AL_AA.fasta.zip,157,794,756
5662_NT_AL_AA.fasta.zip,189,1065,1025
5663_NT_AL_AA.fasta.zip,188,483,463.0
56647_NT_AL_AA.fasta.zip,180,340,306.0
56648_NT_AL_AA.fasta.zip,189,155,153
56649_NT_AL_AA.fasta.zip,182,442,428.0
5664_NT_AL_AA.fasta.zip,179,454,448
56650_NT_AL_AA.fasta.zip,188,261,253.0
56652_NT_AL_AA.fasta.zip,182,694,684.0
56654_NT_AL_AA.fasta.zip,174,347,313.0
56655_NT_AL_AA.fasta.zip,180,121,115.0
56659_NT_AL_AA.fasta.zip,164,416,408.0
56660_NT_AL_AA.fasta.zip,160,474,430.0
56666_NT_AL_AA.fasta.zip,178,827,666.0
56667_NT_AL_AA.fasta.zip,156,387,320.0
56670_NT_AL_AA.fasta.zip,173,324,316
56672_NT_AL_AA.fasta.zip,182,210,191.0
56673_NT_AL_AA.fasta.zip,185,476,429
56674_NT_AL_AA.fasta.zip,182,199,197.0
56675_NT_AL_AA.fasta.zip,165,245,240
56676_NT_AL_AA.fasta.zip,176,183,180.0
56681_NT_AL_AA.fasta.zip,189,200,198
56704_NT_AL_AA.fasta.zip,181,676,656
56729_NT_AL_AA.fasta.zip,161,112,107
56751_NT_AL_AA.fasta.zip,181,338,327
56776_NT_AL_AA.fasta.zip,168,2511,1489.5
567_NT_AL_AA.fasta.zip,172,123,117.0
5681_NT_AL_AA.fasta.zip,188,427,424.0
56829_NT_AL_AA.fasta.zip,174,1144,874.0
5682_NT_AL_AA.fasta.zip,186,263,263.0
56832_NT_AL_AA.fasta.zip,168,212,204.0
56833_NT_AL_AA.fasta.zip,186,286,273.0
56834_NT_AL_AA.fasta.zip,188,404,396.0
5683_NT_AL_AA.fasta.zip,188,234,234.0
56848_NT_AL_AA.fasta.zip,185,677,636
56849_NT_AL_AA.fasta.zip,162,100,100.0
5684_NT_AL_AA.fasta.zip,190,256,255.0
56850_NT_AL_AA.fasta.zip,185,840,830
56851_NT_AL_AA.fasta.zip,184,246,241.0
56852_NT_AL_AA.fasta.zip,188,646,493.0
56853_NT_AL_AA.fasta.zip,174,537,529.0
5685_NT_AL_AA.fasta.zip,173,263,261
5686_NT_AL_AA.fasta.zip,189,245,241
5687_NT_AL_AA.fasta.zip,189,246,246
56882_NT_AL_AA.fasta.zip,167,81,79
56884_NT_AL_AA.fasta.zip,173,853,847
56886_NT_AL_AA.fasta.zip,185,1593,1531
56888_NT_AL_AA.fasta.zip,166,376,376.0
56889_NT_AL_AA.fasta.zip,188,597,587.0
5688_NT_AL_AA.fasta.zip,166,248,248.0
56890_NT_AL_AA.fasta.zip,187,753,714
56892_NT_AL_AA.fasta.zip,188,109,106.0
56893_NT_AL_AA.fasta.zip,175,623,598
56894_NT_AL_AA.fasta.zip,188,381,376.0
56895_NT_AL_AA.fasta.zip,182,410,375.0
56896_NT_AL_AA.fasta.zip,186,564,564.0
56897_NT_AL_AA.fasta.zip,156,697,658.0
56898_NT_AL_AA.fasta.zip,174,246,242.0
56899_NT_AL_AA.fasta.zip,173,1310,1284
5689_NT_AL_AA.fasta.zip,177,229,229
56900_NT_AL_AA.fasta.zip,182,80,74.0
56901_NT_AL_AA.fasta.zip,185,94,86
56902_NT_AL_AA.fasta.zip,183,258,252
56903_NT_AL_AA.fasta.zip,163,644,637
56904_NT_AL_AA.fasta.zip,188,409,402.0
56905_NT_AL_AA.fasta.zip,184,1230,988.0
56907_NT_AL_AA.fasta.zip,169,777,755
5690_NT_AL_AA.fasta.zip,188,201,201.0
56910_NT_AL_AA.fasta.zip,183,385,371
56911_NT_AL_AA.fasta.zip,158,142,142.0
56912_NT_AL_AA.fasta.zip,188,318,300.0
56913_NT_AL_AA.fasta.zip,179,369,367
56914_NT_AL_AA.fasta.zip,183,128,126
56915_NT_AL_AA.fasta.zip,188,237,234.0
56916_NT_AL_AA.fasta.zip,187,1049,1023
56917_NT_AL_AA.fasta.zip,177,394,370
56919_NT_AL_AA.fasta.zip,153,713,704
5691_NT_AL_AA.fasta.zip,188,207,205.0
56920_NT_AL_AA.fasta.zip,189,807,770
56922_NT_AL_AA.fasta.zip,186,732,724.0
56923_NT_AL_AA.fasta.zip,177,399,393
56925_NT_AL_AA.fasta.zip,184,225,222.0
56926_NT_AL_AA.fasta.zip,183,573,563
56927_NT_AL_AA.fasta.zip,177,571,523
56928_NT_AL_AA.fasta.zip,183,558,533
56929_NT_AL_AA.fasta.zip,176,657,617.0
5692_NT_AL_AA.fasta.zip,185,262,262
56931_NT_AL_AA.fasta.zip,184,669,631.0
56934_NT_AL_AA.fasta.zip,183,328,328
56935_NT_AL_AA.fasta.zip,59,59,59
56936_NT_AL_AA.fasta.zip,174,761,692.0
56937_NT_AL_AA.fasta.zip,186,259,251.0
56938_NT_AL_AA.fasta.zip,166,622,575.0
5693_NT_AL_AA.fasta.zip,184,265,263.0
56940_NT_AL_AA.fasta.zip,180,164,163.0
56941_NT_AL_AA.fasta.zip,182,384,350.0
56942_NT_AL_AA.fasta.zip,176,82,79.0
56943_NT_AL_AA.fasta.zip,174,101,101.0
56944_NT_AL_AA.fasta.zip,188,416,406.0
56945_NT_AL_AA.fasta.zip,187,361,359
56946_NT_AL_AA.fasta.zip,186,1373,1331.0
56947_NT_AL_AA.fasta.zip,185,396,351
56948_NT_AL_AA.fasta.zip,190,299,294.0
56949_NT_AL_AA.fasta.zip,187,1287,855
5694_NT_AL_AA.fasta.zip,190,247,239.0
56950_NT_AL_AA.fasta.zip,179,440,433
56951_NT_AL_AA.fasta.zip,189,288,261
56952_NT_AL_AA.fasta.zip,182,232,222.0
56953_NT_AL_AA.fasta.zip,165,246,222
56954_NT_AL_AA.fasta.zip,183,278,276
56955_NT_AL_AA.fasta.zip,183,577,537
56956_NT_AL_AA.fasta.zip,172,404,397.0
56957_NT_AL_AA.fasta.zip,186,863,843.0
5695_NT_AL_AA.fasta.zip,188,278,277.0
56961_NT_AL_AA.fasta.zip,182,370,340.0
56963_NT_AL_AA.fasta.zip,180,469,442.0
56964_NT_AL_AA.fasta.zip,188,705,665.0
56965_NT_AL_AA.fasta.zip,176,634,631.0
56967_NT_AL_AA.fasta.zip,166,81,81.0
5696_NT_AL_AA.fasta.zip,186,278,276.0
56970_NT_AL_AA.fasta.zip,174,373,373.0
56971_NT_AL_AA.fasta.zip,159,292,249
56975_NT_AL_AA.fasta.zip,175,602,581
56977_NT_AL_AA.fasta.zip,177,893,872
56978_NT_AL_AA.fasta.zip,185,780,671
5697_NT_AL_AA.fasta.zip,159,99,94
56980_NT_AL_AA.fasta.zip,187,1227,1150
56981_NT_AL_AA.fasta.zip,179,1185,1177
56983_NT_AL_AA.fasta.zip,188,400,391.0
56984_NT_AL_AA.fasta.zip,185,268,264
56985_NT_AL_AA.fasta.zip,187,347,337
56986_NT_AL_AA.fasta.zip,189,308,301
56987_NT_AL_AA.fasta.zip,188,971,940.0
5698_NT_AL_AA.fasta.zip,187,221,219
56990_NT_AL_AA.fasta.zip,167,89,84
56992_NT_AL_AA.fasta.zip,186,1397,1379.0
56993_NT_AL_AA.fasta.zip,182,145,140.0
56994_NT_AL_AA.fasta.zip,177,409,406
56995_NT_AL_AA.fasta.zip,187,1588,1533
56996_NT_AL_AA.fasta.zip,185,924,911
56997_NT_AL_AA.fasta.zip,185,654,645
56999_NT_AL_AA.fasta.zip,187,1952,1918
5699_NT_AL_AA.fasta.zip,189,277,272
56_NT_AL_AA.fasta.zip,140,621,246.0
57001_NT_AL_AA.fasta.zip,180,131,124.0
57002_NT_AL_AA.fasta.zip,176,233,225.0
57003_NT_AL_AA.fasta.zip,187,485,483
57007_NT_AL_AA.fasta.zip,185,363,362
5700_NT_AL_AA.fasta.zip,180,440,440.0
57017_NT_AL_AA.fasta.zip,187,320,317
57018_NT_AL_AA.fasta.zip,181,538,524
57019_NT_AL_AA.fasta.zip,188,315,312.0
5701_NT_AL_AA.fasta.zip,186,433,433.0
57020_NT_AL_AA.fasta.zip,186,1005,958.0
57026_NT_AL_AA.fasta.zip,133,299,296
5702_NT_AL_AA.fasta.zip,187,436,436
57030_NT_AL_AA.fasta.zip,186,563,560.0
57035_NT_AL_AA.fasta.zip,176,383,286.0
57037_NT_AL_AA.fasta.zip,190,453,441.0
57038_NT_AL_AA.fasta.zip,188,575,565.0
57045_NT_AL_AA.fasta.zip,176,226,223.0
57048_NT_AL_AA.fasta.zip,189,321,288
5704_NT_AL_AA.fasta.zip,187,420,418
57050_NT_AL_AA.fasta.zip,187,592,471
57053_NT_AL_AA.fasta.zip,182,430,428.0
57057_NT_AL_AA.fasta.zip,187,458,447
5705_NT_AL_AA.fasta.zip,188,408,402.0
57060_NT_AL_AA.fasta.zip,183,410,403
57062_NT_AL_AA.fasta.zip,189,901,844
5706_NT_AL_AA.fasta.zip,189,451,403
5707_NT_AL_AA.fasta.zip,186,963,950.0
57082_NT_AL_AA.fasta.zip,182,4760,2288.0
57084_NT_AL_AA.fasta.zip,188,622,582.0
57085_NT_AL_AA.fasta.zip,182,173,155.0
57088_NT_AL_AA.fasta.zip,163,336,327
57089_NT_AL_AA.fasta.zip,183,612,603
5708_NT_AL_AA.fasta.zip,188,911,908.0
57091_NT_AL_AA.fasta.zip,187,855,779
57092_NT_AL_AA.fasta.zip,180,180,178.0
57094_NT_AL_AA.fasta.zip,182,440,438.0
57095_NT_AL_AA.fasta.zip,183,212,211
57096_NT_AL_AA.fasta.zip,176,1270,1139.5
57097_NT_AL_AA.fasta.zip,186,334,332.0
57099_NT_AL_AA.fasta.zip,174,400,343.0
5709_NT_AL_AA.fasta.zip,181,549,534
570_NT_AL_AA.fasta.zip,13,538,324
57101_NT_AL_AA.fasta.zip,172,943,928.0
57102_NT_AL_AA.fasta.zip,183,557,552
57103_NT_AL_AA.fasta.zip,186,274,267.0
57104_NT_AL_AA.fasta.zip,181,507,477
57105_NT_AL_AA.fasta.zip,185,333,323
57106_NT_AL_AA.fasta.zip,171,210,206
57107_NT_AL_AA.fasta.zip,187,405,399
57109_NT_AL_AA.fasta.zip,187,449,389
5710_NT_AL_AA.fasta.zip,175,388,379
57110_NT_AL_AA.fasta.zip,180,171,167.0
57111_NT_AL_AA.fasta.zip,186,215,213.0
57113_NT_AL_AA.fasta.zip,181,861,861
57117_NT_AL_AA.fasta.zip,186,472,462.0
57118_NT_AL_AA.fasta.zip,185,384,384
5711_NT_AL_AA.fasta.zip,188,507,504.0
57120_NT_AL_AA.fasta.zip,185,469,463
57121_NT_AL_AA.fasta.zip,185,390,363
57122_NT_AL_AA.fasta.zip,189,962,920
57124_NT_AL_AA.fasta.zip,171,1021,758
57125_NT_AL_AA.fasta.zip,182,526,497.0
57127_NT_AL_AA.fasta.zip,178,466,455.0
57128_NT_AL_AA.fasta.zip,164,69,69.0
57129_NT_AL_AA.fasta.zip,189,254,250
57130_NT_AL_AA.fasta.zip,180,1214,1200.0
57132_NT_AL_AA.fasta.zip,138,200,199.0
57134_NT_AL_AA.fasta.zip,186,669,622.5
57136_NT_AL_AA.fasta.zip,180,418,415.0
57139_NT_AL_AA.fasta.zip,185,762,701
5713_NT_AL_AA.fasta.zip,184,326,324.0
57140_NT_AL_AA.fasta.zip,173,748,696
57142_NT_AL_AA.fasta.zip,188,1294,1190.0
57143_NT_AL_AA.fasta.zip,184,524,522.0
57144_NT_AL_AA.fasta.zip,186,727,719.0
57146_NT_AL_AA.fasta.zip,176,150,145.0
57147_NT_AL_AA.fasta.zip,185,765,719
57148_NT_AL_AA.fasta.zip,187,1513,1498
57149_NT_AL_AA.fasta.zip,186,122,122.0
5714_NT_AL_AA.fasta.zip,187,361,350
57150_NT_AL_AA.fasta.zip,180,97,97.0
57152_NT_AL_AA.fasta.zip,124,122,101.0
57153_NT_AL_AA.fasta.zip,185,723,710
57154_NT_AL_AA.fasta.zip,174,745,738.5
57156_NT_AL_AA.fasta.zip,188,816,791.0
57157_NT_AL_AA.fasta.zip,186,758,747.0
57158_NT_AL_AA.fasta.zip,178,762,680.0
57159_NT_AL_AA.fasta.zip,186,365,360.0
5715_NT_AL_AA.fasta.zip,189,225,223
57161_NT_AL_AA.fasta.zip,177,427,420
57162_NT_AL_AA.fasta.zip,188,418,418.0
57165_NT_AL_AA.fasta.zip,168,484,418.0
57167_NT_AL_AA.fasta.zip,189,1278,1041
57168_NT_AL_AA.fasta.zip,186,347,342.0
57169_NT_AL_AA.fasta.zip,189,1949,1917
5716_NT_AL_AA.fasta.zip,185,229,226
57171_NT_AL_AA.fasta.zip,187,242,235
57172_NT_AL_AA.fasta.zip,185,488,476
57175_NT_AL_AA.fasta.zip,189,497,488
57176_NT_AL_AA.fasta.zip,186,1312,1055.0
57178_NT_AL_AA.fasta.zip,186,1083,1072.0
57179_NT_AL_AA.fasta.zip,186,319,305.0
5717_NT_AL_AA.fasta.zip,189,424,422
57180_NT_AL_AA.fasta.zip,174,413,404.0
57181_NT_AL_AA.fasta.zip,178,888,833.0
57182_NT_AL_AA.fasta.zip,155,1431,1429
57184_NT_AL_AA.fasta.zip,183,206,192
57185_NT_AL_AA.fasta.zip,186,414,406.0
57186_NT_AL_AA.fasta.zip,182,1900,1869.5
57187_NT_AL_AA.fasta.zip,177,1641,1617
57188_NT_AL_AA.fasta.zip,166,1766,1650.5
57189_NT_AL_AA.fasta.zip,179,462,455
5718_NT_AL_AA.fasta.zip,189,458,456
57190_NT_AL_AA.fasta.zip,171,501,495
57192_NT_AL_AA.fasta.zip,186,597,575.0
57194_NT_AL_AA.fasta.zip,168,1540,1443.0
57198_NT_AL_AA.fasta.zip,185,1320,1202
5719_NT_AL_AA.fasta.zip,178,380,376.0
571_NT_AL_AA.fasta.zip,188,774,734.0
5720_NT_AL_AA.fasta.zip,187,249,246
57210_NT_AL_AA.fasta.zip,185,799,756
57211_NT_AL_AA.fasta.zip,188,1272,1246.0
57213_NT_AL_AA.fasta.zip,187,198,196
57214_NT_AL_AA.fasta.zip,181,1367,1355
57215_NT_AL_AA.fasta.zip,186,355,302.5
57216_NT_AL_AA.fasta.zip,187,524,521
57217_NT_AL_AA.fasta.zip,187,868,856
5721_NT_AL_AA.fasta.zip,189,241,239
57221_NT_AL_AA.fasta.zip,189,2232,2165
57222_NT_AL_AA.fasta.zip,181,291,285
57223_NT_AL_AA.fasta.zip,189,833,819
57224_NT_AL_AA.fasta.zip,187,1734,1569
57226_NT_AL_AA.fasta.zip,186,89,88.0
57228_NT_AL_AA.fasta.zip,180,105,96.0
57231_NT_AL_AA.fasta.zip,187,957,945
5723_NT_AL_AA.fasta.zip,185,225,225
5724_NT_AL_AA.fasta.zip,188,355,342.0
5725_NT_AL_AA.fasta.zip,182,568,557.0
5726_NT_AL_AA.fasta.zip,180,336,330.0
5727_NT_AL_AA.fasta.zip,182,1463,1413.0
57282_NT_AL_AA.fasta.zip,184,1141,1130.0
5728_NT_AL_AA.fasta.zip,168,404,403.0
5729_NT_AL_AA.fasta.zip,176,377,355.0
572_NT_AL_AA.fasta.zip,187,188,167
5730_NT_AL_AA.fasta.zip,175,203,188
5731_NT_AL_AA.fasta.zip,173,439,401
57325_NT_AL_AA.fasta.zip,181,790,781
57326_NT_AL_AA.fasta.zip,177,786,710
5732_NT_AL_AA.fasta.zip,184,364,354.0
57332_NT_AL_AA.fasta.zip,185,418,377
57333_NT_AL_AA.fasta.zip,185,346,327
57335_NT_AL_AA.fasta.zip,127,598,520
57336_NT_AL_AA.fasta.zip,166,1174,760.0
57337_NT_AL_AA.fasta.zip,184,1083,1035.0
57338_NT_AL_AA.fasta.zip,176,766,747.0
5733_NT_AL_AA.fasta.zip,183,370,356
57348_NT_AL_AA.fasta.zip,180,484,434.0
5734_NT_AL_AA.fasta.zip,187,517,484
57369_NT_AL_AA.fasta.zip,184,322,321.0
57379_NT_AL_AA.fasta.zip,171,287,197
5737_NT_AL_AA.fasta.zip,186,369,362.0
57380_NT_AL_AA.fasta.zip,174,445,434.5
57381_NT_AL_AA.fasta.zip,186,220,214.0
5738_NT_AL_AA.fasta.zip,181,882,870
57393_NT_AL_AA.fasta.zip,178,223,222.0
57396_NT_AL_AA.fasta.zip,185,474,468
5739_NT_AL_AA.fasta.zip,180,404,382.0
573_NT_AL_AA.fasta.zip,168,208,207.0
57402_NT_AL_AA.fasta.zip,185,103,102
57403_NT_AL_AA.fasta.zip,189,197,194
57404_NT_AL_AA.fasta.zip,184,460,457.0
57405_NT_AL_AA.fasta.zip,188,227,226.0
57406_NT_AL_AA.fasta.zip,187,338,337
57407_NT_AL_AA.fasta.zip,186,299,294.0
57408_NT_AL_AA.fasta.zip,168,350,339.5
57409_NT_AL_AA.fasta.zip,185,224,221
5740_NT_AL_AA.fasta.zip,185,505,500
57410_NT_AL_AA.fasta.zip,182,864,796.0
57412_NT_AL_AA.fasta.zip,164,375,361.0
57413_NT_AL_AA.fasta.zip,46,188,181.0
57414_NT_AL_AA.fasta.zip,181,376,362
57415_NT_AL_AA.fasta.zip,186,127,126.0
57418_NT_AL_AA.fasta.zip,185,444,430
57419_NT_AL_AA.fasta.zip,185,647,633
5741_NT_AL_AA.fasta.zip,157,116,115
5742_NT_AL_AA.fasta.zip,182,612,596.0
5743_NT_AL_AA.fasta.zip,187,612,604
574414_NT_AL_AA.fasta.zip,163,118,116
57446_NT_AL_AA.fasta.zip,167,744,388
57447_NT_AL_AA.fasta.zip,187,371,371
57448_NT_AL_AA.fasta.zip,181,4934,4873
57449_NT_AL_AA.fasta.zip,187,1103,1027
5744_NT_AL_AA.fasta.zip,146,182,175.0
57451_NT_AL_AA.fasta.zip,170,2783,2762.0
57452_NT_AL_AA.fasta.zip,89,567,556
57453_NT_AL_AA.fasta.zip,181,2065,2053
57455_NT_AL_AA.fasta.zip,179,1310,1171
57456_NT_AL_AA.fasta.zip,187,157,153
57458_NT_AL_AA.fasta.zip,181,454,451
57459_NT_AL_AA.fasta.zip,180,602,593.0
5745_NT_AL_AA.fasta.zip,188,639,585.5
57460_NT_AL_AA.fasta.zip,179,525,512
57462_NT_AL_AA.fasta.zip,185,733,714
57463_NT_AL_AA.fasta.zip,190,500,493.0
57464_NT_AL_AA.fasta.zip,188,857,834.0
57465_NT_AL_AA.fasta.zip,183,573,544
57466_NT_AL_AA.fasta.zip,179,1302,1122
57467_NT_AL_AA.fasta.zip,183,509,503
57468_NT_AL_AA.fasta.zip,187,1149,1136
57469_NT_AL_AA.fasta.zip,83,680,593
5746_NT_AL_AA.fasta.zip,181,559,546
57470_NT_AL_AA.fasta.zip,178,610,578.0
57471_NT_AL_AA.fasta.zip,182,306,281.0
57472_NT_AL_AA.fasta.zip,185,562,557
57473_NT_AL_AA.fasta.zip,179,1050,887
57475_NT_AL_AA.fasta.zip,184,1392,1357.5
57476_NT_AL_AA.fasta.zip,179,896,870
57477_NT_AL_AA.fasta.zip,178,1674,1484.0
57478_NT_AL_AA.fasta.zip,182,1267,1224.0
57479_NT_AL_AA.fasta.zip,174,2270,2004.0
5747_NT_AL_AA.fasta.zip,184,1147,1110.0
57480_NT_AL_AA.fasta.zip,187,1453,1374
57481_NT_AL_AA.fasta.zip,159,3650,1479
57482_NT_AL_AA.fasta.zip,186,1949,1161.5
57484_NT_AL_AA.fasta.zip,177,455,431
57486_NT_AL_AA.fasta.zip,186,702,700.0
57488_NT_AL_AA.fasta.zip,183,859,834
57489_NT_AL_AA.fasta.zip,187,686,631
57491_NT_AL_AA.fasta.zip,172,804,677.0
57492_NT_AL_AA.fasta.zip,181,2421,2202
57493_NT_AL_AA.fasta.zip,174,1900,1298.5
57494_NT_AL_AA.fasta.zip,187,389,386
57495_NT_AL_AA.fasta.zip,175,1743,1739
57496_NT_AL_AA.fasta.zip,185,1164,1080
57497_NT_AL_AA.fasta.zip,184,821,789.0
57498_NT_AL_AA.fasta.zip,158,1801,1774.0
57501_NT_AL_AA.fasta.zip,166,1131,1010.5
57504_NT_AL_AA.fasta.zip,181,583,577
57505_NT_AL_AA.fasta.zip,188,1007,985.0
57506_NT_AL_AA.fasta.zip,183,638,470
57507_NT_AL_AA.fasta.zip,180,1562,1512.0
57508_NT_AL_AA.fasta.zip,188,1206,1198.0
57509_NT_AL_AA.fasta.zip,183,1322,1263
57510_NT_AL_AA.fasta.zip,188,1207,1199.0
57511_NT_AL_AA.fasta.zip,177,663,657
57512_NT_AL_AA.fasta.zip,180,1261,1199.0
57513_NT_AL_AA.fasta.zip,188,1261,1195.5
57514_NT_AL_AA.fasta.zip,189,1524,1441
57515_NT_AL_AA.fasta.zip,182,453,453.0
57519_NT_AL_AA.fasta.zip,174,5965,4533.0
57520_NT_AL_AA.fasta.zip,172,1622,1568.0
57521_NT_AL_AA.fasta.zip,184,1348,1332.0
57522_NT_AL_AA.fasta.zip,186,1093,1085.0
57523_NT_AL_AA.fasta.zip,184,2126,1880.5
57524_NT_AL_AA.fasta.zip,182,1528,1424.0
57526_NT_AL_AA.fasta.zip,173,1161,1145
57528_NT_AL_AA.fasta.zip,186,429,428.0
57529_NT_AL_AA.fasta.zip,172,2337,1367.0
57530_NT_AL_AA.fasta.zip,187,1239,1193
57531_NT_AL_AA.fasta.zip,186,927,907.0
57532_NT_AL_AA.fasta.zip,185,738,688
57533_NT_AL_AA.fasta.zip,168,705,691.0
57534_NT_AL_AA.fasta.zip,185,1009,1006
57535_NT_AL_AA.fasta.zip,177,1021,1013
57536_NT_AL_AA.fasta.zip,179,670,612
57537_NT_AL_AA.fasta.zip,165,1057,1031
57538_NT_AL_AA.fasta.zip,174,1788,1634.5
57539_NT_AL_AA.fasta.zip,187,1241,1179
57540_NT_AL_AA.fasta.zip,190,1408,1380.0
57542_NT_AL_AA.fasta.zip,149,511,505
57544_NT_AL_AA.fasta.zip,183,845,817
57545_NT_AL_AA.fasta.zip,186,1679,1599.0
57546_NT_AL_AA.fasta.zip,188,538,530.0
57549_NT_AL_AA.fasta.zip,188,1224,1166.0
5754_NT_AL_AA.fasta.zip,187,1059,1054
57551_NT_AL_AA.fasta.zip,189,1006,1001
57552_NT_AL_AA.fasta.zip,91,409,408
57553_NT_AL_AA.fasta.zip,187,2292,2082
57554_NT_AL_AA.fasta.zip,179,1601,1573
57555_NT_AL_AA.fasta.zip,179,867,835
57556_NT_AL_AA.fasta.zip,182,1066,1047.0
57558_NT_AL_AA.fasta.zip,178,1198,994.0
57559_NT_AL_AA.fasta.zip,185,445,436
57560_NT_AL_AA.fasta.zip,185,779,777
57561_NT_AL_AA.fasta.zip,182,414,414.0
57562_NT_AL_AA.fasta.zip,180,1143,1081.0
57563_NT_AL_AA.fasta.zip,183,633,619
57565_NT_AL_AA.fasta.zip,178,644,628.0
57567_NT_AL_AA.fasta.zip,183,615,581
57568_NT_AL_AA.fasta.zip,182,1808,1716.0
57569_NT_AL_AA.fasta.zip,181,1233,1182
5756_NT_AL_AA.fasta.zip,185,369,350
57570_NT_AL_AA.fasta.zip,88,500,494.0
57571_NT_AL_AA.fasta.zip,186,962,948.0
57572_NT_AL_AA.fasta.zip,176,2131,2102.0
57574_NT_AL_AA.fasta.zip,188,428,409.0
57575_NT_AL_AA.fasta.zip,171,1062,1033
57576_NT_AL_AA.fasta.zip,186,1076,985.0
57577_NT_AL_AA.fasta.zip,187,946,903
57578_NT_AL_AA.fasta.zip,182,2716,2676.0
57579_NT_AL_AA.fasta.zip,188,1585,1538.0
5757_NT_AL_AA.fasta.zip,155,115,111
57580_NT_AL_AA.fasta.zip,181,1656,1620
57582_NT_AL_AA.fasta.zip,179,1287,1162
57583_NT_AL_AA.fasta.zip,181,481,472
57584_NT_AL_AA.fasta.zip,185,2080,1937
57585_NT_AL_AA.fasta.zip,185,1344,1245
57586_NT_AL_AA.fasta.zip,190,433,423.0
57587_NT_AL_AA.fasta.zip,187,625,524
57589_NT_AL_AA.fasta.zip,186,1437,1419.0
57590_NT_AL_AA.fasta.zip,187,414,410
57591_NT_AL_AA.fasta.zip,186,1366,943.0
57592_NT_AL_AA.fasta.zip,187,1315,1236
57593_NT_AL_AA.fasta.zip,185,604,595
57594_NT_AL_AA.fasta.zip,180,589,532.0
57595_NT_AL_AA.fasta.zip,184,823,770.0
57596_NT_AL_AA.fasta.zip,177,717,582
57597_NT_AL_AA.fasta.zip,173,2947,2566
57599_NT_AL_AA.fasta.zip,183,680,676
575_NT_AL_AA.fasta.zip,158,1621,1550.0
57600_NT_AL_AA.fasta.zip,177,1210,1131
57602_NT_AL_AA.fasta.zip,189,1321,1058
57604_NT_AL_AA.fasta.zip,186,466,451.0
57605_NT_AL_AA.fasta.zip,186,1543,1358.5
57606_NT_AL_AA.fasta.zip,185,627,607
57608_NT_AL_AA.fasta.zip,184,1459,1269.5
57609_NT_AL_AA.fasta.zip,184,1583,1573.0
57610_NT_AL_AA.fasta.zip,188,628,620.0
57611_NT_AL_AA.fasta.zip,180,772,744.0
57613_NT_AL_AA.fasta.zip,186,636,622.0
57614_NT_AL_AA.fasta.zip,189,1240,1211
57616_NT_AL_AA.fasta.zip,179,1126,1074
57617_NT_AL_AA.fasta.zip,189,983,973
57619_NT_AL_AA.fasta.zip,186,2090,1817.0
57620_NT_AL_AA.fasta.zip,187,872,826
57621_NT_AL_AA.fasta.zip,182,523,514.0
57622_NT_AL_AA.fasta.zip,183,1050,767
57623_NT_AL_AA.fasta.zip,183,1300,1225
57624_NT_AL_AA.fasta.zip,183,799,714
57626_NT_AL_AA.fasta.zip,169,772,742
57628_NT_AL_AA.fasta.zip,180,879,798.0
57630_NT_AL_AA.fasta.zip,153,929,881
57631_NT_AL_AA.fasta.zip,178,788,764.5
57633_NT_AL_AA.fasta.zip,162,718,716.0
57634_NT_AL_AA.fasta.zip,172,3288,3079.0
57636_NT_AL_AA.fasta.zip,183,1565,1440
57639_NT_AL_AA.fasta.zip,185,976,955
5763_NT_AL_AA.fasta.zip,147,112,102
57642_NT_AL_AA.fasta.zip,169,1365,1219
57643_NT_AL_AA.fasta.zip,175,1015,1011
57644_NT_AL_AA.fasta.zip,186,1961,1938.0
57645_NT_AL_AA.fasta.zip,155,621,608
57646_NT_AL_AA.fasta.zip,186,1612,1120.0
57647_NT_AL_AA.fasta.zip,184,1214,1130.5
57648_NT_AL_AA.fasta.zip,187,1099,1008
57649_NT_AL_AA.fasta.zip,185,1011,1003
5764_NT_AL_AA.fasta.zip,184,171,168.0
57650_NT_AL_AA.fasta.zip,190,915,908.0
57654_NT_AL_AA.fasta.zip,182,779,646.0
57655_NT_AL_AA.fasta.zip,183,758,721
57657_NT_AL_AA.fasta.zip,182,805,777.0
57658_NT_AL_AA.fasta.zip,186,705,690.0
57659_NT_AL_AA.fasta.zip,186,1100,986.5
57661_NT_AL_AA.fasta.zip,184,1816,1537.5
57662_NT_AL_AA.fasta.zip,186,1425,1254.5
57664_NT_AL_AA.fasta.zip,180,828,761.0
57665_NT_AL_AA.fasta.zip,130,345,335.0
57666_NT_AL_AA.fasta.zip,151,1203,989
57669_NT_AL_AA.fasta.zip,183,750,724
57670_NT_AL_AA.fasta.zip,177,2051,1824
57673_NT_AL_AA.fasta.zip,188,853,828.0
57674_NT_AL_AA.fasta.zip,170,5418,4947.0
57677_NT_AL_AA.fasta.zip,78,647,532.0
57678_NT_AL_AA.fasta.zip,187,843,828
57679_NT_AL_AA.fasta.zip,185,1682,1654
57680_NT_AL_AA.fasta.zip,189,2635,2587
57683_NT_AL_AA.fasta.zip,177,3814,2223
57684_NT_AL_AA.fasta.zip,172,440,440.0
57685_NT_AL_AA.fasta.zip,181,1267,1259
57687_NT_AL_AA.fasta.zip,168,421,418.0
57688_NT_AL_AA.fasta.zip,176,1013,1009.0
57689_NT_AL_AA.fasta.zip,183,640,639
5768_NT_AL_AA.fasta.zip,177,784,715
57690_NT_AL_AA.fasta.zip,188,1791,1717.5
57693_NT_AL_AA.fasta.zip,160,713,598.0
57695_NT_AL_AA.fasta.zip,188,999,980.0
57696_NT_AL_AA.fasta.zip,187,610,597
57697_NT_AL_AA.fasta.zip,177,2120,2026
57698_NT_AL_AA.fasta.zip,185,645,629
57699_NT_AL_AA.fasta.zip,179,614,610
576_NT_AL_AA.fasta.zip,189,1624,1548
57700_NT_AL_AA.fasta.zip,190,778,765.0
57701_NT_AL_AA.fasta.zip,187,1400,1330
57703_NT_AL_AA.fasta.zip,187,957,903
57704_NT_AL_AA.fasta.zip,188,928,914.0
57705_NT_AL_AA.fasta.zip,185,3240,3175
57706_NT_AL_AA.fasta.zip,187,1100,1054
57707_NT_AL_AA.fasta.zip,189,465,453
57708_NT_AL_AA.fasta.zip,186,606,596.0
57709_NT_AL_AA.fasta.zip,188,777,771.0
5770_NT_AL_AA.fasta.zip,189,475,418
57710_NT_AL_AA.fasta.zip,175,1316,1169
57713_NT_AL_AA.fasta.zip,185,912,892
57715_NT_AL_AA.fasta.zip,185,869,836
57716_NT_AL_AA.fasta.zip,178,2323,1354.0
57718_NT_AL_AA.fasta.zip,185,904,871
57719_NT_AL_AA.fasta.zip,183,1338,1214
5771_NT_AL_AA.fasta.zip,185,425,408
57720_NT_AL_AA.fasta.zip,187,576,551
57721_NT_AL_AA.fasta.zip,171,462,456
57722_NT_AL_AA.fasta.zip,174,1373,1225.0
57724_NT_AL_AA.fasta.zip,187,2631,2567
57727_NT_AL_AA.fasta.zip,187,663,579
57728_NT_AL_AA.fasta.zip,184,1349,1339.0
57731_NT_AL_AA.fasta.zip,182,2642,2547.0
57732_NT_AL_AA.fasta.zip,179,911,810
5774_NT_AL_AA.fasta.zip,189,922,913
57758_NT_AL_AA.fasta.zip,187,1112,983
5775_NT_AL_AA.fasta.zip,188,954,931.5
57761_NT_AL_AA.fasta.zip,184,498,354.0
57763_NT_AL_AA.fasta.zip,188,311,311.0
5777_NT_AL_AA.fasta.zip,181,600,596
57787_NT_AL_AA.fasta.zip,180,808,752.0
5778_NT_AL_AA.fasta.zip,184,370,359.0
57794_NT_AL_AA.fasta.zip,186,886,628.0
57795_NT_AL_AA.fasta.zip,184,791,783.0
57798_NT_AL_AA.fasta.zip,177,308,267
57799_NT_AL_AA.fasta.zip,181,327,279
577_NT_AL_AA.fasta.zip,177,1526,1522
57804_NT_AL_AA.fasta.zip,181,130,106
57805_NT_AL_AA.fasta.zip,187,948,917
5780_NT_AL_AA.fasta.zip,183,596,588
57817_NT_AL_AA.fasta.zip,183,98,82
57818_NT_AL_AA.fasta.zip,187,367,355
57819_NT_AL_AA.fasta.zip,181,95,95
5781_NT_AL_AA.fasta.zip,188,594,592.0
57820_NT_AL_AA.fasta.zip,188,282,277.0
57821_NT_AL_AA.fasta.zip,188,522,506.0
57822_NT_AL_AA.fasta.zip,189,609,595
57823_NT_AL_AA.fasta.zip,165,372,327
57826_NT_AL_AA.fasta.zip,174,183,183.0
57827_NT_AL_AA.fasta.zip,188,310,293.0
57828_NT_AL_AA.fasta.zip,181,1138,1077
5782_NT_AL_AA.fasta.zip,187,800,779
57835_NT_AL_AA.fasta.zip,188,1168,1086.0
5783_NT_AL_AA.fasta.zip,188,2548,2478.0
5784_NT_AL_AA.fasta.zip,181,1214,1187
57862_NT_AL_AA.fasta.zip,188,488,478.0
57863_NT_AL_AA.fasta.zip,188,434,430.0
57864_NT_AL_AA.fasta.zip,189,491,472
5786_NT_AL_AA.fasta.zip,186,839,801.0
5787_NT_AL_AA.fasta.zip,182,2234,2210.0
5789_NT_AL_AA.fasta.zip,180,1934,1921.0
578_NT_AL_AA.fasta.zip,188,223,210.0
5790_NT_AL_AA.fasta.zip,179,229,199
5791_NT_AL_AA.fasta.zip,180,711,697.0
5792_NT_AL_AA.fasta.zip,189,1930,1915
5793_NT_AL_AA.fasta.zip,178,1502,1439.0
5794_NT_AL_AA.fasta.zip,161,1013,676
5795_NT_AL_AA.fasta.zip,177,1297,1135
5796_NT_AL_AA.fasta.zip,186,1464,1457.0
5797_NT_AL_AA.fasta.zip,179,1500,1472
5798_NT_AL_AA.fasta.zip,186,1027,978.0
5799_NT_AL_AA.fasta.zip,166,975,878.5
579_NT_AL_AA.fasta.zip,174,361,324.5
5800_NT_AL_AA.fasta.zip,179,1231,1213
5801_NT_AL_AA.fasta.zip,186,663,652.0
5802_NT_AL_AA.fasta.zip,185,2048,1916
5803_NT_AL_AA.fasta.zip,186,2479,2305.5
5805_NT_AL_AA.fasta.zip,185,135,135
5806_NT_AL_AA.fasta.zip,179,388,379
580_NT_AL_AA.fasta.zip,188,944,763.0
5810_NT_AL_AA.fasta.zip,187,283,279
5813_NT_AL_AA.fasta.zip,144,344,320.0
5814_NT_AL_AA.fasta.zip,155,331,302
58155_NT_AL_AA.fasta.zip,175,535,534
58157_NT_AL_AA.fasta.zip,179,151,151
58158_NT_AL_AA.fasta.zip,189,338,331
5816_NT_AL_AA.fasta.zip,183,110,110
58189_NT_AL_AA.fasta.zip,178,215,202.5
5818_NT_AL_AA.fasta.zip,177,520,509
58190_NT_AL_AA.fasta.zip,184,272,261.0
58191_NT_AL_AA.fasta.zip,181,271,223
5819_NT_AL_AA.fasta.zip,183,570,529
581_NT_AL_AA.fasta.zip,178,205,191.0
5822_NT_AL_AA.fasta.zip,183,917,898
5824_NT_AL_AA.fasta.zip,186,305,297.0
5825_NT_AL_AA.fasta.zip,186,663,655.0
5826_NT_AL_AA.fasta.zip,189,612,605
5827_NT_AL_AA.fasta.zip,182,204,190.0
5828_NT_AL_AA.fasta.zip,184,306,305.0
5829_NT_AL_AA.fasta.zip,178,1124,980.5
582_NT_AL_AA.fasta.zip,187,599,584
5830_NT_AL_AA.fasta.zip,185,651,640
5831_NT_AL_AA.fasta.zip,180,329,319.0
5832_NT_AL_AA.fasta.zip,188,807,794.0
5833_NT_AL_AA.fasta.zip,185,392,384
5834_NT_AL_AA.fasta.zip,180,852,843.0
5836_NT_AL_AA.fasta.zip,184,854,851.0
5837_NT_AL_AA.fasta.zip,188,842,842.0
583_NT_AL_AA.fasta.zip,187,768,721
58472_NT_AL_AA.fasta.zip,188,452,450.0
58473_NT_AL_AA.fasta.zip,189,231,224
58475_NT_AL_AA.fasta.zip,126,205,199.0
58476_NT_AL_AA.fasta.zip,187,240,220
58477_NT_AL_AA.fasta.zip,120,276,271.0
58478_NT_AL_AA.fasta.zip,187,263,260
58480_NT_AL_AA.fasta.zip,160,262,253.0
58484_NT_AL_AA.fasta.zip,171,1051,1009
58485_NT_AL_AA.fasta.zip,189,147,145
58487_NT_AL_AA.fasta.zip,174,434,356.0
58489_NT_AL_AA.fasta.zip,160,353,313.0
58490_NT_AL_AA.fasta.zip,186,327,326.0
58493_NT_AL_AA.fasta.zip,187,110,104
58494_NT_AL_AA.fasta.zip,185,334,293
58495_NT_AL_AA.fasta.zip,186,298,270.0
58496_NT_AL_AA.fasta.zip,162,211,195.0
58497_NT_AL_AA.fasta.zip,186,458,453.0
58498_NT_AL_AA.fasta.zip,184,181,174.0
58499_NT_AL_AA.fasta.zip,189,2599,2497
58504_NT_AL_AA.fasta.zip,179,782,712
58505_NT_AL_AA.fasta.zip,179,149,149
58506_NT_AL_AA.fasta.zip,183,1430,1284
58508_NT_AL_AA.fasta.zip,183,5115,4877
58509_NT_AL_AA.fasta.zip,181,836,744
58510_NT_AL_AA.fasta.zip,184,458,453.0
58511_NT_AL_AA.fasta.zip,187,365,357
58512_NT_AL_AA.fasta.zip,189,1012,979
58513_NT_AL_AA.fasta.zip,177,920,913
58515_NT_AL_AA.fasta.zip,184,98,95.0
58516_NT_AL_AA.fasta.zip,178,225,221.0
58517_NT_AL_AA.fasta.zip,188,848,841.0
58524_NT_AL_AA.fasta.zip,172,511,469.0
58525_NT_AL_AA.fasta.zip,188,1997,1877.0
58526_NT_AL_AA.fasta.zip,179,190,183
58527_NT_AL_AA.fasta.zip,185,81,81
58528_NT_AL_AA.fasta.zip,189,414,396
58529_NT_AL_AA.fasta.zip,186,320,294.0
58530_NT_AL_AA.fasta.zip,125,154,133
58531_NT_AL_AA.fasta.zip,168,139,91.0
58533_NT_AL_AA.fasta.zip,178,411,406.0
58538_NT_AL_AA.fasta.zip,177,641,631
5859_NT_AL_AA.fasta.zip,189,782,774
585_NT_AL_AA.fasta.zip,182,527,508.0
5860_NT_AL_AA.fasta.zip,145,241,241
5861_NT_AL_AA.fasta.zip,188,205,205.0
5862_NT_AL_AA.fasta.zip,185,212,212
5863_NT_AL_AA.fasta.zip,182,811,775.0
5864_NT_AL_AA.fasta.zip,181,220,220
5865_NT_AL_AA.fasta.zip,181,220,219
5866_NT_AL_AA.fasta.zip,189,458,381
5867_NT_AL_AA.fasta.zip,179,217,217
5868_NT_AL_AA.fasta.zip,179,216,215
5869_NT_AL_AA.fasta.zip,188,215,215.0
586_NT_AL_AA.fasta.zip,187,387,385
5871_NT_AL_AA.fasta.zip,176,834,817.0
5872_NT_AL_AA.fasta.zip,181,207,201
5873_NT_AL_AA.fasta.zip,183,223,221
5874_NT_AL_AA.fasta.zip,190,218,218.0
5875_NT_AL_AA.fasta.zip,188,574,567.0
5876_NT_AL_AA.fasta.zip,184,335,331.0
5877_NT_AL_AA.fasta.zip,142,125,123.0
5878_NT_AL_AA.fasta.zip,180,217,216.0
5879_NT_AL_AA.fasta.zip,184,216,200.0
587_NT_AL_AA.fasta.zip,178,395,391.0
5880_NT_AL_AA.fasta.zip,183,195,192
5881_NT_AL_AA.fasta.zip,168,198,190.0
5883_NT_AL_AA.fasta.zip,188,416,381.0
5884_NT_AL_AA.fasta.zip,187,712,681
5885_NT_AL_AA.fasta.zip,190,644,631.0
5886_NT_AL_AA.fasta.zip,189,379,362
5887_NT_AL_AA.fasta.zip,186,450,407.0
5888_NT_AL_AA.fasta.zip,187,342,339
5889_NT_AL_AA.fasta.zip,181,364,361
5890_NT_AL_AA.fasta.zip,180,347,342.0
5891_NT_AL_AA.fasta.zip,183,426,403
5892_NT_AL_AA.fasta.zip,184,339,326.0
5893_NT_AL_AA.fasta.zip,190,435,394.0
5894_NT_AL_AA.fasta.zip,186,674,668.0
5896_NT_AL_AA.fasta.zip,186,1060,1043.0
5897_NT_AL_AA.fasta.zip,188,529,527.0
58985_NT_AL_AA.fasta.zip,186,618,572.0
58986_NT_AL_AA.fasta.zip,178,756,735.0
5898_NT_AL_AA.fasta.zip,185,206,206
5899_NT_AL_AA.fasta.zip,184,207,206.0
58_NT_AL_AA.fasta.zip,180,388,377.0
5900_NT_AL_AA.fasta.zip,185,1075,798
5901_NT_AL_AA.fasta.zip,143,216,216
5902_NT_AL_AA.fasta.zip,158,225,197.0
5903_NT_AL_AA.fasta.zip,95,3521,3083
5905_NT_AL_AA.fasta.zip,185,602,585
59067_NT_AL_AA.fasta.zip,182,155,146.0
5906_NT_AL_AA.fasta.zip,188,184,184.0
59084_NT_AL_AA.fasta.zip,187,482,477
5908_NT_AL_AA.fasta.zip,186,184,184.0
5909_NT_AL_AA.fasta.zip,188,696,687.0
590_NT_AL_AA.fasta.zip,186,605,602.0
5910_NT_AL_AA.fasta.zip,188,608,607.0
5911_NT_AL_AA.fasta.zip,174,183,183.0
5912_NT_AL_AA.fasta.zip,180,185,183.0
5913_NT_AL_AA.fasta.zip,187,416,411
5914_NT_AL_AA.fasta.zip,187,471,459
5915_NT_AL_AA.fasta.zip,139,457,455
5916_NT_AL_AA.fasta.zip,185,464,458
5917_NT_AL_AA.fasta.zip,180,666,660.0
5918_NT_AL_AA.fasta.zip,177,287,248
5919_NT_AL_AA.fasta.zip,186,171,162.0
5921_NT_AL_AA.fasta.zip,187,1093,1039
5922_NT_AL_AA.fasta.zip,187,804,801
5923_NT_AL_AA.fasta.zip,177,1301,1253
5924_NT_AL_AA.fasta.zip,178,1249,1236.0
5925_NT_AL_AA.fasta.zip,185,946,920
59269_NT_AL_AA.fasta.zip,188,2539,2385.0
5926_NT_AL_AA.fasta.zip,188,1291,1255.0
59271_NT_AL_AA.fasta.zip,180,462,439.0
59272_NT_AL_AA.fasta.zip,184,967,803.0
59274_NT_AL_AA.fasta.zip,175,379,362
59277_NT_AL_AA.fasta.zip,188,639,625.0
5927_NT_AL_AA.fasta.zip,189,1699,1689
59283_NT_AL_AA.fasta.zip,144,444,369.0
59284_NT_AL_AA.fasta.zip,183,275,275
59285_NT_AL_AA.fasta.zip,166,266,256.0
59286_NT_AL_AA.fasta.zip,172,73,73.0
5928_NT_AL_AA.fasta.zip,119,428,425
5929_NT_AL_AA.fasta.zip,190,539,538.0
59307_NT_AL_AA.fasta.zip,176,423,408.0
5930_NT_AL_AA.fasta.zip,183,1879,1792
5932_NT_AL_AA.fasta.zip,185,926,893
59335_NT_AL_AA.fasta.zip,178,378,357.0
59336_NT_AL_AA.fasta.zip,182,794,707.0
59338_NT_AL_AA.fasta.zip,178,414,403.0
59339_NT_AL_AA.fasta.zip,187,437,425
5933_NT_AL_AA.fasta.zip,187,1123,1068
59340_NT_AL_AA.fasta.zip,177,386,362
59341_NT_AL_AA.fasta.zip,155,885,870
59342_NT_AL_AA.fasta.zip,186,465,445.0
59343_NT_AL_AA.fasta.zip,188,605,588.0
59344_NT_AL_AA.fasta.zip,166,719,711.0
59345_NT_AL_AA.fasta.zip,187,340,340
59349_NT_AL_AA.fasta.zip,183,572,568
5934_NT_AL_AA.fasta.zip,187,1181,1139
59350_NT_AL_AA.fasta.zip,187,758,749
59352_NT_AL_AA.fasta.zip,174,1008,956.0
59353_NT_AL_AA.fasta.zip,184,168,167.0
5935_NT_AL_AA.fasta.zip,172,162,155.0
5937_NT_AL_AA.fasta.zip,188,423,419.0
5939_NT_AL_AA.fasta.zip,185,416,406
593_NT_AL_AA.fasta.zip,186,456,445.0
5947_NT_AL_AA.fasta.zip,179,137,135
594855_NT_AL_AA.fasta.zip,184,158,158.0
594857_NT_AL_AA.fasta.zip,140,92,88.0
5948_NT_AL_AA.fasta.zip,185,134,134
5949_NT_AL_AA.fasta.zip,182,1265,1231.0
594_NT_AL_AA.fasta.zip,180,400,389.5
5950_NT_AL_AA.fasta.zip,185,208,201
5954_NT_AL_AA.fasta.zip,178,331,331.0
5955_NT_AL_AA.fasta.zip,179,319,312
5957_NT_AL_AA.fasta.zip,186,204,202.0
5959_NT_AL_AA.fasta.zip,187,328,316
595_NT_AL_AA.fasta.zip,186,306,295.0
5961_NT_AL_AA.fasta.zip,189,351,346
5962_NT_AL_AA.fasta.zip,189,606,601
5965_NT_AL_AA.fasta.zip,181,658,648
5966_NT_AL_AA.fasta.zip,188,606,583.0
596_NT_AL_AA.fasta.zip,186,251,226.0
5970_NT_AL_AA.fasta.zip,183,634,543
5971_NT_AL_AA.fasta.zip,176,594,553.0
5972_NT_AL_AA.fasta.zip,177,414,399
5973_NT_AL_AA.fasta.zip,176,410,399.0
5976_NT_AL_AA.fasta.zip,173,1138,1126
5977_NT_AL_AA.fasta.zip,187,408,405
5978_NT_AL_AA.fasta.zip,169,1498,925
5979_NT_AL_AA.fasta.zip,182,1111,1094.0
5980_NT_AL_AA.fasta.zip,187,3223,3128
5981_NT_AL_AA.fasta.zip,188,1190,1143.0
5982_NT_AL_AA.fasta.zip,185,362,352
5983_NT_AL_AA.fasta.zip,174,358,356.0
5984_NT_AL_AA.fasta.zip,189,370,364
5985_NT_AL_AA.fasta.zip,188,346,340.0
5986_NT_AL_AA.fasta.zip,163,370,310
5987_NT_AL_AA.fasta.zip,150,514,513.0
5989_NT_AL_AA.fasta.zip,180,1039,969.0
598_NT_AL_AA.fasta.zip,183,239,233
5990_NT_AL_AA.fasta.zip,185,732,717
5991_NT_AL_AA.fasta.zip,183,749,749
5992_NT_AL_AA.fasta.zip,188,726,722.0
5993_NT_AL_AA.fasta.zip,183,655,612
5994_NT_AL_AA.fasta.zip,166,250,232.0
5995_NT_AL_AA.fasta.zip,181,295,291
5996_NT_AL_AA.fasta.zip,187,213,209
5997_NT_AL_AA.fasta.zip,186,218,211.0
5998_NT_AL_AA.fasta.zip,178,1232,1048.0
5999_NT_AL_AA.fasta.zip,159,209,205
59_NT_AL_AA.fasta.zip,185,377,377
6000_NT_AL_AA.fasta.zip,186,486,476.0
6001_NT_AL_AA.fasta.zip,188,185,167.0
6002_NT_AL_AA.fasta.zip,171,1482,1390
6003_NT_AL_AA.fasta.zip,182,159,157.0
6004_NT_AL_AA.fasta.zip,186,229,201.0
6005_NT_AL_AA.fasta.zip,190,417,403.0
6009_NT_AL_AA.fasta.zip,176,187,184.0
6010_NT_AL_AA.fasta.zip,188,350,348.0
6011_NT_AL_AA.fasta.zip,181,573,562
6014_NT_AL_AA.fasta.zip,157,221,217
6015_NT_AL_AA.fasta.zip,187,416,406
6016_NT_AL_AA.fasta.zip,185,246,219
6017_NT_AL_AA.fasta.zip,184,318,317.0
6018_NT_AL_AA.fasta.zip,186,1956,1911.0
602_NT_AL_AA.fasta.zip,171,470,454
60312_NT_AL_AA.fasta.zip,187,823,809
60313_NT_AL_AA.fasta.zip,146,485,474.0
60314_NT_AL_AA.fasta.zip,188,392,374.0
60343_NT_AL_AA.fasta.zip,181,234,229
60370_NT_AL_AA.fasta.zip,187,152,147
60385_NT_AL_AA.fasta.zip,181,603,573
60386_NT_AL_AA.fasta.zip,184,322,313.0
60412_NT_AL_AA.fasta.zip,176,978,973.0
6041_NT_AL_AA.fasta.zip,186,731,705.0
60436_NT_AL_AA.fasta.zip,187,244,237
60437_NT_AL_AA.fasta.zip,151,753,676
6045_NT_AL_AA.fasta.zip,178,340,336.0
60468_NT_AL_AA.fasta.zip,186,892,840.0
6046_NT_AL_AA.fasta.zip,187,829,801
6047_NT_AL_AA.fasta.zip,183,187,187
60481_NT_AL_AA.fasta.zip,189,304,298
60482_NT_AL_AA.fasta.zip,185,587,578
60484_NT_AL_AA.fasta.zip,180,347,339.0
60485_NT_AL_AA.fasta.zip,189,388,384
60487_NT_AL_AA.fasta.zip,177,467,460
60488_NT_AL_AA.fasta.zip,184,327,311.0
6048_NT_AL_AA.fasta.zip,185,185,180
60490_NT_AL_AA.fasta.zip,186,200,195.0
60491_NT_AL_AA.fasta.zip,184,384,377.0
60492_NT_AL_AA.fasta.zip,184,259,254.0
60493_NT_AL_AA.fasta.zip,186,824,799.5
60494_NT_AL_AA.fasta.zip,190,666,652.0
60495_NT_AL_AA.fasta.zip,175,592,590
60496_NT_AL_AA.fasta.zip,186,314,307.0
6049_NT_AL_AA.fasta.zip,174,713,680.0
604_NT_AL_AA.fasta.zip,187,723,706
60506_NT_AL_AA.fasta.zip,158,475,468.0
60509_NT_AL_AA.fasta.zip,188,930,881.0
6050_NT_AL_AA.fasta.zip,181,465,456
6051_NT_AL_AA.fasta.zip,174,645,636.0
60526_NT_AL_AA.fasta.zip,182,332,325.0
60528_NT_AL_AA.fasta.zip,185,853,808
60529_NT_AL_AA.fasta.zip,185,455,404
60558_NT_AL_AA.fasta.zip,182,659,641.5
60559_NT_AL_AA.fasta.zip,182,182,180.0
60560_NT_AL_AA.fasta.zip,183,731,725
60561_NT_AL_AA.fasta.zip,187,802,791
60592_NT_AL_AA.fasta.zip,189,99,97
60598_NT_AL_AA.fasta.zip,178,332,301.0
6059_NT_AL_AA.fasta.zip,189,603,599
605_NT_AL_AA.fasta.zip,182,213,209.0
60625_NT_AL_AA.fasta.zip,187,704,702
60626_NT_AL_AA.fasta.zip,177,546,529
606495_NT_AL_AA.fasta.zip,186,322,308.0
60672_NT_AL_AA.fasta.zip,180,383,332.0
60673_NT_AL_AA.fasta.zip,187,218,218
60675_NT_AL_AA.fasta.zip,175,136,125
60676_NT_AL_AA.fasta.zip,178,1814,1775.0
60677_NT_AL_AA.fasta.zip,187,498,476
60678_NT_AL_AA.fasta.zip,177,597,578
60680_NT_AL_AA.fasta.zip,182,457,446.0
60681_NT_AL_AA.fasta.zip,185,596,582
60682_NT_AL_AA.fasta.zip,186,490,466.0
60684_NT_AL_AA.fasta.zip,184,1143,1133.0
60685_NT_AL_AA.fasta.zip,187,227,227
60686_NT_AL_AA.fasta.zip,189,565,532
607_NT_AL_AA.fasta.zip,175,1436,1425
608_NT_AL_AA.fasta.zip,184,191,170.5
6091_NT_AL_AA.fasta.zip,185,1613,1596
6092_NT_AL_AA.fasta.zip,179,1569,1514
6093_NT_AL_AA.fasta.zip,183,1367,1354
6094_NT_AL_AA.fasta.zip,186,359,351.0
6095_NT_AL_AA.fasta.zip,185,458,457
6096_NT_AL_AA.fasta.zip,186,458,457.0
6097_NT_AL_AA.fasta.zip,187,514,498
6098_NT_AL_AA.fasta.zip,182,2379,2332.0
60_NT_AL_AA.fasta.zip,176,375,375.0
6102_NT_AL_AA.fasta.zip,183,351,349
6103_NT_AL_AA.fasta.zip,172,896,764.5
610_NT_AL_AA.fasta.zip,153,843,784
6117_NT_AL_AA.fasta.zip,186,632,613.0
6118_NT_AL_AA.fasta.zip,187,285,270
6119_NT_AL_AA.fasta.zip,188,124,121.0
611_NT_AL_AA.fasta.zip,186,361,345.0
6120_NT_AL_AA.fasta.zip,189,230,228
6121_NT_AL_AA.fasta.zip,188,539,533.0
6122_NT_AL_AA.fasta.zip,185,411,403
6123_NT_AL_AA.fasta.zip,181,409,407
6124_NT_AL_AA.fasta.zip,182,500,417.5
6125_NT_AL_AA.fasta.zip,184,297,297.0
6128_NT_AL_AA.fasta.zip,182,351,280.0
6129_NT_AL_AA.fasta.zip,176,242,242.0
6130_NT_AL_AA.fasta.zip,168,263,263.0
613209_NT_AL_AA.fasta.zip,42,76,75.0
613210_NT_AL_AA.fasta.zip,103,77,74
613212_NT_AL_AA.fasta.zip,169,81,81
613227_NT_AL_AA.fasta.zip,149,97,97
6132_NT_AL_AA.fasta.zip,180,257,257.0
6133_NT_AL_AA.fasta.zip,184,194,192.0
6134_NT_AL_AA.fasta.zip,174,216,214.0
6135_NT_AL_AA.fasta.zip,182,178,177.0
6136_NT_AL_AA.fasta.zip,180,167,165.0
6137_NT_AL_AA.fasta.zip,187,215,211
6138_NT_AL_AA.fasta.zip,182,204,204.0
6139_NT_AL_AA.fasta.zip,106,184,184.0
613_NT_AL_AA.fasta.zip,172,1341,1258.0
6141_NT_AL_AA.fasta.zip,182,190,188.0
6142_NT_AL_AA.fasta.zip,182,176,176.0
6143_NT_AL_AA.fasta.zip,187,204,196
6144_NT_AL_AA.fasta.zip,173,161,160
6146_NT_AL_AA.fasta.zip,181,129,125
6150_NT_AL_AA.fasta.zip,172,157,144.0
6152_NT_AL_AA.fasta.zip,183,157,157
6154_NT_AL_AA.fasta.zip,184,145,145.0
6155_NT_AL_AA.fasta.zip,183,138,136
6156_NT_AL_AA.fasta.zip,163,116,115
6157_NT_AL_AA.fasta.zip,188,148,148.0
6158_NT_AL_AA.fasta.zip,185,174,137
6159_NT_AL_AA.fasta.zip,174,280,151.0
6160_NT_AL_AA.fasta.zip,182,125,125.0
6164_NT_AL_AA.fasta.zip,176,117,117.0
6165_NT_AL_AA.fasta.zip,166,110,110.0
6166_NT_AL_AA.fasta.zip,165,106,106
6167_NT_AL_AA.fasta.zip,170,97,97.0
6168_NT_AL_AA.fasta.zip,169,92,92
6169_NT_AL_AA.fasta.zip,169,71,70
6175_NT_AL_AA.fasta.zip,187,323,317
6176_NT_AL_AA.fasta.zip,163,116,114
617_NT_AL_AA.fasta.zip,190,420,418.0
6181_NT_AL_AA.fasta.zip,183,122,114
6182_NT_AL_AA.fasta.zip,182,212,198.0
6183_NT_AL_AA.fasta.zip,187,142,139
6184_NT_AL_AA.fasta.zip,178,623,605.0
6185_NT_AL_AA.fasta.zip,185,651,640
6187_NT_AL_AA.fasta.zip,182,307,293.0
6188_NT_AL_AA.fasta.zip,189,243,243
6189_NT_AL_AA.fasta.zip,157,266,264
619189_NT_AL_AA.fasta.zip,182,515,494.0
6191_NT_AL_AA.fasta.zip,176,267,263.0
619208_NT_AL_AA.fasta.zip,183,83,80
619279_NT_AL_AA.fasta.zip,180,427,408.0
619373_NT_AL_AA.fasta.zip,185,441,435
6193_NT_AL_AA.fasta.zip,181,205,204
6194_NT_AL_AA.fasta.zip,170,250,249.0
6195_NT_AL_AA.fasta.zip,190,765,742.0
6197_NT_AL_AA.fasta.zip,182,753,740.0
6198_NT_AL_AA.fasta.zip,190,524,524.0
6199_NT_AL_AA.fasta.zip,187,498,483
6201_NT_AL_AA.fasta.zip,143,196,194
6202_NT_AL_AA.fasta.zip,185,209,208
6203_NT_AL_AA.fasta.zip,185,195,194
6204_NT_AL_AA.fasta.zip,148,169,165.0
6205_NT_AL_AA.fasta.zip,179,158,158
6207_NT_AL_AA.fasta.zip,187,152,151
6208_NT_AL_AA.fasta.zip,189,153,151
6209_NT_AL_AA.fasta.zip,176,145,145.0
6210_NT_AL_AA.fasta.zip,176,130,130.0
6217_NT_AL_AA.fasta.zip,188,146,146.0
6218_NT_AL_AA.fasta.zip,162,135,135.0
6222_NT_AL_AA.fasta.zip,187,155,152
6223_NT_AL_AA.fasta.zip,182,148,145.0
6224_NT_AL_AA.fasta.zip,155,123,119
6227_NT_AL_AA.fasta.zip,172,86,83.0
6228_NT_AL_AA.fasta.zip,171,143,143
6229_NT_AL_AA.fasta.zip,175,132,132
622_NT_AL_AA.fasta.zip,178,353,343.0
6230_NT_AL_AA.fasta.zip,180,124,124.0
6231_NT_AL_AA.fasta.zip,185,117,115
6232_NT_AL_AA.fasta.zip,145,84,84
6233_NT_AL_AA.fasta.zip,183,156,156
6234_NT_AL_AA.fasta.zip,172,72,69.0
6235_NT_AL_AA.fasta.zip,177,56,56
6236_NT_AL_AA.fasta.zip,184,323,308.0
6237_NT_AL_AA.fasta.zip,174,225,215.0
6238_NT_AL_AA.fasta.zip,186,2741,1385.5
6239_NT_AL_AA.fasta.zip,185,1906,1712
623_NT_AL_AA.fasta.zip,166,356,335.0
6240_NT_AL_AA.fasta.zip,190,791,791.0
6241_NT_AL_AA.fasta.zip,159,407,389
6242_NT_AL_AA.fasta.zip,189,599,553
6247_NT_AL_AA.fasta.zip,172,205,205.0
6249_NT_AL_AA.fasta.zip,185,2216,1839
624_NT_AL_AA.fasta.zip,171,406,389
6251_NT_AL_AA.fasta.zip,187,280,277
6252_NT_AL_AA.fasta.zip,186,830,770.0
6253_NT_AL_AA.fasta.zip,184,502,468.0
6256_NT_AL_AA.fasta.zip,180,475,457.0
6257_NT_AL_AA.fasta.zip,186,566,535.0
6258_NT_AL_AA.fasta.zip,161,472,463
6259_NT_AL_AA.fasta.zip,185,532,532
6261_NT_AL_AA.fasta.zip,179,5151,5018
6262_NT_AL_AA.fasta.zip,170,5073,4951.5
6263_NT_AL_AA.fasta.zip,181,4890,4849
6271_NT_AL_AA.fasta.zip,182,94,94.0
6272_NT_AL_AA.fasta.zip,185,848,826
6274_NT_AL_AA.fasta.zip,173,102,101
6275_NT_AL_AA.fasta.zip,143,101,101
6276_NT_AL_AA.fasta.zip,176,124,93.0
6277_NT_AL_AA.fasta.zip,131,87,87
6279_NT_AL_AA.fasta.zip,167,89,89
627_NT_AL_AA.fasta.zip,186,260,254.0
6280_NT_AL_AA.fasta.zip,164,116,109.0
6281_NT_AL_AA.fasta.zip,184,98,97.0
6282_NT_AL_AA.fasta.zip,182,97,96.0
6284_NT_AL_AA.fasta.zip,184,98,98.0
6285_NT_AL_AA.fasta.zip,169,93,92
6286_NT_AL_AA.fasta.zip,97,95,95
6293_NT_AL_AA.fasta.zip,184,736,723.0
6294_NT_AL_AA.fasta.zip,158,2132,914.0
6295_NT_AL_AA.fasta.zip,175,404,399
6296_NT_AL_AA.fasta.zip,167,589,580
6297_NT_AL_AA.fasta.zip,186,1047,958.0
6299_NT_AL_AA.fasta.zip,182,1406,1300.0
629_NT_AL_AA.fasta.zip,179,811,759
6300_NT_AL_AA.fasta.zip,176,379,365.0
6301_NT_AL_AA.fasta.zip,183,515,512
63027_NT_AL_AA.fasta.zip,173,715,678
6302_NT_AL_AA.fasta.zip,186,212,209.0
63035_NT_AL_AA.fasta.zip,183,1859,1778
6303_NT_AL_AA.fasta.zip,182,176,171.0
6304_NT_AL_AA.fasta.zip,185,808,790
6305_NT_AL_AA.fasta.zip,178,1946,1877.0
6307_NT_AL_AA.fasta.zip,183,299,293
6309_NT_AL_AA.fasta.zip,185,299,299
6310_NT_AL_AA.fasta.zip,187,1218,797
6311_NT_AL_AA.fasta.zip,188,1087,1069.0
6314_NT_AL_AA.fasta.zip,185,1007,862
631_NT_AL_AA.fasta.zip,186,738,644.5
6320_NT_AL_AA.fasta.zip,184,355,320.0
6322_NT_AL_AA.fasta.zip,150,373,268.5
6324_NT_AL_AA.fasta.zip,186,216,215.0
6327_NT_AL_AA.fasta.zip,182,218,215.0
6329_NT_AL_AA.fasta.zip,184,1957,1823.0
632_NT_AL_AA.fasta.zip,175,118,100
6330_NT_AL_AA.fasta.zip,178,231,228.0
6331_NT_AL_AA.fasta.zip,179,2112,2017
6332_NT_AL_AA.fasta.zip,172,1703,1674.0
6334_NT_AL_AA.fasta.zip,181,2023,1981
6336_NT_AL_AA.fasta.zip,181,2013,1946
6337_NT_AL_AA.fasta.zip,182,679,644.0
6338_NT_AL_AA.fasta.zip,186,659,637.5
633_NT_AL_AA.fasta.zip,181,374,369
6340_NT_AL_AA.fasta.zip,188,666,649.0
6341_NT_AL_AA.fasta.zip,186,297,288.0
6342_NT_AL_AA.fasta.zip,178,549,534.0
6343_NT_AL_AA.fasta.zip,134,141,101.0
6344_NT_AL_AA.fasta.zip,183,454,423
6346_NT_AL_AA.fasta.zip,156,94,92.0
6352_NT_AL_AA.fasta.zip,171,96,90
635_NT_AL_AA.fasta.zip,158,407,406.0
6361_NT_AL_AA.fasta.zip,179,95,88
6363_NT_AL_AA.fasta.zip,181,98,94
6364_NT_AL_AA.fasta.zip,181,97,94
6366_NT_AL_AA.fasta.zip,179,134,131
6367_NT_AL_AA.fasta.zip,185,94,92
6369_NT_AL_AA.fasta.zip,168,123,119.0
636_NT_AL_AA.fasta.zip,172,987,975.0
6370_NT_AL_AA.fasta.zip,175,100,92
6376_NT_AL_AA.fasta.zip,175,552,384
637_NT_AL_AA.fasta.zip,182,218,188.0
63826_NT_AL_AA.fasta.zip,186,344,335.0
63827_NT_AL_AA.fasta.zip,188,948,896.0
6382_NT_AL_AA.fasta.zip,169,325,294
6383_NT_AL_AA.fasta.zip,188,209,201.0
6385_NT_AL_AA.fasta.zip,185,221,200
6386_NT_AL_AA.fasta.zip,178,310,298.0
63874_NT_AL_AA.fasta.zip,190,344,342.0
63875_NT_AL_AA.fasta.zip,187,177,172
63876_NT_AL_AA.fasta.zip,187,495,472
63877_NT_AL_AA.fasta.zip,189,259,233
6387_NT_AL_AA.fasta.zip,177,92,91
6388_NT_AL_AA.fasta.zip,185,212,211
63891_NT_AL_AA.fasta.zip,186,1378,1313.0
63892_NT_AL_AA.fasta.zip,185,1968,1931
63893_NT_AL_AA.fasta.zip,178,1341,1287.0
63894_NT_AL_AA.fasta.zip,190,504,493.0
63895_NT_AL_AA.fasta.zip,175,2906,2769
63897_NT_AL_AA.fasta.zip,181,1223,1171
63898_NT_AL_AA.fasta.zip,186,469,447.5
63899_NT_AL_AA.fasta.zip,186,337,334.0
6389_NT_AL_AA.fasta.zip,185,691,662
638_NT_AL_AA.fasta.zip,138,173,115.0
63901_NT_AL_AA.fasta.zip,128,672,599.0
63904_NT_AL_AA.fasta.zip,130,191,188.0
63905_NT_AL_AA.fasta.zip,187,85,85
63906_NT_AL_AA.fasta.zip,188,636,516.0
63908_NT_AL_AA.fasta.zip,158,304,297.0
6390_NT_AL_AA.fasta.zip,185,286,279
63910_NT_AL_AA.fasta.zip,181,429,418
63915_NT_AL_AA.fasta.zip,183,199,184
63916_NT_AL_AA.fasta.zip,188,720,720.0
63917_NT_AL_AA.fasta.zip,181,619,606
6391_NT_AL_AA.fasta.zip,181,171,169
63922_NT_AL_AA.fasta.zip,183,1027,956
63923_NT_AL_AA.fasta.zip,187,2841,1298
63924_NT_AL_AA.fasta.zip,187,258,242
63925_NT_AL_AA.fasta.zip,188,1403,1336.0
63926_NT_AL_AA.fasta.zip,185,784,776
63928_NT_AL_AA.fasta.zip,175,198,196
63929_NT_AL_AA.fasta.zip,188,512,506.0
6392_NT_AL_AA.fasta.zip,184,161,159.0
63931_NT_AL_AA.fasta.zip,188,128,127.0
63932_NT_AL_AA.fasta.zip,184,223,222.0
63933_NT_AL_AA.fasta.zip,174,376,339.0
63934_NT_AL_AA.fasta.zip,163,626,609
63935_NT_AL_AA.fasta.zip,188,715,703.0
63939_NT_AL_AA.fasta.zip,182,466,356.0
63940_NT_AL_AA.fasta.zip,170,173,160.0
63941_NT_AL_AA.fasta.zip,177,382,355
63943_NT_AL_AA.fasta.zip,185,351,347
63946_NT_AL_AA.fasta.zip,187,390,369
63948_NT_AL_AA.fasta.zip,182,436,310.0
63950_NT_AL_AA.fasta.zip,171,564,535
63951_NT_AL_AA.fasta.zip,181,544,495
63967_NT_AL_AA.fasta.zip,189,1511,1322
6396_NT_AL_AA.fasta.zip,176,458,322.0
63971_NT_AL_AA.fasta.zip,183,1808,1790
63973_NT_AL_AA.fasta.zip,160,307,269.0
63974_NT_AL_AA.fasta.zip,179,337,337
63976_NT_AL_AA.fasta.zip,175,1334,1258
63977_NT_AL_AA.fasta.zip,187,1190,1133
63978_NT_AL_AA.fasta.zip,184,615,566.0
63979_NT_AL_AA.fasta.zip,170,688,674.0
6397_NT_AL_AA.fasta.zip,181,721,715
63982_NT_AL_AA.fasta.zip,182,970,966.0
6399_NT_AL_AA.fasta.zip,175,140,140
639_NT_AL_AA.fasta.zip,188,863,813.0
64005_NT_AL_AA.fasta.zip,184,1020,1012.0
6400_NT_AL_AA.fasta.zip,185,806,794
6401_NT_AL_AA.fasta.zip,183,703,596
6402_NT_AL_AA.fasta.zip,183,494,367
6403_NT_AL_AA.fasta.zip,185,1120,768
6404_NT_AL_AA.fasta.zip,170,759,342.5
6405_NT_AL_AA.fasta.zip,185,797,785
64061_NT_AL_AA.fasta.zip,178,843,663.0
64062_NT_AL_AA.fasta.zip,186,1040,1021.0
64063_NT_AL_AA.fasta.zip,90,306,300.0
64065_NT_AL_AA.fasta.zip,186,195,193.0
64066_NT_AL_AA.fasta.zip,181,512,505
64067_NT_AL_AA.fasta.zip,172,967,900.0
64072_NT_AL_AA.fasta.zip,158,3364,3351.0
64073_NT_AL_AA.fasta.zip,148,157,96.0
64077_NT_AL_AA.fasta.zip,176,270,266.0
64078_NT_AL_AA.fasta.zip,172,701,684.0
64080_NT_AL_AA.fasta.zip,185,335,319
64083_NT_AL_AA.fasta.zip,180,310,296.0
64084_NT_AL_AA.fasta.zip,174,984,919.0
64087_NT_AL_AA.fasta.zip,187,567,563
64089_NT_AL_AA.fasta.zip,185,350,342
64091_NT_AL_AA.fasta.zip,190,387,367.0
64093_NT_AL_AA.fasta.zip,180,445,443.0
64094_NT_AL_AA.fasta.zip,174,566,428.0
64096_NT_AL_AA.fasta.zip,176,255,228.5
64097_NT_AL_AA.fasta.zip,176,695,686.0
64098_NT_AL_AA.fasta.zip,183,329,316
640_NT_AL_AA.fasta.zip,185,508,500
64101_NT_AL_AA.fasta.zip,183,663,652
64102_NT_AL_AA.fasta.zip,183,321,317
64105_NT_AL_AA.fasta.zip,185,279,270
64106_NT_AL_AA.fasta.zip,170,455,428.0
64108_NT_AL_AA.fasta.zip,160,188,185.0
64109_NT_AL_AA.fasta.zip,114,352,330.0
64111_NT_AL_AA.fasta.zip,182,202,196.0
64112_NT_AL_AA.fasta.zip,113,367,351
64114_NT_AL_AA.fasta.zip,190,320,309.0
64115_NT_AL_AA.fasta.zip,183,322,307
64116_NT_AL_AA.fasta.zip,171,474,461
64118_NT_AL_AA.fasta.zip,185,486,470
64121_NT_AL_AA.fasta.zip,190,418,397.0
64122_NT_AL_AA.fasta.zip,169,308,307
64123_NT_AL_AA.fasta.zip,184,748,738.5
64127_NT_AL_AA.fasta.zip,186,1028,1013.0
64129_NT_AL_AA.fasta.zip,188,469,461.0
64130_NT_AL_AA.fasta.zip,178,211,206.0
64131_NT_AL_AA.fasta.zip,170,868,839.0
64132_NT_AL_AA.fasta.zip,182,874,863.0
64135_NT_AL_AA.fasta.zip,169,1088,1021
641372_NT_AL_AA.fasta.zip,103,426,421
64137_NT_AL_AA.fasta.zip,186,661,646.0
64145_NT_AL_AA.fasta.zip,186,834,781.0
64147_NT_AL_AA.fasta.zip,185,804,787
64149_NT_AL_AA.fasta.zip,186,407,396.0
6414_NT_AL_AA.fasta.zip,185,413,370
641517_NT_AL_AA.fasta.zip,39,82,80
6415_NT_AL_AA.fasta.zip,162,89,87.0
641649_NT_AL_AA.fasta.zip,166,180,172.0
64168_NT_AL_AA.fasta.zip,154,358,351.0
6416_NT_AL_AA.fasta.zip,187,506,400
641700_NT_AL_AA.fasta.zip,185,269,213
64170_NT_AL_AA.fasta.zip,181,566,520
64172_NT_AL_AA.fasta.zip,177,421,414
64175_NT_AL_AA.fasta.zip,183,752,735
64184_NT_AL_AA.fasta.zip,78,148,145.0
6418_NT_AL_AA.fasta.zip,159,283,269
6419_NT_AL_AA.fasta.zip,162,306,300.0
641_NT_AL_AA.fasta.zip,155,1492,1412
64207_NT_AL_AA.fasta.zip,183,845,779
64208_NT_AL_AA.fasta.zip,185,295,291
64210_NT_AL_AA.fasta.zip,189,1047,1030
64211_NT_AL_AA.fasta.zip,185,407,402
64215_NT_AL_AA.fasta.zip,175,566,522
64216_NT_AL_AA.fasta.zip,187,402,380
64218_NT_AL_AA.fasta.zip,184,784,760.0
64219_NT_AL_AA.fasta.zip,171,637,578
6421_NT_AL_AA.fasta.zip,183,800,695
64220_NT_AL_AA.fasta.zip,185,693,657
64221_NT_AL_AA.fasta.zip,188,1439,1366.5
64222_NT_AL_AA.fasta.zip,179,383,362
64223_NT_AL_AA.fasta.zip,187,329,326
64224_NT_AL_AA.fasta.zip,175,408,405
64225_NT_AL_AA.fasta.zip,182,589,584.0
642273_NT_AL_AA.fasta.zip,166,412,278.0
6422_NT_AL_AA.fasta.zip,179,314,307
64232_NT_AL_AA.fasta.zip,145,190,185
64236_NT_AL_AA.fasta.zip,186,389,352.0
6423_NT_AL_AA.fasta.zip,183,297,294
64240_NT_AL_AA.fasta.zip,188,658,647.0
64241_NT_AL_AA.fasta.zip,188,691,655.0
642475_NT_AL_AA.fasta.zip,176,726,661.0
6424_NT_AL_AA.fasta.zip,186,378,346.0
642574_NT_AL_AA.fasta.zip,137,535,495
642597_NT_AL_AA.fasta.zip,163,69,64
6425_NT_AL_AA.fasta.zip,181,322,312
642636_NT_AL_AA.fasta.zip,184,575,554.0
642658_NT_AL_AA.fasta.zip,151,222,198
6426_NT_AL_AA.fasta.zip,178,248,248.0
6427_NT_AL_AA.fasta.zip,159,221,221
64282_NT_AL_AA.fasta.zip,172,751,685.0
64283_NT_AL_AA.fasta.zip,183,1749,1690
642843_NT_AL_AA.fasta.zip,171,177,165
64284_NT_AL_AA.fasta.zip,183,189,184
64285_NT_AL_AA.fasta.zip,170,879,855.0
6428_NT_AL_AA.fasta.zip,187,164,164
642938_NT_AL_AA.fasta.zip,180,522,471.5
642968_NT_AL_AA.fasta.zip,182,194,161.0
642987_NT_AL_AA.fasta.zip,165,655,623
6429_NT_AL_AA.fasta.zip,189,647,490
642_NT_AL_AA.fasta.zip,189,453,452
643037_NT_AL_AA.fasta.zip,169,137,121
6430_NT_AL_AA.fasta.zip,189,292,272
643155_NT_AL_AA.fasta.zip,161,74,74
643161_NT_AL_AA.fasta.zip,146,94,89.0
64318_NT_AL_AA.fasta.zip,187,816,799
64319_NT_AL_AA.fasta.zip,173,1074,979
6431_NT_AL_AA.fasta.zip,183,354,344
64320_NT_AL_AA.fasta.zip,189,471,457
64321_NT_AL_AA.fasta.zip,169,445,403
643226_NT_AL_AA.fasta.zip,188,272,247.0
643236_NT_AL_AA.fasta.zip,189,286,275
64324_NT_AL_AA.fasta.zip,186,2779,2696.0
64326_NT_AL_AA.fasta.zip,184,764,728.0
64327_NT_AL_AA.fasta.zip,167,491,488
64328_NT_AL_AA.fasta.zip,118,1157,1149.0
6432_NT_AL_AA.fasta.zip,186,241,238.0
64332_NT_AL_AA.fasta.zip,188,756,711.0
643338_NT_AL_AA.fasta.zip,185,191,175
64333_NT_AL_AA.fasta.zip,188,789,730.5
643376_NT_AL_AA.fasta.zip,186,767,712.0
643382_NT_AL_AA.fasta.zip,183,212,199
6433_NT_AL_AA.fasta.zip,184,993,936.0
64342_NT_AL_AA.fasta.zip,186,457,374.0
64343_NT_AL_AA.fasta.zip,188,401,390.0
64344_NT_AL_AA.fasta.zip,187,693,657
6434_NT_AL_AA.fasta.zip,185,299,288
643596_NT_AL_AA.fasta.zip,157,167,148
64359_NT_AL_AA.fasta.zip,178,464,428.0
643664_NT_AL_AA.fasta.zip,176,355,337.0
643669_NT_AL_AA.fasta.zip,180,313,238.0
643677_NT_AL_AA.fasta.zip,130,12029,6357.0
64374_NT_AL_AA.fasta.zip,183,472,456
64375_NT_AL_AA.fasta.zip,187,603,585
64376_NT_AL_AA.fasta.zip,175,420,419
64377_NT_AL_AA.fasta.zip,179,444,423
643803_NT_AL_AA.fasta.zip,150,256,247.0
643812_NT_AL_AA.fasta.zip,153,214,204
643836_NT_AL_AA.fasta.zip,170,911,902.0
643853_NT_AL_AA.fasta.zip,179,456,446
643866_NT_AL_AA.fasta.zip,187,209,205
64386_NT_AL_AA.fasta.zip,181,603,554
64388_NT_AL_AA.fasta.zip,154,174,165.0
643904_NT_AL_AA.fasta.zip,184,229,205.0
64393_NT_AL_AA.fasta.zip,188,297,289.0
64395_NT_AL_AA.fasta.zip,187,540,526
643965_NT_AL_AA.fasta.zip,169,195,166
64397_NT_AL_AA.fasta.zip,186,2102,1898.0
643988_NT_AL_AA.fasta.zip,134,241,218.5
64398_NT_AL_AA.fasta.zip,189,677,675
64399_NT_AL_AA.fasta.zip,187,711,700
6439_NT_AL_AA.fasta.zip,187,402,365
643_NT_AL_AA.fasta.zip,183,380,374
64400_NT_AL_AA.fasta.zip,183,292,289
64403_NT_AL_AA.fasta.zip,182,806,780.0
644041_NT_AL_AA.fasta.zip,187,724,658
64405_NT_AL_AA.fasta.zip,175,859,811
644070_NT_AL_AA.fasta.zip,151,297,287
64407_NT_AL_AA.fasta.zip,186,238,235.0
644096_NT_AL_AA.fasta.zip,184,120,117.5
64409_NT_AL_AA.fasta.zip,182,599,598.0
6440_NT_AL_AA.fasta.zip,187,200,187
644100_NT_AL_AA.fasta.zip,182,156,152.0
64410_NT_AL_AA.fasta.zip,185,589,589
64411_NT_AL_AA.fasta.zip,187,1585,1539
64412_NT_AL_AA.fasta.zip,187,748,696
644139_NT_AL_AA.fasta.zip,179,137,135
644150_NT_AL_AA.fasta.zip,182,531,445.5
644168_NT_AL_AA.fasta.zip,190,272,262.0
64417_NT_AL_AA.fasta.zip,184,216,215.0
644186_NT_AL_AA.fasta.zip,180,93,88.0
64418_NT_AL_AA.fasta.zip,189,697,697
64419_NT_AL_AA.fasta.zip,185,662,646
6441_NT_AL_AA.fasta.zip,140,403,375.0
64420_NT_AL_AA.fasta.zip,185,763,691
64421_NT_AL_AA.fasta.zip,181,728,675
64422_NT_AL_AA.fasta.zip,188,320,314.0
64423_NT_AL_AA.fasta.zip,153,1530,1171
64425_NT_AL_AA.fasta.zip,187,426,419
64426_NT_AL_AA.fasta.zip,186,333,324.0
64428_NT_AL_AA.fasta.zip,184,483,472.0
64429_NT_AL_AA.fasta.zip,190,415,413.0
6442_NT_AL_AA.fasta.zip,188,398,379.0
64430_NT_AL_AA.fasta.zip,177,1193,1180
64431_NT_AL_AA.fasta.zip,187,396,396
64432_NT_AL_AA.fasta.zip,160,174,173.0
64434_NT_AL_AA.fasta.zip,175,949,756
644353_NT_AL_AA.fasta.zip,129,430,393
6443_NT_AL_AA.fasta.zip,185,319,317
64446_NT_AL_AA.fasta.zip,183,578,572
6444_NT_AL_AA.fasta.zip,176,292,289.0
644524_NT_AL_AA.fasta.zip,159,401,351
6445_NT_AL_AA.fasta.zip,187,294,291
644672_NT_AL_AA.fasta.zip,180,235,228.0
6446_NT_AL_AA.fasta.zip,145,528,526
64478_NT_AL_AA.fasta.zip,147,3548,3535
6447_NT_AL_AA.fasta.zip,138,215,212.0
644815_NT_AL_AA.fasta.zip,182,889,812.0
644890_NT_AL_AA.fasta.zip,168,88,88.0
6448_NT_AL_AA.fasta.zip,178,515,502.0
644943_NT_AL_AA.fasta.zip,184,559,501.0
644994_NT_AL_AA.fasta.zip,183,149,136
6449_NT_AL_AA.fasta.zip,182,326,312.0
644_NT_AL_AA.fasta.zip,178,294,292.0
64506_NT_AL_AA.fasta.zip,185,508,501
645104_NT_AL_AA.fasta.zip,185,233,232
64518_NT_AL_AA.fasta.zip,188,497,490.0
645191_NT_AL_AA.fasta.zip,172,604,592.0
6451_NT_AL_AA.fasta.zip,167,119,114
6452_NT_AL_AA.fasta.zip,186,608,556.0
645369_NT_AL_AA.fasta.zip,180,734,607.0
6453_NT_AL_AA.fasta.zip,182,1823,1716.0
645426_NT_AL_AA.fasta.zip,158,315,293.0
645432_NT_AL_AA.fasta.zip,178,317,308.0
6455_NT_AL_AA.fasta.zip,185,376,364
6456_NT_AL_AA.fasta.zip,186,338,337.0
64577_NT_AL_AA.fasta.zip,187,493,487
6457_NT_AL_AA.fasta.zip,175,347,343
645811_NT_AL_AA.fasta.zip,173,690,632
64581_NT_AL_AA.fasta.zip,161,250,245
64582_NT_AL_AA.fasta.zip,171,548,483
645832_NT_AL_AA.fasta.zip,161,203,188
64598_NT_AL_AA.fasta.zip,177,251,233
64599_NT_AL_AA.fasta.zip,185,1120,1021
645_NT_AL_AA.fasta.zip,189,205,203
64600_NT_AL_AA.fasta.zip,181,206,195
646019_NT_AL_AA.fasta.zip,163,200,184
64601_NT_AL_AA.fasta.zip,189,849,838
6461_NT_AL_AA.fasta.zip,179,545,507
646262_NT_AL_AA.fasta.zip,184,556,546.0
6462_NT_AL_AA.fasta.zip,183,421,387
64641_NT_AL_AA.fasta.zip,180,576,575.0
646424_NT_AL_AA.fasta.zip,114,96,93.0
646457_NT_AL_AA.fasta.zip,185,386,358
64645_NT_AL_AA.fasta.zip,176,496,490.0
646486_NT_AL_AA.fasta.zip,130,134,133.0
646498_NT_AL_AA.fasta.zip,178,212,200.0
6464_NT_AL_AA.fasta.zip,187,598,584
64651_NT_AL_AA.fasta.zip,187,682,587
646603_NT_AL_AA.fasta.zip,129,202,162
646625_NT_AL_AA.fasta.zip,167,177,170
646627_NT_AL_AA.fasta.zip,43,302,254
646643_NT_AL_AA.fasta.zip,170,347,337.0
646658_NT_AL_AA.fasta.zip,187,256,237
646799_NT_AL_AA.fasta.zip,170,339,310.0
64682_NT_AL_AA.fasta.zip,182,1970,1941.0
646851_NT_AL_AA.fasta.zip,184,556,490.5
646862_NT_AL_AA.fasta.zip,161,327,281
646892_NT_AL_AA.fasta.zip,167,473,439
64689_NT_AL_AA.fasta.zip,189,561,422
6468_NT_AL_AA.fasta.zip,189,605,553
646951_NT_AL_AA.fasta.zip,157,452,449
646960_NT_AL_AA.fasta.zip,176,618,573.0
646962_NT_AL_AA.fasta.zip,166,164,96.0
64699_NT_AL_AA.fasta.zip,186,460,453.0
6469_NT_AL_AA.fasta.zip,178,481,430.0
646_NT_AL_AA.fasta.zip,184,1023,959.0
647024_NT_AL_AA.fasta.zip,184,2145,1134.0
647087_NT_AL_AA.fasta.zip,151,47,47
64708_NT_AL_AA.fasta.zip,189,265,264
6470_NT_AL_AA.fasta.zip,184,484,483.0
64710_NT_AL_AA.fasta.zip,185,247,243
64711_NT_AL_AA.fasta.zip,172,503,324.0
64714_NT_AL_AA.fasta.zip,180,569,515.0
647174_NT_AL_AA.fasta.zip,165,401,382
64718_NT_AL_AA.fasta.zip,179,739,699
647219_NT_AL_AA.fasta.zip,165,217,183
647286_NT_AL_AA.fasta.zip,170,203,198.0
6472_NT_AL_AA.fasta.zip,186,508,504.0
647309_NT_AL_AA.fasta.zip,180,338,333.0
647310_NT_AL_AA.fasta.zip,133,129,115
64743_NT_AL_AA.fasta.zip,181,488,485
64744_NT_AL_AA.fasta.zip,189,437,429
64745_NT_AL_AA.fasta.zip,189,478,453
64746_NT_AL_AA.fasta.zip,176,547,527.0
64747_NT_AL_AA.fasta.zip,183,471,463
64748_NT_AL_AA.fasta.zip,186,469,452.0
6474_NT_AL_AA.fasta.zip,186,349,331.0
64750_NT_AL_AA.fasta.zip,178,756,748.0
64753_NT_AL_AA.fasta.zip,169,1410,1134
64754_NT_AL_AA.fasta.zip,173,438,428
64755_NT_AL_AA.fasta.zip,184,480,467.0
64756_NT_AL_AA.fasta.zip,184,368,344.0
64759_NT_AL_AA.fasta.zip,174,1529,1431.0
64760_NT_AL_AA.fasta.zip,188,748,721.0
64761_NT_AL_AA.fasta.zip,175,715,689
64762_NT_AL_AA.fasta.zip,181,889,876
64763_NT_AL_AA.fasta.zip,185,938,895
64764_NT_AL_AA.fasta.zip,188,530,519.0
64766_NT_AL_AA.fasta.zip,186,451,408.0
64768_NT_AL_AA.fasta.zip,171,569,488
64769_NT_AL_AA.fasta.zip,186,210,201.0
6476_NT_AL_AA.fasta.zip,185,1840,1814
64770_NT_AL_AA.fasta.zip,182,956,891.0
64771_NT_AL_AA.fasta.zip,182,294,288.0
64772_NT_AL_AA.fasta.zip,186,719,690.0
64773_NT_AL_AA.fasta.zip,184,465,453.0
64776_NT_AL_AA.fasta.zip,187,139,137
64777_NT_AL_AA.fasta.zip,188,394,392.0
64778_NT_AL_AA.fasta.zip,189,1231,1206
64779_NT_AL_AA.fasta.zip,188,423,350.5
6477_NT_AL_AA.fasta.zip,169,318,311
64780_NT_AL_AA.fasta.zip,189,1121,1059
64781_NT_AL_AA.fasta.zip,164,531,480.0
64782_NT_AL_AA.fasta.zip,187,345,320
64783_NT_AL_AA.fasta.zip,178,983,955.5
64784_NT_AL_AA.fasta.zip,182,650,599.0
64785_NT_AL_AA.fasta.zip,189,289,215
64786_NT_AL_AA.fasta.zip,190,831,690.0
64787_NT_AL_AA.fasta.zip,178,753,712.0
64788_NT_AL_AA.fasta.zip,181,569,556
64789_NT_AL_AA.fasta.zip,184,377,371.0
6478_NT_AL_AA.fasta.zip,161,337,321
64792_NT_AL_AA.fasta.zip,183,187,184
64793_NT_AL_AA.fasta.zip,171,782,763
64794_NT_AL_AA.fasta.zip,185,700,667
64795_NT_AL_AA.fasta.zip,185,391,391
64798_NT_AL_AA.fasta.zip,168,409,402.0
64799_NT_AL_AA.fasta.zip,173,1061,1009
64800_NT_AL_AA.fasta.zip,177,1613,1448
64801_NT_AL_AA.fasta.zip,183,283,266
64802_NT_AL_AA.fasta.zip,184,281,279.0
64805_NT_AL_AA.fasta.zip,181,344,339
64806_NT_AL_AA.fasta.zip,175,173,163
6480_NT_AL_AA.fasta.zip,188,410,402.0
6482_NT_AL_AA.fasta.zip,183,345,340
64834_NT_AL_AA.fasta.zip,189,285,279
64837_NT_AL_AA.fasta.zip,187,631,620
64838_NT_AL_AA.fasta.zip,178,222,218.0
64839_NT_AL_AA.fasta.zip,162,815,686.0
6483_NT_AL_AA.fasta.zip,189,353,350
64840_NT_AL_AA.fasta.zip,180,468,461.0
64841_NT_AL_AA.fasta.zip,189,184,184
64843_NT_AL_AA.fasta.zip,182,366,358.0
64844_NT_AL_AA.fasta.zip,189,701,684
64847_NT_AL_AA.fasta.zip,181,771,764
64848_NT_AL_AA.fasta.zip,180,1455,1427.0
64849_NT_AL_AA.fasta.zip,185,610,600
6484_NT_AL_AA.fasta.zip,181,340,333
64850_NT_AL_AA.fasta.zip,182,530,498.0
64852_NT_AL_AA.fasta.zip,91,895,861
64853_NT_AL_AA.fasta.zip,179,308,306
64854_NT_AL_AA.fasta.zip,183,366,365
64855_NT_AL_AA.fasta.zip,185,782,735
64856_NT_AL_AA.fasta.zip,170,416,399.0
64857_NT_AL_AA.fasta.zip,186,1649,1367.0
64858_NT_AL_AA.fasta.zip,180,540,528.0
64859_NT_AL_AA.fasta.zip,182,202,198.0
64860_NT_AL_AA.fasta.zip,116,579,509.0
64863_NT_AL_AA.fasta.zip,184,487,467.0
64864_NT_AL_AA.fasta.zip,189,1501,1459
64866_NT_AL_AA.fasta.zip,188,921,827.0
648791_NT_AL_AA.fasta.zip,167,399,344
6487_NT_AL_AA.fasta.zip,187,383,372
64881_NT_AL_AA.fasta.zip,187,966,950
64895_NT_AL_AA.fasta.zip,189,756,739
64897_NT_AL_AA.fasta.zip,188,310,255.0
6489_NT_AL_AA.fasta.zip,183,359,356
648_NT_AL_AA.fasta.zip,163,329,326
64900_NT_AL_AA.fasta.zip,188,893,837.0
64901_NT_AL_AA.fasta.zip,178,1089,1087.0
64902_NT_AL_AA.fasta.zip,186,520,513.0
6490_NT_AL_AA.fasta.zip,186,879,652.0
64919_NT_AL_AA.fasta.zip,174,961,889.0
6491_NT_AL_AA.fasta.zip,182,1320,1266.0
64921_NT_AL_AA.fasta.zip,168,797,796.0
64922_NT_AL_AA.fasta.zip,183,375,369
64924_NT_AL_AA.fasta.zip,188,787,765.0
64925_NT_AL_AA.fasta.zip,185,693,446
64926_NT_AL_AA.fasta.zip,187,1087,1000
64927_NT_AL_AA.fasta.zip,186,450,440.0
64928_NT_AL_AA.fasta.zip,118,146,145.0
6492_NT_AL_AA.fasta.zip,188,771,766.0
6493_NT_AL_AA.fasta.zip,182,593,542.0
64943_NT_AL_AA.fasta.zip,187,565,550
64946_NT_AL_AA.fasta.zip,183,214,211
64949_NT_AL_AA.fasta.zip,181,213,204
6494_NT_AL_AA.fasta.zip,184,1096,1037.0
64951_NT_AL_AA.fasta.zip,174,155,154.0
6495_NT_AL_AA.fasta.zip,181,284,284
64960_NT_AL_AA.fasta.zip,188,270,249.0
64963_NT_AL_AA.fasta.zip,187,210,194
64965_NT_AL_AA.fasta.zip,187,406,394
64969_NT_AL_AA.fasta.zip,178,434,429.0
6496_NT_AL_AA.fasta.zip,176,359,331.0
64975_NT_AL_AA.fasta.zip,163,138,135
64976_NT_AL_AA.fasta.zip,185,196,195
64978_NT_AL_AA.fasta.zip,188,386,380.0
64979_NT_AL_AA.fasta.zip,159,119,99
6497_NT_AL_AA.fasta.zip,161,762,715
64981_NT_AL_AA.fasta.zip,184,87,82.0
64983_NT_AL_AA.fasta.zip,189,196,188
6498_NT_AL_AA.fasta.zip,189,697,684
6499_NT_AL_AA.fasta.zip,180,1265,1245.0
649_NT_AL_AA.fasta.zip,177,994,975
65003_NT_AL_AA.fasta.zip,189,198,192
65005_NT_AL_AA.fasta.zip,183,256,255
65008_NT_AL_AA.fasta.zip,181,333,316
65009_NT_AL_AA.fasta.zip,189,425,404
6500_NT_AL_AA.fasta.zip,181,165,162
65018_NT_AL_AA.fasta.zip,187,593,574
6502_NT_AL_AA.fasta.zip,187,430,422
6503_NT_AL_AA.fasta.zip,185,339,315
6504_NT_AL_AA.fasta.zip,175,357,326
65055_NT_AL_AA.fasta.zip,182,279,273.0
65056_NT_AL_AA.fasta.zip,174,495,492.0
65057_NT_AL_AA.fasta.zip,184,490,448.5
65059_NT_AL_AA.fasta.zip,170,1384,1245.0
6505_NT_AL_AA.fasta.zip,185,530,524
65061_NT_AL_AA.fasta.zip,187,449,435
65062_NT_AL_AA.fasta.zip,180,415,393.0
65065_NT_AL_AA.fasta.zip,184,2739,2689.0
6506_NT_AL_AA.fasta.zip,189,571,568
65078_NT_AL_AA.fasta.zip,172,853,465.0
6507_NT_AL_AA.fasta.zip,188,543,542.0
65080_NT_AL_AA.fasta.zip,189,338,332
65082_NT_AL_AA.fasta.zip,188,611,596.0
65083_NT_AL_AA.fasta.zip,189,1159,1145
65084_NT_AL_AA.fasta.zip,188,460,456.0
6508_NT_AL_AA.fasta.zip,185,1250,1222
65094_NT_AL_AA.fasta.zip,185,431,406
65095_NT_AL_AA.fasta.zip,186,766,691.0
6509_NT_AL_AA.fasta.zip,185,543,531
650_NT_AL_AA.fasta.zip,186,411,395.0
65108_NT_AL_AA.fasta.zip,172,216,197.0
65109_NT_AL_AA.fasta.zip,183,537,483
6510_NT_AL_AA.fasta.zip,183,565,535
65110_NT_AL_AA.fasta.zip,177,455,426
65117_NT_AL_AA.fasta.zip,187,448,435
6511_NT_AL_AA.fasta.zip,183,565,563
65124_NT_AL_AA.fasta.zip,150,587,479.0
65125_NT_AL_AA.fasta.zip,179,2953,2638
6512_NT_AL_AA.fasta.zip,185,575,560
6513_NT_AL_AA.fasta.zip,188,489,489.0
6514_NT_AL_AA.fasta.zip,189,529,518
6515_NT_AL_AA.fasta.zip,130,499,492.0
651746_NT_AL_AA.fasta.zip,176,531,461.0
6517_NT_AL_AA.fasta.zip,189,514,508
6519_NT_AL_AA.fasta.zip,188,697,679.0
651_NT_AL_AA.fasta.zip,184,488,473.5
6520_NT_AL_AA.fasta.zip,185,552,529
65217_NT_AL_AA.fasta.zip,170,1801,1564.5
6521_NT_AL_AA.fasta.zip,187,942,894
65220_NT_AL_AA.fasta.zip,188,447,442.0
6522_NT_AL_AA.fasta.zip,188,1277,1235.0
6523_NT_AL_AA.fasta.zip,168,674,662.0
65244_NT_AL_AA.fasta.zip,186,614,544.0
65249_NT_AL_AA.fasta.zip,177,1132,1103
6524_NT_AL_AA.fasta.zip,186,686,671.0
65250_NT_AL_AA.fasta.zip,145,3405,3178
65258_NT_AL_AA.fasta.zip,187,416,383
6525_NT_AL_AA.fasta.zip,183,1044,927
65260_NT_AL_AA.fasta.zip,188,231,231.0
65263_NT_AL_AA.fasta.zip,184,265,265.0
65264_NT_AL_AA.fasta.zip,183,369,354
65265_NT_AL_AA.fasta.zip,166,185,174.5
65266_NT_AL_AA.fasta.zip,184,1354,1224.5
65267_NT_AL_AA.fasta.zip,166,1850,1745.0
65268_NT_AL_AA.fasta.zip,172,2306,2074.5
6526_NT_AL_AA.fasta.zip,183,723,718
6528_NT_AL_AA.fasta.zip,182,635,618.0
652968_NT_AL_AA.fasta.zip,185,338,328
652991_NT_AL_AA.fasta.zip,187,1116,1000
6529_NT_AL_AA.fasta.zip,188,610,599.0
652_NT_AL_AA.fasta.zip,183,417,409
6530_NT_AL_AA.fasta.zip,183,622,614
653121_NT_AL_AA.fasta.zip,188,453,440.0
6531_NT_AL_AA.fasta.zip,183,619,611
6532_NT_AL_AA.fasta.zip,186,638,630.0
653319_NT_AL_AA.fasta.zip,188,488,470.0
653361_NT_AL_AA.fasta.zip,186,404,387.0
6533_NT_AL_AA.fasta.zip,184,630,620.0
6534_NT_AL_AA.fasta.zip,187,642,636
653567_NT_AL_AA.fasta.zip,184,358,345.0
653583_NT_AL_AA.fasta.zip,178,692,631.5
6535_NT_AL_AA.fasta.zip,177,641,635
6536_NT_AL_AA.fasta.zip,189,628,623
653808_NT_AL_AA.fasta.zip,169,173,167
6538_NT_AL_AA.fasta.zip,176,642,628.0
6539_NT_AL_AA.fasta.zip,179,628,613
653_NT_AL_AA.fasta.zip,185,462,454
6540_NT_AL_AA.fasta.zip,183,611,600
6541_NT_AL_AA.fasta.zip,158,637,629.0
654231_NT_AL_AA.fasta.zip,80,109,109.0
6542_NT_AL_AA.fasta.zip,188,708,658.0
6543_NT_AL_AA.fasta.zip,180,939,921.0
654429_NT_AL_AA.fasta.zip,158,372,370.0
654463_NT_AL_AA.fasta.zip,184,1879,1853.0
654483_NT_AL_AA.fasta.zip,173,88,86
6545_NT_AL_AA.fasta.zip,157,638,631
6546_NT_AL_AA.fasta.zip,180,975,970.0
654790_NT_AL_AA.fasta.zip,162,69,66.0
6547_NT_AL_AA.fasta.zip,180,935,928.0
6548_NT_AL_AA.fasta.zip,189,848,814
6549_NT_AL_AA.fasta.zip,187,800,784
654_NT_AL_AA.fasta.zip,183,536,493
6550_NT_AL_AA.fasta.zip,178,809,789.0
6553_NT_AL_AA.fasta.zip,188,916,895.0
6554_NT_AL_AA.fasta.zip,186,354,342.0
6555_NT_AL_AA.fasta.zip,189,350,348
6556_NT_AL_AA.fasta.zip,186,557,536.0
6557_NT_AL_AA.fasta.zip,186,1202,1098.0
6558_NT_AL_AA.fasta.zip,177,1252,1194
6559_NT_AL_AA.fasta.zip,188,1062,1025.0
655_NT_AL_AA.fasta.zip,180,436,428.0
6560_NT_AL_AA.fasta.zip,190,1101,1084.0
6561_NT_AL_AA.fasta.zip,187,605,594
6563_NT_AL_AA.fasta.zip,146,722,435.0
6564_NT_AL_AA.fasta.zip,186,716,698.0
6565_NT_AL_AA.fasta.zip,177,739,729
6567_NT_AL_AA.fasta.zip,178,576,533.0
6568_NT_AL_AA.fasta.zip,131,471,462
6569_NT_AL_AA.fasta.zip,186,684,638.0
6570_NT_AL_AA.fasta.zip,183,531,524
6571_NT_AL_AA.fasta.zip,184,525,513.0
6572_NT_AL_AA.fasta.zip,186,548,521.0
6573_NT_AL_AA.fasta.zip,188,504,465.0
6574_NT_AL_AA.fasta.zip,176,705,677.0
6575_NT_AL_AA.fasta.zip,185,658,652
6576_NT_AL_AA.fasta.zip,180,309,305.0
6578_NT_AL_AA.fasta.zip,182,975,643.0
657_NT_AL_AA.fasta.zip,173,539,532
6581_NT_AL_AA.fasta.zip,178,565,541.0
6582_NT_AL_AA.fasta.zip,155,562,551
6583_NT_AL_AA.fasta.zip,131,560,553
6584_NT_AL_AA.fasta.zip,128,562,557.0
6585_NT_AL_AA.fasta.zip,181,1544,1534
6586_NT_AL_AA.fasta.zip,176,1532,1520.0
658_NT_AL_AA.fasta.zip,188,505,501.0
6591_NT_AL_AA.fasta.zip,155,270,268
6594_NT_AL_AA.fasta.zip,185,1086,1068
6595_NT_AL_AA.fasta.zip,181,1652,1567
6596_NT_AL_AA.fasta.zip,189,1037,1006
65975_NT_AL_AA.fasta.zip,186,545,505.0
65977_NT_AL_AA.fasta.zip,188,302,300.0
65979_NT_AL_AA.fasta.zip,170,755,693.0
6597_NT_AL_AA.fasta.zip,182,1672,1648.0
65980_NT_AL_AA.fasta.zip,180,634,615.0
65981_NT_AL_AA.fasta.zip,182,1115,1068.0
65982_NT_AL_AA.fasta.zip,107,524,394
65983_NT_AL_AA.fasta.zip,189,412,399
65985_NT_AL_AA.fasta.zip,176,697,672.0
65986_NT_AL_AA.fasta.zip,181,937,862
65987_NT_AL_AA.fasta.zip,178,228,214.0
65989_NT_AL_AA.fasta.zip,189,393,383
6598_NT_AL_AA.fasta.zip,179,386,385
65990_NT_AL_AA.fasta.zip,178,212,202.0
65991_NT_AL_AA.fasta.zip,175,190,187
65992_NT_AL_AA.fasta.zip,189,321,315
65993_NT_AL_AA.fasta.zip,169,223,217
65997_NT_AL_AA.fasta.zip,181,256,248
65998_NT_AL_AA.fasta.zip,162,747,656.0
6599_NT_AL_AA.fasta.zip,183,1126,1095
659_NT_AL_AA.fasta.zip,187,1051,1038
66000_NT_AL_AA.fasta.zip,185,658,566
66005_NT_AL_AA.fasta.zip,184,401,391.0
66008_NT_AL_AA.fasta.zip,186,1007,912.0
6601_NT_AL_AA.fasta.zip,183,1272,1243
6602_NT_AL_AA.fasta.zip,187,521,515
66036_NT_AL_AA.fasta.zip,183,553,549
66037_NT_AL_AA.fasta.zip,182,292,281.0
6603_NT_AL_AA.fasta.zip,189,568,527
6604_NT_AL_AA.fasta.zip,188,499,482.0
6605_NT_AL_AA.fasta.zip,183,411,409
6608_NT_AL_AA.fasta.zip,181,815,786
6609_NT_AL_AA.fasta.zip,188,637,619.0
660_NT_AL_AA.fasta.zip,186,700,653.0
6610_NT_AL_AA.fasta.zip,186,434,423.0
6611_NT_AL_AA.fasta.zip,178,364,361.0
6612_NT_AL_AA.fasta.zip,172,99,92.0
6613_NT_AL_AA.fasta.zip,181,96,95
6614_NT_AL_AA.fasta.zip,184,1730,1680.0
6615_NT_AL_AA.fasta.zip,187,276,264
6616_NT_AL_AA.fasta.zip,88,206,206.0
6617_NT_AL_AA.fasta.zip,187,388,367
6618_NT_AL_AA.fasta.zip,181,428,321
6619_NT_AL_AA.fasta.zip,188,418,412.0
661_NT_AL_AA.fasta.zip,186,406,398.0
6620_NT_AL_AA.fasta.zip,186,135,134.0
6621_NT_AL_AA.fasta.zip,181,1607,1284
6622_NT_AL_AA.fasta.zip,172,142,140.0
6623_NT_AL_AA.fasta.zip,186,128,123.5
6624_NT_AL_AA.fasta.zip,180,498,493.0
6625_NT_AL_AA.fasta.zip,185,466,438
6626_NT_AL_AA.fasta.zip,189,289,282
6627_NT_AL_AA.fasta.zip,174,253,253.0
6628_NT_AL_AA.fasta.zip,184,231,231.0
6629_NT_AL_AA.fasta.zip,182,226,225.0
662_NT_AL_AA.fasta.zip,188,230,227.0
6631_NT_AL_AA.fasta.zip,184,159,159.0
6632_NT_AL_AA.fasta.zip,181,118,118
6633_NT_AL_AA.fasta.zip,183,118,118
6634_NT_AL_AA.fasta.zip,166,127,126.0
6635_NT_AL_AA.fasta.zip,188,92,92.0
6636_NT_AL_AA.fasta.zip,181,86,86
6637_NT_AL_AA.fasta.zip,164,76,76.0
6638_NT_AL_AA.fasta.zip,158,245,240.0
663_NT_AL_AA.fasta.zip,187,332,326
6640_NT_AL_AA.fasta.zip,187,525,504
6641_NT_AL_AA.fasta.zip,164,574,536.0
6642_NT_AL_AA.fasta.zip,187,547,518
6643_NT_AL_AA.fasta.zip,187,522,519
6645_NT_AL_AA.fasta.zip,187,560,530
6646_NT_AL_AA.fasta.zip,188,549,545.5
6647_NT_AL_AA.fasta.zip,169,158,153
6648_NT_AL_AA.fasta.zip,186,224,222.0
6649_NT_AL_AA.fasta.zip,175,258,226
664_NT_AL_AA.fasta.zip,173,193,184
6650_NT_AL_AA.fasta.zip,185,1363,1120
6651_NT_AL_AA.fasta.zip,190,3113,2435.0
6652_NT_AL_AA.fasta.zip,189,358,356
6653_NT_AL_AA.fasta.zip,182,2362,2211.0
6654_NT_AL_AA.fasta.zip,185,1342,1332
6655_NT_AL_AA.fasta.zip,185,1370,1330
6656_NT_AL_AA.fasta.zip,144,417,389.0
6657_NT_AL_AA.fasta.zip,176,328,319.0
6658_NT_AL_AA.fasta.zip,156,486,443.0
6659_NT_AL_AA.fasta.zip,169,536,463
665_NT_AL_AA.fasta.zip,184,225,218.0
6660_NT_AL_AA.fasta.zip,179,765,752
6662_NT_AL_AA.fasta.zip,172,578,506.0
6663_NT_AL_AA.fasta.zip,181,478,467
6664_NT_AL_AA.fasta.zip,161,538,434
6665_NT_AL_AA.fasta.zip,187,252,231
6666_NT_AL_AA.fasta.zip,155,332,312
6667_NT_AL_AA.fasta.zip,180,811,786.0
6668_NT_AL_AA.fasta.zip,183,620,612
666_NT_AL_AA.fasta.zip,180,250,211.0
6670_NT_AL_AA.fasta.zip,182,821,771.0
6671_NT_AL_AA.fasta.zip,173,802,784
6672_NT_AL_AA.fasta.zip,98,930,772.0
6674_NT_AL_AA.fasta.zip,185,969,904
6675_NT_AL_AA.fasta.zip,155,524,522
6676_NT_AL_AA.fasta.zip,189,441,432
6678_NT_AL_AA.fasta.zip,187,397,303
667_NT_AL_AA.fasta.zip,173,7934,7523
6683_NT_AL_AA.fasta.zip,185,645,609
6687_NT_AL_AA.fasta.zip,189,804,776
6688_NT_AL_AA.fasta.zip,188,305,269.0
6689_NT_AL_AA.fasta.zip,156,283,257.0
668_NT_AL_AA.fasta.zip,165,424,374
6690_NT_AL_AA.fasta.zip,164,82,79.0
6691_NT_AL_AA.fasta.zip,145,91,77
6692_NT_AL_AA.fasta.zip,184,538,501.0
6693_NT_AL_AA.fasta.zip,176,1056,356.0
6694_NT_AL_AA.fasta.zip,187,208,182
6695_NT_AL_AA.fasta.zip,176,457,440.5
6696_NT_AL_AA.fasta.zip,188,383,291.0
6697_NT_AL_AA.fasta.zip,173,262,259
669_NT_AL_AA.fasta.zip,185,259,259
6708_NT_AL_AA.fasta.zip,180,2440,2406.0
6709_NT_AL_AA.fasta.zip,187,2502,2498
670_NT_AL_AA.fasta.zip,184,291,276.0
6710_NT_AL_AA.fasta.zip,189,2375,2328
6711_NT_AL_AA.fasta.zip,188,2363,2362.0
6712_NT_AL_AA.fasta.zip,189,2419,2380
6713_NT_AL_AA.fasta.zip,188,583,573.0
6714_NT_AL_AA.fasta.zip,185,550,540
6715_NT_AL_AA.fasta.zip,183,256,252
6716_NT_AL_AA.fasta.zip,184,256,253.0
6717_NT_AL_AA.fasta.zip,187,199,194
6718_NT_AL_AA.fasta.zip,180,326,326.0
671_NT_AL_AA.fasta.zip,151,490,478
6720_NT_AL_AA.fasta.zip,187,1239,1129
6722_NT_AL_AA.fasta.zip,182,528,506.0
6723_NT_AL_AA.fasta.zip,175,307,302
6726_NT_AL_AA.fasta.zip,183,87,86
6727_NT_AL_AA.fasta.zip,183,113,110
6728_NT_AL_AA.fasta.zip,161,147,144
6729_NT_AL_AA.fasta.zip,168,506,504.0
672_NT_AL_AA.fasta.zip,182,1980,1825.5
6730_NT_AL_AA.fasta.zip,188,639,619.0
6731_NT_AL_AA.fasta.zip,189,672,667
6732_NT_AL_AA.fasta.zip,185,709,654
6733_NT_AL_AA.fasta.zip,188,727,712.0
6734_NT_AL_AA.fasta.zip,188,650,638.0
6737_NT_AL_AA.fasta.zip,167,470,467
6738_NT_AL_AA.fasta.zip,186,537,536.0
673_NT_AL_AA.fasta.zip,183,834,764
6741_NT_AL_AA.fasta.zip,185,419,405
6742_NT_AL_AA.fasta.zip,185,151,148
6744_NT_AL_AA.fasta.zip,176,1324,1247.0
6745_NT_AL_AA.fasta.zip,182,293,290.0
6746_NT_AL_AA.fasta.zip,179,190,183
6747_NT_AL_AA.fasta.zip,179,187,185
6748_NT_AL_AA.fasta.zip,186,173,171.0
6749_NT_AL_AA.fasta.zip,173,721,709
6750_NT_AL_AA.fasta.zip,187,117,116
6751_NT_AL_AA.fasta.zip,184,394,391.0
6752_NT_AL_AA.fasta.zip,186,369,369.0
6753_NT_AL_AA.fasta.zip,185,464,406
6755_NT_AL_AA.fasta.zip,180,378,363.0
675_NT_AL_AA.fasta.zip,182,3579,3366.5
6760_NT_AL_AA.fasta.zip,180,423,418.0
6764_NT_AL_AA.fasta.zip,190,1172,1135.0
6767_NT_AL_AA.fasta.zip,186,381,369.0
6768_NT_AL_AA.fasta.zip,189,872,854
6769_NT_AL_AA.fasta.zip,187,422,401
676_NT_AL_AA.fasta.zip,187,1017,915
6770_NT_AL_AA.fasta.zip,189,292,285
6772_NT_AL_AA.fasta.zip,179,886,750
6773_NT_AL_AA.fasta.zip,187,1068,831
6774_NT_AL_AA.fasta.zip,180,775,770.0
6775_NT_AL_AA.fasta.zip,179,746,740
6778_NT_AL_AA.fasta.zip,189,864,843
677_NT_AL_AA.fasta.zip,186,349,337.0
6780_NT_AL_AA.fasta.zip,189,683,669
6781_NT_AL_AA.fasta.zip,190,250,247.0
6782_NT_AL_AA.fasta.zip,189,471,471
6785_NT_AL_AA.fasta.zip,187,316,314
6786_NT_AL_AA.fasta.zip,185,797,764
6787_NT_AL_AA.fasta.zip,190,814,763.0
6788_NT_AL_AA.fasta.zip,179,496,491
6789_NT_AL_AA.fasta.zip,186,489,487.0
678_NT_AL_AA.fasta.zip,177,571,487
6790_NT_AL_AA.fasta.zip,187,424,402
6792_NT_AL_AA.fasta.zip,181,971,959
6793_NT_AL_AA.fasta.zip,170,982,961.5
6794_NT_AL_AA.fasta.zip,185,465,433
6795_NT_AL_AA.fasta.zip,137,275,275
6801_NT_AL_AA.fasta.zip,180,818,808.0
6804_NT_AL_AA.fasta.zip,187,289,279
6809_NT_AL_AA.fasta.zip,182,264,262.0
680_NT_AL_AA.fasta.zip,184,408,399.0
6810_NT_AL_AA.fasta.zip,186,302,290.0
6811_NT_AL_AA.fasta.zip,190,369,355.0
6812_NT_AL_AA.fasta.zip,188,605,603.0
6813_NT_AL_AA.fasta.zip,184,743,593.0
6814_NT_AL_AA.fasta.zip,185,669,592
6815_NT_AL_AA.fasta.zip,189,224,223
6820_NT_AL_AA.fasta.zip,112,323,300.0
6821_NT_AL_AA.fasta.zip,185,548,544
6827_NT_AL_AA.fasta.zip,189,120,117
6829_NT_AL_AA.fasta.zip,189,1103,1087
682_NT_AL_AA.fasta.zip,177,320,265
6830_NT_AL_AA.fasta.zip,189,1740,1726
6832_NT_AL_AA.fasta.zip,185,815,782
6833_NT_AL_AA.fasta.zip,185,1601,1578
6834_NT_AL_AA.fasta.zip,181,271,265
6835_NT_AL_AA.fasta.zip,178,271,240.0
6836_NT_AL_AA.fasta.zip,185,272,268
6837_NT_AL_AA.fasta.zip,184,221,200.0
6838_NT_AL_AA.fasta.zip,178,382,339.0
6839_NT_AL_AA.fasta.zip,178,416,406.0
6840_NT_AL_AA.fasta.zip,170,2295,2172.0
6843_NT_AL_AA.fasta.zip,180,122,112.0
6844_NT_AL_AA.fasta.zip,177,120,116
6845_NT_AL_AA.fasta.zip,179,222,220
6847_NT_AL_AA.fasta.zip,185,1026,976
684_NT_AL_AA.fasta.zip,159,146,98
6850_NT_AL_AA.fasta.zip,181,636,627
6853_NT_AL_AA.fasta.zip,173,745,704
6854_NT_AL_AA.fasta.zip,182,635,579.0
6855_NT_AL_AA.fasta.zip,180,320,311.0
6856_NT_AL_AA.fasta.zip,185,247,239
6857_NT_AL_AA.fasta.zip,180,578,422.0
685_NT_AL_AA.fasta.zip,178,185,176.0
6860_NT_AL_AA.fasta.zip,187,428,425
6861_NT_AL_AA.fasta.zip,169,386,381
6863_NT_AL_AA.fasta.zip,182,134,130.0
6865_NT_AL_AA.fasta.zip,184,384,377.0
6866_NT_AL_AA.fasta.zip,185,131,125
6867_NT_AL_AA.fasta.zip,190,856,795.0
6868_NT_AL_AA.fasta.zip,186,838,820.0
6869_NT_AL_AA.fasta.zip,184,409,407.0
686_NT_AL_AA.fasta.zip,187,530,522
6870_NT_AL_AA.fasta.zip,164,481,463.0
6871_NT_AL_AA.fasta.zip,190,444,440.0
6872_NT_AL_AA.fasta.zip,173,1960,1871
6873_NT_AL_AA.fasta.zip,182,1254,1243.0
6874_NT_AL_AA.fasta.zip,163,728,706
6875_NT_AL_AA.fasta.zip,179,1032,856
6876_NT_AL_AA.fasta.zip,178,203,201.0
6877_NT_AL_AA.fasta.zip,188,834,800.0
6878_NT_AL_AA.fasta.zip,187,687,678
6879_NT_AL_AA.fasta.zip,170,349,349.0
687_NT_AL_AA.fasta.zip,168,247,244.0
6880_NT_AL_AA.fasta.zip,168,273,264.0
6881_NT_AL_AA.fasta.zip,175,225,217
6882_NT_AL_AA.fasta.zip,188,215,209.0
6883_NT_AL_AA.fasta.zip,184,191,189.0
6884_NT_AL_AA.fasta.zip,180,127,124.0
6885_NT_AL_AA.fasta.zip,185,609,606
6886_NT_AL_AA.fasta.zip,188,353,327.0
6887_NT_AL_AA.fasta.zip,170,112,105.0
6888_NT_AL_AA.fasta.zip,180,368,336.0
688_NT_AL_AA.fasta.zip,185,485,454
6890_NT_AL_AA.fasta.zip,185,745,729
6891_NT_AL_AA.fasta.zip,167,704,697
6892_NT_AL_AA.fasta.zip,188,455,442.0
6894_NT_AL_AA.fasta.zip,182,1642,1540.0
6895_NT_AL_AA.fasta.zip,185,368,366
6897_NT_AL_AA.fasta.zip,187,724,723
6898_NT_AL_AA.fasta.zip,190,459,454.0
6899_NT_AL_AA.fasta.zip,170,464,420.0
689_NT_AL_AA.fasta.zip,185,209,203
6900_NT_AL_AA.fasta.zip,187,1049,1036
6901_NT_AL_AA.fasta.zip,183,273,259
6902_NT_AL_AA.fasta.zip,176,112,108.0
6903_NT_AL_AA.fasta.zip,190,360,344.0
6904_NT_AL_AA.fasta.zip,182,1207,1169.0
6905_NT_AL_AA.fasta.zip,181,528,522
6906_NT_AL_AA.fasta.zip,159,419,411
6908_NT_AL_AA.fasta.zip,179,355,318
6909_NT_AL_AA.fasta.zip,179,751,712
6910_NT_AL_AA.fasta.zip,187,543,517
6911_NT_AL_AA.fasta.zip,187,450,435
6913_NT_AL_AA.fasta.zip,188,608,601.0
6915_NT_AL_AA.fasta.zip,181,348,334
6916_NT_AL_AA.fasta.zip,183,543,532
6917_NT_AL_AA.fasta.zip,182,300,299.0
6919_NT_AL_AA.fasta.zip,185,307,293
692094_NT_AL_AA.fasta.zip,189,143,139
6920_NT_AL_AA.fasta.zip,190,359,346.0
6921_NT_AL_AA.fasta.zip,181,116,112
6923_NT_AL_AA.fasta.zip,177,123,118
6924_NT_AL_AA.fasta.zip,185,815,774
6925_NT_AL_AA.fasta.zip,187,673,671
6926_NT_AL_AA.fasta.zip,182,795,743.0
6927_NT_AL_AA.fasta.zip,188,654,631.0
6928_NT_AL_AA.fasta.zip,187,568,556
6929_NT_AL_AA.fasta.zip,185,759,646
6932_NT_AL_AA.fasta.zip,189,466,411
6934_NT_AL_AA.fasta.zip,188,684,646.0
6935_NT_AL_AA.fasta.zip,177,1180,1106
6936_NT_AL_AA.fasta.zip,186,875,764.0
6938_NT_AL_AA.fasta.zip,187,710,703
6939_NT_AL_AA.fasta.zip,164,211,196.0
6940_NT_AL_AA.fasta.zip,108,639,605.0
6941_NT_AL_AA.fasta.zip,188,363,340.0
6942_NT_AL_AA.fasta.zip,187,2122,1956
6943_NT_AL_AA.fasta.zip,186,180,178.0
6944_NT_AL_AA.fasta.zip,184,373,364.0
6945_NT_AL_AA.fasta.zip,185,285,269
6948_NT_AL_AA.fasta.zip,188,450,429.0
6949_NT_AL_AA.fasta.zip,178,2575,1417.0
694_NT_AL_AA.fasta.zip,172,172,171.0
6950_NT_AL_AA.fasta.zip,183,561,556
6954_NT_AL_AA.fasta.zip,186,514,489.0
695_NT_AL_AA.fasta.zip,185,661,659
696_NT_AL_AA.fasta.zip,155,544,521
6975_NT_AL_AA.fasta.zip,190,334,329.0
6988_NT_AL_AA.fasta.zip,187,108,106
6990_NT_AL_AA.fasta.zip,181,118,116
6992_NT_AL_AA.fasta.zip,184,130,123.0
6996_NT_AL_AA.fasta.zip,186,486,401.0
6997_NT_AL_AA.fasta.zip,173,199,178
6999_NT_AL_AA.fasta.zip,189,410,405
699_NT_AL_AA.fasta.zip,186,1122,1078.5
7001_NT_AL_AA.fasta.zip,185,200,198
7003_NT_AL_AA.fasta.zip,188,436,436.0
7004_NT_AL_AA.fasta.zip,173,364,357
7005_NT_AL_AA.fasta.zip,172,475,369.0
7006_NT_AL_AA.fasta.zip,186,636,631.0
7008_NT_AL_AA.fasta.zip,187,311,303
7009_NT_AL_AA.fasta.zip,190,241,237.0
7010_NT_AL_AA.fasta.zip,185,1131,1125
7011_NT_AL_AA.fasta.zip,188,2725,2561.5
7013_NT_AL_AA.fasta.zip,182,483,421.0
7014_NT_AL_AA.fasta.zip,186,582,540.0
7015_NT_AL_AA.fasta.zip,180,1424,1021.0
7016_NT_AL_AA.fasta.zip,184,663,626.0
7018_NT_AL_AA.fasta.zip,93,717,691
7019_NT_AL_AA.fasta.zip,181,235,235
701_NT_AL_AA.fasta.zip,186,1091,1050.0
7020_NT_AL_AA.fasta.zip,183,423,422
7021_NT_AL_AA.fasta.zip,187,453,442
7022_NT_AL_AA.fasta.zip,184,456,434.0
7023_NT_AL_AA.fasta.zip,187,347,333
7024_NT_AL_AA.fasta.zip,188,526,500.0
7025_NT_AL_AA.fasta.zip,178,427,421.0
7026_NT_AL_AA.fasta.zip,171,419,414
7027_NT_AL_AA.fasta.zip,141,421,410
7029_NT_AL_AA.fasta.zip,179,448,445
7030_NT_AL_AA.fasta.zip,184,602,573.0
7031_NT_AL_AA.fasta.zip,33,85,76
7032_NT_AL_AA.fasta.zip,148,146,129.0
7033_NT_AL_AA.fasta.zip,135,84,80
7035_NT_AL_AA.fasta.zip,183,400,281
7036_NT_AL_AA.fasta.zip,187,821,798
7037_NT_AL_AA.fasta.zip,187,786,760
7038_NT_AL_AA.fasta.zip,179,3044,2747
7039_NT_AL_AA.fasta.zip,179,169,158
7040_NT_AL_AA.fasta.zip,181,403,390
7041_NT_AL_AA.fasta.zip,187,475,456
7042_NT_AL_AA.fasta.zip,182,445,442.0
7043_NT_AL_AA.fasta.zip,189,414,412
7045_NT_AL_AA.fasta.zip,188,688,683.0
7046_NT_AL_AA.fasta.zip,185,486,479
7048_NT_AL_AA.fasta.zip,184,690,566.0
7049_NT_AL_AA.fasta.zip,189,877,845
7050_NT_AL_AA.fasta.zip,178,277,267.0
7051_NT_AL_AA.fasta.zip,189,930,801
7052_NT_AL_AA.fasta.zip,187,696,687
7053_NT_AL_AA.fasta.zip,182,700,690.0
7054_NT_AL_AA.fasta.zip,179,512,489
7056_NT_AL_AA.fasta.zip,184,629,564.0
7057_NT_AL_AA.fasta.zip,190,1177,1167.0
7058_NT_AL_AA.fasta.zip,182,1183,1170.0
7059_NT_AL_AA.fasta.zip,185,958,953
705_NT_AL_AA.fasta.zip,189,444,436
7060_NT_AL_AA.fasta.zip,186,982,961.0
7062_NT_AL_AA.fasta.zip,149,6424,1209
7064_NT_AL_AA.fasta.zip,185,702,682
7066_NT_AL_AA.fasta.zip,188,370,347.0
7067_NT_AL_AA.fasta.zip,169,410,410
7068_NT_AL_AA.fasta.zip,42,449,447.0
7069_NT_AL_AA.fasta.zip,172,163,150.0
706_NT_AL_AA.fasta.zip,184,172,169.0
7070_NT_AL_AA.fasta.zip,187,164,159
7071_NT_AL_AA.fasta.zip,180,503,477.0
7072_NT_AL_AA.fasta.zip,187,394,386
7073_NT_AL_AA.fasta.zip,189,394,392
7074_NT_AL_AA.fasta.zip,173,1619,1591
7075_NT_AL_AA.fasta.zip,189,1153,1138
7076_NT_AL_AA.fasta.zip,177,211,207
7077_NT_AL_AA.fasta.zip,176,221,220.0
7078_NT_AL_AA.fasta.zip,185,211,211
7079_NT_AL_AA.fasta.zip,178,225,224.0
7080_NT_AL_AA.fasta.zip,178,389,375.0
7082_NT_AL_AA.fasta.zip,174,1804,1757.0
7083_NT_AL_AA.fasta.zip,185,267,234
7084_NT_AL_AA.fasta.zip,188,271,252.0
7086_NT_AL_AA.fasta.zip,188,623,623.0
7089_NT_AL_AA.fasta.zip,171,779,736
708_NT_AL_AA.fasta.zip,184,298,279.0
7090_NT_AL_AA.fasta.zip,187,782,779
7092_NT_AL_AA.fasta.zip,172,1018,1011.0
7093_NT_AL_AA.fasta.zip,185,1052,1013
7094_NT_AL_AA.fasta.zip,187,2548,2541
7095_NT_AL_AA.fasta.zip,186,411,399.0
7097_NT_AL_AA.fasta.zip,177,794,783
7098_NT_AL_AA.fasta.zip,190,902,901.0
7099_NT_AL_AA.fasta.zip,188,843,828.0
70_NT_AL_AA.fasta.zip,182,377,377.0
7100_NT_AL_AA.fasta.zip,181,872,857
7101_NT_AL_AA.fasta.zip,186,392,385.0
7102_NT_AL_AA.fasta.zip,183,250,249
7103_NT_AL_AA.fasta.zip,186,241,234.0
7104_NT_AL_AA.fasta.zip,171,205,202
7105_NT_AL_AA.fasta.zip,185,247,244
7106_NT_AL_AA.fasta.zip,175,240,238
7107_NT_AL_AA.fasta.zip,167,389,385
7108_NT_AL_AA.fasta.zip,188,423,410.0
7109_NT_AL_AA.fasta.zip,181,1266,1257
710_NT_AL_AA.fasta.zip,189,777,446
7110_NT_AL_AA.fasta.zip,184,1115,1089.0
7111_NT_AL_AA.fasta.zip,189,359,359
7112_NT_AL_AA.fasta.zip,165,718,691
7113_NT_AL_AA.fasta.zip,182,513,489.0
7114_NT_AL_AA.fasta.zip,168,44,44.0
7122_NT_AL_AA.fasta.zip,185,223,218
7123_NT_AL_AA.fasta.zip,180,204,202.0
7124_NT_AL_AA.fasta.zip,187,245,233
7125_NT_AL_AA.fasta.zip,183,161,160
7126_NT_AL_AA.fasta.zip,189,321,316
7127_NT_AL_AA.fasta.zip,173,802,670
7128_NT_AL_AA.fasta.zip,115,811,782
712_NT_AL_AA.fasta.zip,164,253,245.0
7130_NT_AL_AA.fasta.zip,186,282,277.0
7132_NT_AL_AA.fasta.zip,184,721,414.0
7133_NT_AL_AA.fasta.zip,180,492,447.5
7134_NT_AL_AA.fasta.zip,186,161,161.0
7135_NT_AL_AA.fasta.zip,183,183,182
7136_NT_AL_AA.fasta.zip,161,183,178
7137_NT_AL_AA.fasta.zip,176,216,209.0
7138_NT_AL_AA.fasta.zip,173,281,261
7139_NT_AL_AA.fasta.zip,174,325,286.0
713_NT_AL_AA.fasta.zip,132,259,251.0
7140_NT_AL_AA.fasta.zip,145,293,257
7142_NT_AL_AA.fasta.zip,130,179,126.0
7143_NT_AL_AA.fasta.zip,184,1375,1358.0
7145_NT_AL_AA.fasta.zip,184,1876,1730.0
7148_NT_AL_AA.fasta.zip,167,8855,3838
714_NT_AL_AA.fasta.zip,167,250,245
7150_NT_AL_AA.fasta.zip,185,835,766
7153_NT_AL_AA.fasta.zip,186,1763,1531.0
7155_NT_AL_AA.fasta.zip,187,1628,1605
7156_NT_AL_AA.fasta.zip,183,1036,993
7157_NT_AL_AA.fasta.zip,188,424,375.0
7158_NT_AL_AA.fasta.zip,189,2064,1964
7159_NT_AL_AA.fasta.zip,185,1160,1133
7161_NT_AL_AA.fasta.zip,179,672,627
7162_NT_AL_AA.fasta.zip,175,448,416
7163_NT_AL_AA.fasta.zip,179,240,225
7164_NT_AL_AA.fasta.zip,184,218,205.0
7165_NT_AL_AA.fasta.zip,186,247,228.0
7166_NT_AL_AA.fasta.zip,190,450,443.0
7167_NT_AL_AA.fasta.zip,187,285,282
7168_NT_AL_AA.fasta.zip,176,326,326.0
7169_NT_AL_AA.fasta.zip,75,308,280
716_NT_AL_AA.fasta.zip,184,725,689.0
7171_NT_AL_AA.fasta.zip,184,284,284.0
7172_NT_AL_AA.fasta.zip,189,247,245
7173_NT_AL_AA.fasta.zip,182,873,834.0
7174_NT_AL_AA.fasta.zip,182,1275,1261.0
7175_NT_AL_AA.fasta.zip,186,2394,2362.0
7178_NT_AL_AA.fasta.zip,179,175,172
717_NT_AL_AA.fasta.zip,178,771,747.0
7181_NT_AL_AA.fasta.zip,185,612,602
7182_NT_AL_AA.fasta.zip,172,632,629.0
7184_NT_AL_AA.fasta.zip,188,832,803.0
7186_NT_AL_AA.fasta.zip,184,522,498.0
7187_NT_AL_AA.fasta.zip,176,573,568.0
7188_NT_AL_AA.fasta.zip,185,559,558
7189_NT_AL_AA.fasta.zip,188,550,536.0
718_NT_AL_AA.fasta.zip,153,1690,1656
719_NT_AL_AA.fasta.zip,186,497,476.0
71_NT_AL_AA.fasta.zip,178,389,375.0
7200_NT_AL_AA.fasta.zip,182,294,235.0
7201_NT_AL_AA.fasta.zip,187,402,398
7203_NT_AL_AA.fasta.zip,184,546,545.0
7204_NT_AL_AA.fasta.zip,178,3152,3036.0
7205_NT_AL_AA.fasta.zip,181,502,470
7216_NT_AL_AA.fasta.zip,91,2196,1384
7220_NT_AL_AA.fasta.zip,182,801,792.0
7222_NT_AL_AA.fasta.zip,184,932,910.0
7223_NT_AL_AA.fasta.zip,178,985,976.0
7224_NT_AL_AA.fasta.zip,169,989,974
7225_NT_AL_AA.fasta.zip,180,942,931.0
7226_NT_AL_AA.fasta.zip,184,1523,1487.0
7227_NT_AL_AA.fasta.zip,185,1307,1289
7247_NT_AL_AA.fasta.zip,187,357,228
7248_NT_AL_AA.fasta.zip,190,1202,1160.0
7249_NT_AL_AA.fasta.zip,184,1845,1804.0
7251_NT_AL_AA.fasta.zip,185,397,391
7252_NT_AL_AA.fasta.zip,189,138,138
7253_NT_AL_AA.fasta.zip,186,769,764.0
7257_NT_AL_AA.fasta.zip,184,290,284.0
7259_NT_AL_AA.fasta.zip,168,485,412.5
7260_NT_AL_AA.fasta.zip,175,390,384
7262_NT_AL_AA.fasta.zip,162,121,118.0
7263_NT_AL_AA.fasta.zip,179,300,297
7264_NT_AL_AA.fasta.zip,188,326,320.0
7265_NT_AL_AA.fasta.zip,188,297,292.0
7266_NT_AL_AA.fasta.zip,181,496,494
7267_NT_AL_AA.fasta.zip,185,2100,1954
7268_NT_AL_AA.fasta.zip,187,408,383
726_NT_AL_AA.fasta.zip,188,683,635.0
7270_NT_AL_AA.fasta.zip,177,1540,712
7272_NT_AL_AA.fasta.zip,188,911,850.5
7274_NT_AL_AA.fasta.zip,182,281,277.0
7275_NT_AL_AA.fasta.zip,185,518,490
7276_NT_AL_AA.fasta.zip,184,152,147.0
727800_NT_AL_AA.fasta.zip,160,276,265.0
727857_NT_AL_AA.fasta.zip,171,253,212
727897_NT_AL_AA.fasta.zip,134,14467,2980.0
727910_NT_AL_AA.fasta.zip,180,277,261.0
727936_NT_AL_AA.fasta.zip,181,358,356
727957_NT_AL_AA.fasta.zip,187,1668,1628
727_NT_AL_AA.fasta.zip,155,1960,1676
7280_NT_AL_AA.fasta.zip,67,446,445
728116_NT_AL_AA.fasta.zip,189,517,488
728215_NT_AL_AA.fasta.zip,182,539,445.5
728294_NT_AL_AA.fasta.zip,182,500,492.0
728361_NT_AL_AA.fasta.zip,181,200,189
728392_NT_AL_AA.fasta.zip,116,126,121.0
728464_NT_AL_AA.fasta.zip,185,384,360
728489_NT_AL_AA.fasta.zip,176,197,167.5
7284_NT_AL_AA.fasta.zip,187,458,452
728537_NT_AL_AA.fasta.zip,87,216,173
728568_NT_AL_AA.fasta.zip,171,65,65
728586_NT_AL_AA.fasta.zip,142,257,236.0
728591_NT_AL_AA.fasta.zip,166,225,213.0
728597_NT_AL_AA.fasta.zip,158,345,328.0
728621_NT_AL_AA.fasta.zip,162,497,474.0
728637_NT_AL_AA.fasta.zip,172,424,359.0
7286_NT_AL_AA.fasta.zip,188,428,385.0
728763_NT_AL_AA.fasta.zip,170,1599,1396.0
7287_NT_AL_AA.fasta.zip,163,596,518
728858_NT_AL_AA.fasta.zip,166,349,265.0
7288_NT_AL_AA.fasta.zip,180,522,452.0
7289_NT_AL_AA.fasta.zip,183,475,456
728_NT_AL_AA.fasta.zip,174,333,317.0
729025_NT_AL_AA.fasta.zip,179,602,578
729059_NT_AL_AA.fasta.zip,182,174,140.5
729085_NT_AL_AA.fasta.zip,185,600,568
7290_NT_AL_AA.fasta.zip,183,1036,987
7291_NT_AL_AA.fasta.zip,172,239,201.0
7292_NT_AL_AA.fasta.zip,182,186,182.0
729330_NT_AL_AA.fasta.zip,185,494,446
729359_NT_AL_AA.fasta.zip,181,6010,1277
7293_NT_AL_AA.fasta.zip,178,296,255.5
729438_NT_AL_AA.fasta.zip,182,339,329.0
729440_NT_AL_AA.fasta.zip,182,560,512.0
729475_NT_AL_AA.fasta.zip,181,1294,1123
7294_NT_AL_AA.fasta.zip,180,539,527.0
729515_NT_AL_AA.fasta.zip,181,143,141
729533_NT_AL_AA.fasta.zip,158,149,149.0
729665_NT_AL_AA.fasta.zip,175,800,761
7296_NT_AL_AA.fasta.zip,178,503,498.0
729767_NT_AL_AA.fasta.zip,36,353,327.0
7297_NT_AL_AA.fasta.zip,184,1237,1171.0
729830_NT_AL_AA.fasta.zip,184,1114,1020.0
7298_NT_AL_AA.fasta.zip,177,321,311
729920_NT_AL_AA.fasta.zip,176,443,431.5
729956_NT_AL_AA.fasta.zip,166,587,540.0
729967_NT_AL_AA.fasta.zip,173,79,79
729991_NT_AL_AA.fasta.zip,179,113,109
729993_NT_AL_AA.fasta.zip,175,438,424
7299_NT_AL_AA.fasta.zip,184,537,530.0
729_NT_AL_AA.fasta.zip,184,945,930.0
72_NT_AL_AA.fasta.zip,188,377,376.0
730094_NT_AL_AA.fasta.zip,172,169,167.0
730112_NT_AL_AA.fasta.zip,187,296,264
730130_NT_AL_AA.fasta.zip,173,407,356
730159_NT_AL_AA.fasta.zip,170,172,168.0
7301_NT_AL_AA.fasta.zip,185,921,880
730249_NT_AL_AA.fasta.zip,187,472,466
7305_NT_AL_AA.fasta.zip,188,120,109.0
7306_NT_AL_AA.fasta.zip,186,539,537.0
7307_NT_AL_AA.fasta.zip,114,248,239.0
730_NT_AL_AA.fasta.zip,185,862,829
7311_NT_AL_AA.fasta.zip,177,131,128
731220_NT_AL_AA.fasta.zip,170,570,531.0
7314_NT_AL_AA.fasta.zip,136,263,229.0
7316_NT_AL_AA.fasta.zip,127,572,378
7317_NT_AL_AA.fasta.zip,186,1060,1058.0
7318_NT_AL_AA.fasta.zip,187,1053,998
7319_NT_AL_AA.fasta.zip,175,153,152
731_NT_AL_AA.fasta.zip,188,597,579.0
7320_NT_AL_AA.fasta.zip,189,154,152
7321_NT_AL_AA.fasta.zip,170,145,145.0
7322_NT_AL_AA.fasta.zip,181,147,147
7323_NT_AL_AA.fasta.zip,103,149,147
7326_NT_AL_AA.fasta.zip,177,170,170
7327_NT_AL_AA.fasta.zip,181,165,165
7328_NT_AL_AA.fasta.zip,188,182,182.0
7329_NT_AL_AA.fasta.zip,184,161,157.0
732_NT_AL_AA.fasta.zip,182,596,590.0
7332_NT_AL_AA.fasta.zip,166,154,154.0
7334_NT_AL_AA.fasta.zip,181,152,152
7335_NT_AL_AA.fasta.zip,126,148,147.0
7336_NT_AL_AA.fasta.zip,177,147,145
7337_NT_AL_AA.fasta.zip,164,887,872.0
733_NT_AL_AA.fasta.zip,171,212,194
7341_NT_AL_AA.fasta.zip,157,101,101
7342_NT_AL_AA.fasta.zip,189,538,529
7343_NT_AL_AA.fasta.zip,185,777,764
7345_NT_AL_AA.fasta.zip,185,231,223
7347_NT_AL_AA.fasta.zip,183,295,258
7348_NT_AL_AA.fasta.zip,189,263,260
7349_NT_AL_AA.fasta.zip,174,141,126.0
734_NT_AL_AA.fasta.zip,188,554,548.0
7350_NT_AL_AA.fasta.zip,172,316,307.0
7351_NT_AL_AA.fasta.zip,180,312,309.0
7352_NT_AL_AA.fasta.zip,77,309,305
7353_NT_AL_AA.fasta.zip,185,310,307
7355_NT_AL_AA.fasta.zip,182,423,392.0
7356_NT_AL_AA.fasta.zip,156,94,90.0
7357_NT_AL_AA.fasta.zip,188,396,394.0
7358_NT_AL_AA.fasta.zip,187,496,494
735_NT_AL_AA.fasta.zip,185,541,495
7360_NT_AL_AA.fasta.zip,189,513,508
7368_NT_AL_AA.fasta.zip,162,543,541.0
7369_NT_AL_AA.fasta.zip,164,658,636.0
7371_NT_AL_AA.fasta.zip,173,261,258
7372_NT_AL_AA.fasta.zip,187,484,480
7373_NT_AL_AA.fasta.zip,186,1811,1796.0
7374_NT_AL_AA.fasta.zip,185,327,309
7375_NT_AL_AA.fasta.zip,186,977,963.0
7376_NT_AL_AA.fasta.zip,184,484,454.0
7378_NT_AL_AA.fasta.zip,184,315,310.0
7379_NT_AL_AA.fasta.zip,180,186,181.0
7380_NT_AL_AA.fasta.zip,186,295,286.0
7381_NT_AL_AA.fasta.zip,180,111,108.0
7384_NT_AL_AA.fasta.zip,184,483,480.0
7385_NT_AL_AA.fasta.zip,186,457,452.0
7386_NT_AL_AA.fasta.zip,158,274,274.0
7388_NT_AL_AA.fasta.zip,186,95,91.0
7389_NT_AL_AA.fasta.zip,187,362,360
738_NT_AL_AA.fasta.zip,188,790,780.0
7390_NT_AL_AA.fasta.zip,184,269,260.0
7391_NT_AL_AA.fasta.zip,179,315,310
7392_NT_AL_AA.fasta.zip,172,356,342.0
7398_NT_AL_AA.fasta.zip,186,831,783.0
7399_NT_AL_AA.fasta.zip,171,5300,5196
7401_NT_AL_AA.fasta.zip,187,234,232
7402_NT_AL_AA.fasta.zip,180,3516,3409.0
7403_NT_AL_AA.fasta.zip,177,1477,1452
7405_NT_AL_AA.fasta.zip,182,707,691.0
7407_NT_AL_AA.fasta.zip,186,1278,1263.0
7408_NT_AL_AA.fasta.zip,182,415,379.0
7409_NT_AL_AA.fasta.zip,185,855,845
740_NT_AL_AA.fasta.zip,153,167,165
7410_NT_AL_AA.fasta.zip,175,895,864
7411_NT_AL_AA.fasta.zip,177,198,197
7412_NT_AL_AA.fasta.zip,176,817,738.5
7414_NT_AL_AA.fasta.zip,187,1135,1134
7415_NT_AL_AA.fasta.zip,188,808,806.0
7416_NT_AL_AA.fasta.zip,188,287,283.0
7417_NT_AL_AA.fasta.zip,186,294,292.0
7419_NT_AL_AA.fasta.zip,187,284,284
741_NT_AL_AA.fasta.zip,160,432,394.5
7421_NT_AL_AA.fasta.zip,188,443,422.0
7422_NT_AL_AA.fasta.zip,154,217,214.0
7423_NT_AL_AA.fasta.zip,175,217,205
7424_NT_AL_AA.fasta.zip,178,429,419.0
7425_NT_AL_AA.fasta.zip,178,676,615.0
7428_NT_AL_AA.fasta.zip,107,162,162
7429_NT_AL_AA.fasta.zip,187,833,827
7430_NT_AL_AA.fasta.zip,186,586,586.0
7431_NT_AL_AA.fasta.zip,185,474,466
7432_NT_AL_AA.fasta.zip,182,175,169.0
7433_NT_AL_AA.fasta.zip,189,467,444
7434_NT_AL_AA.fasta.zip,183,439,426
7436_NT_AL_AA.fasta.zip,186,881,872.0
7439_NT_AL_AA.fasta.zip,186,601,569.5
7441_NT_AL_AA.fasta.zip,41,139,135
7442_NT_AL_AA.fasta.zip,186,859,839.0
7443_NT_AL_AA.fasta.zip,187,393,387
7444_NT_AL_AA.fasta.zip,188,588,493.0
7447_NT_AL_AA.fasta.zip,188,194,191.0
7448_NT_AL_AA.fasta.zip,189,503,449
744_NT_AL_AA.fasta.zip,176,296,294.0
7450_NT_AL_AA.fasta.zip,187,2865,2810
7453_NT_AL_AA.fasta.zip,189,507,475
7454_NT_AL_AA.fasta.zip,180,564,501.0
7455_NT_AL_AA.fasta.zip,167,10055,2485
7456_NT_AL_AA.fasta.zip,182,629,494.0
7458_NT_AL_AA.fasta.zip,182,254,248.0
745_NT_AL_AA.fasta.zip,185,1166,1118
7461_NT_AL_AA.fasta.zip,187,1071,1041
7462_NT_AL_AA.fasta.zip,177,237,197
7464_NT_AL_AA.fasta.zip,186,530,523.5
7465_NT_AL_AA.fasta.zip,189,680,645
7466_NT_AL_AA.fasta.zip,182,901,879.0
7468_NT_AL_AA.fasta.zip,176,1385,1355.0
7469_NT_AL_AA.fasta.zip,185,561,526
746_NT_AL_AA.fasta.zip,179,79,79
7471_NT_AL_AA.fasta.zip,186,372,370.0
7472_NT_AL_AA.fasta.zip,189,362,360
7473_NT_AL_AA.fasta.zip,180,356,355.0
7474_NT_AL_AA.fasta.zip,187,382,378
7475_NT_AL_AA.fasta.zip,185,386,364
7476_NT_AL_AA.fasta.zip,171,349,349
7477_NT_AL_AA.fasta.zip,177,326,325
7478_NT_AL_AA.fasta.zip,189,348,342
7479_NT_AL_AA.fasta.zip,184,512,317.0
747_NT_AL_AA.fasta.zip,186,1065,1041.0
7480_NT_AL_AA.fasta.zip,187,396,389
7481_NT_AL_AA.fasta.zip,187,359,353
7482_NT_AL_AA.fasta.zip,190,418,392.0
7483_NT_AL_AA.fasta.zip,179,342,338
7484_NT_AL_AA.fasta.zip,174,331,331.0
7486_NT_AL_AA.fasta.zip,186,1580,1391.0
7490_NT_AL_AA.fasta.zip,178,456,440.0
7494_NT_AL_AA.fasta.zip,183,417,384
7498_NT_AL_AA.fasta.zip,172,1344,1332.0
7504_NT_AL_AA.fasta.zip,178,447,444.0
7507_NT_AL_AA.fasta.zip,189,283,266
7508_NT_AL_AA.fasta.zip,183,1108,928
7511_NT_AL_AA.fasta.zip,189,671,666
7512_NT_AL_AA.fasta.zip,184,681,674.0
7514_NT_AL_AA.fasta.zip,187,1071,1071
7515_NT_AL_AA.fasta.zip,187,688,626
7516_NT_AL_AA.fasta.zip,173,282,278
7517_NT_AL_AA.fasta.zip,183,354,332
7518_NT_AL_AA.fasta.zip,185,334,329
7520_NT_AL_AA.fasta.zip,183,733,727
7525_NT_AL_AA.fasta.zip,186,544,541.0
7528_NT_AL_AA.fasta.zip,172,437,410.0
7529_NT_AL_AA.fasta.zip,188,253,246.0
752_NT_AL_AA.fasta.zip,189,1219,1072
7531_NT_AL_AA.fasta.zip,181,260,255
7532_NT_AL_AA.fasta.zip,178,247,247.0
7533_NT_AL_AA.fasta.zip,111,251,246
7534_NT_AL_AA.fasta.zip,177,247,245
7535_NT_AL_AA.fasta.zip,182,656,617.0
7536_NT_AL_AA.fasta.zip,186,593,582.0
7538_NT_AL_AA.fasta.zip,182,356,321.0
7539_NT_AL_AA.fasta.zip,167,732,625
753_NT_AL_AA.fasta.zip,166,312,305.0
7541_NT_AL_AA.fasta.zip,155,450,449
7542_NT_AL_AA.fasta.zip,190,319,311.0
7543_NT_AL_AA.fasta.zip,174,809,800.0
7545_NT_AL_AA.fasta.zip,166,452,447.0
7546_NT_AL_AA.fasta.zip,171,555,527
7547_NT_AL_AA.fasta.zip,179,485,466
754_NT_AL_AA.fasta.zip,179,186,169
7552_NT_AL_AA.fasta.zip,86,818,805.0
7553_NT_AL_AA.fasta.zip,141,1006,661
7554_NT_AL_AA.fasta.zip,144,584,548.5
7555_NT_AL_AA.fasta.zip,156,179,178.0
7559_NT_AL_AA.fasta.zip,160,702,691.0
755_NT_AL_AA.fasta.zip,186,273,248.0
7566_NT_AL_AA.fasta.zip,182,650,539.0
7569_NT_AL_AA.fasta.zip,121,835,616
7570_NT_AL_AA.fasta.zip,161,267,225
7571_NT_AL_AA.fasta.zip,166,1328,678.0
7572_NT_AL_AA.fasta.zip,148,369,367.0
7579_NT_AL_AA.fasta.zip,184,1108,1040.0
757_NT_AL_AA.fasta.zip,171,163,158
7580_NT_AL_AA.fasta.zip,173,311,273
7584_NT_AL_AA.fasta.zip,141,539,527
7586_NT_AL_AA.fasta.zip,150,589,562.0
758_NT_AL_AA.fasta.zip,175,327,326
7593_NT_AL_AA.fasta.zip,156,767,732.0
7597_NT_AL_AA.fasta.zip,186,448,435.0
759_NT_AL_AA.fasta.zip,134,261,261.0
760_NT_AL_AA.fasta.zip,150,261,260.0
761_NT_AL_AA.fasta.zip,178,260,260.0
7629_NT_AL_AA.fasta.zip,190,576,569.0
762_NT_AL_AA.fasta.zip,187,322,300
763_NT_AL_AA.fasta.zip,184,268,261.0
765_NT_AL_AA.fasta.zip,180,284,277.0
766_NT_AL_AA.fasta.zip,184,267,264.0
767_NT_AL_AA.fasta.zip,179,294,290
7681_NT_AL_AA.fasta.zip,163,531,467
768206_NT_AL_AA.fasta.zip,147,61,54
768211_NT_AL_AA.fasta.zip,186,315,270.0
768_NT_AL_AA.fasta.zip,187,522,432
7690_NT_AL_AA.fasta.zip,183,641,623
7701_NT_AL_AA.fasta.zip,189,1955,1833
7702_NT_AL_AA.fasta.zip,189,649,638
7703_NT_AL_AA.fasta.zip,186,349,344.0
7704_NT_AL_AA.fasta.zip,184,688,673.0
7705_NT_AL_AA.fasta.zip,155,297,292
7706_NT_AL_AA.fasta.zip,178,792,614.5
7707_NT_AL_AA.fasta.zip,186,800,793.0
7709_NT_AL_AA.fasta.zip,188,824,790.0
770_NT_AL_AA.fasta.zip,183,331,322
7716_NT_AL_AA.fasta.zip,188,536,519.5
771_NT_AL_AA.fasta.zip,182,364,349.0
7727_NT_AL_AA.fasta.zip,171,420,408
7732_NT_AL_AA.fasta.zip,175,650,627
7733_NT_AL_AA.fasta.zip,141,870,663
7737_NT_AL_AA.fasta.zip,180,362,336.0
7738_NT_AL_AA.fasta.zip,155,771,737
7739_NT_AL_AA.fasta.zip,167,752,631
773_NT_AL_AA.fasta.zip,169,2611,2448
7741_NT_AL_AA.fasta.zip,154,501,467.0
7743_NT_AL_AA.fasta.zip,177,624,622
7745_NT_AL_AA.fasta.zip,138,598,576.0
774_NT_AL_AA.fasta.zip,158,2465,2313.0
7750_NT_AL_AA.fasta.zip,174,1407,1376.0
7753_NT_AL_AA.fasta.zip,185,666,646
7755_NT_AL_AA.fasta.zip,177,719,531
7756_NT_AL_AA.fasta.zip,187,499,495
775_NT_AL_AA.fasta.zip,163,2209,2145
7760_NT_AL_AA.fasta.zip,178,476,446.0
7763_NT_AL_AA.fasta.zip,186,215,213.0
7764_NT_AL_AA.fasta.zip,171,1162,1002
776_NT_AL_AA.fasta.zip,185,2240,2180
7771_NT_AL_AA.fasta.zip,124,930,907.5
7776_NT_AL_AA.fasta.zip,183,1942,1811
7779_NT_AL_AA.fasta.zip,184,534,504.0
777_NT_AL_AA.fasta.zip,175,2346,2309
7780_NT_AL_AA.fasta.zip,186,408,368.0
7781_NT_AL_AA.fasta.zip,186,415,385.0
7782_NT_AL_AA.fasta.zip,182,452,429.0
7783_NT_AL_AA.fasta.zip,185,708,679
7784_NT_AL_AA.fasta.zip,186,439,400.0
7786_NT_AL_AA.fasta.zip,187,914,892
778_NT_AL_AA.fasta.zip,178,2022,1965.0
7791_NT_AL_AA.fasta.zip,182,666,558.0
7798_NT_AL_AA.fasta.zip,187,1155,1072
7799_NT_AL_AA.fasta.zip,185,1851,1692
779_NT_AL_AA.fasta.zip,180,1901,1854.0
7802_NT_AL_AA.fasta.zip,189,262,258
7803_NT_AL_AA.fasta.zip,183,173,173
7804_NT_AL_AA.fasta.zip,184,1119,960.0
7805_NT_AL_AA.fasta.zip,190,267,259.0
780776_NT_AL_AA.fasta.zip,184,218,209.0
7809_NT_AL_AA.fasta.zip,184,350,312.0
780_NT_AL_AA.fasta.zip,184,930,913.0
7812_NT_AL_AA.fasta.zip,189,854,844
7813_NT_AL_AA.fasta.zip,185,828,825
7818_NT_AL_AA.fasta.zip,185,402,396
781_NT_AL_AA.fasta.zip,183,1119,1091
7827_NT_AL_AA.fasta.zip,185,398,381
782_NT_AL_AA.fasta.zip,187,662,640
7832_NT_AL_AA.fasta.zip,187,165,159
7837_NT_AL_AA.fasta.zip,175,1458,1447
783_NT_AL_AA.fasta.zip,187,648,636
7840_NT_AL_AA.fasta.zip,177,9839,3750
7841_NT_AL_AA.fasta.zip,187,851,835
7844_NT_AL_AA.fasta.zip,113,687,684
7849_NT_AL_AA.fasta.zip,179,467,453
784_NT_AL_AA.fasta.zip,188,486,482.0
7850_NT_AL_AA.fasta.zip,188,396,386.0
7851_NT_AL_AA.fasta.zip,173,157,152
7852_NT_AL_AA.fasta.zip,189,359,352
7855_NT_AL_AA.fasta.zip,179,611,583
7857_NT_AL_AA.fasta.zip,186,648,618.0
785_NT_AL_AA.fasta.zip,190,502,502.0
7862_NT_AL_AA.fasta.zip,186,1261,1252.0
7866_NT_AL_AA.fasta.zip,188,456,441.0
7867_NT_AL_AA.fasta.zip,190,396,384.0
7869_NT_AL_AA.fasta.zip,184,781,745.0
786_NT_AL_AA.fasta.zip,186,228,224.0
7871_NT_AL_AA.fasta.zip,188,853,847.0
7873_NT_AL_AA.fasta.zip,184,180,179.0
7874_NT_AL_AA.fasta.zip,187,1082,1077
7879_NT_AL_AA.fasta.zip,155,207,207
7881_NT_AL_AA.fasta.zip,128,343,343.0
7884_NT_AL_AA.fasta.zip,172,275,266.0
78986_NT_AL_AA.fasta.zip,188,213,211.0
78987_NT_AL_AA.fasta.zip,189,422,419
78988_NT_AL_AA.fasta.zip,181,102,102
78989_NT_AL_AA.fasta.zip,175,273,263
78990_NT_AL_AA.fasta.zip,186,235,234.0
78991_NT_AL_AA.fasta.zip,184,505,494.0
78992_NT_AL_AA.fasta.zip,187,330,304
78994_NT_AL_AA.fasta.zip,185,629,580
78995_NT_AL_AA.fasta.zip,184,697,648.0
78996_NT_AL_AA.fasta.zip,179,194,149
78997_NT_AL_AA.fasta.zip,189,370,366
78999_NT_AL_AA.fasta.zip,181,642,636
79000_NT_AL_AA.fasta.zip,177,381,345
79001_NT_AL_AA.fasta.zip,187,164,163
79002_NT_AL_AA.fasta.zip,183,192,176
79003_NT_AL_AA.fasta.zip,168,206,205.0
79004_NT_AL_AA.fasta.zip,189,301,286
79006_NT_AL_AA.fasta.zip,154,299,288.0
79007_NT_AL_AA.fasta.zip,181,179,153
79009_NT_AL_AA.fasta.zip,184,760,734.0
79012_NT_AL_AA.fasta.zip,190,538,504.0
79016_NT_AL_AA.fasta.zip,183,105,101
79017_NT_AL_AA.fasta.zip,186,191,186.0
79018_NT_AL_AA.fasta.zip,174,223,217.0
79019_NT_AL_AA.fasta.zip,188,184,180.0
79020_NT_AL_AA.fasta.zip,189,423,421
79022_NT_AL_AA.fasta.zip,171,258,249
79023_NT_AL_AA.fasta.zip,187,327,326
79025_NT_AL_AA.fasta.zip,183,322,319
79026_NT_AL_AA.fasta.zip,184,17080,5386.5
79027_NT_AL_AA.fasta.zip,149,670,562
79029_NT_AL_AA.fasta.zip,183,787,755
79031_NT_AL_AA.fasta.zip,189,246,240
79033_NT_AL_AA.fasta.zip,181,349,335
79034_NT_AL_AA.fasta.zip,185,461,448
79035_NT_AL_AA.fasta.zip,187,219,211
79036_NT_AL_AA.fasta.zip,179,181,176
79037_NT_AL_AA.fasta.zip,167,330,272
79038_NT_AL_AA.fasta.zip,187,256,251
79039_NT_AL_AA.fasta.zip,189,1080,870
7903_NT_AL_AA.fasta.zip,186,361,359.0
79041_NT_AL_AA.fasta.zip,187,312,298
79042_NT_AL_AA.fasta.zip,179,387,309
79047_NT_AL_AA.fasta.zip,186,293,283.0
79048_NT_AL_AA.fasta.zip,184,903,818.0
79050_NT_AL_AA.fasta.zip,173,523,506
79053_NT_AL_AA.fasta.zip,187,525,524
79054_NT_AL_AA.fasta.zip,188,1113,1104.0
79056_NT_AL_AA.fasta.zip,189,237,226
79057_NT_AL_AA.fasta.zip,163,241,231
79058_NT_AL_AA.fasta.zip,183,569,515
7905_NT_AL_AA.fasta.zip,179,206,189
79064_NT_AL_AA.fasta.zip,185,201,197
79065_NT_AL_AA.fasta.zip,189,843,839
79066_NT_AL_AA.fasta.zip,186,572,561.0
79068_NT_AL_AA.fasta.zip,185,509,496
79070_NT_AL_AA.fasta.zip,187,502,499
79071_NT_AL_AA.fasta.zip,184,270,265.0
79072_NT_AL_AA.fasta.zip,185,675,659
79073_NT_AL_AA.fasta.zip,187,253,243
79074_NT_AL_AA.fasta.zip,189,240,230
79075_NT_AL_AA.fasta.zip,183,406,391
79077_NT_AL_AA.fasta.zip,182,182,170.0
79078_NT_AL_AA.fasta.zip,182,206,195.0
79080_NT_AL_AA.fasta.zip,180,787,333.0
79083_NT_AL_AA.fasta.zip,185,585,530
79084_NT_AL_AA.fasta.zip,185,344,339
79085_NT_AL_AA.fasta.zip,181,480,466
79086_NT_AL_AA.fasta.zip,183,74,72
79087_NT_AL_AA.fasta.zip,182,493,477.0
79089_NT_AL_AA.fasta.zip,185,323,319
79090_NT_AL_AA.fasta.zip,174,171,158.0
79091_NT_AL_AA.fasta.zip,189,401,374
79092_NT_AL_AA.fasta.zip,185,1040,982
79094_NT_AL_AA.fasta.zip,187,227,217
790955_NT_AL_AA.fasta.zip,186,99,89.0
79095_NT_AL_AA.fasta.zip,184,91,83.0
79096_NT_AL_AA.fasta.zip,189,335,328
79098_NT_AL_AA.fasta.zip,171,752,595
790_NT_AL_AA.fasta.zip,186,2259,2237.0
79101_NT_AL_AA.fasta.zip,185,289,235
79102_NT_AL_AA.fasta.zip,184,445,433.0
79109_NT_AL_AA.fasta.zip,185,526,521
79132_NT_AL_AA.fasta.zip,187,696,678
79133_NT_AL_AA.fasta.zip,186,334,330.0
79134_NT_AL_AA.fasta.zip,169,352,350
79135_NT_AL_AA.fasta.zip,181,199,196
79137_NT_AL_AA.fasta.zip,183,592,537
79139_NT_AL_AA.fasta.zip,190,253,251.0
7913_NT_AL_AA.fasta.zip,149,390,375
79140_NT_AL_AA.fasta.zip,189,213,200
79142_NT_AL_AA.fasta.zip,187,430,398
79143_NT_AL_AA.fasta.zip,181,513,471
79145_NT_AL_AA.fasta.zip,186,85,85.0
79147_NT_AL_AA.fasta.zip,183,523,493
79148_NT_AL_AA.fasta.zip,183,531,510
79152_NT_AL_AA.fasta.zip,184,376,372.0
79153_NT_AL_AA.fasta.zip,188,315,307.0
79154_NT_AL_AA.fasta.zip,187,269,260
79155_NT_AL_AA.fasta.zip,180,463,412.5
79156_NT_AL_AA.fasta.zip,178,302,277.0
79157_NT_AL_AA.fasta.zip,174,450,449.0
79158_NT_AL_AA.fasta.zip,183,1309,1241
79159_NT_AL_AA.fasta.zip,187,247,213
7915_NT_AL_AA.fasta.zip,178,536,517.5
79161_NT_AL_AA.fasta.zip,182,126,118.0
79165_NT_AL_AA.fasta.zip,184,269,254.0
79169_NT_AL_AA.fasta.zip,180,284,234.0
7916_NT_AL_AA.fasta.zip,187,2311,2153
79170_NT_AL_AA.fasta.zip,189,103,100
79171_NT_AL_AA.fasta.zip,189,490,477
79172_NT_AL_AA.fasta.zip,187,290,281
79173_NT_AL_AA.fasta.zip,164,746,632.5
79174_NT_AL_AA.fasta.zip,178,368,339.0
79176_NT_AL_AA.fasta.zip,188,305,296.0
79178_NT_AL_AA.fasta.zip,189,224,214
7917_NT_AL_AA.fasta.zip,189,1229,1160
79180_NT_AL_AA.fasta.zip,179,257,236
79183_NT_AL_AA.fasta.zip,187,350,342
79184_NT_AL_AA.fasta.zip,178,296,291.0
79187_NT_AL_AA.fasta.zip,188,505,495.0
79188_NT_AL_AA.fasta.zip,189,400,400
7918_NT_AL_AA.fasta.zip,188,376,350.0
79190_NT_AL_AA.fasta.zip,185,507,443
79191_NT_AL_AA.fasta.zip,160,554,499.0
79192_NT_AL_AA.fasta.zip,179,514,471
7919_NT_AL_AA.fasta.zip,187,433,428
7920_NT_AL_AA.fasta.zip,187,564,557
79228_NT_AL_AA.fasta.zip,186,344,336.0
7922_NT_AL_AA.fasta.zip,185,644,465
7923_NT_AL_AA.fasta.zip,182,264,256.0
79258_NT_AL_AA.fasta.zip,178,934,768.0
79269_NT_AL_AA.fasta.zip,185,589,554
79290_NT_AL_AA.fasta.zip,118,319,319.0
79324_NT_AL_AA.fasta.zip,131,319,319
79363_NT_AL_AA.fasta.zip,186,261,257.0
79364_NT_AL_AA.fasta.zip,166,918,812.0
79365_NT_AL_AA.fasta.zip,146,522,476.0
79369_NT_AL_AA.fasta.zip,177,355,349
7936_NT_AL_AA.fasta.zip,184,445,378.0
79370_NT_AL_AA.fasta.zip,179,350,304
793_NT_AL_AA.fasta.zip,170,262,260.0
7940_NT_AL_AA.fasta.zip,163,102,78
79411_NT_AL_AA.fasta.zip,189,673,645
79412_NT_AL_AA.fasta.zip,182,479,461.0
79414_NT_AL_AA.fasta.zip,184,637,625.0
79415_NT_AL_AA.fasta.zip,186,193,186.0
7941_NT_AL_AA.fasta.zip,186,462,437.0
7942_NT_AL_AA.fasta.zip,185,511,475
79441_NT_AL_AA.fasta.zip,171,609,603
79442_NT_AL_AA.fasta.zip,180,372,371.0
79443_NT_AL_AA.fasta.zip,185,1514,1449
79444_NT_AL_AA.fasta.zip,154,296,260.5
79446_NT_AL_AA.fasta.zip,185,548,529
79447_NT_AL_AA.fasta.zip,183,265,254
79490_NT_AL_AA.fasta.zip,105,311,311
794_NT_AL_AA.fasta.zip,189,273,271
79549_NT_AL_AA.fasta.zip,5,324,320
79567_NT_AL_AA.fasta.zip,189,1694,1225
79568_NT_AL_AA.fasta.zip,185,301,288
79570_NT_AL_AA.fasta.zip,185,212,204
79571_NT_AL_AA.fasta.zip,188,796,775.0
79572_NT_AL_AA.fasta.zip,190,1280,1256.0
79573_NT_AL_AA.fasta.zip,177,885,851
79574_NT_AL_AA.fasta.zip,181,621,570
79575_NT_AL_AA.fasta.zip,185,439,417
79576_NT_AL_AA.fasta.zip,163,456,416
79577_NT_AL_AA.fasta.zip,184,531,531.0
7957_NT_AL_AA.fasta.zip,182,339,331.0
79581_NT_AL_AA.fasta.zip,174,465,443.0
79582_NT_AL_AA.fasta.zip,168,639,617.5
79583_NT_AL_AA.fasta.zip,175,321,316
79586_NT_AL_AA.fasta.zip,189,788,775
79587_NT_AL_AA.fasta.zip,179,555,520
79589_NT_AL_AA.fasta.zip,182,436,425.0
79590_NT_AL_AA.fasta.zip,190,216,216.0
79591_NT_AL_AA.fasta.zip,182,692,689.0
79594_NT_AL_AA.fasta.zip,190,356,352.0
79595_NT_AL_AA.fasta.zip,185,1080,1057
79596_NT_AL_AA.fasta.zip,189,748,717
79598_NT_AL_AA.fasta.zip,189,908,852
795_NT_AL_AA.fasta.zip,183,80,79
79600_NT_AL_AA.fasta.zip,187,646,577
79602_NT_AL_AA.fasta.zip,175,397,386
79603_NT_AL_AA.fasta.zip,172,406,393.0
79605_NT_AL_AA.fasta.zip,182,528,507.5
79607_NT_AL_AA.fasta.zip,188,360,351.0
79608_NT_AL_AA.fasta.zip,187,382,367
79609_NT_AL_AA.fasta.zip,189,231,225
79611_NT_AL_AA.fasta.zip,175,712,686
79612_NT_AL_AA.fasta.zip,184,887,864.0
79613_NT_AL_AA.fasta.zip,176,1118,1088.0
79616_NT_AL_AA.fasta.zip,186,409,385.0
79618_NT_AL_AA.fasta.zip,184,459,444.0
79621_NT_AL_AA.fasta.zip,183,290,279
79622_NT_AL_AA.fasta.zip,181,123,123
79623_NT_AL_AA.fasta.zip,186,558,551.0
79624_NT_AL_AA.fasta.zip,176,442,438.0
79625_NT_AL_AA.fasta.zip,163,571,568
79626_NT_AL_AA.fasta.zip,155,184,184
79627_NT_AL_AA.fasta.zip,179,485,430
79628_NT_AL_AA.fasta.zip,183,1301,1283
79629_NT_AL_AA.fasta.zip,164,223,202.0
79630_NT_AL_AA.fasta.zip,181,192,127
79631_NT_AL_AA.fasta.zip,174,1140,1119.0
79632_NT_AL_AA.fasta.zip,185,1169,1143
79633_NT_AL_AA.fasta.zip,173,5138,4976
79634_NT_AL_AA.fasta.zip,185,425,421
79639_NT_AL_AA.fasta.zip,188,280,277.0
79641_NT_AL_AA.fasta.zip,189,295,286
79642_NT_AL_AA.fasta.zip,164,653,591.0
79643_NT_AL_AA.fasta.zip,178,204,201.0
79644_NT_AL_AA.fasta.zip,179,321,315
79645_NT_AL_AA.fasta.zip,164,218,212.0
79646_NT_AL_AA.fasta.zip,180,370,370.0
79647_NT_AL_AA.fasta.zip,185,202,189
79648_NT_AL_AA.fasta.zip,179,872,703
79649_NT_AL_AA.fasta.zip,159,1442,740
79650_NT_AL_AA.fasta.zip,187,278,263
79651_NT_AL_AA.fasta.zip,187,850,824
79652_NT_AL_AA.fasta.zip,181,229,226
79654_NT_AL_AA.fasta.zip,183,862,860
79657_NT_AL_AA.fasta.zip,184,682,663.0
79658_NT_AL_AA.fasta.zip,184,795,780.0
79659_NT_AL_AA.fasta.zip,182,4329,4306.0
7965_NT_AL_AA.fasta.zip,187,360,320
79660_NT_AL_AA.fasta.zip,186,289,285.0
79661_NT_AL_AA.fasta.zip,180,401,370.0
79663_NT_AL_AA.fasta.zip,188,502,476.5
79664_NT_AL_AA.fasta.zip,183,1042,978
79665_NT_AL_AA.fasta.zip,189,811,779
79666_NT_AL_AA.fasta.zip,176,252,249.0
79668_NT_AL_AA.fasta.zip,172,888,870.5
79669_NT_AL_AA.fasta.zip,189,239,211
79670_NT_AL_AA.fasta.zip,185,1578,1508
79671_NT_AL_AA.fasta.zip,185,977,966
79672_NT_AL_AA.fasta.zip,160,313,308.0
79673_NT_AL_AA.fasta.zip,173,580,537
79674_NT_AL_AA.fasta.zip,181,844,832
79675_NT_AL_AA.fasta.zip,184,867,831.0
79676_NT_AL_AA.fasta.zip,186,365,349.0
79677_NT_AL_AA.fasta.zip,188,1110,1097.0
79679_NT_AL_AA.fasta.zip,182,283,272.0
79682_NT_AL_AA.fasta.zip,184,433,390.0
79683_NT_AL_AA.fasta.zip,180,494,485.0
79684_NT_AL_AA.fasta.zip,185,570,558
79685_NT_AL_AA.fasta.zip,176,189,179.0
79690_NT_AL_AA.fasta.zip,188,498,479.0
79691_NT_AL_AA.fasta.zip,183,415,415
79692_NT_AL_AA.fasta.zip,161,405,402
79693_NT_AL_AA.fasta.zip,172,287,279.0
79694_NT_AL_AA.fasta.zip,186,466,461.0
79695_NT_AL_AA.fasta.zip,169,595,553
79696_NT_AL_AA.fasta.zip,187,569,525
79697_NT_AL_AA.fasta.zip,171,683,626
79698_NT_AL_AA.fasta.zip,186,234,227.0
79699_NT_AL_AA.fasta.zip,185,737,734
796_NT_AL_AA.fasta.zip,38,137,131.0
79701_NT_AL_AA.fasta.zip,184,326,308.0
79703_NT_AL_AA.fasta.zip,171,571,540
79705_NT_AL_AA.fasta.zip,185,2073,2008
79706_NT_AL_AA.fasta.zip,188,193,184.0
79707_NT_AL_AA.fasta.zip,182,716,651.5
79709_NT_AL_AA.fasta.zip,182,639,602.0
79710_NT_AL_AA.fasta.zip,186,953,932.0
79711_NT_AL_AA.fasta.zip,189,1102,1080
79712_NT_AL_AA.fasta.zip,190,461,445.0
79713_NT_AL_AA.fasta.zip,140,382,304.0
79714_NT_AL_AA.fasta.zip,189,420,410
79716_NT_AL_AA.fasta.zip,179,520,516
79717_NT_AL_AA.fasta.zip,177,311,310
79718_NT_AL_AA.fasta.zip,182,515,514.0
79719_NT_AL_AA.fasta.zip,185,322,314
79720_NT_AL_AA.fasta.zip,179,309,285
79722_NT_AL_AA.fasta.zip,176,621,607.0
79723_NT_AL_AA.fasta.zip,183,403,400
79724_NT_AL_AA.fasta.zip,174,620,544.0
79726_NT_AL_AA.fasta.zip,186,1006,992.0
79727_NT_AL_AA.fasta.zip,187,215,204
79728_NT_AL_AA.fasta.zip,116,1222,1131.5
79729_NT_AL_AA.fasta.zip,176,1003,616.0
79730_NT_AL_AA.fasta.zip,188,762,716.0
79731_NT_AL_AA.fasta.zip,183,481,477
79733_NT_AL_AA.fasta.zip,187,902,865
79734_NT_AL_AA.fasta.zip,147,260,240
79735_NT_AL_AA.fasta.zip,185,671,642
79736_NT_AL_AA.fasta.zip,185,363,355
79738_NT_AL_AA.fasta.zip,188,731,717.0
79739_NT_AL_AA.fasta.zip,184,904,885.0
79740_NT_AL_AA.fasta.zip,184,872,831.0
79741_NT_AL_AA.fasta.zip,122,508,461.0
79742_NT_AL_AA.fasta.zip,179,442,432
79745_NT_AL_AA.fasta.zip,189,720,701
79746_NT_AL_AA.fasta.zip,185,310,297
79747_NT_AL_AA.fasta.zip,172,1771,1620.5
79748_NT_AL_AA.fasta.zip,175,526,490
79751_NT_AL_AA.fasta.zip,181,328,323
79752_NT_AL_AA.fasta.zip,185,272,268
79753_NT_AL_AA.fasta.zip,190,439,396.0
79754_NT_AL_AA.fasta.zip,186,328,277.0
79755_NT_AL_AA.fasta.zip,188,769,694.0
79759_NT_AL_AA.fasta.zip,186,637,618.0
7975_NT_AL_AA.fasta.zip,181,158,156
79760_NT_AL_AA.fasta.zip,183,130,127
79767_NT_AL_AA.fasta.zip,186,730,720.0
79768_NT_AL_AA.fasta.zip,186,308,304.0
7976_NT_AL_AA.fasta.zip,182,667,666.0
79770_NT_AL_AA.fasta.zip,181,360,344
79772_NT_AL_AA.fasta.zip,181,1040,979
79774_NT_AL_AA.fasta.zip,180,338,328.0
79776_NT_AL_AA.fasta.zip,179,3774,3608
79778_NT_AL_AA.fasta.zip,177,1103,837
79780_NT_AL_AA.fasta.zip,185,651,513
79781_NT_AL_AA.fasta.zip,176,950,831.0
79782_NT_AL_AA.fasta.zip,165,581,551
79783_NT_AL_AA.fasta.zip,174,446,436.0
79784_NT_AL_AA.fasta.zip,173,2060,1999
79785_NT_AL_AA.fasta.zip,176,203,201.0
79786_NT_AL_AA.fasta.zip,182,617,615.0
79789_NT_AL_AA.fasta.zip,184,1117,972.5
79791_NT_AL_AA.fasta.zip,184,624,520.5
79792_NT_AL_AA.fasta.zip,170,514,446.5
79794_NT_AL_AA.fasta.zip,181,170,166
79796_NT_AL_AA.fasta.zip,182,629,606.0
79797_NT_AL_AA.fasta.zip,182,758,692.0
79798_NT_AL_AA.fasta.zip,188,976,927.0
7979_NT_AL_AA.fasta.zip,134,77,70.0
79800_NT_AL_AA.fasta.zip,187,747,708
79801_NT_AL_AA.fasta.zip,167,694,672
79802_NT_AL_AA.fasta.zip,168,698,675.0
79803_NT_AL_AA.fasta.zip,182,814,792.5
79805_NT_AL_AA.fasta.zip,184,361,355.0
79807_NT_AL_AA.fasta.zip,183,643,629
79809_NT_AL_AA.fasta.zip,183,1360,1314
7980_NT_AL_AA.fasta.zip,182,241,223.0
79810_NT_AL_AA.fasta.zip,176,384,378.0
79811_NT_AL_AA.fasta.zip,185,1060,1032
79812_NT_AL_AA.fasta.zip,189,987,911
79813_NT_AL_AA.fasta.zip,187,1314,1273
79814_NT_AL_AA.fasta.zip,186,362,342.0
79815_NT_AL_AA.fasta.zip,181,376,371
79816_NT_AL_AA.fasta.zip,165,473,410
79817_NT_AL_AA.fasta.zip,166,217,216.0
79819_NT_AL_AA.fasta.zip,186,828,789.0
79820_NT_AL_AA.fasta.zip,172,1124,1078.0
79822_NT_AL_AA.fasta.zip,184,749,720.0
79823_NT_AL_AA.fasta.zip,175,327,323
79825_NT_AL_AA.fasta.zip,146,651,557.5
79827_NT_AL_AA.fasta.zip,182,371,364.0
79828_NT_AL_AA.fasta.zip,182,405,392.0
79829_NT_AL_AA.fasta.zip,189,239,237
7982_NT_AL_AA.fasta.zip,182,569,565.0
79830_NT_AL_AA.fasta.zip,169,1187,1131
79831_NT_AL_AA.fasta.zip,187,513,405
79832_NT_AL_AA.fasta.zip,188,1779,1733.0
79833_NT_AL_AA.fasta.zip,178,168,166.0
79834_NT_AL_AA.fasta.zip,183,1797,1740
79836_NT_AL_AA.fasta.zip,172,842,741.0
79837_NT_AL_AA.fasta.zip,182,431,420.0
79838_NT_AL_AA.fasta.zip,182,1271,985.5
79840_NT_AL_AA.fasta.zip,187,321,297
79841_NT_AL_AA.fasta.zip,183,1016,850
79842_NT_AL_AA.fasta.zip,190,586,516.0
79843_NT_AL_AA.fasta.zip,187,471,455
79845_NT_AL_AA.fasta.zip,188,155,155.0
79846_NT_AL_AA.fasta.zip,189,951,931
79847_NT_AL_AA.fasta.zip,189,524,516
79848_NT_AL_AA.fasta.zip,188,1397,1201.0
79849_NT_AL_AA.fasta.zip,186,502,481.0
7984_NT_AL_AA.fasta.zip,169,1696,1517
79850_NT_AL_AA.fasta.zip,182,256,253.0
79852_NT_AL_AA.fasta.zip,89,362,360
79853_NT_AL_AA.fasta.zip,187,239,222
79856_NT_AL_AA.fasta.zip,185,184,173
79858_NT_AL_AA.fasta.zip,185,611,585
79861_NT_AL_AA.fasta.zip,160,451,445.0
79863_NT_AL_AA.fasta.zip,181,283,248
79864_NT_AL_AA.fasta.zip,187,838,769
79865_NT_AL_AA.fasta.zip,163,368,307
79866_NT_AL_AA.fasta.zip,189,576,542
79867_NT_AL_AA.fasta.zip,178,773,683.0
79868_NT_AL_AA.fasta.zip,158,1222,1088.0
79869_NT_AL_AA.fasta.zip,189,471,471
79870_NT_AL_AA.fasta.zip,173,152,144
79871_NT_AL_AA.fasta.zip,188,641,606.0
79872_NT_AL_AA.fasta.zip,183,490,486
79873_NT_AL_AA.fasta.zip,184,331,323.0
79874_NT_AL_AA.fasta.zip,185,582,565
79875_NT_AL_AA.fasta.zip,171,1044,1005
79876_NT_AL_AA.fasta.zip,184,407,404.0
79877_NT_AL_AA.fasta.zip,189,233,231
79882_NT_AL_AA.fasta.zip,188,750,732.0
79883_NT_AL_AA.fasta.zip,175,569,562
79884_NT_AL_AA.fasta.zip,186,680,638.0
79885_NT_AL_AA.fasta.zip,183,351,345
79886_NT_AL_AA.fasta.zip,188,380,350.0
79887_NT_AL_AA.fasta.zip,185,514,512
79888_NT_AL_AA.fasta.zip,182,540,507.0
79890_NT_AL_AA.fasta.zip,174,1048,961.0
79892_NT_AL_AA.fasta.zip,186,651,640.0
79893_NT_AL_AA.fasta.zip,187,743,740
79894_NT_AL_AA.fasta.zip,154,487,445.0
79895_NT_AL_AA.fasta.zip,184,1213,1184.0
79896_NT_AL_AA.fasta.zip,187,746,743
79899_NT_AL_AA.fasta.zip,190,393,364.0
79901_NT_AL_AA.fasta.zip,185,292,284
79902_NT_AL_AA.fasta.zip,188,698,653.0
79903_NT_AL_AA.fasta.zip,174,244,242.0
79905_NT_AL_AA.fasta.zip,187,702,697
79906_NT_AL_AA.fasta.zip,169,471,400
79912_NT_AL_AA.fasta.zip,177,507,500
79913_NT_AL_AA.fasta.zip,184,612,603.0
79915_NT_AL_AA.fasta.zip,187,1996,1868
79918_NT_AL_AA.fasta.zip,188,458,438.0
79919_NT_AL_AA.fasta.zip,173,455,437
7991_NT_AL_AA.fasta.zip,177,352,347
79922_NT_AL_AA.fasta.zip,190,344,318.0
79923_NT_AL_AA.fasta.zip,167,419,291
79924_NT_AL_AA.fasta.zip,175,170,141
79925_NT_AL_AA.fasta.zip,170,1910,1732.5
79927_NT_AL_AA.fasta.zip,181,293,269
79929_NT_AL_AA.fasta.zip,159,213,191
79930_NT_AL_AA.fasta.zip,188,478,434.0
79931_NT_AL_AA.fasta.zip,171,312,299
79932_NT_AL_AA.fasta.zip,187,1064,1044
79933_NT_AL_AA.fasta.zip,186,1103,967.0
79934_NT_AL_AA.fasta.zip,187,533,524
79939_NT_AL_AA.fasta.zip,170,426,404.0
7993_NT_AL_AA.fasta.zip,188,279,269.0
79944_NT_AL_AA.fasta.zip,187,467,463
79947_NT_AL_AA.fasta.zip,188,334,333.0
79948_NT_AL_AA.fasta.zip,170,809,715.0
79949_NT_AL_AA.fasta.zip,189,497,453
7994_NT_AL_AA.fasta.zip,169,2208,1989
79953_NT_AL_AA.fasta.zip,181,264,258
79954_NT_AL_AA.fasta.zip,185,696,688
79955_NT_AL_AA.fasta.zip,182,1020,955.0
79956_NT_AL_AA.fasta.zip,182,931,900.0
79957_NT_AL_AA.fasta.zip,180,348,342.0
79958_NT_AL_AA.fasta.zip,189,842,779
79959_NT_AL_AA.fasta.zip,179,660,656
79960_NT_AL_AA.fasta.zip,170,865,843.0
79961_NT_AL_AA.fasta.zip,187,476,464
79962_NT_AL_AA.fasta.zip,186,351,338.0
79966_NT_AL_AA.fasta.zip,167,347,330
79968_NT_AL_AA.fasta.zip,186,640,608.0
79969_NT_AL_AA.fasta.zip,180,446,412.0
79971_NT_AL_AA.fasta.zip,184,541,538.0
79974_NT_AL_AA.fasta.zip,182,1042,1024.0
79977_NT_AL_AA.fasta.zip,186,638,625.0
79979_NT_AL_AA.fasta.zip,143,499,478
79980_NT_AL_AA.fasta.zip,185,360,347
79982_NT_AL_AA.fasta.zip,176,383,379.0
79983_NT_AL_AA.fasta.zip,174,606,589.0
79987_NT_AL_AA.fasta.zip,180,3600,3559.0
79989_NT_AL_AA.fasta.zip,187,559,553
79990_NT_AL_AA.fasta.zip,185,830,785
79991_NT_AL_AA.fasta.zip,183,379,365
79993_NT_AL_AA.fasta.zip,189,281,281
79998_NT_AL_AA.fasta.zip,175,464,408
799_NT_AL_AA.fasta.zip,187,516,474
80000_NT_AL_AA.fasta.zip,184,1990,1962.5
80003_NT_AL_AA.fasta.zip,175,2238,2096
80004_NT_AL_AA.fasta.zip,187,726,711
80005_NT_AL_AA.fasta.zip,188,1883,1861.0
80006_NT_AL_AA.fasta.zip,183,422,418
80008_NT_AL_AA.fasta.zip,186,305,296.0
8000_NT_AL_AA.fasta.zip,138,130,123.0
80010_NT_AL_AA.fasta.zip,188,668,625.0
80011_NT_AL_AA.fasta.zip,186,257,254.0
80012_NT_AL_AA.fasta.zip,188,1040,1011.0
80013_NT_AL_AA.fasta.zip,148,448,445.0
80014_NT_AL_AA.fasta.zip,186,1258,1179.0
80018_NT_AL_AA.fasta.zip,189,979,972
80019_NT_AL_AA.fasta.zip,184,232,226.0
8001_NT_AL_AA.fasta.zip,185,465,464
80020_NT_AL_AA.fasta.zip,184,698,672.0
80021_NT_AL_AA.fasta.zip,182,648,639.0
80022_NT_AL_AA.fasta.zip,160,3266,2848.0
80023_NT_AL_AA.fasta.zip,182,208,203.0
80024_NT_AL_AA.fasta.zip,184,578,564.0
80025_NT_AL_AA.fasta.zip,173,455,442
80028_NT_AL_AA.fasta.zip,184,722,709.0
80031_NT_AL_AA.fasta.zip,188,1089,1086.0
80034_NT_AL_AA.fasta.zip,188,606,585.0
80045_NT_AL_AA.fasta.zip,162,347,325.5
80055_NT_AL_AA.fasta.zip,185,926,922
80059_NT_AL_AA.fasta.zip,183,597,590
80063_NT_AL_AA.fasta.zip,184,728,667.0
80067_NT_AL_AA.fasta.zip,189,514,503
80070_NT_AL_AA.fasta.zip,171,1939,1908
80071_NT_AL_AA.fasta.zip,179,1456,736
80095_NT_AL_AA.fasta.zip,144,1062,790.0
80097_NT_AL_AA.fasta.zip,122,232,215.0
800_NT_AL_AA.fasta.zip,187,1020,731
80114_NT_AL_AA.fasta.zip,183,983,970
80115_NT_AL_AA.fasta.zip,182,625,513.0
80117_NT_AL_AA.fasta.zip,185,194,192
80119_NT_AL_AA.fasta.zip,182,647,632.0
80122_NT_AL_AA.fasta.zip,188,1406,1314.5
80124_NT_AL_AA.fasta.zip,188,1247,1220.0
80125_NT_AL_AA.fasta.zip,164,733,683.0
80127_NT_AL_AA.fasta.zip,188,549,517.0
80128_NT_AL_AA.fasta.zip,118,751,746.0
80129_NT_AL_AA.fasta.zip,177,706,687
80131_NT_AL_AA.fasta.zip,188,810,793.0
80133_NT_AL_AA.fasta.zip,176,819,789.5
80135_NT_AL_AA.fasta.zip,190,358,349.0
80139_NT_AL_AA.fasta.zip,176,680,581.0
8013_NT_AL_AA.fasta.zip,185,713,626
80142_NT_AL_AA.fasta.zip,185,374,365
80143_NT_AL_AA.fasta.zip,189,209,207
80144_NT_AL_AA.fasta.zip,178,4042,3997.0
80145_NT_AL_AA.fasta.zip,189,198,198
80146_NT_AL_AA.fasta.zip,183,433,425
80148_NT_AL_AA.fasta.zip,187,270,269
80149_NT_AL_AA.fasta.zip,189,602,582
80150_NT_AL_AA.fasta.zip,177,310,308
80152_NT_AL_AA.fasta.zip,183,704,538
80153_NT_AL_AA.fasta.zip,179,514,508
80155_NT_AL_AA.fasta.zip,190,866,866.0
80157_NT_AL_AA.fasta.zip,177,719,698
80162_NT_AL_AA.fasta.zip,187,700,682
80164_NT_AL_AA.fasta.zip,167,2297,950
80167_NT_AL_AA.fasta.zip,181,469,464
80168_NT_AL_AA.fasta.zip,170,333,332.0
80169_NT_AL_AA.fasta.zip,187,1250,1202
80173_NT_AL_AA.fasta.zip,182,600,599.0
80176_NT_AL_AA.fasta.zip,178,273,273.0
80177_NT_AL_AA.fasta.zip,187,192,187
80178_NT_AL_AA.fasta.zip,183,447,416
80179_NT_AL_AA.fasta.zip,187,989,956
80183_NT_AL_AA.fasta.zip,184,686,649.0
80184_NT_AL_AA.fasta.zip,182,2488,2472.0
80185_NT_AL_AA.fasta.zip,187,530,504
80194_NT_AL_AA.fasta.zip,184,204,192.0
80195_NT_AL_AA.fasta.zip,128,131,126.0
80196_NT_AL_AA.fasta.zip,186,411,371.0
80198_NT_AL_AA.fasta.zip,188,595,546.0
80199_NT_AL_AA.fasta.zip,187,433,414
8019_NT_AL_AA.fasta.zip,184,733,724.0
801_NT_AL_AA.fasta.zip,170,149,149.0
80201_NT_AL_AA.fasta.zip,187,921,917
80204_NT_AL_AA.fasta.zip,187,846,843
80205_NT_AL_AA.fasta.zip,179,2951,2899
80206_NT_AL_AA.fasta.zip,186,1695,1570.5
80208_NT_AL_AA.fasta.zip,187,2477,2414
80209_NT_AL_AA.fasta.zip,187,1022,935
80210_NT_AL_AA.fasta.zip,184,825,789.0
80212_NT_AL_AA.fasta.zip,181,325,314
80213_NT_AL_AA.fasta.zip,181,256,251
80216_NT_AL_AA.fasta.zip,186,1379,1218.0
80217_NT_AL_AA.fasta.zip,178,1692,1653.5
80218_NT_AL_AA.fasta.zip,188,168,167.0
80219_NT_AL_AA.fasta.zip,184,248,242.0
8021_NT_AL_AA.fasta.zip,187,2287,2082
80221_NT_AL_AA.fasta.zip,184,621,611.0
80222_NT_AL_AA.fasta.zip,183,734,718
80223_NT_AL_AA.fasta.zip,177,1376,1195
80224_NT_AL_AA.fasta.zip,176,316,314.0
80228_NT_AL_AA.fasta.zip,188,257,254.0
8022_NT_AL_AA.fasta.zip,181,416,401
80230_NT_AL_AA.fasta.zip,186,692,677.0
80231_NT_AL_AA.fasta.zip,180,313,296.0
80232_NT_AL_AA.fasta.zip,179,698,651
80233_NT_AL_AA.fasta.zip,184,911,855.0
80235_NT_AL_AA.fasta.zip,175,554,548
80237_NT_AL_AA.fasta.zip,188,418,391.0
80243_NT_AL_AA.fasta.zip,182,1604,1592.0
80254_NT_AL_AA.fasta.zip,188,727,708.0
80255_NT_AL_AA.fasta.zip,181,531,520
80256_NT_AL_AA.fasta.zip,188,548,538.0
80258_NT_AL_AA.fasta.zip,172,808,736.0
80262_NT_AL_AA.fasta.zip,188,424,422.0
80263_NT_AL_AA.fasta.zip,184,590,580.0
80267_NT_AL_AA.fasta.zip,179,989,932
80270_NT_AL_AA.fasta.zip,185,376,369
80271_NT_AL_AA.fasta.zip,165,721,650
80273_NT_AL_AA.fasta.zip,177,223,217
80274_NT_AL_AA.fasta.zip,182,1024,1015.0
80279_NT_AL_AA.fasta.zip,190,517,501.5
8027_NT_AL_AA.fasta.zip,185,554,536
8028_NT_AL_AA.fasta.zip,114,1103,1066.0
80298_NT_AL_AA.fasta.zip,188,454,385.0
8029_NT_AL_AA.fasta.zip,182,3659,3615.0
80301_NT_AL_AA.fasta.zip,188,541,488.0
80303_NT_AL_AA.fasta.zip,187,240,213
80305_NT_AL_AA.fasta.zip,183,390,370
80306_NT_AL_AA.fasta.zip,186,181,178.0
80308_NT_AL_AA.fasta.zip,186,495,489.0
80309_NT_AL_AA.fasta.zip,187,1825,1675
8030_NT_AL_AA.fasta.zip,179,499,473
80310_NT_AL_AA.fasta.zip,179,380,369
80311_NT_AL_AA.fasta.zip,181,605,604
80312_NT_AL_AA.fasta.zip,180,2299,2109.5
80313_NT_AL_AA.fasta.zip,170,466,374.5
80314_NT_AL_AA.fasta.zip,177,878,836
80315_NT_AL_AA.fasta.zip,178,734,729.0
80318_NT_AL_AA.fasta.zip,181,377,364
80319_NT_AL_AA.fasta.zip,136,424,357.5
8031_NT_AL_AA.fasta.zip,185,642,621
80320_NT_AL_AA.fasta.zip,187,395,374
80321_NT_AL_AA.fasta.zip,182,589,578.0
80323_NT_AL_AA.fasta.zip,189,344,334
80324_NT_AL_AA.fasta.zip,185,396,381
80325_NT_AL_AA.fasta.zip,176,485,475.0
80326_NT_AL_AA.fasta.zip,186,428,417.0
80331_NT_AL_AA.fasta.zip,186,202,198.0
80332_NT_AL_AA.fasta.zip,184,793,746.0
80333_NT_AL_AA.fasta.zip,186,197,196.0
80335_NT_AL_AA.fasta.zip,182,315,313.0
80336_NT_AL_AA.fasta.zip,185,629,597
80339_NT_AL_AA.fasta.zip,167,507,370
80341_NT_AL_AA.fasta.zip,181,471,458
80342_NT_AL_AA.fasta.zip,185,577,548
80343_NT_AL_AA.fasta.zip,183,579,576
80344_NT_AL_AA.fasta.zip,188,551,546.0
80346_NT_AL_AA.fasta.zip,189,260,248
80347_NT_AL_AA.fasta.zip,183,562,557
80349_NT_AL_AA.fasta.zip,168,305,305.0
8034_NT_AL_AA.fasta.zip,177,330,327
80351_NT_AL_AA.fasta.zip,184,1170,1164.0
80352_NT_AL_AA.fasta.zip,175,366,352
8036_NT_AL_AA.fasta.zip,189,582,581
80380_NT_AL_AA.fasta.zip,172,276,249.0
80381_NT_AL_AA.fasta.zip,185,881,494
8038_NT_AL_AA.fasta.zip,174,887,856.0
8045_NT_AL_AA.fasta.zip,182,361,345.0
8048_NT_AL_AA.fasta.zip,188,197,194.0
8050_NT_AL_AA.fasta.zip,189,526,500
805_NT_AL_AA.fasta.zip,177,222,149
8061_NT_AL_AA.fasta.zip,186,294,266.0
8065_NT_AL_AA.fasta.zip,187,781,780
80700_NT_AL_AA.fasta.zip,188,454,441.0
80705_NT_AL_AA.fasta.zip,177,897,873
80709_NT_AL_AA.fasta.zip,178,1554,1399.0
80712_NT_AL_AA.fasta.zip,121,470,212
80714_NT_AL_AA.fasta.zip,144,393,351.0
80723_NT_AL_AA.fasta.zip,184,413,412.0
80724_NT_AL_AA.fasta.zip,176,1081,1027.0
80725_NT_AL_AA.fasta.zip,187,1395,1162
80726_NT_AL_AA.fasta.zip,122,2010,1234.5
80727_NT_AL_AA.fasta.zip,181,528,522
80728_NT_AL_AA.fasta.zip,117,1132,1101
80731_NT_AL_AA.fasta.zip,174,1614,1602.0
80736_NT_AL_AA.fasta.zip,187,723,706
80737_NT_AL_AA.fasta.zip,187,938,870
80739_NT_AL_AA.fasta.zip,184,276,230.0
8073_NT_AL_AA.fasta.zip,187,167,167
80740_NT_AL_AA.fasta.zip,185,129,125
80741_NT_AL_AA.fasta.zip,140,151,136.0
80742_NT_AL_AA.fasta.zip,184,208,187.0
80745_NT_AL_AA.fasta.zip,186,509,487.0
80746_NT_AL_AA.fasta.zip,174,479,445.5
8074_NT_AL_AA.fasta.zip,185,351,242
80757_NT_AL_AA.fasta.zip,167,328,317
80758_NT_AL_AA.fasta.zip,182,308,268.0
80760_NT_AL_AA.fasta.zip,183,950,925
80762_NT_AL_AA.fasta.zip,187,234,220
80763_NT_AL_AA.fasta.zip,173,129,115
80764_NT_AL_AA.fasta.zip,183,316,306
80765_NT_AL_AA.fasta.zip,182,218,213.0
8076_NT_AL_AA.fasta.zip,187,182,167
80772_NT_AL_AA.fasta.zip,183,217,213
80774_NT_AL_AA.fasta.zip,182,134,128.0
80776_NT_AL_AA.fasta.zip,188,177,175.0
80777_NT_AL_AA.fasta.zip,188,157,145.0
80781_NT_AL_AA.fasta.zip,181,1843,1506
80789_NT_AL_AA.fasta.zip,185,1031,1019
8078_NT_AL_AA.fasta.zip,186,860,858.0
80790_NT_AL_AA.fasta.zip,186,783,773.0
8079_NT_AL_AA.fasta.zip,185,252,247
80816_NT_AL_AA.fasta.zip,182,2325,2215.0
80817_NT_AL_AA.fasta.zip,189,416,366
80818_NT_AL_AA.fasta.zip,167,472,470
80820_NT_AL_AA.fasta.zip,185,577,569
80821_NT_AL_AA.fasta.zip,188,997,912.5
80823_NT_AL_AA.fasta.zip,133,654,539
80824_NT_AL_AA.fasta.zip,155,679,662
80829_NT_AL_AA.fasta.zip,168,594,568.0
8082_NT_AL_AA.fasta.zip,185,256,242
80830_NT_AL_AA.fasta.zip,28,260,257.0
80834_NT_AL_AA.fasta.zip,184,941,820.5
80835_NT_AL_AA.fasta.zip,166,867,840.0
80851_NT_AL_AA.fasta.zip,185,406,391
80852_NT_AL_AA.fasta.zip,184,1072,1021.0
80853_NT_AL_AA.fasta.zip,174,940,920.5
80854_NT_AL_AA.fasta.zip,183,367,365
80856_NT_AL_AA.fasta.zip,188,452,422.0
8085_NT_AL_AA.fasta.zip,186,6913,5491.5
80863_NT_AL_AA.fasta.zip,173,314,306
80864_NT_AL_AA.fasta.zip,174,312,282.0
8086_NT_AL_AA.fasta.zip,186,558,545.0
8087_NT_AL_AA.fasta.zip,188,684,677.0
80895_NT_AL_AA.fasta.zip,185,418,380
80896_NT_AL_AA.fasta.zip,179,321,316
8089_NT_AL_AA.fasta.zip,186,228,227.0
808_NT_AL_AA.fasta.zip,163,151,149
8091_NT_AL_AA.fasta.zip,160,85,85.0
8092_NT_AL_AA.fasta.zip,185,331,323
80975_NT_AL_AA.fasta.zip,179,464,437
8099_NT_AL_AA.fasta.zip,183,101,87
8100_NT_AL_AA.fasta.zip,188,841,825.0
81027_NT_AL_AA.fasta.zip,179,453,447
81029_NT_AL_AA.fasta.zip,162,364,358.0
81030_NT_AL_AA.fasta.zip,165,466,362
81031_NT_AL_AA.fasta.zip,187,544,521
81033_NT_AL_AA.fasta.zip,182,971,950.0
81034_NT_AL_AA.fasta.zip,186,316,313.0
81035_NT_AL_AA.fasta.zip,184,748,742.0
81037_NT_AL_AA.fasta.zip,183,544,536
8110_NT_AL_AA.fasta.zip,185,378,377
8111_NT_AL_AA.fasta.zip,187,373,361
811_NT_AL_AA.fasta.zip,190,431,417.0
8120_NT_AL_AA.fasta.zip,185,1122,1082
8125_NT_AL_AA.fasta.zip,182,249,233.0
8128_NT_AL_AA.fasta.zip,181,379,375
8131_NT_AL_AA.fasta.zip,184,594,578.0
81341_NT_AL_AA.fasta.zip,111,318,314
8139_NT_AL_AA.fasta.zip,187,604,596
813_NT_AL_AA.fasta.zip,149,323,315
8140_NT_AL_AA.fasta.zip,179,516,497
81488_NT_AL_AA.fasta.zip,175,381,367
8148_NT_AL_AA.fasta.zip,186,819,574.0
81490_NT_AL_AA.fasta.zip,177,424,416
81491_NT_AL_AA.fasta.zip,189,421,419
81492_NT_AL_AA.fasta.zip,181,768,695
81493_NT_AL_AA.fasta.zip,188,744,457.0
814_NT_AL_AA.fasta.zip,179,483,470
81501_NT_AL_AA.fasta.zip,189,468,465
81502_NT_AL_AA.fasta.zip,186,433,426.0
81532_NT_AL_AA.fasta.zip,181,236,228
81533_NT_AL_AA.fasta.zip,173,620,611
81537_NT_AL_AA.fasta.zip,169,456,437
81539_NT_AL_AA.fasta.zip,182,497,486.0
8153_NT_AL_AA.fasta.zip,179,240,226
81542_NT_AL_AA.fasta.zip,186,284,275.0
81543_NT_AL_AA.fasta.zip,178,259,257.0
81544_NT_AL_AA.fasta.zip,186,614,608.5
81545_NT_AL_AA.fasta.zip,188,1208,1188.0
81550_NT_AL_AA.fasta.zip,184,756,743.0
81551_NT_AL_AA.fasta.zip,190,216,216.0
81552_NT_AL_AA.fasta.zip,184,171,162.0
81553_NT_AL_AA.fasta.zip,187,327,323
81554_NT_AL_AA.fasta.zip,184,480,450.0
81555_NT_AL_AA.fasta.zip,182,260,257.0
81556_NT_AL_AA.fasta.zip,187,518,518
81558_NT_AL_AA.fasta.zip,186,471,451.0
81559_NT_AL_AA.fasta.zip,163,471,464
81562_NT_AL_AA.fasta.zip,190,373,359.0
81563_NT_AL_AA.fasta.zip,174,126,121.0
81565_NT_AL_AA.fasta.zip,185,342,335
81566_NT_AL_AA.fasta.zip,188,558,543.0
81567_NT_AL_AA.fasta.zip,185,379,368
81570_NT_AL_AA.fasta.zip,188,718,703.0
81572_NT_AL_AA.fasta.zip,189,134,133
81573_NT_AL_AA.fasta.zip,185,574,545
81575_NT_AL_AA.fasta.zip,179,250,246
81576_NT_AL_AA.fasta.zip,184,420,392.0
81577_NT_AL_AA.fasta.zip,184,387,385.0
81579_NT_AL_AA.fasta.zip,166,195,187.0
815_NT_AL_AA.fasta.zip,186,496,489.0
81602_NT_AL_AA.fasta.zip,187,521,514
81603_NT_AL_AA.fasta.zip,187,559,551
81605_NT_AL_AA.fasta.zip,175,101,95
81606_NT_AL_AA.fasta.zip,184,109,105.0
81607_NT_AL_AA.fasta.zip,188,515,498.0
81608_NT_AL_AA.fasta.zip,185,619,602
81609_NT_AL_AA.fasta.zip,185,550,541
81610_NT_AL_AA.fasta.zip,186,613,578.0
81611_NT_AL_AA.fasta.zip,185,301,262
81614_NT_AL_AA.fasta.zip,168,363,360.0
81615_NT_AL_AA.fasta.zip,182,297,287.5
81617_NT_AL_AA.fasta.zip,187,335,334
81618_NT_AL_AA.fasta.zip,189,281,267
81619_NT_AL_AA.fasta.zip,186,277,270.0
8161_NT_AL_AA.fasta.zip,187,628,567
81620_NT_AL_AA.fasta.zip,185,599,471
81621_NT_AL_AA.fasta.zip,185,311,295
81622_NT_AL_AA.fasta.zip,182,632,598.0
81623_NT_AL_AA.fasta.zip,24,132,113.0
81624_NT_AL_AA.fasta.zip,183,1220,1182
81626_NT_AL_AA.fasta.zip,178,676,637.0
81627_NT_AL_AA.fasta.zip,184,770,725.0
81628_NT_AL_AA.fasta.zip,160,442,394.0
81629_NT_AL_AA.fasta.zip,178,272,268.0
81631_NT_AL_AA.fasta.zip,168,126,125.0
8165_NT_AL_AA.fasta.zip,189,941,837
81669_NT_AL_AA.fasta.zip,179,566,519
81671_NT_AL_AA.fasta.zip,181,406,405
81688_NT_AL_AA.fasta.zip,184,230,229.0
81689_NT_AL_AA.fasta.zip,167,131,129
81691_NT_AL_AA.fasta.zip,167,797,764
81693_NT_AL_AA.fasta.zip,171,488,433
816_NT_AL_AA.fasta.zip,183,664,607
81704_NT_AL_AA.fasta.zip,183,2123,2098
81706_NT_AL_AA.fasta.zip,160,196,162.0
8174_NT_AL_AA.fasta.zip,171,557,338
8175_NT_AL_AA.fasta.zip,179,700,458
81786_NT_AL_AA.fasta.zip,177,518,502
81788_NT_AL_AA.fasta.zip,187,1108,625
8178_NT_AL_AA.fasta.zip,179,666,603
81790_NT_AL_AA.fasta.zip,190,261,255.0
81792_NT_AL_AA.fasta.zip,176,1635,1592.5
81794_NT_AL_AA.fasta.zip,185,1128,1101
81796_NT_AL_AA.fasta.zip,183,873,842
817_NT_AL_AA.fasta.zip,145,536,532
81831_NT_AL_AA.fasta.zip,163,533,525
81832_NT_AL_AA.fasta.zip,185,536,532
81833_NT_AL_AA.fasta.zip,184,349,282.0
81839_NT_AL_AA.fasta.zip,183,528,524
81844_NT_AL_AA.fasta.zip,179,788,749
81846_NT_AL_AA.fasta.zip,179,1889,1878
81847_NT_AL_AA.fasta.zip,187,368,358
81848_NT_AL_AA.fasta.zip,190,313,299.0
81849_NT_AL_AA.fasta.zip,169,344,329
81855_NT_AL_AA.fasta.zip,189,325,321
81857_NT_AL_AA.fasta.zip,178,898,794.0
81858_NT_AL_AA.fasta.zip,183,412,365
81873_NT_AL_AA.fasta.zip,185,158,152
81875_NT_AL_AA.fasta.zip,172,414,348.0
81876_NT_AL_AA.fasta.zip,185,205,201
8187_NT_AL_AA.fasta.zip,164,441,401.0
81887_NT_AL_AA.fasta.zip,183,873,690
81889_NT_AL_AA.fasta.zip,176,221,221.0
81890_NT_AL_AA.fasta.zip,187,409,403
81892_NT_AL_AA.fasta.zip,187,119,111
81894_NT_AL_AA.fasta.zip,162,365,364.0
8189_NT_AL_AA.fasta.zip,184,1322,1264.0
818_NT_AL_AA.fasta.zip,187,586,572
8190_NT_AL_AA.fasta.zip,184,136,130.0
81926_NT_AL_AA.fasta.zip,185,311,308
81928_NT_AL_AA.fasta.zip,168,462,415.0
81929_NT_AL_AA.fasta.zip,173,432,421
8192_NT_AL_AA.fasta.zip,186,280,272.0
81930_NT_AL_AA.fasta.zip,189,911,894
81932_NT_AL_AA.fasta.zip,189,249,249
8193_NT_AL_AA.fasta.zip,167,398,397
8195_NT_AL_AA.fasta.zip,153,577,570
819_NT_AL_AA.fasta.zip,187,302,296
81_NT_AL_AA.fasta.zip,189,953,933
8200_NT_AL_AA.fasta.zip,189,505,499
8202_NT_AL_AA.fasta.zip,187,1499,1403
8204_NT_AL_AA.fasta.zip,189,1235,1156
8208_NT_AL_AA.fasta.zip,187,576,539
8209_NT_AL_AA.fasta.zip,177,276,264
820_NT_AL_AA.fasta.zip,56,180,165.0
8216_NT_AL_AA.fasta.zip,176,860,839.0
821_NT_AL_AA.fasta.zip,187,613,591
8220_NT_AL_AA.fasta.zip,186,498,476.0
8224_NT_AL_AA.fasta.zip,172,584,579.0
8225_NT_AL_AA.fasta.zip,122,596,497.5
8226_NT_AL_AA.fasta.zip,166,230,224.0
8227_NT_AL_AA.fasta.zip,141,741,650
822_NT_AL_AA.fasta.zip,185,349,346
8233_NT_AL_AA.fasta.zip,182,633,457.5
8237_NT_AL_AA.fasta.zip,181,943,895
8239_NT_AL_AA.fasta.zip,169,2613,2559
823_NT_AL_AA.fasta.zip,188,718,715.0
8241_NT_AL_AA.fasta.zip,186,1023,971.0
8242_NT_AL_AA.fasta.zip,175,1604,1559
8243_NT_AL_AA.fasta.zip,183,1237,1233
824_NT_AL_AA.fasta.zip,178,704,700.0
825_NT_AL_AA.fasta.zip,184,827,820.0
8260_NT_AL_AA.fasta.zip,172,243,235.0
8266_NT_AL_AA.fasta.zip,170,162,157.0
826_NT_AL_AA.fasta.zip,183,329,263
8270_NT_AL_AA.fasta.zip,153,105,105
8273_NT_AL_AA.fasta.zip,183,487,474
8277_NT_AL_AA.fasta.zip,175,608,583
827_NT_AL_AA.fasta.zip,183,644,641
8288_NT_AL_AA.fasta.zip,163,728,715
8289_NT_AL_AA.fasta.zip,187,2408,2280
8290_NT_AL_AA.fasta.zip,103,138,136
8291_NT_AL_AA.fasta.zip,183,2149,2133
8293_NT_AL_AA.fasta.zip,66,62,62.0
8295_NT_AL_AA.fasta.zip,184,3896,3872.0
829_NT_AL_AA.fasta.zip,190,288,286.0
8301_NT_AL_AA.fasta.zip,190,690,684.0
8303_NT_AL_AA.fasta.zip,185,88,87
8309_NT_AL_AA.fasta.zip,190,692,680.0
830_NT_AL_AA.fasta.zip,182,287,286.0
8310_NT_AL_AA.fasta.zip,183,697,679
8312_NT_AL_AA.fasta.zip,186,889,865.0
8313_NT_AL_AA.fasta.zip,183,888,837
8314_NT_AL_AA.fasta.zip,186,736,729.0
8315_NT_AL_AA.fasta.zip,189,597,592
8317_NT_AL_AA.fasta.zip,189,594,573
8318_NT_AL_AA.fasta.zip,189,583,564
831_NT_AL_AA.fasta.zip,185,940,773
8320_NT_AL_AA.fasta.zip,185,749,703
8321_NT_AL_AA.fasta.zip,176,688,641.5
8322_NT_AL_AA.fasta.zip,186,548,537.0
8323_NT_AL_AA.fasta.zip,183,735,712
8324_NT_AL_AA.fasta.zip,178,581,574.0
8325_NT_AL_AA.fasta.zip,168,776,678.0
8326_NT_AL_AA.fasta.zip,169,610,590
8328_NT_AL_AA.fasta.zip,189,387,357
832_NT_AL_AA.fasta.zip,189,280,277
8338_NT_AL_AA.fasta.zip,100,130,129.0
83394_NT_AL_AA.fasta.zip,187,985,962
833_NT_AL_AA.fasta.zip,185,837,829
83401_NT_AL_AA.fasta.zip,187,277,270
83439_NT_AL_AA.fasta.zip,180,609,574.0
83440_NT_AL_AA.fasta.zip,187,504,492
83442_NT_AL_AA.fasta.zip,182,94,93.0
83443_NT_AL_AA.fasta.zip,181,86,86
83444_NT_AL_AA.fasta.zip,189,369,356
83445_NT_AL_AA.fasta.zip,185,399,365
83446_NT_AL_AA.fasta.zip,182,246,222.0
83447_NT_AL_AA.fasta.zip,183,326,321
83448_NT_AL_AA.fasta.zip,180,718,698.0
83449_NT_AL_AA.fasta.zip,186,1111,940.0
83450_NT_AL_AA.fasta.zip,185,539,518
83451_NT_AL_AA.fasta.zip,183,314,304
83452_NT_AL_AA.fasta.zip,90,230,229.0
83460_NT_AL_AA.fasta.zip,164,110,110.0
83461_NT_AL_AA.fasta.zip,186,293,264.0
83463_NT_AL_AA.fasta.zip,185,219,206
83464_NT_AL_AA.fasta.zip,175,259,257
83468_NT_AL_AA.fasta.zip,185,350,345
83473_NT_AL_AA.fasta.zip,188,530,519.0
83475_NT_AL_AA.fasta.zip,182,306,295.0
83478_NT_AL_AA.fasta.zip,188,845,748.0
83479_NT_AL_AA.fasta.zip,165,628,613
83480_NT_AL_AA.fasta.zip,183,493,480
83481_NT_AL_AA.fasta.zip,128,5667,2876.5
83482_NT_AL_AA.fasta.zip,167,390,344
83483_NT_AL_AA.fasta.zip,184,446,431.5
8349_NT_AL_AA.fasta.zip,113,126,126
83538_NT_AL_AA.fasta.zip,183,690,615
83539_NT_AL_AA.fasta.zip,180,454,429.5
83540_NT_AL_AA.fasta.zip,169,465,464
83541_NT_AL_AA.fasta.zip,183,308,295
83543_NT_AL_AA.fasta.zip,184,144,140.0
83544_NT_AL_AA.fasta.zip,177,190,190
83546_NT_AL_AA.fasta.zip,177,243,222
83547_NT_AL_AA.fasta.zip,185,385,350
83548_NT_AL_AA.fasta.zip,188,842,828.0
83549_NT_AL_AA.fasta.zip,186,293,274.0
83550_NT_AL_AA.fasta.zip,183,555,493
83552_NT_AL_AA.fasta.zip,185,668,569
83590_NT_AL_AA.fasta.zip,188,266,246.0
83591_NT_AL_AA.fasta.zip,172,233,218.0
83592_NT_AL_AA.fasta.zip,145,303,295
83593_NT_AL_AA.fasta.zip,183,432,414
83594_NT_AL_AA.fasta.zip,189,470,462
83595_NT_AL_AA.fasta.zip,180,405,384.0
83596_NT_AL_AA.fasta.zip,175,268,250
83597_NT_AL_AA.fasta.zip,156,332,197.5
835_NT_AL_AA.fasta.zip,181,456,452
83604_NT_AL_AA.fasta.zip,170,181,181.0
83605_NT_AL_AA.fasta.zip,184,504,442.0
83606_NT_AL_AA.fasta.zip,185,231,224
83607_NT_AL_AA.fasta.zip,176,312,310.0
83608_NT_AL_AA.fasta.zip,188,223,216.0
83636_NT_AL_AA.fasta.zip,162,144,141.0
83637_NT_AL_AA.fasta.zip,186,938,916.0
83638_NT_AL_AA.fasta.zip,184,299,288.0
83639_NT_AL_AA.fasta.zip,160,263,226.5
83640_NT_AL_AA.fasta.zip,180,122,117.0
83641_NT_AL_AA.fasta.zip,180,298,288.0
83642_NT_AL_AA.fasta.zip,177,702,626
83643_NT_AL_AA.fasta.zip,172,278,272.0
83648_NT_AL_AA.fasta.zip,187,225,209
83657_NT_AL_AA.fasta.zip,182,96,96.0
83658_NT_AL_AA.fasta.zip,187,95,93
83659_NT_AL_AA.fasta.zip,183,420,418
83660_NT_AL_AA.fasta.zip,186,2543,2542.0
83666_NT_AL_AA.fasta.zip,185,864,774
83667_NT_AL_AA.fasta.zip,188,497,479.0
83690_NT_AL_AA.fasta.zip,185,503,500
83692_NT_AL_AA.fasta.zip,178,354,209.0
83693_NT_AL_AA.fasta.zip,188,330,330.0
83694_NT_AL_AA.fasta.zip,188,585,542.0
83696_NT_AL_AA.fasta.zip,181,1151,1141
83697_NT_AL_AA.fasta.zip,187,986,945
83698_NT_AL_AA.fasta.zip,179,222,220
83699_NT_AL_AA.fasta.zip,162,109,107.0
836_NT_AL_AA.fasta.zip,180,279,277.0
83700_NT_AL_AA.fasta.zip,186,306,291.0
83706_NT_AL_AA.fasta.zip,187,674,659
83707_NT_AL_AA.fasta.zip,187,258,246
83714_NT_AL_AA.fasta.zip,168,247,229.0
83715_NT_AL_AA.fasta.zip,167,930,800
83716_NT_AL_AA.fasta.zip,190,517,494.5
83719_NT_AL_AA.fasta.zip,176,122,119.0
83723_NT_AL_AA.fasta.zip,134,274,273.0
83729_NT_AL_AA.fasta.zip,185,375,350
8372_NT_AL_AA.fasta.zip,185,424,411
83732_NT_AL_AA.fasta.zip,185,587,567
83733_NT_AL_AA.fasta.zip,153,319,309
83734_NT_AL_AA.fasta.zip,186,224,216.0
83737_NT_AL_AA.fasta.zip,185,880,862
83741_NT_AL_AA.fasta.zip,185,452,452
83742_NT_AL_AA.fasta.zip,155,174,173
83743_NT_AL_AA.fasta.zip,185,465,446
83744_NT_AL_AA.fasta.zip,128,889,840.0
83746_NT_AL_AA.fasta.zip,188,732,701.5
83752_NT_AL_AA.fasta.zip,90,857,852.0
83756_NT_AL_AA.fasta.zip,176,845,816.0
83786_NT_AL_AA.fasta.zip,186,476,463.0
83787_NT_AL_AA.fasta.zip,185,315,306
83795_NT_AL_AA.fasta.zip,169,297,292
8379_NT_AL_AA.fasta.zip,183,725,717
8382_NT_AL_AA.fasta.zip,188,215,211.0
83844_NT_AL_AA.fasta.zip,170,951,872.0
83850_NT_AL_AA.fasta.zip,185,924,871
83851_NT_AL_AA.fasta.zip,184,662,644.0
83853_NT_AL_AA.fasta.zip,182,214,211.0
83854_NT_AL_AA.fasta.zip,178,510,460.0
83855_NT_AL_AA.fasta.zip,154,262,233.5
83856_NT_AL_AA.fasta.zip,187,504,503
83857_NT_AL_AA.fasta.zip,168,956,938.0
83860_NT_AL_AA.fasta.zip,186,972,930.0
83862_NT_AL_AA.fasta.zip,184,344,343.0
83871_NT_AL_AA.fasta.zip,182,257,256.0
83872_NT_AL_AA.fasta.zip,179,5689,5635
83873_NT_AL_AA.fasta.zip,186,452,451.0
83874_NT_AL_AA.fasta.zip,188,555,502.5
83875_NT_AL_AA.fasta.zip,162,559,540.0
83876_NT_AL_AA.fasta.zip,188,254,247.0
83877_NT_AL_AA.fasta.zip,189,216,214
83878_NT_AL_AA.fasta.zip,184,736,685.0
83879_NT_AL_AA.fasta.zip,188,485,447.0
83881_NT_AL_AA.fasta.zip,161,270,228
83882_NT_AL_AA.fasta.zip,175,302,284
83887_NT_AL_AA.fasta.zip,54,524,484.0
83889_NT_AL_AA.fasta.zip,141,3833,2719
83890_NT_AL_AA.fasta.zip,187,260,252
83891_NT_AL_AA.fasta.zip,185,873,853
83892_NT_AL_AA.fasta.zip,187,317,316
83893_NT_AL_AA.fasta.zip,184,581,569.0
83894_NT_AL_AA.fasta.zip,184,447,445.0
83896_NT_AL_AA.fasta.zip,120,102,98.0
83902_NT_AL_AA.fasta.zip,158,225,92.0
83903_NT_AL_AA.fasta.zip,164,868,772.0
83930_NT_AL_AA.fasta.zip,181,242,235
83931_NT_AL_AA.fasta.zip,189,436,433
83932_NT_AL_AA.fasta.zip,185,515,478
83933_NT_AL_AA.fasta.zip,183,683,655
83937_NT_AL_AA.fasta.zip,188,351,321.0
83938_NT_AL_AA.fasta.zip,179,246,220
83939_NT_AL_AA.fasta.zip,186,592,585.0
83940_NT_AL_AA.fasta.zip,152,301,295.0
83941_NT_AL_AA.fasta.zip,184,217,205.0
83942_NT_AL_AA.fasta.zip,145,382,362
83943_NT_AL_AA.fasta.zip,170,181,174.0
8394_NT_AL_AA.fasta.zip,182,561,540.0
83953_NT_AL_AA.fasta.zip,171,820,443
83959_NT_AL_AA.fasta.zip,189,884,837
8395_NT_AL_AA.fasta.zip,182,545,539.0
8396_NT_AL_AA.fasta.zip,186,422,416.0
83982_NT_AL_AA.fasta.zip,44,133,129.0
83983_NT_AL_AA.fasta.zip,189,275,273
83985_NT_AL_AA.fasta.zip,186,532,527.0
83986_NT_AL_AA.fasta.zip,187,581,551
83987_NT_AL_AA.fasta.zip,171,1145,487
83988_NT_AL_AA.fasta.zip,183,193,193
83989_NT_AL_AA.fasta.zip,184,421,412.0
8398_NT_AL_AA.fasta.zip,186,809,804.0
83990_NT_AL_AA.fasta.zip,190,1279,1173.0
83992_NT_AL_AA.fasta.zip,183,1700,1638
83999_NT_AL_AA.fasta.zip,173,472,455
839_NT_AL_AA.fasta.zip,157,280,277
84000_NT_AL_AA.fasta.zip,183,558,483
84002_NT_AL_AA.fasta.zip,189,382,377
8402_NT_AL_AA.fasta.zip,188,314,314.0
84033_NT_AL_AA.fasta.zip,166,15001,7887.0
84034_NT_AL_AA.fasta.zip,180,1146,1044.0
8403_NT_AL_AA.fasta.zip,178,240,240.0
8404_NT_AL_AA.fasta.zip,181,699,654
84056_NT_AL_AA.fasta.zip,178,493,490.0
84057_NT_AL_AA.fasta.zip,186,206,205.0
84058_NT_AL_AA.fasta.zip,189,338,332
84059_NT_AL_AA.fasta.zip,181,6359,6289
8405_NT_AL_AA.fasta.zip,187,374,374
84060_NT_AL_AA.fasta.zip,184,379,365.0
84061_NT_AL_AA.fasta.zip,175,337,335
84062_NT_AL_AA.fasta.zip,187,348,327
84063_NT_AL_AA.fasta.zip,187,713,695
84064_NT_AL_AA.fasta.zip,187,262,259
84065_NT_AL_AA.fasta.zip,186,219,208.0
84066_NT_AL_AA.fasta.zip,170,189,175.0
84067_NT_AL_AA.fasta.zip,189,1003,985
84068_NT_AL_AA.fasta.zip,187,344,340
84069_NT_AL_AA.fasta.zip,183,665,599
8406_NT_AL_AA.fasta.zip,169,615,457
84070_NT_AL_AA.fasta.zip,182,956,879.0
84071_NT_AL_AA.fasta.zip,188,876,857.5
84072_NT_AL_AA.fasta.zip,182,403,393.0
84073_NT_AL_AA.fasta.zip,188,995,916.0
84074_NT_AL_AA.fasta.zip,166,6631,1529.0
84075_NT_AL_AA.fasta.zip,161,2630,654
84077_NT_AL_AA.fasta.zip,185,926,840
84079_NT_AL_AA.fasta.zip,187,1070,1036
8407_NT_AL_AA.fasta.zip,186,199,199.0
84080_NT_AL_AA.fasta.zip,184,357,344.0
84081_NT_AL_AA.fasta.zip,187,585,551
84083_NT_AL_AA.fasta.zip,187,1100,1059
84085_NT_AL_AA.fasta.zip,187,758,745
8408_NT_AL_AA.fasta.zip,178,1119,1045.0
8409_NT_AL_AA.fasta.zip,182,161,156.0
840_NT_AL_AA.fasta.zip,189,311,294
84100_NT_AL_AA.fasta.zip,186,183,182.0
84101_NT_AL_AA.fasta.zip,188,744,710.0
84102_NT_AL_AA.fasta.zip,185,584,573
84103_NT_AL_AA.fasta.zip,174,363,336.0
84105_NT_AL_AA.fasta.zip,179,136,127
84106_NT_AL_AA.fasta.zip,176,1348,612.0
84107_NT_AL_AA.fasta.zip,172,356,335.0
84108_NT_AL_AA.fasta.zip,187,375,346
84109_NT_AL_AA.fasta.zip,156,414,411.0
8411_NT_AL_AA.fasta.zip,180,1481,1401.0
84124_NT_AL_AA.fasta.zip,167,904,514
84125_NT_AL_AA.fasta.zip,178,2183,1636.0
84126_NT_AL_AA.fasta.zip,184,815,781.0
84128_NT_AL_AA.fasta.zip,114,839,829.0
84129_NT_AL_AA.fasta.zip,186,779,773.0
8412_NT_AL_AA.fasta.zip,187,855,824
84131_NT_AL_AA.fasta.zip,181,824,799
84132_NT_AL_AA.fasta.zip,184,1465,1269.0
84133_NT_AL_AA.fasta.zip,183,878,819
84134_NT_AL_AA.fasta.zip,189,315,308
84135_NT_AL_AA.fasta.zip,186,520,518.0
84138_NT_AL_AA.fasta.zip,189,341,308
84140_NT_AL_AA.fasta.zip,186,761,703.0
84141_NT_AL_AA.fasta.zip,147,152,139
84142_NT_AL_AA.fasta.zip,180,424,407.0
84144_NT_AL_AA.fasta.zip,184,1227,1183.0
84146_NT_AL_AA.fasta.zip,186,1384,1358.5
84148_NT_AL_AA.fasta.zip,185,464,455
84152_NT_AL_AA.fasta.zip,185,219,203
84153_NT_AL_AA.fasta.zip,187,171,144
84154_NT_AL_AA.fasta.zip,189,308,306
84159_NT_AL_AA.fasta.zip,187,1239,1181
84162_NT_AL_AA.fasta.zip,169,5137,5085
84164_NT_AL_AA.fasta.zip,189,774,749
84166_NT_AL_AA.fasta.zip,186,1972,1836.5
84167_NT_AL_AA.fasta.zip,181,672,591
84168_NT_AL_AA.fasta.zip,181,567,562
8416_NT_AL_AA.fasta.zip,174,354,344.0
84171_NT_AL_AA.fasta.zip,187,774,755
84172_NT_AL_AA.fasta.zip,187,1136,1135
84173_NT_AL_AA.fasta.zip,165,376,364
84174_NT_AL_AA.fasta.zip,186,268,258.0
84179_NT_AL_AA.fasta.zip,177,434,422
8417_NT_AL_AA.fasta.zip,188,264,261.0
84181_NT_AL_AA.fasta.zip,185,2927,2709
84182_NT_AL_AA.fasta.zip,182,774,744.0
84186_NT_AL_AA.fasta.zip,187,564,541
84187_NT_AL_AA.fasta.zip,174,311,297.0
84188_NT_AL_AA.fasta.zip,187,524,515
84189_NT_AL_AA.fasta.zip,188,846,840.0
84190_NT_AL_AA.fasta.zip,185,621,599
84191_NT_AL_AA.fasta.zip,187,172,160
84193_NT_AL_AA.fasta.zip,184,598,588.0
84196_NT_AL_AA.fasta.zip,188,1045,1036.0
84197_NT_AL_AA.fasta.zip,180,354,350.0
8419_NT_AL_AA.fasta.zip,181,421,415
841_NT_AL_AA.fasta.zip,184,503,462.0
84203_NT_AL_AA.fasta.zip,164,1596,399.0
84206_NT_AL_AA.fasta.zip,173,649,573
84215_NT_AL_AA.fasta.zip,188,1446,1347.0
84216_NT_AL_AA.fasta.zip,183,519,514
84217_NT_AL_AA.fasta.zip,188,369,363.5
84219_NT_AL_AA.fasta.zip,184,805,790.0
84221_NT_AL_AA.fasta.zip,180,358,339.0
84223_NT_AL_AA.fasta.zip,175,465,423
84225_NT_AL_AA.fasta.zip,186,779,730.0
84226_NT_AL_AA.fasta.zip,82,2854,1741.0
84229_NT_AL_AA.fasta.zip,181,918,865
84230_NT_AL_AA.fasta.zip,188,808,803.0
84231_NT_AL_AA.fasta.zip,186,671,665.0
84232_NT_AL_AA.fasta.zip,189,269,256
84233_NT_AL_AA.fasta.zip,187,198,196
84236_NT_AL_AA.fasta.zip,188,334,311.0
84239_NT_AL_AA.fasta.zip,174,1212,1196.0
84240_NT_AL_AA.fasta.zip,187,275,271
84243_NT_AL_AA.fasta.zip,179,326,319
84245_NT_AL_AA.fasta.zip,183,359,357
84246_NT_AL_AA.fasta.zip,182,135,135.0
84247_NT_AL_AA.fasta.zip,169,246,239
84248_NT_AL_AA.fasta.zip,180,329,317.0
84249_NT_AL_AA.fasta.zip,185,790,768
8424_NT_AL_AA.fasta.zip,185,388,387
84250_NT_AL_AA.fasta.zip,187,1077,1053
84251_NT_AL_AA.fasta.zip,188,871,824.0
84253_NT_AL_AA.fasta.zip,187,1093,1037
84254_NT_AL_AA.fasta.zip,188,513,504.0
84255_NT_AL_AA.fasta.zip,182,497,492.0
84256_NT_AL_AA.fasta.zip,168,729,661.0
84258_NT_AL_AA.fasta.zip,176,617,590.0
84259_NT_AL_AA.fasta.zip,189,246,237
8425_NT_AL_AA.fasta.zip,182,1773,1545.5
84260_NT_AL_AA.fasta.zip,188,507,500.0
84261_NT_AL_AA.fasta.zip,188,472,458.0
84262_NT_AL_AA.fasta.zip,185,122,122
84263_NT_AL_AA.fasta.zip,184,424,410.0
84264_NT_AL_AA.fasta.zip,151,296,279
84265_NT_AL_AA.fasta.zip,188,229,217.0
84266_NT_AL_AA.fasta.zip,183,218,215
84267_NT_AL_AA.fasta.zip,185,341,341
84268_NT_AL_AA.fasta.zip,189,219,209
84269_NT_AL_AA.fasta.zip,186,120,107.0
84270_NT_AL_AA.fasta.zip,177,188,183
84271_NT_AL_AA.fasta.zip,181,435,420
84272_NT_AL_AA.fasta.zip,187,249,244
84273_NT_AL_AA.fasta.zip,164,731,680.5
84274_NT_AL_AA.fasta.zip,187,337,325
84275_NT_AL_AA.fasta.zip,183,322,318
84276_NT_AL_AA.fasta.zip,190,217,213.0
84277_NT_AL_AA.fasta.zip,188,234,220.0
84279_NT_AL_AA.fasta.zip,187,186,185
84280_NT_AL_AA.fasta.zip,180,449,446.0
84281_NT_AL_AA.fasta.zip,167,100,95
84282_NT_AL_AA.fasta.zip,165,446,382
84283_NT_AL_AA.fasta.zip,187,422,391
84284_NT_AL_AA.fasta.zip,178,190,187.0
84285_NT_AL_AA.fasta.zip,184,172,165.0
84286_NT_AL_AA.fasta.zip,184,523,481.0
84287_NT_AL_AA.fasta.zip,170,381,376.0
84288_NT_AL_AA.fasta.zip,182,157,154.0
84289_NT_AL_AA.fasta.zip,183,311,238
8428_NT_AL_AA.fasta.zip,184,427,419.0
84290_NT_AL_AA.fasta.zip,179,265,247
84292_NT_AL_AA.fasta.zip,187,318,313
84293_NT_AL_AA.fasta.zip,186,232,226.0
84294_NT_AL_AA.fasta.zip,187,263,247
84295_NT_AL_AA.fasta.zip,185,369,366
84296_NT_AL_AA.fasta.zip,188,226,223.0
84298_NT_AL_AA.fasta.zip,188,135,127.0
84299_NT_AL_AA.fasta.zip,183,116,115
842_NT_AL_AA.fasta.zip,187,461,429
84300_NT_AL_AA.fasta.zip,187,140,135
84302_NT_AL_AA.fasta.zip,186,405,403.0
84303_NT_AL_AA.fasta.zip,174,256,225.0
84304_NT_AL_AA.fasta.zip,187,295,287
84305_NT_AL_AA.fasta.zip,183,199,192
84306_NT_AL_AA.fasta.zip,187,386,364
84307_NT_AL_AA.fasta.zip,138,567,529.0
84309_NT_AL_AA.fasta.zip,184,215,210.0
84310_NT_AL_AA.fasta.zip,178,199,164.0
84311_NT_AL_AA.fasta.zip,188,311,305.0
84312_NT_AL_AA.fasta.zip,186,333,322.0
84313_NT_AL_AA.fasta.zip,187,178,176
84314_NT_AL_AA.fasta.zip,188,140,138.0
84315_NT_AL_AA.fasta.zip,190,562,555.0
84316_NT_AL_AA.fasta.zip,186,100,98.0
84317_NT_AL_AA.fasta.zip,179,185,180
84318_NT_AL_AA.fasta.zip,188,503,488.0
8431_NT_AL_AA.fasta.zip,188,268,259.0
84320_NT_AL_AA.fasta.zip,185,287,281
84321_NT_AL_AA.fasta.zip,177,351,351
84324_NT_AL_AA.fasta.zip,183,215,210
84326_NT_AL_AA.fasta.zip,184,206,202.0
84327_NT_AL_AA.fasta.zip,156,307,211.5
84328_NT_AL_AA.fasta.zip,185,191,190
84329_NT_AL_AA.fasta.zip,190,293,265.0
84330_NT_AL_AA.fasta.zip,186,383,348.0
84331_NT_AL_AA.fasta.zip,154,173,155.0
84332_NT_AL_AA.fasta.zip,174,143,137.0
84333_NT_AL_AA.fasta.zip,185,258,256
84334_NT_AL_AA.fasta.zip,165,185,175
84335_NT_AL_AA.fasta.zip,187,289,275
84336_NT_AL_AA.fasta.zip,186,257,257.0
84337_NT_AL_AA.fasta.zip,188,84,83.0
8433_NT_AL_AA.fasta.zip,144,395,329.0
84340_NT_AL_AA.fasta.zip,152,783,775.0
84342_NT_AL_AA.fasta.zip,184,600,588.0
84343_NT_AL_AA.fasta.zip,186,1018,1003.0
8434_NT_AL_AA.fasta.zip,185,978,971
8435_NT_AL_AA.fasta.zip,187,544,523
84364_NT_AL_AA.fasta.zip,188,538,531.0
84365_NT_AL_AA.fasta.zip,177,388,286
8436_NT_AL_AA.fasta.zip,184,443,424.5
84376_NT_AL_AA.fasta.zip,185,722,720
8437_NT_AL_AA.fasta.zip,185,822,802
8438_NT_AL_AA.fasta.zip,188,756,747.0
8439_NT_AL_AA.fasta.zip,186,906,900.0
8440_NT_AL_AA.fasta.zip,155,387,380
84417_NT_AL_AA.fasta.zip,184,157,147.0
84419_NT_AL_AA.fasta.zip,176,85,83.0
84432_NT_AL_AA.fasta.zip,181,106,105
84433_NT_AL_AA.fasta.zip,184,1177,1152.0
84435_NT_AL_AA.fasta.zip,176,598,552.5
84437_NT_AL_AA.fasta.zip,168,351,345.0
84439_NT_AL_AA.fasta.zip,178,822,768.0
8443_NT_AL_AA.fasta.zip,184,683,676.0
84440_NT_AL_AA.fasta.zip,187,573,556
84441_NT_AL_AA.fasta.zip,176,1340,1109.0
84443_NT_AL_AA.fasta.zip,173,2056,1736
84444_NT_AL_AA.fasta.zip,183,1956,1700
84445_NT_AL_AA.fasta.zip,189,761,668
84446_NT_AL_AA.fasta.zip,182,938,776.0
84447_NT_AL_AA.fasta.zip,189,635,611
84448_NT_AL_AA.fasta.zip,180,657,646.0
8444_NT_AL_AA.fasta.zip,188,592,587.0
84450_NT_AL_AA.fasta.zip,182,601,566.0
84451_NT_AL_AA.fasta.zip,172,1073,996.0
84455_NT_AL_AA.fasta.zip,188,634,629.0
84456_NT_AL_AA.fasta.zip,187,795,780
84457_NT_AL_AA.fasta.zip,188,380,376.0
84458_NT_AL_AA.fasta.zip,155,1834,1628
8445_NT_AL_AA.fasta.zip,185,613,601
84460_NT_AL_AA.fasta.zip,171,665,619
84461_NT_AL_AA.fasta.zip,176,1604,1560.0
84464_NT_AL_AA.fasta.zip,178,1862,1673.0
84465_NT_AL_AA.fasta.zip,188,1146,1124.5
84466_NT_AL_AA.fasta.zip,184,1144,1137.0
8446_NT_AL_AA.fasta.zip,176,349,324.0
8447_NT_AL_AA.fasta.zip,178,433,408.0
8448_NT_AL_AA.fasta.zip,188,420,401.0
84498_NT_AL_AA.fasta.zip,185,1179,773
8449_NT_AL_AA.fasta.zip,184,1059,1043.0
844_NT_AL_AA.fasta.zip,187,397,396
84501_NT_AL_AA.fasta.zip,183,746,697
84502_NT_AL_AA.fasta.zip,184,638,628.0
84504_NT_AL_AA.fasta.zip,155,292,277
8450_NT_AL_AA.fasta.zip,183,1076,892
84513_NT_AL_AA.fasta.zip,183,264,254
84514_NT_AL_AA.fasta.zip,184,564,527.0
84515_NT_AL_AA.fasta.zip,189,842,832
84516_NT_AL_AA.fasta.zip,185,183,182
84517_NT_AL_AA.fasta.zip,188,374,372.0
84518_NT_AL_AA.fasta.zip,176,127,124.0
84519_NT_AL_AA.fasta.zip,185,748,526
84522_NT_AL_AA.fasta.zip,183,183,183
84524_NT_AL_AA.fasta.zip,182,440,301.0
84525_NT_AL_AA.fasta.zip,177,76,73
84529_NT_AL_AA.fasta.zip,184,282,278.0
8452_NT_AL_AA.fasta.zip,189,771,768
84530_NT_AL_AA.fasta.zip,186,715,599.0
84532_NT_AL_AA.fasta.zip,177,704,672
8453_NT_AL_AA.fasta.zip,178,750,745.0
84541_NT_AL_AA.fasta.zip,184,606,601.0
84542_NT_AL_AA.fasta.zip,187,854,716
84545_NT_AL_AA.fasta.zip,184,158,155.0
84547_NT_AL_AA.fasta.zip,144,827,784.0
84548_NT_AL_AA.fasta.zip,154,357,350.0
84549_NT_AL_AA.fasta.zip,187,321,296
8454_NT_AL_AA.fasta.zip,173,805,776
84552_NT_AL_AA.fasta.zip,169,399,358
84553_NT_AL_AA.fasta.zip,189,430,409
84557_NT_AL_AA.fasta.zip,181,124,121
8455_NT_AL_AA.fasta.zip,179,1438,1409
84561_NT_AL_AA.fasta.zip,183,708,691
8456_NT_AL_AA.fasta.zip,184,671,647.0
84570_NT_AL_AA.fasta.zip,175,750,657
84572_NT_AL_AA.fasta.zip,179,315,297
8458_NT_AL_AA.fasta.zip,186,1228,1129.0
8459_NT_AL_AA.fasta.zip,186,375,373.0
845_NT_AL_AA.fasta.zip,187,420,406
8460_NT_AL_AA.fasta.zip,186,370,365.0
84612_NT_AL_AA.fasta.zip,148,374,370.0
84614_NT_AL_AA.fasta.zip,185,505,503
84617_NT_AL_AA.fasta.zip,152,456,446.0
84618_NT_AL_AA.fasta.zip,189,377,361
84619_NT_AL_AA.fasta.zip,181,539,506
84620_NT_AL_AA.fasta.zip,185,541,501
84623_NT_AL_AA.fasta.zip,182,780,778.0
84624_NT_AL_AA.fasta.zip,187,2214,1778
84626_NT_AL_AA.fasta.zip,178,1214,1028.0
84627_NT_AL_AA.fasta.zip,169,6903,3555
84628_NT_AL_AA.fasta.zip,181,647,588
84629_NT_AL_AA.fasta.zip,178,3224,2898.0
8462_NT_AL_AA.fasta.zip,188,563,505.0
84630_NT_AL_AA.fasta.zip,187,1459,1305
84631_NT_AL_AA.fasta.zip,181,847,845
84632_NT_AL_AA.fasta.zip,190,889,809.0
84634_NT_AL_AA.fasta.zip,171,374,352
84636_NT_AL_AA.fasta.zip,179,337,333
84639_NT_AL_AA.fasta.zip,180,153,152.0
8463_NT_AL_AA.fasta.zip,175,464,451
84640_NT_AL_AA.fasta.zip,188,1063,1041.0
84643_NT_AL_AA.fasta.zip,185,698,659
84645_NT_AL_AA.fasta.zip,186,226,210.0
84647_NT_AL_AA.fasta.zip,187,198,194
84649_NT_AL_AA.fasta.zip,188,363,361.0
8464_NT_AL_AA.fasta.zip,186,372,360.0
84650_NT_AL_AA.fasta.zip,174,211,206.0
84651_NT_AL_AA.fasta.zip,126,87,85.0
84654_NT_AL_AA.fasta.zip,173,439,366
84656_NT_AL_AA.fasta.zip,189,556,552
84658_NT_AL_AA.fasta.zip,138,701,619.0
84660_NT_AL_AA.fasta.zip,186,688,652.0
84661_NT_AL_AA.fasta.zip,178,100,99.0
84662_NT_AL_AA.fasta.zip,186,536,523.0
84665_NT_AL_AA.fasta.zip,188,1372,1316.0
84666_NT_AL_AA.fasta.zip,115,113,109
84667_NT_AL_AA.fasta.zip,179,227,210
84668_NT_AL_AA.fasta.zip,186,525,521.0
84669_NT_AL_AA.fasta.zip,185,1631,1609
84674_NT_AL_AA.fasta.zip,180,2037,999.0
84675_NT_AL_AA.fasta.zip,186,601,539.0
84676_NT_AL_AA.fasta.zip,189,373,350
84678_NT_AL_AA.fasta.zip,186,1340,1296.0
84679_NT_AL_AA.fasta.zip,180,748,725.0
8467_NT_AL_AA.fasta.zip,187,1063,1052
84680_NT_AL_AA.fasta.zip,164,509,492.0
84681_NT_AL_AA.fasta.zip,184,170,161.0
84684_NT_AL_AA.fasta.zip,181,608,554
84687_NT_AL_AA.fasta.zip,170,896,814.0
84688_NT_AL_AA.fasta.zip,178,321,297.0
84689_NT_AL_AA.fasta.zip,143,1729,688
8468_NT_AL_AA.fasta.zip,185,406,305
84690_NT_AL_AA.fasta.zip,185,379,362
84691_NT_AL_AA.fasta.zip,173,350,336
84692_NT_AL_AA.fasta.zip,175,352,326
84693_NT_AL_AA.fasta.zip,176,165,163.0
84694_NT_AL_AA.fasta.zip,185,495,479
84695_NT_AL_AA.fasta.zip,189,768,752
84698_NT_AL_AA.fasta.zip,183,627,558
84699_NT_AL_AA.fasta.zip,184,524,449.0
846_NT_AL_AA.fasta.zip,188,1119,1075.0
84700_NT_AL_AA.fasta.zip,180,2657,2469.5
84701_NT_AL_AA.fasta.zip,187,186,168
84705_NT_AL_AA.fasta.zip,185,491,472
84706_NT_AL_AA.fasta.zip,190,530,523.0
84708_NT_AL_AA.fasta.zip,185,749,731
84709_NT_AL_AA.fasta.zip,174,393,222.0
8470_NT_AL_AA.fasta.zip,183,1348,1221
84717_NT_AL_AA.fasta.zip,183,723,660
8471_NT_AL_AA.fasta.zip,172,1420,1242.0
84720_NT_AL_AA.fasta.zip,190,1118,1084.0
84722_NT_AL_AA.fasta.zip,186,379,324.0
84725_NT_AL_AA.fasta.zip,188,525,517.0
84726_NT_AL_AA.fasta.zip,188,2422,2217.0
84727_NT_AL_AA.fasta.zip,183,272,263
84733_NT_AL_AA.fasta.zip,180,569,525.0
84734_NT_AL_AA.fasta.zip,189,181,162
84735_NT_AL_AA.fasta.zip,178,491,484.0
8473_NT_AL_AA.fasta.zip,180,1047,1046.0
84747_NT_AL_AA.fasta.zip,185,265,250
84749_NT_AL_AA.fasta.zip,187,528,517
84750_NT_AL_AA.fasta.zip,186,484,470.0
84752_NT_AL_AA.fasta.zip,90,416,398.0
84759_NT_AL_AA.fasta.zip,190,260,259.0
84766_NT_AL_AA.fasta.zip,185,751,719
84769_NT_AL_AA.fasta.zip,186,190,189.0
8476_NT_AL_AA.fasta.zip,182,1852,1811.5
84779_NT_AL_AA.fasta.zip,164,242,227.0
8477_NT_AL_AA.fasta.zip,187,341,333
84787_NT_AL_AA.fasta.zip,180,502,454.0
84795_NT_AL_AA.fasta.zip,185,588,578
8479_NT_AL_AA.fasta.zip,178,867,536.5
847_NT_AL_AA.fasta.zip,190,530,527.0
84803_NT_AL_AA.fasta.zip,185,437,433
84804_NT_AL_AA.fasta.zip,181,448,412
84807_NT_AL_AA.fasta.zip,189,336,327
84808_NT_AL_AA.fasta.zip,168,1511,705.0
8480_NT_AL_AA.fasta.zip,187,368,368
84811_NT_AL_AA.fasta.zip,189,1510,624
84812_NT_AL_AA.fasta.zip,189,786,745
84814_NT_AL_AA.fasta.zip,186,281,271.0
84816_NT_AL_AA.fasta.zip,189,403,393
84817_NT_AL_AA.fasta.zip,187,124,123
84818_NT_AL_AA.fasta.zip,184,746,691.0
8481_NT_AL_AA.fasta.zip,182,1146,974.5
84823_NT_AL_AA.fasta.zip,178,638,596.0
84824_NT_AL_AA.fasta.zip,175,390,349
84826_NT_AL_AA.fasta.zip,164,229,214.5
8482_NT_AL_AA.fasta.zip,184,688,659.0
84830_NT_AL_AA.fasta.zip,186,225,219.0
84833_NT_AL_AA.fasta.zip,177,60,58
84836_NT_AL_AA.fasta.zip,180,212,210.0
84838_NT_AL_AA.fasta.zip,177,611,575
8483_NT_AL_AA.fasta.zip,186,1232,1180.0
84842_NT_AL_AA.fasta.zip,188,387,371.0
84844_NT_AL_AA.fasta.zip,186,115,110.0
8484_NT_AL_AA.fasta.zip,170,373,341.0
84858_NT_AL_AA.fasta.zip,180,698,642.0
84859_NT_AL_AA.fasta.zip,185,818,789
84861_NT_AL_AA.fasta.zip,179,647,634
84864_NT_AL_AA.fasta.zip,188,471,458.0
84865_NT_AL_AA.fasta.zip,183,780,744
84866_NT_AL_AA.fasta.zip,186,384,365.0
84867_NT_AL_AA.fasta.zip,186,556,539.0
84868_NT_AL_AA.fasta.zip,164,357,278.0
84869_NT_AL_AA.fasta.zip,186,238,237.0
84870_NT_AL_AA.fasta.zip,188,282,273.0
84872_NT_AL_AA.fasta.zip,184,445,435.0
84873_NT_AL_AA.fasta.zip,185,1066,760
84876_NT_AL_AA.fasta.zip,187,326,299
84878_NT_AL_AA.fasta.zip,177,578,504
84879_NT_AL_AA.fasta.zip,189,540,529
8487_NT_AL_AA.fasta.zip,186,268,265.0
84881_NT_AL_AA.fasta.zip,187,382,376
84883_NT_AL_AA.fasta.zip,187,377,372
84885_NT_AL_AA.fasta.zip,187,279,266
84886_NT_AL_AA.fasta.zip,182,344,314.0
84888_NT_AL_AA.fasta.zip,189,523,516
84889_NT_AL_AA.fasta.zip,179,617,612
84890_NT_AL_AA.fasta.zip,184,295,269.0
84891_NT_AL_AA.fasta.zip,182,820,723.0
84892_NT_AL_AA.fasta.zip,184,589,580.0
84893_NT_AL_AA.fasta.zip,189,1052,1040
84894_NT_AL_AA.fasta.zip,185,623,619
84895_NT_AL_AA.fasta.zip,189,598,590
84896_NT_AL_AA.fasta.zip,175,367,361
84897_NT_AL_AA.fasta.zip,184,422,410.0
84898_NT_AL_AA.fasta.zip,179,538,527
84899_NT_AL_AA.fasta.zip,190,758,740.0
84900_NT_AL_AA.fasta.zip,184,465,443.0
84901_NT_AL_AA.fasta.zip,185,462,404
84902_NT_AL_AA.fasta.zip,187,768,739
84904_NT_AL_AA.fasta.zip,186,335,334.0
84905_NT_AL_AA.fasta.zip,187,874,841
84908_NT_AL_AA.fasta.zip,187,139,137
84909_NT_AL_AA.fasta.zip,180,819,786.5
8490_NT_AL_AA.fasta.zip,157,183,181
84910_NT_AL_AA.fasta.zip,183,558,536
84911_NT_AL_AA.fasta.zip,140,574,547.0
84912_NT_AL_AA.fasta.zip,187,334,331
84913_NT_AL_AA.fasta.zip,179,366,312
84915_NT_AL_AA.fasta.zip,180,500,447.0
84916_NT_AL_AA.fasta.zip,188,692,685.0
84918_NT_AL_AA.fasta.zip,171,566,480
84919_NT_AL_AA.fasta.zip,184,783,698.0
8491_NT_AL_AA.fasta.zip,187,903,894
84922_NT_AL_AA.fasta.zip,168,537,472.0
84923_NT_AL_AA.fasta.zip,186,223,202.5
84924_NT_AL_AA.fasta.zip,78,419,418.0
84925_NT_AL_AA.fasta.zip,179,495,471
84926_NT_AL_AA.fasta.zip,187,455,439
84928_NT_AL_AA.fasta.zip,187,585,560
84929_NT_AL_AA.fasta.zip,184,477,456.0
8492_NT_AL_AA.fasta.zip,174,892,849.0
84930_NT_AL_AA.fasta.zip,178,908,877.0
84932_NT_AL_AA.fasta.zip,181,220,216
84934_NT_AL_AA.fasta.zip,188,283,264.0
84935_NT_AL_AA.fasta.zip,179,317,301
84936_NT_AL_AA.fasta.zip,185,422,390
84937_NT_AL_AA.fasta.zip,185,246,226
84938_NT_AL_AA.fasta.zip,187,463,455
84939_NT_AL_AA.fasta.zip,185,717,572
8493_NT_AL_AA.fasta.zip,186,635,601.0
84940_NT_AL_AA.fasta.zip,187,520,469
84941_NT_AL_AA.fasta.zip,155,380,336
84942_NT_AL_AA.fasta.zip,185,398,371
84944_NT_AL_AA.fasta.zip,183,445,434
84945_NT_AL_AA.fasta.zip,180,337,337.0
84946_NT_AL_AA.fasta.zip,175,488,472
84947_NT_AL_AA.fasta.zip,184,660,654.0
84948_NT_AL_AA.fasta.zip,170,634,592.0
84950_NT_AL_AA.fasta.zip,187,313,312
84951_NT_AL_AA.fasta.zip,187,766,708
84952_NT_AL_AA.fasta.zip,186,1353,1291.0
84954_NT_AL_AA.fasta.zip,174,508,484.0
84955_NT_AL_AA.fasta.zip,189,594,583
84957_NT_AL_AA.fasta.zip,187,454,429
84958_NT_AL_AA.fasta.zip,188,606,551.0
84959_NT_AL_AA.fasta.zip,185,645,638
8495_NT_AL_AA.fasta.zip,181,942,897
84960_NT_AL_AA.fasta.zip,170,548,526.0
84961_NT_AL_AA.fasta.zip,184,420,420.0
84962_NT_AL_AA.fasta.zip,187,564,547
84964_NT_AL_AA.fasta.zip,186,247,234.0
84966_NT_AL_AA.fasta.zip,184,462,448.0
84967_NT_AL_AA.fasta.zip,187,125,123
84969_NT_AL_AA.fasta.zip,182,493,475.0
8496_NT_AL_AA.fasta.zip,177,1046,1024
84970_NT_AL_AA.fasta.zip,188,654,597.0
84971_NT_AL_AA.fasta.zip,177,496,473
84975_NT_AL_AA.fasta.zip,187,452,450
84976_NT_AL_AA.fasta.zip,147,1563,1522
84978_NT_AL_AA.fasta.zip,187,574,569
8497_NT_AL_AA.fasta.zip,186,1212,1188.0
84984_NT_AL_AA.fasta.zip,186,164,163.0
84985_NT_AL_AA.fasta.zip,184,460,435.0
84986_NT_AL_AA.fasta.zip,187,514,492
84987_NT_AL_AA.fasta.zip,183,57,57
84988_NT_AL_AA.fasta.zip,183,556,521
8498_NT_AL_AA.fasta.zip,184,609,575.5
84991_NT_AL_AA.fasta.zip,187,405,401
84993_NT_AL_AA.fasta.zip,176,409,380.0
8499_NT_AL_AA.fasta.zip,183,1260,1256
85004_NT_AL_AA.fasta.zip,180,198,197.0
85007_NT_AL_AA.fasta.zip,189,441,435
8500_NT_AL_AA.fasta.zip,180,1288,1248.5
85012_NT_AL_AA.fasta.zip,83,212,198
85013_NT_AL_AA.fasta.zip,148,167,165.0
85014_NT_AL_AA.fasta.zip,168,109,105.0
85015_NT_AL_AA.fasta.zip,185,853,803
85016_NT_AL_AA.fasta.zip,190,272,267.0
85019_NT_AL_AA.fasta.zip,187,275,272
8501_NT_AL_AA.fasta.zip,190,563,546.0
85021_NT_AL_AA.fasta.zip,190,814,794.0
85025_NT_AL_AA.fasta.zip,167,136,133
85027_NT_AL_AA.fasta.zip,176,61,60.0
8502_NT_AL_AA.fasta.zip,186,1196,1188.0
8504_NT_AL_AA.fasta.zip,187,374,373
8505_NT_AL_AA.fasta.zip,189,986,973
8506_NT_AL_AA.fasta.zip,183,1450,1378
8507_NT_AL_AA.fasta.zip,182,589,589.0
8508_NT_AL_AA.fasta.zip,179,297,282
8509_NT_AL_AA.fasta.zip,189,895,883
8510_NT_AL_AA.fasta.zip,173,409,378
8514_NT_AL_AA.fasta.zip,183,351,332
8515_NT_AL_AA.fasta.zip,185,1177,1163
8516_NT_AL_AA.fasta.zip,186,1072,1062.0
8517_NT_AL_AA.fasta.zip,180,455,415.5
8518_NT_AL_AA.fasta.zip,185,1421,1325
8520_NT_AL_AA.fasta.zip,188,419,419.0
8521_NT_AL_AA.fasta.zip,186,447,434.5
8522_NT_AL_AA.fasta.zip,190,485,476.0
8525_NT_AL_AA.fasta.zip,186,1160,1108.5
8526_NT_AL_AA.fasta.zip,186,575,564.0
8527_NT_AL_AA.fasta.zip,187,1185,1157
8528_NT_AL_AA.fasta.zip,188,342,338.0
85300_NT_AL_AA.fasta.zip,183,379,369
85301_NT_AL_AA.fasta.zip,181,1911,1812
85302_NT_AL_AA.fasta.zip,187,1219,1127
8530_NT_AL_AA.fasta.zip,181,133,129
85313_NT_AL_AA.fasta.zip,187,495,492
85315_NT_AL_AA.fasta.zip,186,357,354.0
8531_NT_AL_AA.fasta.zip,171,414,360
85329_NT_AL_AA.fasta.zip,182,312,310.0
8532_NT_AL_AA.fasta.zip,181,634,607
8533_NT_AL_AA.fasta.zip,152,424,423.0
8534_NT_AL_AA.fasta.zip,188,419,411.0
85352_NT_AL_AA.fasta.zip,181,209,198
85358_NT_AL_AA.fasta.zip,157,1809,1715
8535_NT_AL_AA.fasta.zip,178,623,545.0
85360_NT_AL_AA.fasta.zip,182,800,728.0
85364_NT_AL_AA.fasta.zip,165,434,400
85365_NT_AL_AA.fasta.zip,186,404,402.0
85366_NT_AL_AA.fasta.zip,186,1433,593.5
85369_NT_AL_AA.fasta.zip,187,860,837
8536_NT_AL_AA.fasta.zip,189,378,369
85377_NT_AL_AA.fasta.zip,178,980,833.0
85378_NT_AL_AA.fasta.zip,182,3109,1608.0
85379_NT_AL_AA.fasta.zip,172,2005,1761.0
8537_NT_AL_AA.fasta.zip,185,697,599
8538_NT_AL_AA.fasta.zip,185,299,278
85395_NT_AL_AA.fasta.zip,184,223,208.0
85397_NT_AL_AA.fasta.zip,183,180,179
8539_NT_AL_AA.fasta.zip,187,526,524
85403_NT_AL_AA.fasta.zip,186,375,339.0
85406_NT_AL_AA.fasta.zip,181,726,703
85407_NT_AL_AA.fasta.zip,180,478,465.0
85409_NT_AL_AA.fasta.zip,152,487,429.0
8540_NT_AL_AA.fasta.zip,183,685,651
85413_NT_AL_AA.fasta.zip,172,549,533.0
85414_NT_AL_AA.fasta.zip,189,568,553
85415_NT_AL_AA.fasta.zip,188,699,685.0
85416_NT_AL_AA.fasta.zip,176,698,618.0
85417_NT_AL_AA.fasta.zip,165,3036,1275
8541_NT_AL_AA.fasta.zip,182,1229,1188.0
85437_NT_AL_AA.fasta.zip,184,218,217.0
85438_NT_AL_AA.fasta.zip,170,554,389.0
85439_NT_AL_AA.fasta.zip,182,976,887.0
8543_NT_AL_AA.fasta.zip,187,166,165
85440_NT_AL_AA.fasta.zip,184,2134,2125.0
85442_NT_AL_AA.fasta.zip,178,1877,1639.0
85443_NT_AL_AA.fasta.zip,182,680,632.0
85444_NT_AL_AA.fasta.zip,186,1046,1026.0
85445_NT_AL_AA.fasta.zip,176,1315,1308.0
85446_NT_AL_AA.fasta.zip,190,2753,2561.0
85449_NT_AL_AA.fasta.zip,183,1274,1181
8544_NT_AL_AA.fasta.zip,186,298,290.0
85450_NT_AL_AA.fasta.zip,188,570,551.0
85451_NT_AL_AA.fasta.zip,190,826,810.0
85452_NT_AL_AA.fasta.zip,82,1637,1521.0
85453_NT_AL_AA.fasta.zip,169,463,414
85455_NT_AL_AA.fasta.zip,184,1414,1385.5
85456_NT_AL_AA.fasta.zip,182,2537,1705.0
85457_NT_AL_AA.fasta.zip,189,414,399
85458_NT_AL_AA.fasta.zip,183,691,676
85459_NT_AL_AA.fasta.zip,185,2911,2502
8545_NT_AL_AA.fasta.zip,186,168,167.0
85460_NT_AL_AA.fasta.zip,180,1123,1071.0
85461_NT_AL_AA.fasta.zip,189,1929,1843
85462_NT_AL_AA.fasta.zip,188,1268,1107.5
85463_NT_AL_AA.fasta.zip,158,898,876.0
85464_NT_AL_AA.fasta.zip,188,1514,1435.0
85465_NT_AL_AA.fasta.zip,189,402,397
8546_NT_AL_AA.fasta.zip,184,1135,1078.0
85474_NT_AL_AA.fasta.zip,182,217,189.0
85476_NT_AL_AA.fasta.zip,186,766,752.0
85477_NT_AL_AA.fasta.zip,185,722,715
85478_NT_AL_AA.fasta.zip,186,508,497.0
85479_NT_AL_AA.fasta.zip,187,202,199
85480_NT_AL_AA.fasta.zip,123,151,132
8548_NT_AL_AA.fasta.zip,184,405,401.0
8549_NT_AL_AA.fasta.zip,179,916,904
85508_NT_AL_AA.fasta.zip,160,333,307.0
85509_NT_AL_AA.fasta.zip,140,188,183.0
8550_NT_AL_AA.fasta.zip,184,477,472.0
8553_NT_AL_AA.fasta.zip,179,426,412
8554_NT_AL_AA.fasta.zip,187,659,650
8555_NT_AL_AA.fasta.zip,184,437,431.0
85569_NT_AL_AA.fasta.zip,57,114,112
8556_NT_AL_AA.fasta.zip,177,678,621
8557_NT_AL_AA.fasta.zip,186,167,167.0
8558_NT_AL_AA.fasta.zip,187,370,355
8559_NT_AL_AA.fasta.zip,187,356,351
8560_NT_AL_AA.fasta.zip,181,323,323
8562_NT_AL_AA.fasta.zip,186,206,198.0
8563_NT_AL_AA.fasta.zip,184,701,694.0
8564_NT_AL_AA.fasta.zip,188,459,458.0
8565_NT_AL_AA.fasta.zip,189,533,528
8566_NT_AL_AA.fasta.zip,183,313,311
8567_NT_AL_AA.fasta.zip,188,1700,1640.0
8568_NT_AL_AA.fasta.zip,183,384,325
8569_NT_AL_AA.fasta.zip,184,426,409.0
8570_NT_AL_AA.fasta.zip,182,772,743.0
8572_NT_AL_AA.fasta.zip,188,347,327.0
8573_NT_AL_AA.fasta.zip,175,934,926
8574_NT_AL_AA.fasta.zip,67,376,359
8575_NT_AL_AA.fasta.zip,189,319,313
8576_NT_AL_AA.fasta.zip,188,308,303.0
8577_NT_AL_AA.fasta.zip,127,384,376
8578_NT_AL_AA.fasta.zip,188,892,825.0
857_NT_AL_AA.fasta.zip,187,180,178
8581_NT_AL_AA.fasta.zip,153,137,127
85865_NT_AL_AA.fasta.zip,178,376,375.0
858_NT_AL_AA.fasta.zip,184,162,161.0
8590_NT_AL_AA.fasta.zip,124,332,327.0
859_NT_AL_AA.fasta.zip,187,154,151
8600_NT_AL_AA.fasta.zip,188,334,317.0
8601_NT_AL_AA.fasta.zip,183,222,217
8602_NT_AL_AA.fasta.zip,185,905,836
8603_NT_AL_AA.fasta.zip,183,1481,1403
8604_NT_AL_AA.fasta.zip,188,723,675.0
8607_NT_AL_AA.fasta.zip,175,497,455
8608_NT_AL_AA.fasta.zip,76,325,316.0
8609_NT_AL_AA.fasta.zip,185,310,302
860_NT_AL_AA.fasta.zip,142,529,497.0
8611_NT_AL_AA.fasta.zip,175,339,280
8612_NT_AL_AA.fasta.zip,180,354,284.0
8613_NT_AL_AA.fasta.zip,184,312,312.0
8614_NT_AL_AA.fasta.zip,188,315,302.0
8615_NT_AL_AA.fasta.zip,185,1007,967
8618_NT_AL_AA.fasta.zip,182,1399,1356.0
861_NT_AL_AA.fasta.zip,181,483,467
8621_NT_AL_AA.fasta.zip,176,1624,1507.0
8622_NT_AL_AA.fasta.zip,184,787,785.0
8624_NT_AL_AA.fasta.zip,185,311,288
8625_NT_AL_AA.fasta.zip,188,264,258.0
8626_NT_AL_AA.fasta.zip,188,683,680.0
8629_NT_AL_AA.fasta.zip,176,552,501.0
862_NT_AL_AA.fasta.zip,133,581,575
8630_NT_AL_AA.fasta.zip,73,317,317
8631_NT_AL_AA.fasta.zip,181,386,356
8632_NT_AL_AA.fasta.zip,180,4779,4457.5
8633_NT_AL_AA.fasta.zip,183,954,950
8634_NT_AL_AA.fasta.zip,178,368,365.0
8635_NT_AL_AA.fasta.zip,179,252,228
8636_NT_AL_AA.fasta.zip,171,127,119
8637_NT_AL_AA.fasta.zip,112,105,96.0
8638_NT_AL_AA.fasta.zip,136,518,504.0
8639_NT_AL_AA.fasta.zip,97,768,763
863_NT_AL_AA.fasta.zip,182,608,579.5
8642_NT_AL_AA.fasta.zip,188,3321,3295.0
8643_NT_AL_AA.fasta.zip,188,1196,1181.5
8645_NT_AL_AA.fasta.zip,189,526,499
8646_NT_AL_AA.fasta.zip,178,992,933.0
8647_NT_AL_AA.fasta.zip,184,1332,1319.0
8648_NT_AL_AA.fasta.zip,186,1479,1441.0
8649_NT_AL_AA.fasta.zip,185,125,124
864_NT_AL_AA.fasta.zip,180,432,406.0
8650_NT_AL_AA.fasta.zip,187,663,653
8651_NT_AL_AA.fasta.zip,178,230,211.0
8654_NT_AL_AA.fasta.zip,162,861,851.0
8655_NT_AL_AA.fasta.zip,181,89,89
8658_NT_AL_AA.fasta.zip,181,1353,1325
8659_NT_AL_AA.fasta.zip,186,601,556.0
865_NT_AL_AA.fasta.zip,176,188,187.0
8660_NT_AL_AA.fasta.zip,162,1531,1308.0
8661_NT_AL_AA.fasta.zip,189,1809,1342
8662_NT_AL_AA.fasta.zip,176,838,768.0
8664_NT_AL_AA.fasta.zip,186,556,548.0
8665_NT_AL_AA.fasta.zip,185,395,361
8666_NT_AL_AA.fasta.zip,186,327,319.0
8667_NT_AL_AA.fasta.zip,189,354,352
8668_NT_AL_AA.fasta.zip,188,326,325.0
8669_NT_AL_AA.fasta.zip,181,286,255
8671_NT_AL_AA.fasta.zip,185,1094,1087
8672_NT_AL_AA.fasta.zip,184,1719,1666.0
8673_NT_AL_AA.fasta.zip,171,100,100
8674_NT_AL_AA.fasta.zip,187,141,141
8675_NT_AL_AA.fasta.zip,181,330,323
8676_NT_AL_AA.fasta.zip,187,289,287
8678_NT_AL_AA.fasta.zip,181,456,448
867_NT_AL_AA.fasta.zip,181,953,907
8682_NT_AL_AA.fasta.zip,169,130,130
8683_NT_AL_AA.fasta.zip,178,224,221.0
8685_NT_AL_AA.fasta.zip,187,538,459
8689_NT_AL_AA.fasta.zip,166,516,465.0
868_NT_AL_AA.fasta.zip,185,999,982
8690_NT_AL_AA.fasta.zip,164,528,524.0
8692_NT_AL_AA.fasta.zip,164,640,472.0
8694_NT_AL_AA.fasta.zip,182,560,470.0
8697_NT_AL_AA.fasta.zip,185,600,596
8698_NT_AL_AA.fasta.zip,176,396,384.0
869_NT_AL_AA.fasta.zip,181,221,193
86_NT_AL_AA.fasta.zip,186,426,426.0
8701_NT_AL_AA.fasta.zip,178,4587,4477.0
8702_NT_AL_AA.fasta.zip,188,350,344.0
8703_NT_AL_AA.fasta.zip,186,397,396.0
8704_NT_AL_AA.fasta.zip,187,379,369
8705_NT_AL_AA.fasta.zip,183,392,372
8706_NT_AL_AA.fasta.zip,186,332,331.0
8707_NT_AL_AA.fasta.zip,182,422,422.0
8708_NT_AL_AA.fasta.zip,189,326,326
8710_NT_AL_AA.fasta.zip,168,387,380.0
8711_NT_AL_AA.fasta.zip,180,691,660.0
8714_NT_AL_AA.fasta.zip,182,1635,1511.0
8715_NT_AL_AA.fasta.zip,173,650,638
87178_NT_AL_AA.fasta.zip,189,795,784
8717_NT_AL_AA.fasta.zip,187,327,310
8718_NT_AL_AA.fasta.zip,183,436,386
871_NT_AL_AA.fasta.zip,189,433,418
8720_NT_AL_AA.fasta.zip,188,1058,1052.0
8721_NT_AL_AA.fasta.zip,179,148,148
8722_NT_AL_AA.fasta.zip,186,484,456.5
8723_NT_AL_AA.fasta.zip,187,462,450
8724_NT_AL_AA.fasta.zip,180,162,162.0
8725_NT_AL_AA.fasta.zip,171,590,500
8726_NT_AL_AA.fasta.zip,190,466,466.0
8727_NT_AL_AA.fasta.zip,182,736,726.0
8728_NT_AL_AA.fasta.zip,184,925,904.0
8729_NT_AL_AA.fasta.zip,188,1931,1885.5
8731_NT_AL_AA.fasta.zip,187,508,475
8732_NT_AL_AA.fasta.zip,182,605,596.0
8733_NT_AL_AA.fasta.zip,183,625,619
8736_NT_AL_AA.fasta.zip,184,1778,1652.0
8737_NT_AL_AA.fasta.zip,189,681,660
8738_NT_AL_AA.fasta.zip,179,204,199
8739_NT_AL_AA.fasta.zip,127,93,91
8740_NT_AL_AA.fasta.zip,182,249,241.0
8741_NT_AL_AA.fasta.zip,112,259,247.0
8743_NT_AL_AA.fasta.zip,187,291,271
8744_NT_AL_AA.fasta.zip,171,260,188
8745_NT_AL_AA.fasta.zip,178,799,781.5
874_NT_AL_AA.fasta.zip,114,277,277.0
8751_NT_AL_AA.fasta.zip,181,894,857
8754_NT_AL_AA.fasta.zip,184,833,813.0
8756_NT_AL_AA.fasta.zip,180,874,741.0
875_NT_AL_AA.fasta.zip,177,568,556
8760_NT_AL_AA.fasta.zip,185,450,445
8761_NT_AL_AA.fasta.zip,185,782,660
8763_NT_AL_AA.fasta.zip,183,247,175
8764_NT_AL_AA.fasta.zip,52,146,143.0
8766_NT_AL_AA.fasta.zip,184,216,216.0
8767_NT_AL_AA.fasta.zip,184,543,531.0
8772_NT_AL_AA.fasta.zip,178,212,187.0
8773_NT_AL_AA.fasta.zip,187,211,211
8774_NT_AL_AA.fasta.zip,186,317,311.0
8775_NT_AL_AA.fasta.zip,186,300,294.0
87769_NT_AL_AA.fasta.zip,181,161,143
8776_NT_AL_AA.fasta.zip,183,584,580
8777_NT_AL_AA.fasta.zip,185,2114,2063
8780_NT_AL_AA.fasta.zip,185,526,519
8784_NT_AL_AA.fasta.zip,175,262,221
8785_NT_AL_AA.fasta.zip,187,625,617
8786_NT_AL_AA.fasta.zip,176,454,431.0
8787_NT_AL_AA.fasta.zip,185,694,671
8788_NT_AL_AA.fasta.zip,181,400,383
8789_NT_AL_AA.fasta.zip,166,340,339.0
8790_NT_AL_AA.fasta.zip,181,587,584
8792_NT_AL_AA.fasta.zip,178,636,570.5
8796_NT_AL_AA.fasta.zip,180,861,670.5
8798_NT_AL_AA.fasta.zip,181,596,550
8799_NT_AL_AA.fasta.zip,185,262,259
87_NT_AL_AA.fasta.zip,184,918,911.0
8800_NT_AL_AA.fasta.zip,184,249,247.0
8801_NT_AL_AA.fasta.zip,174,437,432.0
8802_NT_AL_AA.fasta.zip,186,353,342.0
8803_NT_AL_AA.fasta.zip,184,467,461.0
8804_NT_AL_AA.fasta.zip,182,231,220.0
8805_NT_AL_AA.fasta.zip,181,1076,1043
8807_NT_AL_AA.fasta.zip,189,593,571
8808_NT_AL_AA.fasta.zip,183,576,542
8809_NT_AL_AA.fasta.zip,187,571,531
8811_NT_AL_AA.fasta.zip,171,363,350
8812_NT_AL_AA.fasta.zip,184,607,581.0
8813_NT_AL_AA.fasta.zip,184,260,259.0
8814_NT_AL_AA.fasta.zip,181,355,348
8815_NT_AL_AA.fasta.zip,175,93,89
8816_NT_AL_AA.fasta.zip,185,971,944
8817_NT_AL_AA.fasta.zip,185,208,207
8818_NT_AL_AA.fasta.zip,185,84,83
8819_NT_AL_AA.fasta.zip,180,236,219.0
881_NT_AL_AA.fasta.zip,184,592,588.0
8820_NT_AL_AA.fasta.zip,187,189,185
8821_NT_AL_AA.fasta.zip,185,928,901
8822_NT_AL_AA.fasta.zip,187,217,216
8823_NT_AL_AA.fasta.zip,179,208,207
8825_NT_AL_AA.fasta.zip,187,238,233
8826_NT_AL_AA.fasta.zip,185,1857,1657
8828_NT_AL_AA.fasta.zip,188,934,931.0
8829_NT_AL_AA.fasta.zip,184,936,922.0
8831_NT_AL_AA.fasta.zip,185,1358,1332
8832_NT_AL_AA.fasta.zip,165,381,321
8833_NT_AL_AA.fasta.zip,184,686,685.0
8834_NT_AL_AA.fasta.zip,167,196,191
8835_NT_AL_AA.fasta.zip,177,200,198
8836_NT_AL_AA.fasta.zip,182,326,318.0
8837_NT_AL_AA.fasta.zip,186,509,480.0
8838_NT_AL_AA.fasta.zip,184,360,345.5
8839_NT_AL_AA.fasta.zip,179,256,248
883_NT_AL_AA.fasta.zip,183,467,449
8840_NT_AL_AA.fasta.zip,185,380,357
8841_NT_AL_AA.fasta.zip,186,431,428.0
8842_NT_AL_AA.fasta.zip,185,856,814
8844_NT_AL_AA.fasta.zip,183,955,901
88455_NT_AL_AA.fasta.zip,186,598,589.0
8846_NT_AL_AA.fasta.zip,189,390,389
8848_NT_AL_AA.fasta.zip,177,1183,1055
8850_NT_AL_AA.fasta.zip,178,767,756.0
8851_NT_AL_AA.fasta.zip,184,312,307.0
8852_NT_AL_AA.fasta.zip,176,910,842.0
8853_NT_AL_AA.fasta.zip,183,1034,1003
8854_NT_AL_AA.fasta.zip,187,518,518
8856_NT_AL_AA.fasta.zip,177,395,374
8859_NT_AL_AA.fasta.zip,177,259,254
885_NT_AL_AA.fasta.zip,184,135,114.0
8861_NT_AL_AA.fasta.zip,189,413,411
8862_NT_AL_AA.fasta.zip,166,79,77.0
8863_NT_AL_AA.fasta.zip,171,1121,996
8864_NT_AL_AA.fasta.zip,186,1319,1226.0
8867_NT_AL_AA.fasta.zip,176,1664,1557.5
8869_NT_AL_AA.fasta.zip,190,428,417.5
886_NT_AL_AA.fasta.zip,190,447,428.0
8870_NT_AL_AA.fasta.zip,186,171,153.0
8871_NT_AL_AA.fasta.zip,180,1620,1452.5
8872_NT_AL_AA.fasta.zip,184,338,336.0
88745_NT_AL_AA.fasta.zip,99,219,215
8874_NT_AL_AA.fasta.zip,182,956,862.0
8877_NT_AL_AA.fasta.zip,184,453,417.0
8878_NT_AL_AA.fasta.zip,187,473,438
8879_NT_AL_AA.fasta.zip,186,570,568.0
887_NT_AL_AA.fasta.zip,188,470,452.0
8880_NT_AL_AA.fasta.zip,187,694,679
8881_NT_AL_AA.fasta.zip,185,739,620
8882_NT_AL_AA.fasta.zip,187,470,459
8883_NT_AL_AA.fasta.zip,188,540,534.0
8884_NT_AL_AA.fasta.zip,180,638,631.0
8886_NT_AL_AA.fasta.zip,181,907,669
8887_NT_AL_AA.fasta.zip,189,867,813
8888_NT_AL_AA.fasta.zip,182,2047,1970.5
8890_NT_AL_AA.fasta.zip,185,560,545
8891_NT_AL_AA.fasta.zip,187,457,452
8892_NT_AL_AA.fasta.zip,189,357,351
8893_NT_AL_AA.fasta.zip,188,745,721.0
8894_NT_AL_AA.fasta.zip,188,333,331.0
8895_NT_AL_AA.fasta.zip,178,554,529.0
8896_NT_AL_AA.fasta.zip,175,144,144
8897_NT_AL_AA.fasta.zip,182,1236,1201.0
8898_NT_AL_AA.fasta.zip,180,648,642.0
8899_NT_AL_AA.fasta.zip,188,1022,1009.0
889_NT_AL_AA.fasta.zip,188,741,735.0
88_NT_AL_AA.fasta.zip,176,897,894.0
8900_NT_AL_AA.fasta.zip,174,435,421.0
8904_NT_AL_AA.fasta.zip,54,538,537.0
8905_NT_AL_AA.fasta.zip,183,144,144
8906_NT_AL_AA.fasta.zip,187,790,780
8907_NT_AL_AA.fasta.zip,180,427,423.0
8909_NT_AL_AA.fasta.zip,184,422,412.0
890_NT_AL_AA.fasta.zip,186,456,430.0
8910_NT_AL_AA.fasta.zip,188,475,473.0
8911_NT_AL_AA.fasta.zip,179,2331,2126
8912_NT_AL_AA.fasta.zip,170,2388,2223.0
8913_NT_AL_AA.fasta.zip,186,2438,2376.0
8914_NT_AL_AA.fasta.zip,186,1251,1192.0
8915_NT_AL_AA.fasta.zip,190,237,229.0
8916_NT_AL_AA.fasta.zip,186,1058,1049.0
891_NT_AL_AA.fasta.zip,185,482,422
8924_NT_AL_AA.fasta.zip,143,4859,4835
8925_NT_AL_AA.fasta.zip,186,4900,4874.0
8926_NT_AL_AA.fasta.zip,152,72,68.0
8927_NT_AL_AA.fasta.zip,183,4241,3833
8928_NT_AL_AA.fasta.zip,188,405,354.0
8929_NT_AL_AA.fasta.zip,187,324,314
892_NT_AL_AA.fasta.zip,189,286,283
8930_NT_AL_AA.fasta.zip,183,591,552
8932_NT_AL_AA.fasta.zip,171,432,406
8934_NT_AL_AA.fasta.zip,189,206,203
8935_NT_AL_AA.fasta.zip,187,367,358
8936_NT_AL_AA.fasta.zip,185,567,559
8938_NT_AL_AA.fasta.zip,187,1169,1148
8939_NT_AL_AA.fasta.zip,186,593,572.0
8940_NT_AL_AA.fasta.zip,185,867,862
8941_NT_AL_AA.fasta.zip,172,400,368.0
8942_NT_AL_AA.fasta.zip,186,471,463.0
8943_NT_AL_AA.fasta.zip,184,1275,1188.0
8945_NT_AL_AA.fasta.zip,189,607,595
894_NT_AL_AA.fasta.zip,182,295,289.0
896_NT_AL_AA.fasta.zip,187,293,292
8971_NT_AL_AA.fasta.zip,154,231,211.0
8972_NT_AL_AA.fasta.zip,146,4555,1798.0
8973_NT_AL_AA.fasta.zip,181,503,494
8974_NT_AL_AA.fasta.zip,182,621,534.0
8975_NT_AL_AA.fasta.zip,187,872,863
89765_NT_AL_AA.fasta.zip,183,304,293
89766_NT_AL_AA.fasta.zip,169,1496,1314
8976_NT_AL_AA.fasta.zip,188,522,504.0
89777_NT_AL_AA.fasta.zip,175,429,423
89778_NT_AL_AA.fasta.zip,160,393,392.0
89780_NT_AL_AA.fasta.zip,176,352,352.0
89781_NT_AL_AA.fasta.zip,190,742,674.5
89782_NT_AL_AA.fasta.zip,178,706,690.0
89792_NT_AL_AA.fasta.zip,183,494,430
89795_NT_AL_AA.fasta.zip,186,2381,2307.0
89796_NT_AL_AA.fasta.zip,172,2279,2157.0
89797_NT_AL_AA.fasta.zip,186,2549,2448.0
89801_NT_AL_AA.fasta.zip,184,844,792.0
89822_NT_AL_AA.fasta.zip,172,427,316.0
89845_NT_AL_AA.fasta.zip,190,1508,1483.0
89846_NT_AL_AA.fasta.zip,178,772,692.5
89848_NT_AL_AA.fasta.zip,153,699,689
89849_NT_AL_AA.fasta.zip,187,632,607
89853_NT_AL_AA.fasta.zip,181,301,292
89857_NT_AL_AA.fasta.zip,189,773,619
8985_NT_AL_AA.fasta.zip,184,757,734.0
89869_NT_AL_AA.fasta.zip,183,655,593
8986_NT_AL_AA.fasta.zip,179,882,771
89874_NT_AL_AA.fasta.zip,186,293,287.0
89876_NT_AL_AA.fasta.zip,186,759,746.0
8987_NT_AL_AA.fasta.zip,184,381,349.5
89882_NT_AL_AA.fasta.zip,154,214,203.0
89884_NT_AL_AA.fasta.zip,185,391,390
89886_NT_AL_AA.fasta.zip,184,291,265.0
89887_NT_AL_AA.fasta.zip,160,1432,997.5
8988_NT_AL_AA.fasta.zip,181,155,150
89891_NT_AL_AA.fasta.zip,187,536,522
89894_NT_AL_AA.fasta.zip,177,347,345
8989_NT_AL_AA.fasta.zip,174,1187,1114.0
898_NT_AL_AA.fasta.zip,178,424,408.0
89910_NT_AL_AA.fasta.zip,189,1081,1067
89927_NT_AL_AA.fasta.zip,183,205,204
8992_NT_AL_AA.fasta.zip,183,81,81
89932_NT_AL_AA.fasta.zip,190,1331,1239.5
8993_NT_AL_AA.fasta.zip,177,201,189
89941_NT_AL_AA.fasta.zip,152,640,618.0
8994_NT_AL_AA.fasta.zip,184,716,669.0
89953_NT_AL_AA.fasta.zip,188,624,616.0
89958_NT_AL_AA.fasta.zip,177,459,381
8995_NT_AL_AA.fasta.zip,176,182,177.0
89970_NT_AL_AA.fasta.zip,189,578,576
89978_NT_AL_AA.fasta.zip,185,270,264
8999_NT_AL_AA.fasta.zip,187,594,567
899_NT_AL_AA.fasta.zip,183,798,769
89_NT_AL_AA.fasta.zip,182,915,901.0
90007_NT_AL_AA.fasta.zip,178,560,498.0
90019_NT_AL_AA.fasta.zip,162,410,382.0
9001_NT_AL_AA.fasta.zip,156,710,534.5
90025_NT_AL_AA.fasta.zip,185,388,381
9002_NT_AL_AA.fasta.zip,178,415,375.0
90050_NT_AL_AA.fasta.zip,188,302,292.0
90060_NT_AL_AA.fasta.zip,184,693,658.5
90102_NT_AL_AA.fasta.zip,188,1355,1297.0
90113_NT_AL_AA.fasta.zip,183,1316,1232
90120_NT_AL_AA.fasta.zip,175,140,139
90121_NT_AL_AA.fasta.zip,183,212,186
90134_NT_AL_AA.fasta.zip,180,1213,1197.0
90135_NT_AL_AA.fasta.zip,169,496,476
90139_NT_AL_AA.fasta.zip,188,254,248.0
90141_NT_AL_AA.fasta.zip,159,137,135
9014_NT_AL_AA.fasta.zip,186,602,586.0
9015_NT_AL_AA.fasta.zip,180,452,449.0
90161_NT_AL_AA.fasta.zip,175,725,642
90167_NT_AL_AA.fasta.zip,185,706,691
9016_NT_AL_AA.fasta.zip,120,318,318.0
90187_NT_AL_AA.fasta.zip,185,755,731
90196_NT_AL_AA.fasta.zip,179,156,156
90199_NT_AL_AA.fasta.zip,154,232,224.0
9019_NT_AL_AA.fasta.zip,173,265,258
901_NT_AL_AA.fasta.zip,185,345,344
90203_NT_AL_AA.fasta.zip,181,377,363
90204_NT_AL_AA.fasta.zip,187,461,456
9020_NT_AL_AA.fasta.zip,189,1051,940
9021_NT_AL_AA.fasta.zip,186,240,225.0
90226_NT_AL_AA.fasta.zip,168,118,111.0
9022_NT_AL_AA.fasta.zip,179,238,234
90231_NT_AL_AA.fasta.zip,167,649,632
9023_NT_AL_AA.fasta.zip,184,268,266.0
90249_NT_AL_AA.fasta.zip,186,901,883.5
9024_NT_AL_AA.fasta.zip,182,744,689.0
9025_NT_AL_AA.fasta.zip,183,497,479
90268_NT_AL_AA.fasta.zip,190,363,348.0
9026_NT_AL_AA.fasta.zip,183,1157,1064
9028_NT_AL_AA.fasta.zip,182,378,368.0
90293_NT_AL_AA.fasta.zip,178,623,622.0
902_NT_AL_AA.fasta.zip,187,322,320
90313_NT_AL_AA.fasta.zip,183,418,380
9031_NT_AL_AA.fasta.zip,185,1514,1480
90324_NT_AL_AA.fasta.zip,189,371,336
90326_NT_AL_AA.fasta.zip,185,239,194
9032_NT_AL_AA.fasta.zip,182,201,191.0
90332_NT_AL_AA.fasta.zip,179,737,697
9033_NT_AL_AA.fasta.zip,183,779,758
90342_NT_AL_AA.fasta.zip,186,2093,1996.0
9034_NT_AL_AA.fasta.zip,174,356,325.0
90353_NT_AL_AA.fasta.zip,145,345,326
90355_NT_AL_AA.fasta.zip,183,208,207
90362_NT_AL_AA.fasta.zip,152,394,370.0
90378_NT_AL_AA.fasta.zip,154,584,502.5
90379_NT_AL_AA.fasta.zip,181,626,600
9037_NT_AL_AA.fasta.zip,185,1076,1073
90381_NT_AL_AA.fasta.zip,183,2146,1854
9038_NT_AL_AA.fasta.zip,156,394,337.0
90390_NT_AL_AA.fasta.zip,188,187,176.0
9039_NT_AL_AA.fasta.zip,189,465,462
90407_NT_AL_AA.fasta.zip,188,268,264.0
9040_NT_AL_AA.fasta.zip,148,188,183.0
90410_NT_AL_AA.fasta.zip,187,132,132
90411_NT_AL_AA.fasta.zip,187,146,144
90416_NT_AL_AA.fasta.zip,188,185,176.0
90417_NT_AL_AA.fasta.zip,188,323,311.0
90423_NT_AL_AA.fasta.zip,178,228,226.0
90427_NT_AL_AA.fasta.zip,190,191,184.0
9043_NT_AL_AA.fasta.zip,183,1332,1320
90441_NT_AL_AA.fasta.zip,179,522,470
9044_NT_AL_AA.fasta.zip,189,1851,1844
90459_NT_AL_AA.fasta.zip,187,350,349
9045_NT_AL_AA.fasta.zip,180,269,208.0
9046_NT_AL_AA.fasta.zip,189,445,410
9047_NT_AL_AA.fasta.zip,186,462,376.5
90480_NT_AL_AA.fasta.zip,185,231,219
90488_NT_AL_AA.fasta.zip,182,116,116.0
9048_NT_AL_AA.fasta.zip,163,243,210
9049_NT_AL_AA.fasta.zip,187,355,327
904_NT_AL_AA.fasta.zip,185,753,726
90506_NT_AL_AA.fasta.zip,189,349,315
90507_NT_AL_AA.fasta.zip,187,438,419
9050_NT_AL_AA.fasta.zip,188,341,334.0
9051_NT_AL_AA.fasta.zip,185,427,408
90522_NT_AL_AA.fasta.zip,184,327,312.0
90523_NT_AL_AA.fasta.zip,184,1028,946.0
90525_NT_AL_AA.fasta.zip,187,515,488
90527_NT_AL_AA.fasta.zip,175,338,334
90529_NT_AL_AA.fasta.zip,186,325,315.0
9052_NT_AL_AA.fasta.zip,183,361,355
9053_NT_AL_AA.fasta.zip,188,850,751.5
9054_NT_AL_AA.fasta.zip,186,459,457.0
90550_NT_AL_AA.fasta.zip,181,358,346
9055_NT_AL_AA.fasta.zip,184,733,614.0
9056_NT_AL_AA.fasta.zip,189,516,510
9057_NT_AL_AA.fasta.zip,189,519,511
90580_NT_AL_AA.fasta.zip,180,272,260.0
9058_NT_AL_AA.fasta.zip,186,590,569.0
905_NT_AL_AA.fasta.zip,189,768,732
9060_NT_AL_AA.fasta.zip,186,622,613.0
9061_NT_AL_AA.fasta.zip,172,633,623.0
90624_NT_AL_AA.fasta.zip,183,102,102
90627_NT_AL_AA.fasta.zip,178,1149,1112.0
90634_NT_AL_AA.fasta.zip,173,267,235
90637_NT_AL_AA.fasta.zip,180,145,143.0
90639_NT_AL_AA.fasta.zip,167,90,88
9063_NT_AL_AA.fasta.zip,189,621,614
9064_NT_AL_AA.fasta.zip,183,1340,1279
90668_NT_AL_AA.fasta.zip,189,1412,1367
9066_NT_AL_AA.fasta.zip,183,695,677
90673_NT_AL_AA.fasta.zip,161,289,278
90678_NT_AL_AA.fasta.zip,187,738,722
9068_NT_AL_AA.fasta.zip,186,494,491.0
90693_NT_AL_AA.fasta.zip,157,140,140
9069_NT_AL_AA.fasta.zip,187,247,244
90701_NT_AL_AA.fasta.zip,186,196,192.0
9070_NT_AL_AA.fasta.zip,188,657,629.0
9071_NT_AL_AA.fasta.zip,184,239,231.0
90736_NT_AL_AA.fasta.zip,58,110,105.0
9073_NT_AL_AA.fasta.zip,173,226,225
9074_NT_AL_AA.fasta.zip,181,222,221
9075_NT_AL_AA.fasta.zip,185,233,230
9076_NT_AL_AA.fasta.zip,190,211,211.0
90780_NT_AL_AA.fasta.zip,172,411,405.0
90799_NT_AL_AA.fasta.zip,187,850,816
9079_NT_AL_AA.fasta.zip,187,375,373
90806_NT_AL_AA.fasta.zip,185,557,544
90809_NT_AL_AA.fasta.zip,189,286,284
9080_NT_AL_AA.fasta.zip,186,218,217.0
90826_NT_AL_AA.fasta.zip,185,923,845
90835_NT_AL_AA.fasta.zip,180,354,328.0
90843_NT_AL_AA.fasta.zip,166,126,117.0
90850_NT_AL_AA.fasta.zip,174,962,887.0
90853_NT_AL_AA.fasta.zip,174,869,783.5
90861_NT_AL_AA.fasta.zip,186,197,184.0
90864_NT_AL_AA.fasta.zip,184,369,351.0
90865_NT_AL_AA.fasta.zip,172,291,236.0
90871_NT_AL_AA.fasta.zip,181,116,107
90874_NT_AL_AA.fasta.zip,187,598,535
9088_NT_AL_AA.fasta.zip,184,500,486.0
908_NT_AL_AA.fasta.zip,186,532,531.0
9091_NT_AL_AA.fasta.zip,187,591,580
9092_NT_AL_AA.fasta.zip,187,1096,803
90933_NT_AL_AA.fasta.zip,185,685,629
9093_NT_AL_AA.fasta.zip,185,493,480
9094_NT_AL_AA.fasta.zip,187,259,239
90952_NT_AL_AA.fasta.zip,178,413,390.0
90956_NT_AL_AA.fasta.zip,177,687,619
90957_NT_AL_AA.fasta.zip,183,1427,1381
9095_NT_AL_AA.fasta.zip,178,456,442.0
9096_NT_AL_AA.fasta.zip,187,626,605
9097_NT_AL_AA.fasta.zip,184,497,494.0
90990_NT_AL_AA.fasta.zip,182,851,758.0
90993_NT_AL_AA.fasta.zip,186,526,508.0
9099_NT_AL_AA.fasta.zip,183,623,606
90_NT_AL_AA.fasta.zip,187,511,509
9100_NT_AL_AA.fasta.zip,180,817,791.0
91010_NT_AL_AA.fasta.zip,188,1031,1026.0
91012_NT_AL_AA.fasta.zip,186,403,390.0
9101_NT_AL_AA.fasta.zip,186,1136,1112.0
91039_NT_AL_AA.fasta.zip,186,907,880.0
9104_NT_AL_AA.fasta.zip,173,300,299
91050_NT_AL_AA.fasta.zip,190,564,513.5
91056_NT_AL_AA.fasta.zip,184,915,871.0
91057_NT_AL_AA.fasta.zip,181,385,351
9107_NT_AL_AA.fasta.zip,186,662,622.0
9108_NT_AL_AA.fasta.zip,186,660,655.0
91107_NT_AL_AA.fasta.zip,178,664,635.5
9110_NT_AL_AA.fasta.zip,190,1234,1208.0
9111_NT_AL_AA.fasta.zip,187,314,305
9112_NT_AL_AA.fasta.zip,173,718,709
91133_NT_AL_AA.fasta.zip,153,628,605
91137_NT_AL_AA.fasta.zip,174,433,416.0
9113_NT_AL_AA.fasta.zip,149,1159,1128
91147_NT_AL_AA.fasta.zip,188,990,984.0
9114_NT_AL_AA.fasta.zip,188,356,351.0
91156_NT_AL_AA.fasta.zip,176,5413,1311.5
91179_NT_AL_AA.fasta.zip,165,921,842
9117_NT_AL_AA.fasta.zip,183,305,302
91181_NT_AL_AA.fasta.zip,184,1938,1855.5
9118_NT_AL_AA.fasta.zip,184,526,498.0
9120_NT_AL_AA.fasta.zip,186,530,522.0
9121_NT_AL_AA.fasta.zip,185,486,462
9122_NT_AL_AA.fasta.zip,185,497,480
9123_NT_AL_AA.fasta.zip,187,498,454
9124_NT_AL_AA.fasta.zip,184,333,329.0
91252_NT_AL_AA.fasta.zip,187,382,363
9125_NT_AL_AA.fasta.zip,186,303,299.0
9126_NT_AL_AA.fasta.zip,189,1223,1217
91272_NT_AL_AA.fasta.zip,169,184,178
9127_NT_AL_AA.fasta.zip,175,386,375
91283_NT_AL_AA.fasta.zip,135,278,275
91289_NT_AL_AA.fasta.zip,177,720,700
9128_NT_AL_AA.fasta.zip,190,528,520.0
91298_NT_AL_AA.fasta.zip,185,331,325
9129_NT_AL_AA.fasta.zip,185,689,683
91300_NT_AL_AA.fasta.zip,178,271,248.5
91304_NT_AL_AA.fasta.zip,170,652,610.0
9130_NT_AL_AA.fasta.zip,178,348,338.0
91319_NT_AL_AA.fasta.zip,183,227,220
9131_NT_AL_AA.fasta.zip,185,620,612
9132_NT_AL_AA.fasta.zip,172,705,690.0
9133_NT_AL_AA.fasta.zip,184,405,397.0
9134_NT_AL_AA.fasta.zip,190,416,404.0
9135_NT_AL_AA.fasta.zip,147,858,851
91368_NT_AL_AA.fasta.zip,185,116,114
91369_NT_AL_AA.fasta.zip,183,382,362
9136_NT_AL_AA.fasta.zip,185,503,475
9138_NT_AL_AA.fasta.zip,183,994,953
9139_NT_AL_AA.fasta.zip,188,592,587.0
91404_NT_AL_AA.fasta.zip,189,699,696
91408_NT_AL_AA.fasta.zip,187,159,158
9140_NT_AL_AA.fasta.zip,184,143,140.0
91419_NT_AL_AA.fasta.zip,185,262,245
9141_NT_AL_AA.fasta.zip,184,126,122.0
91433_NT_AL_AA.fasta.zip,178,406,356.0
9143_NT_AL_AA.fasta.zip,177,231,226
91442_NT_AL_AA.fasta.zip,186,222,215.0
91445_NT_AL_AA.fasta.zip,172,193,192.0
9144_NT_AL_AA.fasta.zip,182,237,224.0
91452_NT_AL_AA.fasta.zip,88,561,524.5
9145_NT_AL_AA.fasta.zip,177,244,232
91461_NT_AL_AA.fasta.zip,169,517,492
91464_NT_AL_AA.fasta.zip,178,243,228.0
9146_NT_AL_AA.fasta.zip,182,795,775.0
9147_NT_AL_AA.fasta.zip,183,1102,1073
9148_NT_AL_AA.fasta.zip,185,590,574
9149_NT_AL_AA.fasta.zip,188,677,663.0
914_NT_AL_AA.fasta.zip,186,384,311.0
9150_NT_AL_AA.fasta.zip,186,1005,873.0
91522_NT_AL_AA.fasta.zip,174,562,500.0
91523_NT_AL_AA.fasta.zip,173,472,408
91526_NT_AL_AA.fasta.zip,180,1072,1050.0
9152_NT_AL_AA.fasta.zip,187,815,791
91543_NT_AL_AA.fasta.zip,181,367,336
91544_NT_AL_AA.fasta.zip,189,496,461
9154_NT_AL_AA.fasta.zip,178,670,637.0
9156_NT_AL_AA.fasta.zip,183,963,822
91574_NT_AL_AA.fasta.zip,187,164,161
91582_NT_AL_AA.fasta.zip,183,150,134
91584_NT_AL_AA.fasta.zip,174,1899,1889.0
9158_NT_AL_AA.fasta.zip,188,367,364.0
9159_NT_AL_AA.fasta.zip,183,804,782
915_NT_AL_AA.fasta.zip,185,180,166
91603_NT_AL_AA.fasta.zip,187,397,370
91608_NT_AL_AA.fasta.zip,183,206,203
91612_NT_AL_AA.fasta.zip,185,116,112
91614_NT_AL_AA.fasta.zip,188,523,510.0
91624_NT_AL_AA.fasta.zip,188,687,670.0
9162_NT_AL_AA.fasta.zip,181,988,920
91646_NT_AL_AA.fasta.zip,177,1338,1270
91647_NT_AL_AA.fasta.zip,183,294,289
91653_NT_AL_AA.fasta.zip,184,1144,1107.0
91662_NT_AL_AA.fasta.zip,161,1104,1049
91663_NT_AL_AA.fasta.zip,186,330,322.0
9166_NT_AL_AA.fasta.zip,185,214,213
9167_NT_AL_AA.fasta.zip,183,122,111
91683_NT_AL_AA.fasta.zip,189,429,421
91687_NT_AL_AA.fasta.zip,187,352,346
91689_NT_AL_AA.fasta.zip,188,111,107.0
9168_NT_AL_AA.fasta.zip,169,44,44
91694_NT_AL_AA.fasta.zip,165,808,769
9169_NT_AL_AA.fasta.zip,187,1604,1451
916_NT_AL_AA.fasta.zip,185,205,175
91703_NT_AL_AA.fasta.zip,132,342,304.0
9170_NT_AL_AA.fasta.zip,182,350,348.0
9172_NT_AL_AA.fasta.zip,180,1569,1455.0
9173_NT_AL_AA.fasta.zip,181,569,537
91746_NT_AL_AA.fasta.zip,185,764,735
91748_NT_AL_AA.fasta.zip,189,1207,1085
91749_NT_AL_AA.fasta.zip,151,528,514
91750_NT_AL_AA.fasta.zip,187,120,115
91752_NT_AL_AA.fasta.zip,177,1271,1192
91754_NT_AL_AA.fasta.zip,188,999,975.0
9175_NT_AL_AA.fasta.zip,188,984,965.0
91768_NT_AL_AA.fasta.zip,166,651,597.5
91775_NT_AL_AA.fasta.zip,187,559,559
9177_NT_AL_AA.fasta.zip,178,440,429.0
91782_NT_AL_AA.fasta.zip,189,458,450
9179_NT_AL_AA.fasta.zip,188,464,452.0
917_NT_AL_AA.fasta.zip,184,192,178.5
91801_NT_AL_AA.fasta.zip,179,681,663
91807_NT_AL_AA.fasta.zip,183,847,782
9180_NT_AL_AA.fasta.zip,188,1224,952.0
9181_NT_AL_AA.fasta.zip,181,1057,1019
91828_NT_AL_AA.fasta.zip,183,807,689
9182_NT_AL_AA.fasta.zip,188,440,435.0
91833_NT_AL_AA.fasta.zip,188,571,563.0
9183_NT_AL_AA.fasta.zip,188,783,778.0
9184_NT_AL_AA.fasta.zip,180,326,326.0
91851_NT_AL_AA.fasta.zip,172,471,459.0
9185_NT_AL_AA.fasta.zip,174,651,626.0
91860_NT_AL_AA.fasta.zip,182,159,153.0
91862_NT_AL_AA.fasta.zip,180,557,372.0
91869_NT_AL_AA.fasta.zip,189,537,537
91875_NT_AL_AA.fasta.zip,190,444,439.0
9187_NT_AL_AA.fasta.zip,187,1621,1046
9188_NT_AL_AA.fasta.zip,185,1061,780
91893_NT_AL_AA.fasta.zip,177,632,623
91894_NT_AL_AA.fasta.zip,177,146,120
9191_NT_AL_AA.fasta.zip,175,322,318
91942_NT_AL_AA.fasta.zip,182,176,168.0
91947_NT_AL_AA.fasta.zip,177,427,411
91949_NT_AL_AA.fasta.zip,185,839,770
9194_NT_AL_AA.fasta.zip,184,492,471.5
9196_NT_AL_AA.fasta.zip,188,410,395.0
91977_NT_AL_AA.fasta.zip,187,281,235
91978_NT_AL_AA.fasta.zip,181,298,291
9197_NT_AL_AA.fasta.zip,181,558,550
919_NT_AL_AA.fasta.zip,182,178,159.0
91_NT_AL_AA.fasta.zip,181,508,504
92002_NT_AL_AA.fasta.zip,174,243,235.0
9200_NT_AL_AA.fasta.zip,185,253,249
92014_NT_AL_AA.fasta.zip,177,301,297
92017_NT_AL_AA.fasta.zip,181,842,811
9201_NT_AL_AA.fasta.zip,174,743,740.0
9202_NT_AL_AA.fasta.zip,182,1563,1547.0
9203_NT_AL_AA.fasta.zip,182,1398,1371.0
9204_NT_AL_AA.fasta.zip,178,1349,1312.5
9208_NT_AL_AA.fasta.zip,179,1171,877
92092_NT_AL_AA.fasta.zip,167,309,293
9209_NT_AL_AA.fasta.zip,187,754,720
920_NT_AL_AA.fasta.zip,184,494,422.0
92105_NT_AL_AA.fasta.zip,186,1008,963.0
92106_NT_AL_AA.fasta.zip,190,314,308.0
9210_NT_AL_AA.fasta.zip,173,401,393
9211_NT_AL_AA.fasta.zip,185,558,557
92126_NT_AL_AA.fasta.zip,186,1216,1212.0
92129_NT_AL_AA.fasta.zip,165,177,137
9212_NT_AL_AA.fasta.zip,188,350,338.0
9213_NT_AL_AA.fasta.zip,183,703,692
92140_NT_AL_AA.fasta.zip,189,648,610
9214_NT_AL_AA.fasta.zip,180,624,381.0
92154_NT_AL_AA.fasta.zip,185,784,730
9215_NT_AL_AA.fasta.zip,179,762,755
92162_NT_AL_AA.fasta.zip,183,168,158
92170_NT_AL_AA.fasta.zip,182,334,322.0
9217_NT_AL_AA.fasta.zip,183,250,242
92181_NT_AL_AA.fasta.zip,182,237,234.0
9218_NT_AL_AA.fasta.zip,173,300,294
92196_NT_AL_AA.fasta.zip,186,113,106.0
9219_NT_AL_AA.fasta.zip,184,670,668.0
921_NT_AL_AA.fasta.zip,183,641,449
92211_NT_AL_AA.fasta.zip,188,878,855.0
9221_NT_AL_AA.fasta.zip,188,988,695.0
92235_NT_AL_AA.fasta.zip,189,1397,1141
9223_NT_AL_AA.fasta.zip,175,1580,1472
92241_NT_AL_AA.fasta.zip,184,422,351.0
92255_NT_AL_AA.fasta.zip,188,700,694.0
92259_NT_AL_AA.fasta.zip,171,103,103
92270_NT_AL_AA.fasta.zip,133,339,318
9227_NT_AL_AA.fasta.zip,189,235,230
9228_NT_AL_AA.fasta.zip,176,996,973.0
92291_NT_AL_AA.fasta.zip,178,697,644.5
92293_NT_AL_AA.fasta.zip,155,1147,1063
9229_NT_AL_AA.fasta.zip,177,1050,982
922_NT_AL_AA.fasta.zip,162,953,324.0
92305_NT_AL_AA.fasta.zip,185,364,362
9230_NT_AL_AA.fasta.zip,188,216,215.0
92312_NT_AL_AA.fasta.zip,150,556,517.0
9231_NT_AL_AA.fasta.zip,182,1961,1910.0
9232_NT_AL_AA.fasta.zip,187,221,200
92335_NT_AL_AA.fasta.zip,189,436,431
92340_NT_AL_AA.fasta.zip,147,206,167
92342_NT_AL_AA.fasta.zip,185,385,371
92344_NT_AL_AA.fasta.zip,187,395,369
92345_NT_AL_AA.fasta.zip,175,518,429
92346_NT_AL_AA.fasta.zip,158,187,165.5
92359_NT_AL_AA.fasta.zip,179,135,108
92369_NT_AL_AA.fasta.zip,181,277,273
9236_NT_AL_AA.fasta.zip,187,887,795
92370_NT_AL_AA.fasta.zip,189,488,480
9238_NT_AL_AA.fasta.zip,185,648,630
92399_NT_AL_AA.fasta.zip,182,267,262.0
923_NT_AL_AA.fasta.zip,184,791,646.0
92400_NT_AL_AA.fasta.zip,188,191,190.0
9240_NT_AL_AA.fasta.zip,174,359,353.0
9241_NT_AL_AA.fasta.zip,186,234,227.0
92421_NT_AL_AA.fasta.zip,184,241,230.0
9242_NT_AL_AA.fasta.zip,185,234,197
9244_NT_AL_AA.fasta.zip,173,381,375
9245_NT_AL_AA.fasta.zip,188,442,438.0
9246_NT_AL_AA.fasta.zip,183,153,150
9247_NT_AL_AA.fasta.zip,184,524,504.0
92482_NT_AL_AA.fasta.zip,175,70,70
92483_NT_AL_AA.fasta.zip,83,382,381
9248_NT_AL_AA.fasta.zip,181,793,561
9249_NT_AL_AA.fasta.zip,188,302,302.0
924_NT_AL_AA.fasta.zip,156,228,188.5
92521_NT_AL_AA.fasta.zip,178,1220,1053.0
9252_NT_AL_AA.fasta.zip,184,799,788.0
9253_NT_AL_AA.fasta.zip,184,647,585.0
9254_NT_AL_AA.fasta.zip,186,1116,1086.0
92558_NT_AL_AA.fasta.zip,169,641,622
9255_NT_AL_AA.fasta.zip,185,329,320
92565_NT_AL_AA.fasta.zip,171,361,336
9256_NT_AL_AA.fasta.zip,186,1950,1812.0
92579_NT_AL_AA.fasta.zip,187,348,346
9258_NT_AL_AA.fasta.zip,175,1077,1049
92591_NT_AL_AA.fasta.zip,179,468,453
92597_NT_AL_AA.fasta.zip,185,211,211
925_NT_AL_AA.fasta.zip,181,276,223
92609_NT_AL_AA.fasta.zip,185,368,351
9260_NT_AL_AA.fasta.zip,187,478,457
92610_NT_AL_AA.fasta.zip,183,186,185
9261_NT_AL_AA.fasta.zip,180,368,361.0
9262_NT_AL_AA.fasta.zip,188,375,372.0
9265_NT_AL_AA.fasta.zip,177,386,385
92667_NT_AL_AA.fasta.zip,187,350,340
9266_NT_AL_AA.fasta.zip,183,399,392
92675_NT_AL_AA.fasta.zip,182,219,208.0
9267_NT_AL_AA.fasta.zip,187,398,394
92689_NT_AL_AA.fasta.zip,189,590,559
92691_NT_AL_AA.fasta.zip,180,302,296.0
926_NT_AL_AA.fasta.zip,182,220,203.0
92703_NT_AL_AA.fasta.zip,186,386,376.0
9270_NT_AL_AA.fasta.zip,170,202,200.0
92714_NT_AL_AA.fasta.zip,180,445,406.5
92715_NT_AL_AA.fasta.zip,180,418,341.0
9271_NT_AL_AA.fasta.zip,148,866,861.0
92736_NT_AL_AA.fasta.zip,183,630,558
92737_NT_AL_AA.fasta.zip,181,742,714
92745_NT_AL_AA.fasta.zip,168,497,468.0
92747_NT_AL_AA.fasta.zip,178,478,469.0
92749_NT_AL_AA.fasta.zip,188,812,703.0
9274_NT_AL_AA.fasta.zip,101,183,179
9275_NT_AL_AA.fasta.zip,184,204,200.0
9276_NT_AL_AA.fasta.zip,188,916,906.0
9277_NT_AL_AA.fasta.zip,190,646,605.5
9278_NT_AL_AA.fasta.zip,187,680,632
92797_NT_AL_AA.fasta.zip,185,1233,1053
92799_NT_AL_AA.fasta.zip,185,736,704
92815_NT_AL_AA.fasta.zip,150,132,130.0
92822_NT_AL_AA.fasta.zip,187,566,536
9282_NT_AL_AA.fasta.zip,178,1472,1451.0
9283_NT_AL_AA.fasta.zip,184,515,476.0
92840_NT_AL_AA.fasta.zip,160,175,171.0
92856_NT_AL_AA.fasta.zip,184,292,291.0
9289_NT_AL_AA.fasta.zip,184,717,686.0
928_NT_AL_AA.fasta.zip,117,232,226
92906_NT_AL_AA.fasta.zip,184,560,542.0
9290_NT_AL_AA.fasta.zip,187,325,315
92912_NT_AL_AA.fasta.zip,180,389,371.0
92922_NT_AL_AA.fasta.zip,186,590,549.0
92935_NT_AL_AA.fasta.zip,183,598,593
9293_NT_AL_AA.fasta.zip,188,362,361.0
92949_NT_AL_AA.fasta.zip,177,1778,1741
9294_NT_AL_AA.fasta.zip,187,371,352
9295_NT_AL_AA.fasta.zip,149,540,487
92960_NT_AL_AA.fasta.zip,184,239,237.0
9296_NT_AL_AA.fasta.zip,188,122,119.0
92979_NT_AL_AA.fasta.zip,170,369,345.0
92999_NT_AL_AA.fasta.zip,180,886,755.0
929_NT_AL_AA.fasta.zip,176,406,366.0
92_NT_AL_AA.fasta.zip,189,512,512
93010_NT_AL_AA.fasta.zip,180,402,397.0
93035_NT_AL_AA.fasta.zip,180,4293,4238.0
93058_NT_AL_AA.fasta.zip,183,264,245
9306_NT_AL_AA.fasta.zip,140,538,535.0
93081_NT_AL_AA.fasta.zip,184,225,225.0
93082_NT_AL_AA.fasta.zip,174,253,238.5
9308_NT_AL_AA.fasta.zip,188,212,196.0
93099_NT_AL_AA.fasta.zip,164,939,407.0
930_NT_AL_AA.fasta.zip,185,609,547
93100_NT_AL_AA.fasta.zip,181,547,529
93107_NT_AL_AA.fasta.zip,189,520,486
9310_NT_AL_AA.fasta.zip,95,739,722
9311_NT_AL_AA.fasta.zip,186,558,524.0
93129_NT_AL_AA.fasta.zip,183,310,292
9312_NT_AL_AA.fasta.zip,176,935,911.0
9313_NT_AL_AA.fasta.zip,186,486,483.0
93145_NT_AL_AA.fasta.zip,186,486,478.0
9314_NT_AL_AA.fasta.zip,185,569,497
9315_NT_AL_AA.fasta.zip,156,71,68.0
93166_NT_AL_AA.fasta.zip,180,639,588.0
9317_NT_AL_AA.fasta.zip,190,352,349.0
93183_NT_AL_AA.fasta.zip,147,426,423
93185_NT_AL_AA.fasta.zip,189,612,598
9318_NT_AL_AA.fasta.zip,188,451,450.0
93190_NT_AL_AA.fasta.zip,183,196,192
9319_NT_AL_AA.fasta.zip,172,438,431.0
9320_NT_AL_AA.fasta.zip,189,2081,2063
93210_NT_AL_AA.fasta.zip,186,325,320.0
9321_NT_AL_AA.fasta.zip,189,2009,1976
9322_NT_AL_AA.fasta.zip,187,625,601
93233_NT_AL_AA.fasta.zip,184,754,665.5
9324_NT_AL_AA.fasta.zip,181,124,118
9325_NT_AL_AA.fasta.zip,188,593,581.0
9326_NT_AL_AA.fasta.zip,188,162,154.0
93273_NT_AL_AA.fasta.zip,168,215,156.5
9328_NT_AL_AA.fasta.zip,187,529,511
9329_NT_AL_AA.fasta.zip,185,838,816
9330_NT_AL_AA.fasta.zip,181,897,881
9331_NT_AL_AA.fasta.zip,180,382,382.0
93323_NT_AL_AA.fasta.zip,183,361,344
9333_NT_AL_AA.fasta.zip,176,724,716.0
93343_NT_AL_AA.fasta.zip,186,281,273.0
9334_NT_AL_AA.fasta.zip,187,380,380
93377_NT_AL_AA.fasta.zip,184,153,141.0
9337_NT_AL_AA.fasta.zip,165,292,292
93380_NT_AL_AA.fasta.zip,180,136,131.0
9338_NT_AL_AA.fasta.zip,163,217,159
933_NT_AL_AA.fasta.zip,187,920,807
93408_NT_AL_AA.fasta.zip,178,168,165.0
9340_NT_AL_AA.fasta.zip,184,564,508.0
9341_NT_AL_AA.fasta.zip,178,104,103.0
93426_NT_AL_AA.fasta.zip,164,327,313.0
9342_NT_AL_AA.fasta.zip,185,273,258
93436_NT_AL_AA.fasta.zip,186,465,463.0
9343_NT_AL_AA.fasta.zip,184,1002,972.0
9344_NT_AL_AA.fasta.zip,187,1268,1235
93487_NT_AL_AA.fasta.zip,179,249,244
9348_NT_AL_AA.fasta.zip,111,877,873
9349_NT_AL_AA.fasta.zip,187,140,140
9350_NT_AL_AA.fasta.zip,186,290,267.0
93517_NT_AL_AA.fasta.zip,188,396,393.0
9351_NT_AL_AA.fasta.zip,180,343,337.0
9352_NT_AL_AA.fasta.zip,173,293,289
9353_NT_AL_AA.fasta.zip,185,1544,1533
9354_NT_AL_AA.fasta.zip,188,1068,1065.0
93550_NT_AL_AA.fasta.zip,180,731,712.0
9355_NT_AL_AA.fasta.zip,187,412,406
9356_NT_AL_AA.fasta.zip,135,554,546
93587_NT_AL_AA.fasta.zip,189,358,336
93589_NT_AL_AA.fasta.zip,179,1100,1084
9358_NT_AL_AA.fasta.zip,183,503,494
93594_NT_AL_AA.fasta.zip,189,1076,1054
9360_NT_AL_AA.fasta.zip,186,780,753.0
9361_NT_AL_AA.fasta.zip,186,1002,954.0
93621_NT_AL_AA.fasta.zip,76,128,127.0
93624_NT_AL_AA.fasta.zip,144,420,420.0
93627_NT_AL_AA.fasta.zip,186,897,891.0
9362_NT_AL_AA.fasta.zip,190,567,556.0
9363_NT_AL_AA.fasta.zip,182,241,237.0
93643_NT_AL_AA.fasta.zip,188,568,556.0
93649_NT_AL_AA.fasta.zip,187,1110,966
9364_NT_AL_AA.fasta.zip,185,225,219
93650_NT_AL_AA.fasta.zip,178,443,421.0
9365_NT_AL_AA.fasta.zip,167,1031,1000
93661_NT_AL_AA.fasta.zip,182,299,299.0
93663_NT_AL_AA.fasta.zip,186,685,658.0
93664_NT_AL_AA.fasta.zip,180,1319,1299.5
9367_NT_AL_AA.fasta.zip,183,201,201
9368_NT_AL_AA.fasta.zip,188,385,357.0
9369_NT_AL_AA.fasta.zip,159,1686,1663
9370_NT_AL_AA.fasta.zip,190,250,244.0
9371_NT_AL_AA.fasta.zip,189,753,747
9372_NT_AL_AA.fasta.zip,186,1442,1422.0
9373_NT_AL_AA.fasta.zip,187,802,796
9374_NT_AL_AA.fasta.zip,173,314,298
9375_NT_AL_AA.fasta.zip,187,676,663
9376_NT_AL_AA.fasta.zip,169,548,540
9377_NT_AL_AA.fasta.zip,184,156,149.0
9378_NT_AL_AA.fasta.zip,174,1541,1506.0
9380_NT_AL_AA.fasta.zip,186,328,323.0
9381_NT_AL_AA.fasta.zip,187,2023,1995
9382_NT_AL_AA.fasta.zip,183,1007,973
9388_NT_AL_AA.fasta.zip,188,501,496.0
9389_NT_AL_AA.fasta.zip,170,572,539.0
9390_NT_AL_AA.fasta.zip,148,1048,544.0
9391_NT_AL_AA.fasta.zip,188,341,339.0
9392_NT_AL_AA.fasta.zip,189,870,857
9394_NT_AL_AA.fasta.zip,180,416,410.0
93973_NT_AL_AA.fasta.zip,188,627,624.0
93974_NT_AL_AA.fasta.zip,186,111,105.0
93979_NT_AL_AA.fasta.zip,167,445,436
9397_NT_AL_AA.fasta.zip,182,499,495.0
93986_NT_AL_AA.fasta.zip,186,790,730.0
9398_NT_AL_AA.fasta.zip,180,1029,1000.5
9399_NT_AL_AA.fasta.zip,185,411,397
939_NT_AL_AA.fasta.zip,181,278,250
93_NT_AL_AA.fasta.zip,182,495,495.0
94005_NT_AL_AA.fasta.zip,187,588,554
9400_NT_AL_AA.fasta.zip,184,1032,976.0
94015_NT_AL_AA.fasta.zip,180,541,532.0
9401_NT_AL_AA.fasta.zip,184,1294,1143.0
94025_NT_AL_AA.fasta.zip,69,7800,2396
94026_NT_AL_AA.fasta.zip,137,1106,1003
9402_NT_AL_AA.fasta.zip,188,348,315.0
94030_NT_AL_AA.fasta.zip,177,743,710
94031_NT_AL_AA.fasta.zip,173,476,449
94032_NT_AL_AA.fasta.zip,170,79,79.0
9403_NT_AL_AA.fasta.zip,186,163,161.0
9404_NT_AL_AA.fasta.zip,187,386,382
94056_NT_AL_AA.fasta.zip,180,438,349.0
94059_NT_AL_AA.fasta.zip,164,526,359.0
9406_NT_AL_AA.fasta.zip,170,337,330.0
94081_NT_AL_AA.fasta.zip,181,325,322
94086_NT_AL_AA.fasta.zip,175,169,152
94097_NT_AL_AA.fasta.zip,188,348,335.0
9409_NT_AL_AA.fasta.zip,188,352,334.0
940_NT_AL_AA.fasta.zip,153,221,214
94101_NT_AL_AA.fasta.zip,173,156,153
94103_NT_AL_AA.fasta.zip,188,153,153.0
94104_NT_AL_AA.fasta.zip,181,949,917
94107_NT_AL_AA.fasta.zip,177,136,136
9410_NT_AL_AA.fasta.zip,189,411,358
9411_NT_AL_AA.fasta.zip,181,1297,1263
94120_NT_AL_AA.fasta.zip,186,626,605.0
94121_NT_AL_AA.fasta.zip,185,682,670
94122_NT_AL_AA.fasta.zip,177,769,753
9412_NT_AL_AA.fasta.zip,177,144,142
94134_NT_AL_AA.fasta.zip,189,861,836
94137_NT_AL_AA.fasta.zip,168,2719,1687.0
9413_NT_AL_AA.fasta.zip,179,635,591
9414_NT_AL_AA.fasta.zip,185,1360,1151
9415_NT_AL_AA.fasta.zip,179,457,444
9416_NT_AL_AA.fasta.zip,189,823,820
9419_NT_AL_AA.fasta.zip,187,101,101
941_NT_AL_AA.fasta.zip,183,246,227
9420_NT_AL_AA.fasta.zip,185,491,482
9421_NT_AL_AA.fasta.zip,185,239,215
94233_NT_AL_AA.fasta.zip,187,480,462
94234_NT_AL_AA.fasta.zip,158,502,378.0
94235_NT_AL_AA.fasta.zip,162,70,70.0
94239_NT_AL_AA.fasta.zip,166,132,128.0
9423_NT_AL_AA.fasta.zip,177,612,604
94240_NT_AL_AA.fasta.zip,181,325,295
94241_NT_AL_AA.fasta.zip,189,249,238
9424_NT_AL_AA.fasta.zip,182,319,313.0
9425_NT_AL_AA.fasta.zip,147,544,535
94274_NT_AL_AA.fasta.zip,181,157,147
9427_NT_AL_AA.fasta.zip,169,796,772
9429_NT_AL_AA.fasta.zip,149,671,655
942_NT_AL_AA.fasta.zip,190,328,273.0
9435_NT_AL_AA.fasta.zip,179,557,528
9437_NT_AL_AA.fasta.zip,82,306,298.0
9439_NT_AL_AA.fasta.zip,188,1380,1376.0
943_NT_AL_AA.fasta.zip,182,573,471.0
9440_NT_AL_AA.fasta.zip,182,653,650.0
9441_NT_AL_AA.fasta.zip,183,613,599
9442_NT_AL_AA.fasta.zip,174,316,311.0
9443_NT_AL_AA.fasta.zip,187,233,233
9444_NT_AL_AA.fasta.zip,168,310,309.0
9445_NT_AL_AA.fasta.zip,188,273,266.0
9446_NT_AL_AA.fasta.zip,156,247,239.0
9448_NT_AL_AA.fasta.zip,184,1513,1383.0
944_NT_AL_AA.fasta.zip,189,241,234
9450_NT_AL_AA.fasta.zip,184,166,157.0
9451_NT_AL_AA.fasta.zip,179,1155,1112
9453_NT_AL_AA.fasta.zip,183,301,300
9454_NT_AL_AA.fasta.zip,185,373,359
9455_NT_AL_AA.fasta.zip,186,344,341.0
9456_NT_AL_AA.fasta.zip,187,357,352
9457_NT_AL_AA.fasta.zip,188,403,283.0
9459_NT_AL_AA.fasta.zip,183,787,772
9462_NT_AL_AA.fasta.zip,186,1252,1246.0
9463_NT_AL_AA.fasta.zip,186,426,416.0
9464_NT_AL_AA.fasta.zip,172,222,217.0
9465_NT_AL_AA.fasta.zip,153,379,320
9466_NT_AL_AA.fasta.zip,182,644,598.0
9467_NT_AL_AA.fasta.zip,185,484,448
9468_NT_AL_AA.fasta.zip,181,375,369
9469_NT_AL_AA.fasta.zip,189,489,465
9470_NT_AL_AA.fasta.zip,186,248,245.0
9472_NT_AL_AA.fasta.zip,178,2388,2314.0
9473_NT_AL_AA.fasta.zip,184,658,617.0
9474_NT_AL_AA.fasta.zip,188,280,274.0
9475_NT_AL_AA.fasta.zip,179,1463,1386
9476_NT_AL_AA.fasta.zip,169,409,391
9477_NT_AL_AA.fasta.zip,187,211,210
9478_NT_AL_AA.fasta.zip,141,393,368
9479_NT_AL_AA.fasta.zip,183,851,695
947_NT_AL_AA.fasta.zip,187,425,360
9480_NT_AL_AA.fasta.zip,170,547,501.0
9481_NT_AL_AA.fasta.zip,188,304,299.0
9482_NT_AL_AA.fasta.zip,184,232,229.0
9486_NT_AL_AA.fasta.zip,179,361,356
9487_NT_AL_AA.fasta.zip,186,257,249.0
9488_NT_AL_AA.fasta.zip,176,549,538.0
9489_NT_AL_AA.fasta.zip,183,565,553
948_NT_AL_AA.fasta.zip,157,474,472
9491_NT_AL_AA.fasta.zip,187,273,270
9493_NT_AL_AA.fasta.zip,184,1113,947.0
9495_NT_AL_AA.fasta.zip,185,709,422
9496_NT_AL_AA.fasta.zip,183,582,549
9497_NT_AL_AA.fasta.zip,189,1260,1253
9498_NT_AL_AA.fasta.zip,187,1101,1090
9499_NT_AL_AA.fasta.zip,187,543,498
949_NT_AL_AA.fasta.zip,186,470,467.0
94_NT_AL_AA.fasta.zip,186,513,503.0
9500_NT_AL_AA.fasta.zip,157,819,781
9501_NT_AL_AA.fasta.zip,180,297,279.0
9507_NT_AL_AA.fasta.zip,187,866,828
9508_NT_AL_AA.fasta.zip,180,1220,1200.0
9509_NT_AL_AA.fasta.zip,179,1236,1166
950_NT_AL_AA.fasta.zip,187,481,478
9510_NT_AL_AA.fasta.zip,188,978,932.5
9512_NT_AL_AA.fasta.zip,183,494,489
9513_NT_AL_AA.fasta.zip,189,685,673
9514_NT_AL_AA.fasta.zip,179,440,423
9515_NT_AL_AA.fasta.zip,180,1199,1185.0
9516_NT_AL_AA.fasta.zip,186,177,161.0
9517_NT_AL_AA.fasta.zip,186,571,559.0
9518_NT_AL_AA.fasta.zip,168,310,285.0
9519_NT_AL_AA.fasta.zip,187,189,186
951_NT_AL_AA.fasta.zip,183,275,267
9520_NT_AL_AA.fasta.zip,179,939,919
9521_NT_AL_AA.fasta.zip,185,177,174
9522_NT_AL_AA.fasta.zip,182,343,336.0
9524_NT_AL_AA.fasta.zip,190,328,304.0
9525_NT_AL_AA.fasta.zip,187,449,444
9526_NT_AL_AA.fasta.zip,190,247,244.0
9527_NT_AL_AA.fasta.zip,188,251,249.0
9528_NT_AL_AA.fasta.zip,187,331,324
9529_NT_AL_AA.fasta.zip,163,452,447
952_NT_AL_AA.fasta.zip,86,288,277.0
9530_NT_AL_AA.fasta.zip,179,488,457
9531_NT_AL_AA.fasta.zip,189,643,571
9532_NT_AL_AA.fasta.zip,159,211,211
9533_NT_AL_AA.fasta.zip,189,356,345
9535_NT_AL_AA.fasta.zip,182,143,142.0
9536_NT_AL_AA.fasta.zip,184,156,153.0
9537_NT_AL_AA.fasta.zip,189,191,189
9538_NT_AL_AA.fasta.zip,188,343,340.0
953_NT_AL_AA.fasta.zip,182,512,497.0
9540_NT_AL_AA.fasta.zip,160,355,332.0
9541_NT_AL_AA.fasta.zip,187,573,427
9542_NT_AL_AA.fasta.zip,178,927,827.0
9543_NT_AL_AA.fasta.zip,180,762,745.0
9545_NT_AL_AA.fasta.zip,183,221,219
9546_NT_AL_AA.fasta.zip,183,606,575
9547_NT_AL_AA.fasta.zip,183,100,99
954_NT_AL_AA.fasta.zip,178,521,493.0
9550_NT_AL_AA.fasta.zip,181,119,118
9552_NT_AL_AA.fasta.zip,190,237,226.0
9553_NT_AL_AA.fasta.zip,167,66,64
9554_NT_AL_AA.fasta.zip,174,215,215.0
9555_NT_AL_AA.fasta.zip,190,375,372.0
9556_NT_AL_AA.fasta.zip,166,61,60.0
9557_NT_AL_AA.fasta.zip,186,906,884.0
9559_NT_AL_AA.fasta.zip,188,328,327.0
955_NT_AL_AA.fasta.zip,185,473,453
9562_NT_AL_AA.fasta.zip,185,495,485
9563_NT_AL_AA.fasta.zip,167,805,793
9564_NT_AL_AA.fasta.zip,187,897,862
9567_NT_AL_AA.fasta.zip,188,678,669.0
95681_NT_AL_AA.fasta.zip,188,389,366.0
9568_NT_AL_AA.fasta.zip,184,890,883.0
9569_NT_AL_AA.fasta.zip,182,1173,931.0
956_NT_AL_AA.fasta.zip,183,542,529
9570_NT_AL_AA.fasta.zip,86,217,212.0
9572_NT_AL_AA.fasta.zip,189,633,611
9573_NT_AL_AA.fasta.zip,174,376,364.0
9575_NT_AL_AA.fasta.zip,190,903,847.0
9576_NT_AL_AA.fasta.zip,178,518,509.0
9577_NT_AL_AA.fasta.zip,186,386,381.0
9578_NT_AL_AA.fasta.zip,187,1733,1711
957_NT_AL_AA.fasta.zip,185,429,426
9580_NT_AL_AA.fasta.zip,189,634,613
9581_NT_AL_AA.fasta.zip,184,725,724.0
9584_NT_AL_AA.fasta.zip,188,531,530.0
9585_NT_AL_AA.fasta.zip,189,1922,1776
9586_NT_AL_AA.fasta.zip,179,514,501
9587_NT_AL_AA.fasta.zip,188,280,266.0
9588_NT_AL_AA.fasta.zip,185,225,224
9589_NT_AL_AA.fasta.zip,182,403,396.0
958_NT_AL_AA.fasta.zip,186,294,255.0
9590_NT_AL_AA.fasta.zip,184,3645,1621.0
9592_NT_AL_AA.fasta.zip,181,251,216
9595_NT_AL_AA.fasta.zip,186,375,357.0
959_NT_AL_AA.fasta.zip,187,265,260
9600_NT_AL_AA.fasta.zip,186,1272,1242.0
9601_NT_AL_AA.fasta.zip,182,662,644.0
9603_NT_AL_AA.fasta.zip,179,841,681
9604_NT_AL_AA.fasta.zip,189,481,474
9605_NT_AL_AA.fasta.zip,184,674,633.0
9607_NT_AL_AA.fasta.zip,183,123,116
9609_NT_AL_AA.fasta.zip,185,263,258
960_NT_AL_AA.fasta.zip,187,770,691
9610_NT_AL_AA.fasta.zip,185,826,780
9611_NT_AL_AA.fasta.zip,180,2618,2508.0
9612_NT_AL_AA.fasta.zip,178,2661,2456.0
9615_NT_AL_AA.fasta.zip,188,457,454.0
9616_NT_AL_AA.fasta.zip,181,114,112
9617_NT_AL_AA.fasta.zip,188,455,445.0
9618_NT_AL_AA.fasta.zip,185,476,468
9619_NT_AL_AA.fasta.zip,188,681,675.0
961_NT_AL_AA.fasta.zip,177,328,315
9620_NT_AL_AA.fasta.zip,158,3101,2991.0
9622_NT_AL_AA.fasta.zip,123,262,253
9625_NT_AL_AA.fasta.zip,177,1654,1283
9627_NT_AL_AA.fasta.zip,186,1000,964.0
9628_NT_AL_AA.fasta.zip,114,475,475.0
962_NT_AL_AA.fasta.zip,167,356,222
9630_NT_AL_AA.fasta.zip,148,356,355.0
9631_NT_AL_AA.fasta.zip,185,1402,1388
9632_NT_AL_AA.fasta.zip,186,1141,1116.0
9633_NT_AL_AA.fasta.zip,185,540,489
9635_NT_AL_AA.fasta.zip,156,960,943.0
9636_NT_AL_AA.fasta.zip,181,160,157
9637_NT_AL_AA.fasta.zip,184,381,375.0
9638_NT_AL_AA.fasta.zip,183,400,392
9639_NT_AL_AA.fasta.zip,181,1442,1293
963_NT_AL_AA.fasta.zip,187,220,219
9640_NT_AL_AA.fasta.zip,189,1348,1263
9641_NT_AL_AA.fasta.zip,189,733,711
9643_NT_AL_AA.fasta.zip,172,295,288.0
9644_NT_AL_AA.fasta.zip,186,1168,1130.0
96459_NT_AL_AA.fasta.zip,186,1183,1165.0
9645_NT_AL_AA.fasta.zip,153,1124,1090
9646_NT_AL_AA.fasta.zip,189,1222,1173
9647_NT_AL_AA.fasta.zip,184,460,418.0
9648_NT_AL_AA.fasta.zip,185,1700,1679
9649_NT_AL_AA.fasta.zip,183,583,577
9650_NT_AL_AA.fasta.zip,187,361,320
9651_NT_AL_AA.fasta.zip,177,1570,1324
9652_NT_AL_AA.fasta.zip,182,1568,1562.5
9653_NT_AL_AA.fasta.zip,186,354,354.0
9654_NT_AL_AA.fasta.zip,185,1256,1194
9655_NT_AL_AA.fasta.zip,182,540,536.0
9656_NT_AL_AA.fasta.zip,178,3144,1857.5
9657_NT_AL_AA.fasta.zip,188,615,597.0
9658_NT_AL_AA.fasta.zip,175,1241,1096
9662_NT_AL_AA.fasta.zip,188,1147,1139.0
9663_NT_AL_AA.fasta.zip,179,951,930
9665_NT_AL_AA.fasta.zip,187,1776,1741
9666_NT_AL_AA.fasta.zip,186,1242,1206.0
9667_NT_AL_AA.fasta.zip,178,1029,938.0
9669_NT_AL_AA.fasta.zip,188,1256,1213.0
9670_NT_AL_AA.fasta.zip,189,968,960
9671_NT_AL_AA.fasta.zip,189,584,561
9672_NT_AL_AA.fasta.zip,184,424,391.0
9674_NT_AL_AA.fasta.zip,173,106,99
9675_NT_AL_AA.fasta.zip,189,1115,1088
96764_NT_AL_AA.fasta.zip,186,888,845.0
9677_NT_AL_AA.fasta.zip,185,1636,1503
9678_NT_AL_AA.fasta.zip,182,948,922.0
9679_NT_AL_AA.fasta.zip,175,443,421
967_NT_AL_AA.fasta.zip,185,251,238
9681_NT_AL_AA.fasta.zip,182,1640,1589.0
9682_NT_AL_AA.fasta.zip,187,1090,1062
9683_NT_AL_AA.fasta.zip,170,929,895.0
9684_NT_AL_AA.fasta.zip,177,511,493
9685_NT_AL_AA.fasta.zip,188,657,643.0
9686_NT_AL_AA.fasta.zip,187,312,295
9687_NT_AL_AA.fasta.zip,181,1998,1942
9688_NT_AL_AA.fasta.zip,183,824,819
9689_NT_AL_AA.fasta.zip,182,418,417.0
968_NT_AL_AA.fasta.zip,189,580,314
9690_NT_AL_AA.fasta.zip,173,1086,1081
9692_NT_AL_AA.fasta.zip,185,597,582
9693_NT_AL_AA.fasta.zip,179,1729,1680
9694_NT_AL_AA.fasta.zip,181,297,297
9695_NT_AL_AA.fasta.zip,161,669,653
9696_NT_AL_AA.fasta.zip,183,2041,1984
9697_NT_AL_AA.fasta.zip,189,378,366
9698_NT_AL_AA.fasta.zip,188,1201,1192.0
9699_NT_AL_AA.fasta.zip,185,1623,1563
969_NT_AL_AA.fasta.zip,121,201,199
9700_NT_AL_AA.fasta.zip,187,2187,2098
9701_NT_AL_AA.fasta.zip,187,986,908
9702_NT_AL_AA.fasta.zip,188,520,497.0
9703_NT_AL_AA.fasta.zip,183,2263,2231
9704_NT_AL_AA.fasta.zip,186,1180,1134.0
9705_NT_AL_AA.fasta.zip,153,1066,1029
9706_NT_AL_AA.fasta.zip,180,1058,1036.0
9709_NT_AL_AA.fasta.zip,185,412,388
970_NT_AL_AA.fasta.zip,174,205,163.0
9710_NT_AL_AA.fasta.zip,185,1106,1068
9711_NT_AL_AA.fasta.zip,184,1035,987.0
9712_NT_AL_AA.fasta.zip,184,852,827.0
9715_NT_AL_AA.fasta.zip,184,371,360.0
9716_NT_AL_AA.fasta.zip,186,1505,1484.0
9717_NT_AL_AA.fasta.zip,184,745,694.0
9719_NT_AL_AA.fasta.zip,182,981,945.0
971_NT_AL_AA.fasta.zip,185,395,292
9721_NT_AL_AA.fasta.zip,179,485,455
9722_NT_AL_AA.fasta.zip,53,431,416
9723_NT_AL_AA.fasta.zip,179,783,774
9725_NT_AL_AA.fasta.zip,183,858,789
9726_NT_AL_AA.fasta.zip,187,1948,1789
9727_NT_AL_AA.fasta.zip,171,637,603
9728_NT_AL_AA.fasta.zip,182,1137,1096.0
9729_NT_AL_AA.fasta.zip,186,730,690.0
972_NT_AL_AA.fasta.zip,189,288,274
9730_NT_AL_AA.fasta.zip,189,1544,1501
9731_NT_AL_AA.fasta.zip,185,949,909
9732_NT_AL_AA.fasta.zip,168,1999,1961.0
9733_NT_AL_AA.fasta.zip,188,1021,969.5
9734_NT_AL_AA.fasta.zip,185,1100,1079
9735_NT_AL_AA.fasta.zip,187,2236,2198
9736_NT_AL_AA.fasta.zip,188,3585,3531.0
9737_NT_AL_AA.fasta.zip,132,1501,1369.0
9738_NT_AL_AA.fasta.zip,185,1056,1009
9739_NT_AL_AA.fasta.zip,180,1866,1695.0
973_NT_AL_AA.fasta.zip,187,244,215
9741_NT_AL_AA.fasta.zip,157,238,233
9742_NT_AL_AA.fasta.zip,185,1471,1449
9743_NT_AL_AA.fasta.zip,182,2299,2049.5
9744_NT_AL_AA.fasta.zip,189,756,740
9745_NT_AL_AA.fasta.zip,173,1459,1370
9746_NT_AL_AA.fasta.zip,185,978,957
9747_NT_AL_AA.fasta.zip,131,923,921
9748_NT_AL_AA.fasta.zip,187,1258,1236
9749_NT_AL_AA.fasta.zip,188,681,642.0
974_NT_AL_AA.fasta.zip,188,234,210.0
9750_NT_AL_AA.fasta.zip,171,1090,1037
9751_NT_AL_AA.fasta.zip,186,574,534.0
9753_NT_AL_AA.fasta.zip,111,716,608
9754_NT_AL_AA.fasta.zip,178,1072,1011.0
9755_NT_AL_AA.fasta.zip,187,676,611
9757_NT_AL_AA.fasta.zip,170,3045,2686.5
9758_NT_AL_AA.fasta.zip,180,1776,1721.0
9759_NT_AL_AA.fasta.zip,184,1085,1067.0
975_NT_AL_AA.fasta.zip,180,243,236.0
9760_NT_AL_AA.fasta.zip,185,531,526
9761_NT_AL_AA.fasta.zip,186,307,287.0
9762_NT_AL_AA.fasta.zip,189,711,668
9764_NT_AL_AA.fasta.zip,188,419,410.0
9765_NT_AL_AA.fasta.zip,186,1647,1534.0
9766_NT_AL_AA.fasta.zip,187,366,303
9767_NT_AL_AA.fasta.zip,178,937,818.0
9768_NT_AL_AA.fasta.zip,187,120,111
976_NT_AL_AA.fasta.zip,182,991,789.0
9770_NT_AL_AA.fasta.zip,188,332,326.0
9771_NT_AL_AA.fasta.zip,186,789,768.0
9772_NT_AL_AA.fasta.zip,189,1374,1352
9774_NT_AL_AA.fasta.zip,188,925,921.0
9775_NT_AL_AA.fasta.zip,171,413,411
9776_NT_AL_AA.fasta.zip,188,556,549.0
9777_NT_AL_AA.fasta.zip,190,647,642.0
9778_NT_AL_AA.fasta.zip,173,1449,1391
9779_NT_AL_AA.fasta.zip,182,866,808.0
977_NT_AL_AA.fasta.zip,173,260,253
9780_NT_AL_AA.fasta.zip,180,2877,2424.0
9781_NT_AL_AA.fasta.zip,185,296,292
9782_NT_AL_AA.fasta.zip,183,906,895
9783_NT_AL_AA.fasta.zip,187,313,308
9784_NT_AL_AA.fasta.zip,187,476,470
9785_NT_AL_AA.fasta.zip,189,1239,1227
9786_NT_AL_AA.fasta.zip,186,1679,1526.0
9787_NT_AL_AA.fasta.zip,188,943,834.0
9788_NT_AL_AA.fasta.zip,185,828,794
9789_NT_AL_AA.fasta.zip,187,228,226
978_NT_AL_AA.fasta.zip,186,148,146.0
9790_NT_AL_AA.fasta.zip,176,1327,1272.0
9791_NT_AL_AA.fasta.zip,186,476,473.0
9792_NT_AL_AA.fasta.zip,188,354,311.0
9793_NT_AL_AA.fasta.zip,168,2040,2032.0
9794_NT_AL_AA.fasta.zip,178,1285,1010.0
9796_NT_AL_AA.fasta.zip,188,331,330.0
9797_NT_AL_AA.fasta.zip,188,830,737.0
9798_NT_AL_AA.fasta.zip,173,377,362
97_NT_AL_AA.fasta.zip,182,103,101.0
9801_NT_AL_AA.fasta.zip,187,297,291
9802_NT_AL_AA.fasta.zip,186,145,142.0
9804_NT_AL_AA.fasta.zip,180,146,145.0
9805_NT_AL_AA.fasta.zip,188,417,414.0
9806_NT_AL_AA.fasta.zip,188,447,424.0
9807_NT_AL_AA.fasta.zip,190,451,440.0
9810_NT_AL_AA.fasta.zip,188,1011,1000.0
9811_NT_AL_AA.fasta.zip,183,619,600
9812_NT_AL_AA.fasta.zip,189,534,503
9813_NT_AL_AA.fasta.zip,190,545,494.0
9814_NT_AL_AA.fasta.zip,184,1269,1188.0
9815_NT_AL_AA.fasta.zip,186,774,758.0
9816_NT_AL_AA.fasta.zip,180,1548,1514.0
9817_NT_AL_AA.fasta.zip,176,630,624.0
9818_NT_AL_AA.fasta.zip,187,618,589
9819_NT_AL_AA.fasta.zip,172,857,770.0
9820_NT_AL_AA.fasta.zip,183,1773,1670
9821_NT_AL_AA.fasta.zip,158,1595,1588.0
9823_NT_AL_AA.fasta.zip,172,836,608.0
9825_NT_AL_AA.fasta.zip,178,533,520.0
9826_NT_AL_AA.fasta.zip,185,1618,1547
9827_NT_AL_AA.fasta.zip,189,394,391
9828_NT_AL_AA.fasta.zip,171,2174,2056
9829_NT_AL_AA.fasta.zip,186,985,970.0
9830_NT_AL_AA.fasta.zip,180,437,429.0
9831_NT_AL_AA.fasta.zip,147,504,493
9832_NT_AL_AA.fasta.zip,183,832,820
9833_NT_AL_AA.fasta.zip,190,665,649.0
9836_NT_AL_AA.fasta.zip,183,699,685
9837_NT_AL_AA.fasta.zip,184,199,196.0
9839_NT_AL_AA.fasta.zip,189,1225,1213
983_NT_AL_AA.fasta.zip,175,298,297
9840_NT_AL_AA.fasta.zip,186,509,483.0
9841_NT_AL_AA.fasta.zip,186,732,695.0
9842_NT_AL_AA.fasta.zip,181,1092,1042
9843_NT_AL_AA.fasta.zip,176,1165,1159.0
9844_NT_AL_AA.fasta.zip,180,728,727.0
9846_NT_AL_AA.fasta.zip,188,659,637.0
9847_NT_AL_AA.fasta.zip,184,1151,1083.0
9848_NT_AL_AA.fasta.zip,152,429,406.0
9849_NT_AL_AA.fasta.zip,188,1581,1482.0
9851_NT_AL_AA.fasta.zip,152,1004,946.5
9852_NT_AL_AA.fasta.zip,181,610,608
9853_NT_AL_AA.fasta.zip,189,1594,1509
9854_NT_AL_AA.fasta.zip,184,721,707.0
9855_NT_AL_AA.fasta.zip,183,1044,998
9856_NT_AL_AA.fasta.zip,149,1419,1040
9857_NT_AL_AA.fasta.zip,187,3229,3112
9858_NT_AL_AA.fasta.zip,181,1406,1139
9859_NT_AL_AA.fasta.zip,184,1630,1591.0
9860_NT_AL_AA.fasta.zip,184,1082,1060.0
9861_NT_AL_AA.fasta.zip,188,389,388.0
9862_NT_AL_AA.fasta.zip,186,1018,1007.0
9863_NT_AL_AA.fasta.zip,169,1488,1405
9865_NT_AL_AA.fasta.zip,177,855,806
9866_NT_AL_AA.fasta.zip,188,1298,1239.0
9867_NT_AL_AA.fasta.zip,183,726,708
9868_NT_AL_AA.fasta.zip,183,628,609
9869_NT_AL_AA.fasta.zip,179,1342,1285
9870_NT_AL_AA.fasta.zip,190,825,823.0
9871_NT_AL_AA.fasta.zip,173,1072,1033
9873_NT_AL_AA.fasta.zip,185,751,740
9874_NT_AL_AA.fasta.zip,186,775,765.0
9875_NT_AL_AA.fasta.zip,182,2361,2244.5
9877_NT_AL_AA.fasta.zip,181,849,813
9878_NT_AL_AA.fasta.zip,190,635,617.0
9879_NT_AL_AA.fasta.zip,187,1060,1032
987_NT_AL_AA.fasta.zip,182,2903,2845.0
9880_NT_AL_AA.fasta.zip,189,732,711
9881_NT_AL_AA.fasta.zip,188,3029,2949.5
9882_NT_AL_AA.fasta.zip,188,1335,1278.0
9885_NT_AL_AA.fasta.zip,172,490,479.0
9886_NT_AL_AA.fasta.zip,188,710,696.0
9887_NT_AL_AA.fasta.zip,182,1221,1209.0
9889_NT_AL_AA.fasta.zip,172,1208,1163.0
988_NT_AL_AA.fasta.zip,188,858,802.0
9890_NT_AL_AA.fasta.zip,177,733,715
9891_NT_AL_AA.fasta.zip,180,685,662.0
9892_NT_AL_AA.fasta.zip,185,945,904
9894_NT_AL_AA.fasta.zip,187,839,806
9895_NT_AL_AA.fasta.zip,188,1433,1355.5
9896_NT_AL_AA.fasta.zip,186,911,907.0
9897_NT_AL_AA.fasta.zip,188,1164,1158.0
9898_NT_AL_AA.fasta.zip,183,1145,1124
9899_NT_AL_AA.fasta.zip,183,732,683
989_NT_AL_AA.fasta.zip,187,437,437
98_NT_AL_AA.fasta.zip,179,130,118
9900_NT_AL_AA.fasta.zip,185,744,742
9901_NT_AL_AA.fasta.zip,180,1107,1089.0
9902_NT_AL_AA.fasta.zip,173,1514,1470
9903_NT_AL_AA.fasta.zip,176,601,597.0
9904_NT_AL_AA.fasta.zip,185,1021,936
9905_NT_AL_AA.fasta.zip,188,1083,1044.0
9907_NT_AL_AA.fasta.zip,183,821,791
9908_NT_AL_AA.fasta.zip,188,489,482.0
9909_NT_AL_AA.fasta.zip,186,1554,1489.0
990_NT_AL_AA.fasta.zip,186,577,559.0
9910_NT_AL_AA.fasta.zip,173,1057,1050
9911_NT_AL_AA.fasta.zip,189,740,706
9912_NT_AL_AA.fasta.zip,181,848,808
9913_NT_AL_AA.fasta.zip,145,415,411
9914_NT_AL_AA.fasta.zip,183,956,934
9915_NT_AL_AA.fasta.zip,178,712,706.0
9917_NT_AL_AA.fasta.zip,187,413,409
9918_NT_AL_AA.fasta.zip,189,1456,1398
9919_NT_AL_AA.fasta.zip,185,2567,2306
991_NT_AL_AA.fasta.zip,186,510,498.0
9920_NT_AL_AA.fasta.zip,151,812,611
9921_NT_AL_AA.fasta.zip,186,849,808.0
9922_NT_AL_AA.fasta.zip,183,1151,1104
9923_NT_AL_AA.fasta.zip,189,1274,1235
9924_NT_AL_AA.fasta.zip,188,1218,1196.0
9925_NT_AL_AA.fasta.zip,189,678,676
9926_NT_AL_AA.fasta.zip,183,375,369
9927_NT_AL_AA.fasta.zip,187,762,757
9928_NT_AL_AA.fasta.zip,170,1774,1576.5
9929_NT_AL_AA.fasta.zip,184,204,202.0
9931_NT_AL_AA.fasta.zip,184,2019,1942.0
9933_NT_AL_AA.fasta.zip,187,690,642
9934_NT_AL_AA.fasta.zip,183,343,337
9935_NT_AL_AA.fasta.zip,174,340,323.0
9937_NT_AL_AA.fasta.zip,188,1101,1039.0
9938_NT_AL_AA.fasta.zip,188,656,644.0
9939_NT_AL_AA.fasta.zip,183,168,168
993_NT_AL_AA.fasta.zip,186,566,524.0
9940_NT_AL_AA.fasta.zip,183,1702,1623
9941_NT_AL_AA.fasta.zip,180,376,362.0
9942_NT_AL_AA.fasta.zip,187,538,525
9943_NT_AL_AA.fasta.zip,186,533,527.0
9945_NT_AL_AA.fasta.zip,184,752,677.0
9946_NT_AL_AA.fasta.zip,187,353,349
9948_NT_AL_AA.fasta.zip,177,611,606
9949_NT_AL_AA.fasta.zip,178,351,333.0
994_NT_AL_AA.fasta.zip,186,612,573.0
9950_NT_AL_AA.fasta.zip,189,741,731
9951_NT_AL_AA.fasta.zip,155,498,450
9955_NT_AL_AA.fasta.zip,131,422,402
9956_NT_AL_AA.fasta.zip,182,379,366.0
9957_NT_AL_AA.fasta.zip,179,329,310
9958_NT_AL_AA.fasta.zip,187,994,981
995_NT_AL_AA.fasta.zip,179,510,461
9960_NT_AL_AA.fasta.zip,189,523,519
9961_NT_AL_AA.fasta.zip,179,884,872
9962_NT_AL_AA.fasta.zip,188,655,650.0
9963_NT_AL_AA.fasta.zip,183,612,601
9965_NT_AL_AA.fasta.zip,167,224,216
9966_NT_AL_AA.fasta.zip,185,263,249
9967_NT_AL_AA.fasta.zip,188,969,957.0
9968_NT_AL_AA.fasta.zip,173,2303,2169
9969_NT_AL_AA.fasta.zip,185,2202,2170
996_NT_AL_AA.fasta.zip,181,834,827
9970_NT_AL_AA.fasta.zip,175,362,343
9971_NT_AL_AA.fasta.zip,188,495,486.0
9972_NT_AL_AA.fasta.zip,186,1607,1464.0
9973_NT_AL_AA.fasta.zip,189,280,274
9975_NT_AL_AA.fasta.zip,182,589,576.0
9978_NT_AL_AA.fasta.zip,179,108,108
997_NT_AL_AA.fasta.zip,174,246,235.0
9980_NT_AL_AA.fasta.zip,185,2368,2283
9982_NT_AL_AA.fasta.zip,147,257,232
9984_NT_AL_AA.fasta.zip,185,659,657
9985_NT_AL_AA.fasta.zip,188,638,566.0
9986_NT_AL_AA.fasta.zip,180,335,326.0
9987_NT_AL_AA.fasta.zip,185,442,419
9988_NT_AL_AA.fasta.zip,184,773,760.0
9989_NT_AL_AA.fasta.zip,153,949,928
998_NT_AL_AA.fasta.zip,183,191,191
9990_NT_AL_AA.fasta.zip,185,1153,1150
9991_NT_AL_AA.fasta.zip,189,544,540
9992_NT_AL_AA.fasta.zip,186,123,123.0
9993_NT_AL_AA.fasta.zip,180,559,547.0
9994_NT_AL_AA.fasta.zip,188,2311,1964.0
9997_NT_AL_AA.fasta.zip,175,268,265
999_NT_AL_AA.fasta.zip,172,1811,870.0
