filename,alpha_median,rho_median,tree_scale_median,alpha_std,rho_std,tree_scale_std
10004_NT_AL_AA.fasta.zip,0.545582503080368,0.4981348514556885,False,0,0,0
10006_NT_AL_AA.fasta.zip,0.24205059558153152,0.9812885820865631,False,0,0,0
10009_NT_AL_AA.fasta.zip,0.9643778800964355,0.9745089113712311,False,0,0,0
1000_NT_AL_AA.fasta.zip,0.3260575979948044,0.9421142041683197,False,0,0,0
100101267_NT_AL_AA.fasta.zip,2.0561068058013916,0.7281840046246847,True,0,0,0
100128908_NT_AL_AA.fasta.zip,2.27356880903244,0.6056514382362366,True,0,0,0
100129271_NT_AL_AA.fasta.zip,1.6833108067512512,0.8792236149311066,False,0,0,0
100130274_NT_AL_AA.fasta.zip,2.1412678956985474,0.582214742898941,False,0,0,0
100131017_NT_AL_AA.fasta.zip,0.9629248281319936,0.9817333221435547,True,0,0,0
100131390_NT_AL_AA.fasta.zip,0.2749086618423462,0.9762593507766724,False,0,0,0
100131755_NT_AL_AA.fasta.zip,3.4842869639396667,0.6363585462624376,True,0,0,0
100131897_NT_AL_AA.fasta.zip,0.8285163342952728,0.9609103798866272,False,0,0,0
100132074_NT_AL_AA.fasta.zip,1.7288464307785034,0.9661047756671906,False,0,0,0
100137049_NT_AL_AA.fasta.zip,0.691811591386795,0.2691890001296997,False,0,0,0
10013_NT_AL_AA.fasta.zip,1.449169675509135,0.6977110107739767,True,0,0,0
10014_NT_AL_AA.fasta.zip,0.4590533872445424,0.9344515999158224,False,0,0,0
10015_NT_AL_AA.fasta.zip,1.0327324569225311,0.7372509241104126,True,0,0,0
10019_NT_AL_AA.fasta.zip,1.5397717356681824,0.9654953181743622,False,0,0,0
1001_NT_AL_AA.fasta.zip,1.3143054246902466,0.4914572052657604,True,0,0,0
10020_NT_AL_AA.fasta.zip,0.3153647258877754,0.9629672169685364,False,0,0,0
10021_NT_AL_AA.fasta.zip,0.7423643171787262,0.9713857968648275,True,0,0,0
10024_NT_AL_AA.fasta.zip,3.377753416697184,0.8037398258845011,True,0,0,0
10025_NT_AL_AA.fasta.zip,0.2916729897260666,0.4450013339519501,False,0,0,0
100271715_NT_AL_AA.fasta.zip,1.249681532382965,0.9616880416870117,True,0,0,0
100287898_NT_AL_AA.fasta.zip,1.1669009526570637,0.2835419873396556,False,0,0,0
100288072_NT_AL_AA.fasta.zip,3.0613399744033813,0.8437954485416412,True,0,0,0
100289635_NT_AL_AA.fasta.zip,1.6795547902584076,0.5468242391943932,True,0,0,0
1002_NT_AL_AA.fasta.zip,0.422391802072525,0.6016360968351364,True,0,0,0
10036_NT_AL_AA.fasta.zip,0.9017059504985809,0.897646576166153,False,0,0,0
100381270_NT_AL_AA.fasta.zip,0.8532379567623138,0.9661439955234528,False,0,0,0
10038_NT_AL_AA.fasta.zip,0.7217330932617188,0.7364217936992645,False,0,0,0
10039_NT_AL_AA.fasta.zip,1.3360658884048462,0.623177707195282,False,0,0,0
1003_NT_AL_AA.fasta.zip,0.7354954481124878,0.15094617009162903,False,0,0,0
10042_NT_AL_AA.fasta.zip,1.1319557428359985,0.9713791906833649,False,0,0,0
10043_NT_AL_AA.fasta.zip,0.5371105074882507,0.926650732755661,False,0,0,0
10044_NT_AL_AA.fasta.zip,0.9239198267459869,0.9755405783653259,True,0,0,0
10045_NT_AL_AA.fasta.zip,1.4257355332374573,0.42078588902950287,False,0,0,0
10046_NT_AL_AA.fasta.zip,3.211454153060913,0.9089271724224091,True,0,0,0
10048_NT_AL_AA.fasta.zip,0.24629506468772888,0.951957643032074,False,0,0,0
100499483_NT_AL_AA.fasta.zip,1.7224764823913574,0.3304482391104102,True,0,0,0
1004_NT_AL_AA.fasta.zip,1.0960650444030762,0.7550501227378845,False,0,0,0
100505753_NT_AL_AA.fasta.zip,3.314895232518514,0.41234275201956433,True,0,0,0
100506564_NT_AL_AA.fasta.zip,1.7501999735832214,0.19176898151636124,False,0,0,0
100506658_NT_AL_AA.fasta.zip,0.8743396997451782,0.8484769463539124,False,0,0,0
100507003_NT_AL_AA.fasta.zip,3.6316428184509277,0.6367853581905365,True,0,0,0
100507290_NT_AL_AA.fasta.zip,0.7350286096334457,0.9808874726295471,True,0,0,0
10050_NT_AL_AA.fasta.zip,2.3672012090682983,0.44587957859039307,False,0,0,0
10051_NT_AL_AA.fasta.zip,0.8132779598236084,0.7209763924280802,False,0,0,0
10054_NT_AL_AA.fasta.zip,0.31243710219860077,0.9592857360839844,False,0,0,0
10056_NT_AL_AA.fasta.zip,0.942423552274704,0.21136803179979324,False,0,0,0
10057_NT_AL_AA.fasta.zip,0.47308139006296795,0.6792679031689962,False,0,0,0
10058_NT_AL_AA.fasta.zip,0.629732757806778,0.4955643117427826,True,0,0,0
10059_NT_AL_AA.fasta.zip,0.10120127350091934,0.9689509272575378,False,0,0,0
1005_NT_AL_AA.fasta.zip,0.7079513669013977,0.8177536129951477,False,0,0,0
10060_NT_AL_AA.fasta.zip,0.2336735911667347,0.9598559141159058,False,0,0,0
100652824_NT_AL_AA.fasta.zip,3.6463631788889566,0.9212831854820251,True,0,0,0
10072_NT_AL_AA.fasta.zip,0.46258941292762756,0.6045272499322891,True,0,0,0
10075_NT_AL_AA.fasta.zip,0.2512174989614222,0.9733080532815721,False,0,0,0
10076_NT_AL_AA.fasta.zip,1.1173090140024822,0.91502978404363,True,0,0,0
10079_NT_AL_AA.fasta.zip,0.3372224072615306,0.9261335333188375,False,0,0,0
1007_NT_AL_AA.fasta.zip,0.558495968580246,0.6084284335374832,True,0,0,0
10081_NT_AL_AA.fasta.zip,1.3707649111747742,0.949809730052948,False,0,0,0
10082_NT_AL_AA.fasta.zip,0.3106681853532791,0.9774875044822693,False,0,0,0
10083_NT_AL_AA.fasta.zip,0.8980599641799927,0.9546464085578918,False,0,0,0
10086_NT_AL_AA.fasta.zip,1.3669849634170532,0.9347447752952576,False,0,0,0
10087_NT_AL_AA.fasta.zip,0.36894266307353973,0.9225967526435852,False,0,0,0
1008_NT_AL_AA.fasta.zip,0.4020318388938904,0.8939134478569031,False,0,0,0
1009_NT_AL_AA.fasta.zip,0.599371999502182,0.9549594521522522,False,0,0,0
1010_NT_AL_AA.fasta.zip,1.1240220367908478,0.8376994132995605,True,0,0,0
10111_NT_AL_AA.fasta.zip,1.1694708267847698,0.8284273743629456,True,0,0,0
10112_NT_AL_AA.fasta.zip,1.5740457773208618,0.9082365930080414,True,0,0,0
10114_NT_AL_AA.fasta.zip,0.9015446404616038,0.9682238698005676,True,0,0,0
10116_NT_AL_AA.fasta.zip,0.22617179155349731,0.9656535089015961,False,0,0,0
10117_NT_AL_AA.fasta.zip,3.8680586020151773,0.32938801497220993,True,0,0,0
10125_NT_AL_AA.fasta.zip,0.7272834181785583,0.9664471447467804,False,0,0,0
10127_NT_AL_AA.fasta.zip,1.2260368764400482,0.9793417453765869,True,0,0,0
10128_NT_AL_AA.fasta.zip,0.8652600646018982,0.6426322261492411,False,0,0,0
10129_NT_AL_AA.fasta.zip,0.4673703398023333,0.938248234135764,False,0,0,0
1012_NT_AL_AA.fasta.zip,0.7992959022521973,0.9013038575649261,False,0,0,0
10131_NT_AL_AA.fasta.zip,0.639234721660614,0.5397039577364922,True,0,0,0
10133_NT_AL_AA.fasta.zip,0.7941112816333771,0.8665331602096558,False,0,0,0
10137_NT_AL_AA.fasta.zip,0.3345265785853068,0.4534296045700709,True,0,0,0
1013_NT_AL_AA.fasta.zip,0.7169679701328278,0.24712366610765457,False,0,0,0
10142_NT_AL_AA.fasta.zip,2.547845482826233,0.9230976899464926,True,0,0,0
10144_NT_AL_AA.fasta.zip,1.5480933785438538,0.8975881636142731,True,0,0,0
10147_NT_AL_AA.fasta.zip,1.4339208801587422,0.9716973702112833,True,0,0,0
10149_NT_AL_AA.fasta.zip,1.4413237770398457,0.8737213412920634,True,0,0,0
1014_NT_AL_AA.fasta.zip,1.5311897993087769,0.253713920712471,False,0,0,0
10152_NT_AL_AA.fasta.zip,0.2874595820903778,0.9618929624557495,False,0,0,0
10153_NT_AL_AA.fasta.zip,0.8276997605959574,0.8631384968757629,False,0,0,0
10154_NT_AL_AA.fasta.zip,0.5968097224831581,0.7275526151061058,True,0,0,0
10155_NT_AL_AA.fasta.zip,0.6464538872241974,0.9611217677593231,False,0,0,0
10157_NT_AL_AA.fasta.zip,0.5318647623062134,0.6248563826084137,True,0,0,0
1015_NT_AL_AA.fasta.zip,0.8302716612815857,0.03803052753210068,False,0,0,0
10160_NT_AL_AA.fasta.zip,0.4750876228014628,0.9154305855433146,False,0,0,0
10163_NT_AL_AA.fasta.zip,0.5669484436511993,0.9368942081928253,False,0,0,0
10165_NT_AL_AA.fasta.zip,0.800559937953949,0.9504863917827606,True,0,0,0
1016_NT_AL_AA.fasta.zip,0.7253496199846268,0.8549255132675171,True,0,0,0
10174_NT_AL_AA.fasta.zip,1.072330504655838,0.9630718529224396,False,0,0,0
10178_NT_AL_AA.fasta.zip,0.6149800171454748,0.8903851906458536,False,0,0,0
10180_NT_AL_AA.fasta.zip,1.133038838704427,0.8573193748792013,True,0,0,0
10181_NT_AL_AA.fasta.zip,0.30243779718875885,0.9649163782596588,False,0,0,0
10188_NT_AL_AA.fasta.zip,0.5084902346134186,0.9415582617123922,True,0,0,0
101928601_NT_AL_AA.fasta.zip,1.565385639667511,0.5607437342405319,False,0,0,0
10194_NT_AL_AA.fasta.zip,0.5475150545438131,0.9468922217686971,False,0,0,0
10196_NT_AL_AA.fasta.zip,0.8125266134738922,0.7829923629760742,False,0,0,0
10198_NT_AL_AA.fasta.zip,2.0654943784077964,0.9434722463289896,True,0,0,0
10199_NT_AL_AA.fasta.zip,0.9172898828983307,0.9398356974124908,False,0,0,0
101_NT_AL_AA.fasta.zip,0.8577610552310944,0.126349575817585,False,0,0,0
10207_NT_AL_AA.fasta.zip,0.9040687680244446,0.9455131739377975,True,0,0,0
10208_NT_AL_AA.fasta.zip,1.991894245147705,0.8889845212300619,True,0,0,0
10210_NT_AL_AA.fasta.zip,1.305303951104482,0.9471900264422098,True,0,0,0
10216_NT_AL_AA.fasta.zip,3.0979102509362355,0.9029213956424168,True,0,0,0
10225_NT_AL_AA.fasta.zip,3.3769619464874268,0.7454394698143005,True,0,0,0
10226_NT_AL_AA.fasta.zip,1.461661696434021,0.1949937418103218,False,0,0,0
10235_NT_AL_AA.fasta.zip,0.4624035507440567,0.5291933417320251,False,0,0,0
10236_NT_AL_AA.fasta.zip,0.07246559113264084,0.9739168584346771,False,0,0,0
10241_NT_AL_AA.fasta.zip,2.1514551639556885,0.610495001077652,False,0,0,0
10243_NT_AL_AA.fasta.zip,0.0785169992595911,0.971932590007782,False,0,0,0
10250_NT_AL_AA.fasta.zip,0.46464379131793976,0.9529615342617035,False,0,0,0
10254_NT_AL_AA.fasta.zip,1.2006760835647583,0.9773383140563965,False,0,0,0
10256_NT_AL_AA.fasta.zip,1.3748334646224976,0.9020759165287018,False,0,0,0
10257_NT_AL_AA.fasta.zip,0.5290552079677582,0.6063186923662821,False,0,0,0
10260_NT_AL_AA.fasta.zip,0.8481928780674934,0.931562751531601,True,0,0,0
10265_NT_AL_AA.fasta.zip,0.7884226739406586,0.9773414134979248,False,0,0,0
10270_NT_AL_AA.fasta.zip,1.4272744357585907,0.8930416703224182,True,0,0,0
10274_NT_AL_AA.fasta.zip,0.08129384865363438,0.9694597919782003,False,0,0,0
10276_NT_AL_AA.fasta.zip,0.5851906985044479,0.9485157430171967,False,0,0,0
10277_NT_AL_AA.fasta.zip,0.49212294816970825,0.9624420007069906,True,0,0,0
10278_NT_AL_AA.fasta.zip,0.8370607793331146,0.8858937323093414,False,0,0,0
10279_NT_AL_AA.fasta.zip,0.8629793226718903,0.3054289072751999,False,0,0,0
10290_NT_AL_AA.fasta.zip,0.7877355473382133,0.8046750852039882,True,0,0,0
10291_NT_AL_AA.fasta.zip,0.1425279825925827,0.9655868709087372,False,0,0,0
10297_NT_AL_AA.fasta.zip,1.2234684109687806,0.8975948691368103,True,0,0,0
10298_NT_AL_AA.fasta.zip,0.500242754817009,0.9748138785362244,False,0,0,0
10299_NT_AL_AA.fasta.zip,0.20555731654167175,0.9676571488380432,False,0,0,0
102_NT_AL_AA.fasta.zip,0.26827218383550644,0.8866191208362579,False,0,0,0
10300_NT_AL_AA.fasta.zip,0.5145213901996613,0.9767962992191315,False,0,0,0
10307_NT_AL_AA.fasta.zip,0.7782294452190399,0.9132514894008636,False,0,0,0
10312_NT_AL_AA.fasta.zip,0.6021227985620499,0.681472897529602,False,0,0,0
10313_NT_AL_AA.fasta.zip,1.825627585252126,0.9479701717694601,True,0,0,0
10318_NT_AL_AA.fasta.zip,0.8787649273872375,0.968637228012085,False,0,0,0
10319_NT_AL_AA.fasta.zip,1.2032689303159714,0.20157180353999138,True,0,0,0
10320_NT_AL_AA.fasta.zip,0.610460489988327,0.7132648527622223,False,0,0,0
10324_NT_AL_AA.fasta.zip,0.38788503408432007,0.6481707692146301,False,0,0,0
10335_NT_AL_AA.fasta.zip,1.4377350211143494,0.9204548001289368,True,0,0,0
10343_NT_AL_AA.fasta.zip,1.439037036895752,0.2689542308449745,True,0,0,0
10347_NT_AL_AA.fasta.zip,1.2673582077026366,0.6998363018035889,False,0,0,0
10350_NT_AL_AA.fasta.zip,1.0844062745571137,0.69070985019207,True,0,0,0
10371_NT_AL_AA.fasta.zip,0.577195018529892,0.95573690533638,False,0,0,0
10388_NT_AL_AA.fasta.zip,3.610016644001007,0.7179565504193306,True,0,0,0
10389_NT_AL_AA.fasta.zip,1.1951017379760742,0.6927965879440308,True,0,0,0
10392_NT_AL_AA.fasta.zip,0.8126861453056335,0.38039663434028625,False,0,0,0
10395_NT_AL_AA.fasta.zip,1.104179248213768,0.8995293229818344,True,0,0,0
10396_NT_AL_AA.fasta.zip,0.41298722227414447,0.9574518998463949,False,0,0,0
103_NT_AL_AA.fasta.zip,1.2134847442309062,0.799347976843516,True,0,0,0
10401_NT_AL_AA.fasta.zip,0.8178110718727112,0.9673586785793304,False,0,0,0
10403_NT_AL_AA.fasta.zip,2.143656551837921,0.7081882059574127,True,0,0,0
10411_NT_AL_AA.fasta.zip,0.9282288253307343,0.8711796700954437,False,0,0,0
10418_NT_AL_AA.fasta.zip,0.35894422978162766,0.955592542886734,False,0,0,0
10419_NT_AL_AA.fasta.zip,0.2687130570411682,0.9648654460906982,False,0,0,0
1041_NT_AL_AA.fasta.zip,2.3721623023351035,0.8548717498779297,True,0,0,0
10420_NT_AL_AA.fasta.zip,0.738542765378952,0.954251766204834,False,0,0,0
10426_NT_AL_AA.fasta.zip,0.35948188602924347,0.6397286951541901,False,0,0,0
10427_NT_AL_AA.fasta.zip,1.5873337388038635,0.8643340468406677,True,0,0,0
10443_NT_AL_AA.fasta.zip,2.9123371839523315,0.9491054018338522,True,0,0,0
10444_NT_AL_AA.fasta.zip,0.36565960943698883,0.9157349467277527,False,0,0,0
10446_NT_AL_AA.fasta.zip,0.6814741492271423,0.803517609834671,False,0,0,0
10451_NT_AL_AA.fasta.zip,0.39632226526737213,0.8396830260753632,False,0,0,0
10454_NT_AL_AA.fasta.zip,0.6481229960918427,0.7501689791679382,False,0,0,0
10457_NT_AL_AA.fasta.zip,1.2885416746139526,0.5690100491046906,False,0,0,0
10458_NT_AL_AA.fasta.zip,0.3419628143310547,0.5716012120246887,False,0,0,0
10460_NT_AL_AA.fasta.zip,2.4750407536824546,0.4547714591026306,True,0,0,0
10461_NT_AL_AA.fasta.zip,0.9646998643875122,0.8196457028388977,True,0,0,0
10463_NT_AL_AA.fasta.zip,0.6071598827838898,0.9124708473682404,False,0,0,0
10464_NT_AL_AA.fasta.zip,0.964449405670166,0.5826796591281891,True,0,0,0
10466_NT_AL_AA.fasta.zip,0.7682088911533356,0.8869398236274719,False,0,0,0
10472_NT_AL_AA.fasta.zip,0.3254491090774536,0.9658840298652649,False,0,0,0
10479_NT_AL_AA.fasta.zip,0.21910225600004196,0.9718090295791626,False,0,0,0
1047_NT_AL_AA.fasta.zip,0.922108918428421,0.6658933460712433,False,0,0,0
10482_NT_AL_AA.fasta.zip,0.869223564863205,0.2803602069616318,False,0,0,0
10483_NT_AL_AA.fasta.zip,0.5371787995100021,0.8868925273418427,False,0,0,0
10484_NT_AL_AA.fasta.zip,0.21959733963012695,0.9777540266513824,False,0,0,0
10489_NT_AL_AA.fasta.zip,0.5083475410938263,0.9788261651992798,False,0,0,0
10492_NT_AL_AA.fasta.zip,0.11427024751901627,0.9762056767940521,False,0,0,0
10495_NT_AL_AA.fasta.zip,0.9720895886421204,0.9847890138626099,False,0,0,0
10497_NT_AL_AA.fasta.zip,2.5930452048778534,0.7310935258865356,True,0,0,0
10498_NT_AL_AA.fasta.zip,0.16533124446868896,0.970070093870163,False,0,0,0
10499_NT_AL_AA.fasta.zip,0.7901579737663269,0.8400487701098124,True,0,0,0
104_NT_AL_AA.fasta.zip,0.4810453802347183,0.6795556843280792,False,0,0,0
10500_NT_AL_AA.fasta.zip,1.123088498910268,0.8527889053026835,True,0,0,0
10501_NT_AL_AA.fasta.zip,0.8843263685703278,0.8875938951969147,False,0,0,0
10505_NT_AL_AA.fasta.zip,1.6930840015411377,0.8444535136222839,False,0,0,0
10507_NT_AL_AA.fasta.zip,0.8015778064727783,0.7012282311916351,True,0,0,0
10509_NT_AL_AA.fasta.zip,0.7779661417007446,0.5618000626564026,False,0,0,0
10512_NT_AL_AA.fasta.zip,0.5232582986354828,0.8105838894844055,False,0,0,0
10513_NT_AL_AA.fasta.zip,0.12975868210196495,0.9694153964519501,False,0,0,0
10514_NT_AL_AA.fasta.zip,1.4353410303592682,0.45732784271240234,True,0,0,0
10521_NT_AL_AA.fasta.zip,0.09821686707437038,0.9660017788410187,False,0,0,0
10522_NT_AL_AA.fasta.zip,0.8389499485492706,0.8432062566280365,False,0,0,0
10523_NT_AL_AA.fasta.zip,0.3614711860815684,0.9504404664039612,False,0,0,0
10524_NT_AL_AA.fasta.zip,0.1222802884876728,0.9761033654212952,False,0,0,0
10525_NT_AL_AA.fasta.zip,0.8462506930033366,0.8905017971992493,True,0,0,0
10526_NT_AL_AA.fasta.zip,1.0028275946776073,0.778156558672587,True,0,0,0
10527_NT_AL_AA.fasta.zip,0.11741221944491069,0.9743523796399435,False,0,0,0
10528_NT_AL_AA.fasta.zip,0.6163928210735321,0.9749289453029633,False,0,0,0
10529_NT_AL_AA.fasta.zip,1.0832198858261108,0.42322922746340436,True,0,0,0
10531_NT_AL_AA.fasta.zip,0.7144391338030497,0.45674746731917065,True,0,0,0
10533_NT_AL_AA.fasta.zip,0.36719948053359985,0.6174362599849701,True,0,0,0
10536_NT_AL_AA.fasta.zip,0.9437284767627716,0.5837655067443848,False,0,0,0
105378220_NT_AL_AA.fasta.zip,4.451811075210571,0.7918570339679718,True,0,0,0
10548_NT_AL_AA.fasta.zip,0.3377672880887985,0.9677842557430267,False,0,0,0
10560_NT_AL_AA.fasta.zip,0.6138482391834259,0.8616237342357635,False,0,0,0
10562_NT_AL_AA.fasta.zip,0.9637157022953033,0.30359838902950287,False,0,0,0
10564_NT_AL_AA.fasta.zip,0.2483898140490055,0.9481523334980011,False,0,0,0
10565_NT_AL_AA.fasta.zip,0.1875182930380106,0.9714560359716415,False,0,0,0
10566_NT_AL_AA.fasta.zip,1.1416813731193542,0.8985735774040222,False,0,0,0
10568_NT_AL_AA.fasta.zip,0.5685511529445648,0.487448513507843,False,0,0,0
10569_NT_AL_AA.fasta.zip,0.36387409269809723,0.9733901023864746,False,0,0,0
1056_NT_AL_AA.fasta.zip,0.633714109659195,0.1732538565993309,False,0,0,0
10570_NT_AL_AA.fasta.zip,0.4811059534549713,0.20178204774856567,False,0,0,0
10574_NT_AL_AA.fasta.zip,0.1586611121892929,0.5910353660583496,False,0,0,0
10575_NT_AL_AA.fasta.zip,0.31595736742019653,0.9648692309856415,False,0,0,0
10576_NT_AL_AA.fasta.zip,0.19073577970266342,0.849107414484024,False,0,0,0
10579_NT_AL_AA.fasta.zip,2.579117250442505,0.8098940849304199,True,0,0,0
10580_NT_AL_AA.fasta.zip,0.761832982301712,0.9285929501056671,True,0,0,0
10585_NT_AL_AA.fasta.zip,0.484569251537323,0.19698873534798622,False,0,0,0
10592_NT_AL_AA.fasta.zip,1.0169779658317566,0.7737877368927002,True,0,0,0
10594_NT_AL_AA.fasta.zip,0.024094101786613465,0.9602282047271729,False,0,0,0
10595_NT_AL_AA.fasta.zip,0.9850026965141296,0.8110690712928772,True,0,0,0
1059_NT_AL_AA.fasta.zip,1.27806556224823,0.9706205725669861,True,0,0,0
105_NT_AL_AA.fasta.zip,0.6712601780891418,0.544790655374527,False,0,0,0
10600_NT_AL_AA.fasta.zip,0.922495424747467,0.9256055653095245,False,0,0,0
10603_NT_AL_AA.fasta.zip,1.3870074152946472,0.9779759347438812,False,0,0,0
10605_NT_AL_AA.fasta.zip,1.4174668192863464,0.9554499089717865,False,0,0,0
10607_NT_AL_AA.fasta.zip,0.8696362674236298,0.62459397315979,False,0,0,0
1060_NT_AL_AA.fasta.zip,3.84078041712443,0.6742726961771647,True,0,0,0
10611_NT_AL_AA.fasta.zip,0.8570545315742493,0.9693631231784821,True,0,0,0
10612_NT_AL_AA.fasta.zip,0.4360829293727875,0.9718117415904999,False,0,0,0
10615_NT_AL_AA.fasta.zip,2.954387992620468,0.6626768857240677,True,0,0,0
10616_NT_AL_AA.fasta.zip,0.905890554189682,0.604327917098999,False,0,0,0
10618_NT_AL_AA.fasta.zip,4.524411678314209,0.9795786440372467,False,0,0,0
10620_NT_AL_AA.fasta.zip,1.1705729067325592,0.9249228537082672,False,0,0,0
10623_NT_AL_AA.fasta.zip,0.8848549127578735,0.852441668510437,False,0,0,0
10625_NT_AL_AA.fasta.zip,0.31889401376247406,0.7796648740768433,False,0,0,0
10626_NT_AL_AA.fasta.zip,1.051013708114624,0.53643998503685,False,0,0,0
10629_NT_AL_AA.fasta.zip,0.49414996802806854,0.9773567020893097,False,0,0,0
1062_NT_AL_AA.fasta.zip,3.1785623654723167,0.49059636518359184,True,0,0,0
10631_NT_AL_AA.fasta.zip,1.257342129945755,0.6054998189210892,True,0,0,0
10634_NT_AL_AA.fasta.zip,1.2920310497283936,0.9129645228385925,False,0,0,0
10636_NT_AL_AA.fasta.zip,0.6870993077754974,0.9539428949356079,False,0,0,0
1063_NT_AL_AA.fasta.zip,2.4892423659563065,0.5262128334492445,True,0,0,0
10640_NT_AL_AA.fasta.zip,0.3693917989730835,0.9679979383945465,False,0,0,0
10642_NT_AL_AA.fasta.zip,0.19939835369586945,0.9715470969676971,False,0,0,0
10643_NT_AL_AA.fasta.zip,0.6572490632534027,0.8979392647743225,False,0,0,0
10644_NT_AL_AA.fasta.zip,0.8337254226207733,0.9674613177776337,False,0,0,0
10645_NT_AL_AA.fasta.zip,0.4042373150587082,0.98143070936203,False,0,0,0
10655_NT_AL_AA.fasta.zip,1.0151561498641968,0.9559438824653625,False,0,0,0
10658_NT_AL_AA.fasta.zip,0.11560198664665222,0.9731228649616241,False,0,0,0
10664_NT_AL_AA.fasta.zip,0.12217789888381958,0.9718164801597595,False,0,0,0
10665_NT_AL_AA.fasta.zip,4.815067291259766,0.9597105383872986,False,0,0,0
10675_NT_AL_AA.fasta.zip,1.4352163672447205,0.9747492969036102,False,0,0,0
10677_NT_AL_AA.fasta.zip,0.7059389650821686,0.38702718913555145,False,0,0,0
10683_NT_AL_AA.fasta.zip,1.8526917695999146,0.9326383769512177,False,0,0,0
10691_NT_AL_AA.fasta.zip,0.7691760659217834,0.9475485980510712,False,0,0,0
10693_NT_AL_AA.fasta.zip,0.7554982900619507,0.32463496923446655,False,0,0,0
10694_NT_AL_AA.fasta.zip,0.34235498309135437,0.8374614715576172,False,0,0,0
10699_NT_AL_AA.fasta.zip,0.6717071731885275,0.5810542205969492,False,0,0,0
10712_NT_AL_AA.fasta.zip,1.0426862239837646,0.9704887568950653,False,0,0,0
10713_NT_AL_AA.fasta.zip,0.16674910485744476,0.9734318554401398,False,0,0,0
10716_NT_AL_AA.fasta.zip,0.1350506953895092,0.9758013486862183,False,0,0,0
10717_NT_AL_AA.fasta.zip,1.0969745814800262,0.7156015485525131,True,0,0,0
10718_NT_AL_AA.fasta.zip,1.4248878955841064,0.9616501033306122,True,0,0,0
10721_NT_AL_AA.fasta.zip,2.053335646788279,0.8892663915952047,True,0,0,0
10723_NT_AL_AA.fasta.zip,0.3658408423264821,0.6744876503944397,False,0,0,0
10724_NT_AL_AA.fasta.zip,0.21053820848464966,0.9704231023788452,False,0,0,0
10725_NT_AL_AA.fasta.zip,1.5619412884116173,0.6710335314273834,True,0,0,0
10730_NT_AL_AA.fasta.zip,0.1859411671757698,0.962029904127121,False,0,0,0
10733_NT_AL_AA.fasta.zip,0.8834789991378784,0.9568681716918945,False,0,0,0
10734_NT_AL_AA.fasta.zip,1.0289539694786072,0.7449418505032858,True,0,0,0
10735_NT_AL_AA.fasta.zip,0.14180749654769897,0.9722612500190735,False,0,0,0
10742_NT_AL_AA.fasta.zip,1.0303281247615814,0.9515744149684906,False,0,0,0
10743_NT_AL_AA.fasta.zip,1.4687883496284484,0.8576835632324219,True,0,0,0
10745_NT_AL_AA.fasta.zip,0.6549206972122192,0.9640722572803497,False,0,0,0
10746_NT_AL_AA.fasta.zip,0.46249820291996,0.9680241346359253,False,0,0,0
10747_NT_AL_AA.fasta.zip,0.8541236817836761,0.13140252232551575,False,0,0,0
10749_NT_AL_AA.fasta.zip,0.29860350986321765,0.9785667260487875,False,0,0,0
10752_NT_AL_AA.fasta.zip,1.174217661221822,0.24087527891000113,True,0,0,0
10753_NT_AL_AA.fasta.zip,0.7200838625431061,0.5062990784645081,False,0,0,0
10758_NT_AL_AA.fasta.zip,1.1056993901729584,0.9773838818073273,False,0,0,0
10762_NT_AL_AA.fasta.zip,0.9371347427368164,0.9180014729499817,False,0,0,0
10763_NT_AL_AA.fasta.zip,4.248309459005084,0.5938416336263929,True,0,0,0
10765_NT_AL_AA.fasta.zip,0.7171592824161053,0.7879849821329117,True,0,0,0
10767_NT_AL_AA.fasta.zip,0.6783488988876343,0.9779011905193329,False,0,0,0
10768_NT_AL_AA.fasta.zip,0.0517365001142025,0.9693077504634857,False,0,0,0
10769_NT_AL_AA.fasta.zip,0.24242323637008667,0.9707767963409424,False,0,0,0
10771_NT_AL_AA.fasta.zip,0.14184542000293732,0.9571751952171326,False,0,0,0
10777_NT_AL_AA.fasta.zip,1.4252004623413086,0.8915001451969147,True,0,0,0
10782_NT_AL_AA.fasta.zip,1.4904776215553284,0.8274770081043243,True,0,0,0
10786_NT_AL_AA.fasta.zip,1.4714552164077759,0.22536605596542358,False,0,0,0
10787_NT_AL_AA.fasta.zip,0.04850237692395846,0.9686547716458639,False,0,0,0
10788_NT_AL_AA.fasta.zip,0.6041567847132683,0.5510058924555779,True,0,0,0
107983988_NT_AL_AA.fasta.zip,4.492780566215515,0.7390993982553482,True,0,0,0
10801_NT_AL_AA.fasta.zip,0.5202496349811554,0.9511397480964661,False,0,0,0
10802_NT_AL_AA.fasta.zip,1.233393092950185,0.8234508832295736,True,0,0,0
10806_NT_AL_AA.fasta.zip,1.794999897480011,0.6305680274963379,False,0,0,0
10808_NT_AL_AA.fasta.zip,0.47444474697113037,0.685869500041008,True,0,0,0
1080_NT_AL_AA.fasta.zip,1.0694538354873657,0.8842240571975708,False,0,0,0
10810_NT_AL_AA.fasta.zip,0.3853963017463684,0.9547638595104218,False,0,0,0
10813_NT_AL_AA.fasta.zip,1.344398558139801,0.8615852296352386,True,0,0,0
10817_NT_AL_AA.fasta.zip,0.9508435130119324,0.9311848878860474,False,0,0,0
10818_NT_AL_AA.fasta.zip,0.5186180472373962,0.9609068632125854,False,0,0,0
10827_NT_AL_AA.fasta.zip,1.0492212772369385,0.9349084496498108,False,0,0,0
10840_NT_AL_AA.fasta.zip,0.4806591272354126,0.31641851738095284,True,0,0,0
10841_NT_AL_AA.fasta.zip,0.5273866951465607,0.13615404069423676,False,0,0,0
10845_NT_AL_AA.fasta.zip,0.24335213750600815,0.9657624959945679,False,0,0,0
10846_NT_AL_AA.fasta.zip,0.262977235019207,0.8248207867145538,False,0,0,0
10847_NT_AL_AA.fasta.zip,1.7227176087243217,0.8788406252861023,True,0,0,0
10848_NT_AL_AA.fasta.zip,0.8633272051811218,0.8727591931819916,False,0,0,0
10849_NT_AL_AA.fasta.zip,4.285475015640259,0.6898337304592133,True,0,0,0
10855_NT_AL_AA.fasta.zip,0.9131750166416168,0.46216733753681183,False,0,0,0
10858_NT_AL_AA.fasta.zip,2.8753305673599243,0.7940052449703217,False,0,0,0
10861_NT_AL_AA.fasta.zip,1.0771984159946442,0.5743158757686615,False,0,0,0
10863_NT_AL_AA.fasta.zip,1.1392446756362915,0.3529115170240402,False,0,0,0
10864_NT_AL_AA.fasta.zip,1.111304223537445,0.5567312091588974,False,0,0,0
10865_NT_AL_AA.fasta.zip,1.50431227684021,0.8952601850032806,True,0,0,0
10868_NT_AL_AA.fasta.zip,0.45680229365825653,0.8044500350952148,False,0,0,0
10869_NT_AL_AA.fasta.zip,1.0885269045829773,0.9588922262191772,True,0,0,0
10873_NT_AL_AA.fasta.zip,0.8952337205410004,0.8108574748039246,False,0,0,0
10885_NT_AL_AA.fasta.zip,0.9051351845264435,0.5835081785917282,True,0,0,0
10891_NT_AL_AA.fasta.zip,0.8204068243503571,0.9541170299053192,False,0,0,0
10892_NT_AL_AA.fasta.zip,0.4480491131544113,0.9557697772979736,False,0,0,0
10893_NT_AL_AA.fasta.zip,0.19308838993310928,0.9728278517723083,False,0,0,0
108_NT_AL_AA.fasta.zip,0.4148565928141276,0.9138635595639547,False,0,0,0
10902_NT_AL_AA.fasta.zip,0.7187431156635284,0.9629732668399811,True,0,0,0
10903_NT_AL_AA.fasta.zip,1.5332215428352356,0.8849351108074188,False,0,0,0
10905_NT_AL_AA.fasta.zip,0.26138900220394135,0.572650283575058,False,0,0,0
10906_NT_AL_AA.fasta.zip,1.5462064743041992,0.9164093434810638,False,0,0,0
10908_NT_AL_AA.fasta.zip,0.4000539382298787,0.9348434607187907,False,0,0,0
10914_NT_AL_AA.fasta.zip,0.3897234611213207,0.9707070291042328,True,0,0,0
10915_NT_AL_AA.fasta.zip,0.1688660830259323,0.9502725402514139,False,0,0,0
10916_NT_AL_AA.fasta.zip,0.5270962119102478,0.9835258424282074,False,0,0,0
10919_NT_AL_AA.fasta.zip,0.48256806035836536,0.9681939681371053,True,0,0,0
10922_NT_AL_AA.fasta.zip,1.3124076128005981,0.888508677482605,False,0,0,0
10926_NT_AL_AA.fasta.zip,2.228215515613556,0.9554811418056488,True,0,0,0
10928_NT_AL_AA.fasta.zip,0.3378644287586212,0.6898780465126038,True,0,0,0
10936_NT_AL_AA.fasta.zip,1.0316056609153748,0.8770654201507568,False,0,0,0
10938_NT_AL_AA.fasta.zip,0.15233411639928818,0.9671608507633209,False,0,0,0
10939_NT_AL_AA.fasta.zip,0.3258390575647354,0.9787376523017883,False,0,0,0
10940_NT_AL_AA.fasta.zip,0.6919783155123392,0.7764090100924174,False,0,0,0
10943_NT_AL_AA.fasta.zip,0.6930135786533356,0.9463076293468475,False,0,0,0
10946_NT_AL_AA.fasta.zip,0.09332941100001335,0.9749376177787781,False,0,0,0
10954_NT_AL_AA.fasta.zip,1.0015012919902802,0.2753388583660126,False,0,0,0
10956_NT_AL_AA.fasta.zip,1.041810005903244,0.9622390568256378,False,0,0,0
10963_NT_AL_AA.fasta.zip,0.2798208147287369,0.4608752429485321,False,0,0,0
10970_NT_AL_AA.fasta.zip,1.5353333950042725,0.9623053967952728,False,0,0,0
10973_NT_AL_AA.fasta.zip,0.4668104201555252,0.7828510761260986,True,0,0,0
10979_NT_AL_AA.fasta.zip,0.28116802871227264,0.9755347669124603,False,0,0,0
10985_NT_AL_AA.fasta.zip,0.5382957980036736,0.6069338768720627,True,0,0,0
10989_NT_AL_AA.fasta.zip,1.58017897605896,0.8913362920284271,False,0,0,0
10991_NT_AL_AA.fasta.zip,0.35986967384815216,0.8832284808158875,False,0,0,0
10992_NT_AL_AA.fasta.zip,0.5611399188637733,0.9655497670173645,True,0,0,0
10994_NT_AL_AA.fasta.zip,0.6289939880371094,0.3525809645652771,False,0,0,0
10998_NT_AL_AA.fasta.zip,1.0479379892349243,0.17078660428524017,False,0,0,0
10999_NT_AL_AA.fasta.zip,0.4381617605686188,0.4330763518810272,False,0,0,0
109_NT_AL_AA.fasta.zip,0.4876866936683655,0.9310678839683533,False,0,0,0
11000_NT_AL_AA.fasta.zip,0.7131651341915131,0.780906617641449,False,0,0,0
11001_NT_AL_AA.fasta.zip,0.5804473757743835,0.2782478854060173,False,0,0,0
11004_NT_AL_AA.fasta.zip,0.8284446597099304,0.8698123097419739,False,0,0,0
11005_NT_AL_AA.fasta.zip,1.4554736465215683,0.6714861541986465,True,0,0,0
11011_NT_AL_AA.fasta.zip,0.11236986704170704,0.9677490592002869,False,0,0,0
11022_NT_AL_AA.fasta.zip,1.0605906546115875,0.9690291881561279,False,0,0,0
1102_NT_AL_AA.fasta.zip,1.0537621974945068,0.6756489276885986,False,0,0,0
11036_NT_AL_AA.fasta.zip,1.5114054083824158,0.9653421342372894,False,0,0,0
11037_NT_AL_AA.fasta.zip,1.0607453882694244,0.8152820467948914,False,0,0,0
1103_NT_AL_AA.fasta.zip,0.5328024476766586,0.7465442717075348,False,0,0,0
11043_NT_AL_AA.fasta.zip,0.2971140295267105,0.971966028213501,False,0,0,0
11044_NT_AL_AA.fasta.zip,0.30258527398109436,0.9666655957698822,False,0,0,0
11052_NT_AL_AA.fasta.zip,0.09783321246504784,0.9756033718585968,False,0,0,0
11054_NT_AL_AA.fasta.zip,1.7536648511886597,0.645088404417038,False,0,0,0
11056_NT_AL_AA.fasta.zip,0.5846934020519257,0.9499167799949646,False,0,0,0
11059_NT_AL_AA.fasta.zip,0.49737123399972916,0.9742558896541595,True,0,0,0
1105_NT_AL_AA.fasta.zip,0.8858586698770523,0.895300030708313,True,0,0,0
11060_NT_AL_AA.fasta.zip,0.29800326377153397,0.9656066000461578,False,0,0,0
11063_NT_AL_AA.fasta.zip,1.6529670357704163,0.9750467538833618,False,0,0,0
11064_NT_AL_AA.fasta.zip,1.647022533416748,0.6652907937765121,True,0,0,0
11069_NT_AL_AA.fasta.zip,0.5428513586521149,0.8078250686327616,False,0,0,0
1106_NT_AL_AA.fasta.zip,0.5431804154068232,0.9432503432035446,True,0,0,0
11073_NT_AL_AA.fasta.zip,1.0883990079164505,0.8795472383499146,True,0,0,0
11078_NT_AL_AA.fasta.zip,3.1062414220401218,0.7417513515268054,True,0,0,0
1107_NT_AL_AA.fasta.zip,0.23095172941684722,0.966758668422699,False,0,0,0
11083_NT_AL_AA.fasta.zip,1.183821479479472,0.7574198395013809,True,0,0,0
11086_NT_AL_AA.fasta.zip,1.025368869304657,0.2802326828241348,False,0,0,0
1108_NT_AL_AA.fasta.zip,0.11634210776537657,0.9651669710874557,False,0,0,0
11093_NT_AL_AA.fasta.zip,1.397924542427063,0.3070601485669613,True,0,0,0
11095_NT_AL_AA.fasta.zip,1.311828464269638,0.7039800584316254,True,0,0,0
11096_NT_AL_AA.fasta.zip,0.5982818901538849,0.9101026356220245,True,0,0,0
11099_NT_AL_AA.fasta.zip,0.6359176834424337,0.7722636461257935,True,0,0,0
11100_NT_AL_AA.fasta.zip,0.8190310299396515,0.9489894807338715,False,0,0,0
11101_NT_AL_AA.fasta.zip,0.9665784537792206,0.9489122629165649,False,0,0,0
111064647_NT_AL_AA.fasta.zip,4.304382562637329,0.893979012966156,True,0,0,0
11107_NT_AL_AA.fasta.zip,0.9593742489814758,0.9806651175022125,False,0,0,0
11108_NT_AL_AA.fasta.zip,0.9726507067680359,0.9382123947143555,True,0,0,0
11113_NT_AL_AA.fasta.zip,0.37801613509654997,0.9029461503028869,True,0,0,0
11117_NT_AL_AA.fasta.zip,1.5105815728505452,0.9428606033325195,True,0,0,0
11122_NT_AL_AA.fasta.zip,0.22442585602402687,0.9637820422649384,False,0,0,0
11124_NT_AL_AA.fasta.zip,0.5225996524095535,0.9639364778995514,False,0,0,0
11127_NT_AL_AA.fasta.zip,0.19812864810228348,0.9627424776554108,False,0,0,0
11128_NT_AL_AA.fasta.zip,0.19877289732297262,0.9486626982688904,False,0,0,0
11129_NT_AL_AA.fasta.zip,0.44668056070804596,0.826328456401825,False,0,0,0
1112_NT_AL_AA.fasta.zip,0.8129386901855469,0.94607213139534,False,0,0,0
11131_NT_AL_AA.fasta.zip,0.8537202179431915,0.357754722237587,False,0,0,0
11132_NT_AL_AA.fasta.zip,0.715712308883667,0.667585015296936,False,0,0,0
11135_NT_AL_AA.fasta.zip,1.747874140739441,0.9309795796871185,False,0,0,0
11137_NT_AL_AA.fasta.zip,1.3476011753082275,0.9553538262844086,False,0,0,0
11138_NT_AL_AA.fasta.zip,0.7733330925305685,0.9140844543774923,False,0,0,0
1113_NT_AL_AA.fasta.zip,2.5456161499023438,0.9783239960670471,False,0,0,0
11141_NT_AL_AA.fasta.zip,0.31653039157390594,0.9747465252876282,False,0,0,0
11143_NT_AL_AA.fasta.zip,0.12122077867388725,0.9724836945533752,False,0,0,0
11146_NT_AL_AA.fasta.zip,1.2508853673934937,0.7974757552146912,False,0,0,0
1114_NT_AL_AA.fasta.zip,3.461808681488037,0.8652031123638153,True,0,0,0
11155_NT_AL_AA.fasta.zip,0.8514741957187653,0.9718711078166962,False,0,0,0
11168_NT_AL_AA.fasta.zip,1.1077635884284973,0.913865864276886,False,0,0,0
11169_NT_AL_AA.fasta.zip,1.2996180454889934,0.8636914690335592,False,0,0,0
11173_NT_AL_AA.fasta.zip,1.5756209045648575,0.49732959643006325,True,0,0,0
11174_NT_AL_AA.fasta.zip,0.921718180179596,0.8814356923103333,True,0,0,0
11176_NT_AL_AA.fasta.zip,1.0097095221281052,0.9486527442932129,True,0,0,0
11177_NT_AL_AA.fasta.zip,0.658965177834034,0.9581527262926102,False,0,0,0
11178_NT_AL_AA.fasta.zip,1.0266389548778534,0.9624178409576416,False,0,0,0
11180_NT_AL_AA.fasta.zip,1.9123210112253826,0.8052482406298319,True,0,0,0
11182_NT_AL_AA.fasta.zip,0.5637320578098297,0.7504796981811523,False,0,0,0
11183_NT_AL_AA.fasta.zip,0.3210342824459076,0.9613228738307953,False,0,0,0
11184_NT_AL_AA.fasta.zip,0.8893347084522247,0.8667112588882446,False,0,0,0
11187_NT_AL_AA.fasta.zip,0.6444129943847656,0.9400535225868225,False,0,0,0
11188_NT_AL_AA.fasta.zip,1.6341690421104431,0.937917560338974,True,0,0,0
11190_NT_AL_AA.fasta.zip,1.981522297859192,0.5973226338624954,True,0,0,0
11194_NT_AL_AA.fasta.zip,0.5053137540817261,0.45047139562666416,True,0,0,0
11196_NT_AL_AA.fasta.zip,0.6890659133593241,0.9619914293289185,False,0,0,0
11198_NT_AL_AA.fasta.zip,0.1605215718348821,0.9731106758117676,False,0,0,0
111_NT_AL_AA.fasta.zip,0.724081297715505,0.8852045933405558,True,0,0,0
11200_NT_AL_AA.fasta.zip,0.5483725368976593,0.7930313348770142,False,0,0,0
11201_NT_AL_AA.fasta.zip,1.0854471921920776,0.8480128049850464,True,0,0,0
11211_NT_AL_AA.fasta.zip,0.49831509590148926,0.8727798163890839,False,0,0,0
11213_NT_AL_AA.fasta.zip,1.1340582966804504,0.7759827077388763,False,0,0,0
11214_NT_AL_AA.fasta.zip,2.2713302820920944,0.8114009102185568,True,0,0,0
11215_NT_AL_AA.fasta.zip,1.212263137102127,0.9528166502714157,False,0,0,0
11216_NT_AL_AA.fasta.zip,0.4505856931209564,0.9828120768070221,False,0,0,0
11218_NT_AL_AA.fasta.zip,0.9444092512130737,0.955368161201477,True,0,0,0
1121_NT_AL_AA.fasta.zip,0.716258317232132,0.9286647737026215,False,0,0,0
11226_NT_AL_AA.fasta.zip,0.44479265809059143,0.540282741189003,False,0,0,0
11227_NT_AL_AA.fasta.zip,1.252708524465561,0.9473049938678741,True,0,0,0
1122_NT_AL_AA.fasta.zip,0.8618189692497253,0.9644779562950134,False,0,0,0
11231_NT_AL_AA.fasta.zip,0.32021844387054443,0.9589309096336365,False,0,0,0
11234_NT_AL_AA.fasta.zip,1.2315739393234253,0.8162929813067118,False,0,0,0
11236_NT_AL_AA.fasta.zip,0.8088431358337402,0.9612855017185211,True,0,0,0
11240_NT_AL_AA.fasta.zip,0.39997847378253937,0.09873082861304283,False,0,0,0
11244_NT_AL_AA.fasta.zip,0.5321934223175049,0.9428127408027649,False,0,0,0
11245_NT_AL_AA.fasta.zip,0.6769700050354004,0.9687022566795349,False,0,0,0
112479_NT_AL_AA.fasta.zip,2.0524486899375916,0.9363689422607422,True,0,0,0
11254_NT_AL_AA.fasta.zip,0.6007269620895386,0.8095076382160187,False,0,0,0
112574_NT_AL_AA.fasta.zip,0.5674754530191422,0.979309618473053,False,0,0,0
11259_NT_AL_AA.fasta.zip,1.839652419090271,0.8754032055536906,True,0,0,0
11260_NT_AL_AA.fasta.zip,0.4987991750240326,0.9614515602588654,False,0,0,0
11273_NT_AL_AA.fasta.zip,0.6632164915402731,0.9732791384061178,True,0,0,0
11275_NT_AL_AA.fasta.zip,0.24763911217451096,0.9671228528022766,False,0,0,0
11276_NT_AL_AA.fasta.zip,1.1914221346378326,0.9442013502120972,True,0,0,0
11280_NT_AL_AA.fasta.zip,0.6061377972364426,0.783237487077713,False,0,0,0
11281_NT_AL_AA.fasta.zip,0.8157723546028137,0.9840015769004822,True,0,0,0
11282_NT_AL_AA.fasta.zip,0.48465588688850403,0.9529249668121338,False,0,0,0
11284_NT_AL_AA.fasta.zip,0.7006387710571289,0.535236656665802,False,0,0,0
112885_NT_AL_AA.fasta.zip,2.2548165321350098,0.9223978221416473,False,0,0,0
112939_NT_AL_AA.fasta.zip,0.43817518651485443,0.9566242098808289,False,0,0,0
112_NT_AL_AA.fasta.zip,0.4976668854554494,0.9243862430254618,False,0,0,0
113026_NT_AL_AA.fasta.zip,0.7172992527484894,0.5392082333564758,False,0,0,0
11309_NT_AL_AA.fasta.zip,0.8846965134143829,0.8180678486824036,False,0,0,0
1130_NT_AL_AA.fasta.zip,0.9695587952931722,0.8666042486826578,True,0,0,0
11311_NT_AL_AA.fasta.zip,0.45933353900909424,0.952693909406662,False,0,0,0
113146_NT_AL_AA.fasta.zip,2.638451941899563,0.8454925888463071,True,0,0,0
11317_NT_AL_AA.fasta.zip,0.6702776849269867,0.8810289204120636,False,0,0,0
11319_NT_AL_AA.fasta.zip,1.2210994958877563,0.7711164653301239,False,0,0,0
1131_NT_AL_AA.fasta.zip,0.41614930331707,0.9727562069892883,False,0,0,0
11320_NT_AL_AA.fasta.zip,1.1174253225326538,0.928080290555954,False,0,0,0
113220_NT_AL_AA.fasta.zip,1.0721559524536133,0.9004253447055817,False,0,0,0
11322_NT_AL_AA.fasta.zip,0.8683294057846069,0.5440911054611206,False,0,0,0
113251_NT_AL_AA.fasta.zip,1.0926957428455353,0.8889051377773285,False,0,0,0
11325_NT_AL_AA.fasta.zip,0.22237258652846018,0.9534567395846049,False,0,0,0
113263_NT_AL_AA.fasta.zip,1.065175473690033,0.9689256548881531,False,0,0,0
11328_NT_AL_AA.fasta.zip,0.9595663845539093,0.8751316368579865,False,0,0,0
11336_NT_AL_AA.fasta.zip,0.48272085189819336,0.3529374599456787,False,0,0,0
1133_NT_AL_AA.fasta.zip,0.8594179153442383,0.9788315892219543,False,0,0,0
113455421_NT_AL_AA.fasta.zip,2.40369713306427,0.2812400683760643,True,0,0,0
11346_NT_AL_AA.fasta.zip,1.3759909272193909,0.907166063785553,True,0,0,0
113510_NT_AL_AA.fasta.zip,0.83273317416509,0.7380706469217936,False,0,0,0
1135_NT_AL_AA.fasta.zip,0.6077324748039246,0.9657458364963531,False,0,0,0
113612_NT_AL_AA.fasta.zip,0.917054146528244,0.7289509177207947,False,0,0,0
113730_NT_AL_AA.fasta.zip,2.628881748765707,0.8275292962789536,True,0,0,0
1137_NT_AL_AA.fasta.zip,0.6965172290802002,0.9779073297977448,False,0,0,0
113828_NT_AL_AA.fasta.zip,1.1138203740119934,0.8906452059745789,False,0,0,0
113878_NT_AL_AA.fasta.zip,0.8907029032707214,0.7975109815597534,False,0,0,0
1139_NT_AL_AA.fasta.zip,0.5877202898263931,0.936278373003006,False,0,0,0
113_NT_AL_AA.fasta.zip,0.7087981402873993,0.9330406983693441,True,0,0,0
114034_NT_AL_AA.fasta.zip,0.5900999307632446,0.9381862878799438,False,0,0,0
114088_NT_AL_AA.fasta.zip,0.368047833442688,0.9309943318367004,False,0,0,0
1140_NT_AL_AA.fasta.zip,0.6564838886260986,0.8685190975666046,False,0,0,0
114112_NT_AL_AA.fasta.zip,0.7300439178943634,0.23842870444059372,False,0,0,0
114134_NT_AL_AA.fasta.zip,0.48912957310676575,0.5624359846115112,False,0,0,0
1141_NT_AL_AA.fasta.zip,0.41373999416828156,0.9799492359161377,False,0,0,0
114294_NT_AL_AA.fasta.zip,0.4654742628335953,0.9788500368595123,False,0,0,0
114327_NT_AL_AA.fasta.zip,1.0932550728321075,0.5428224056959152,True,0,0,0
1143_NT_AL_AA.fasta.zip,0.7184903919696808,0.97077277302742,False,0,0,0
1144_NT_AL_AA.fasta.zip,0.5788411498069763,0.6662346422672272,False,0,0,0
114548_NT_AL_AA.fasta.zip,0.667507529258728,0.5711839149395624,True,0,0,0
1145_NT_AL_AA.fasta.zip,0.5930036306381226,0.7259557843208313,False,0,0,0
114625_NT_AL_AA.fasta.zip,1.089108407497406,0.5591028928756714,False,0,0,0
1146_NT_AL_AA.fasta.zip,0.6225060224533081,0.949182778596878,False,0,0,0
114770_NT_AL_AA.fasta.zip,1.1511098146438599,0.5248505473136902,False,0,0,0
114780_NT_AL_AA.fasta.zip,1.7204677661259968,0.5316706026593844,True,0,0,0
114781_NT_AL_AA.fasta.zip,0.2379860356450081,0.97633957862854,False,0,0,0
114783_NT_AL_AA.fasta.zip,0.9145576357841492,0.926364079117775,True,0,0,0
114784_NT_AL_AA.fasta.zip,0.5697724223136902,0.6807606592774391,True,0,0,0
114785_NT_AL_AA.fasta.zip,1.6514235337575276,0.9342378377914429,True,0,0,0
114786_NT_AL_AA.fasta.zip,0.6355903893709183,0.9796727299690247,False,0,0,0
114787_NT_AL_AA.fasta.zip,3.6339981953303018,0.8898341854413351,True,0,0,0
114788_NT_AL_AA.fasta.zip,0.3270106390118599,0.8713556490838528,True,0,0,0
114789_NT_AL_AA.fasta.zip,0.3168157935142517,0.9640210270881653,False,0,0,0
114790_NT_AL_AA.fasta.zip,1.1024816234906514,0.7780507802963257,True,0,0,0
114791_NT_AL_AA.fasta.zip,0.6557302077611288,0.9057896534601847,False,0,0,0
114792_NT_AL_AA.fasta.zip,0.4120948910713196,0.9664668142795563,False,0,0,0
114793_NT_AL_AA.fasta.zip,0.22836520274480185,0.9658106962839762,False,0,0,0
114794_NT_AL_AA.fasta.zip,0.7420853078365326,0.8180141150951385,False,0,0,0
114795_NT_AL_AA.fasta.zip,0.78951362768809,0.5577085514863332,True,0,0,0
114798_NT_AL_AA.fasta.zip,0.5996944904327393,0.9724195897579193,False,0,0,0
114799_NT_AL_AA.fasta.zip,1.8507212400436401,0.9216094613075256,True,0,0,0
1147_NT_AL_AA.fasta.zip,0.7717228531837463,0.9099296629428864,True,0,0,0
114800_NT_AL_AA.fasta.zip,0.6599631309509277,0.8075207471847534,False,0,0,0
114803_NT_AL_AA.fasta.zip,0.9227077960968018,0.9744905829429626,False,0,0,0
114804_NT_AL_AA.fasta.zip,0.9171136915683746,0.9603771865367889,False,0,0,0
114805_NT_AL_AA.fasta.zip,0.2464366853237152,0.9782639145851135,False,0,0,0
114815_NT_AL_AA.fasta.zip,0.37656449278195697,0.9650022188822428,False,0,0,0
114818_NT_AL_AA.fasta.zip,0.9629964083433151,0.9616296589374542,True,0,0,0
114822_NT_AL_AA.fasta.zip,1.0519712567329407,0.5819695591926575,False,0,0,0
114823_NT_AL_AA.fasta.zip,0.7520109713077545,0.8136592507362366,False,0,0,0
114825_NT_AL_AA.fasta.zip,1.1293047666549683,0.9640719592571259,False,0,0,0
114826_NT_AL_AA.fasta.zip,1.307567059993744,0.5138256847858429,False,0,0,0
114827_NT_AL_AA.fasta.zip,1.7829205393791199,0.4417678266763687,True,0,0,0
114876_NT_AL_AA.fasta.zip,0.5239758690198263,0.8578229546546936,False,0,0,0
114879_NT_AL_AA.fasta.zip,0.9868042767047882,0.6816139817237854,True,0,0,0
114880_NT_AL_AA.fasta.zip,0.30719447135925293,0.9221688508987427,False,0,0,0
114881_NT_AL_AA.fasta.zip,0.5614048391580582,0.8432699143886566,True,0,0,0
114882_NT_AL_AA.fasta.zip,0.5812106430530548,0.7986146807670593,False,0,0,0
114883_NT_AL_AA.fasta.zip,0.3580307215452194,0.8405824303627014,False,0,0,0
114884_NT_AL_AA.fasta.zip,0.8511320352554321,0.8640196323394775,False,0,0,0
114885_NT_AL_AA.fasta.zip,0.5704280138015747,0.9657349288463593,False,0,0,0
114928_NT_AL_AA.fasta.zip,1.8834130764007568,0.7010035316149393,True,0,0,0
114990_NT_AL_AA.fasta.zip,1.0313420593738556,0.701303631067276,False,0,0,0
114991_NT_AL_AA.fasta.zip,0.532747894525528,0.9074825644493103,True,0,0,0
114_NT_AL_AA.fasta.zip,0.3592056135336558,0.9693202177683512,False,0,0,0
115004_NT_AL_AA.fasta.zip,2.044216752052307,0.31286734342575073,True,0,0,0
115019_NT_AL_AA.fasta.zip,0.47169163823127747,0.5337078645825386,True,0,0,0
115111_NT_AL_AA.fasta.zip,1.1526268124580383,0.9442191123962402,False,0,0,0
115209_NT_AL_AA.fasta.zip,1.368578016757965,0.9414583146572113,False,0,0,0
115399_NT_AL_AA.fasta.zip,1.813904047012329,0.6409760117530823,False,0,0,0
115426_NT_AL_AA.fasta.zip,0.6940717250108719,0.44433410465717316,True,0,0,0
115548_NT_AL_AA.fasta.zip,1.2635582089424133,0.9100339412689209,False,0,0,0
115557_NT_AL_AA.fasta.zip,1.0181843042373657,0.9776389598846436,False,0,0,0
115584_NT_AL_AA.fasta.zip,0.6327159404754639,0.574219599366188,True,0,0,0
115677_NT_AL_AA.fasta.zip,1.2770729064941406,0.7479264438152313,False,0,0,0
115701_NT_AL_AA.fasta.zip,3.1798673272132874,0.8673065185546875,True,0,0,0
115703_NT_AL_AA.fasta.zip,1.2773079872131348,0.9517618616422018,True,0,0,0
115704_NT_AL_AA.fasta.zip,0.296586774289608,0.7530396282672882,True,0,0,0
115727_NT_AL_AA.fasta.zip,0.8877699673175812,0.5236052572727203,True,0,0,0
115749_NT_AL_AA.fasta.zip,2.5225147008895874,0.9343047142028809,True,0,0,0
115752_NT_AL_AA.fasta.zip,0.6033340990543365,0.47142000248034793,True,0,0,0
115948_NT_AL_AA.fasta.zip,1.744279146194458,0.5380719304084778,False,0,0,0
115950_NT_AL_AA.fasta.zip,0.8119764029979706,0.9726991057395935,False,0,0,0
115_NT_AL_AA.fasta.zip,0.5395135581493378,0.9215523799260458,False,0,0,0
116113_NT_AL_AA.fasta.zip,0.7323577404022217,0.9564182162284851,False,0,0,0
116115_NT_AL_AA.fasta.zip,1.1058051586151123,0.9770412445068359,False,0,0,0
116154_NT_AL_AA.fasta.zip,0.7906135320663452,0.9647560715675354,False,0,0,0
116179_NT_AL_AA.fasta.zip,0.8045931458473206,0.6121729612350464,False,0,0,0
116369_NT_AL_AA.fasta.zip,1.168358286221822,0.4859382013479869,True,0,0,0
116443_NT_AL_AA.fasta.zip,0.6482067108154297,0.9402124087015787,False,0,0,0
116444_NT_AL_AA.fasta.zip,1.2243560552597046,0.8015586535135905,True,0,0,0
116496_NT_AL_AA.fasta.zip,1.2937993208567302,0.6623203506072363,True,0,0,0
116835_NT_AL_AA.fasta.zip,0.6251200139522552,0.8730554580688477,False,0,0,0
116840_NT_AL_AA.fasta.zip,1.8152903318405151,0.8346046805381775,False,0,0,0
116931_NT_AL_AA.fasta.zip,0.6148280680179596,0.8735982298851013,True,0,0,0
116966_NT_AL_AA.fasta.zip,0.7943001786867777,0.5118195414543152,False,0,0,0
116983_NT_AL_AA.fasta.zip,0.6478437781333923,0.7569894790649414,False,0,0,0
116984_NT_AL_AA.fasta.zip,0.7936026602983475,0.8637070953845978,True,0,0,0
116985_NT_AL_AA.fasta.zip,0.7589319795370102,0.6626696735620499,True,0,0,0
116986_NT_AL_AA.fasta.zip,0.5909344355265299,0.958283523718516,False,0,0,0
116987_NT_AL_AA.fasta.zip,0.5650608092546463,0.933246523141861,True,0,0,0
116988_NT_AL_AA.fasta.zip,0.4975453019142151,0.9503666758537292,False,0,0,0
117155_NT_AL_AA.fasta.zip,1.5661365389823914,0.664885550737381,False,0,0,0
117166_NT_AL_AA.fasta.zip,0.8447688817977905,0.7491932213306427,False,0,0,0
117178_NT_AL_AA.fasta.zip,0.9119947850704193,0.9655399918556213,False,0,0,0
117246_NT_AL_AA.fasta.zip,0.9356465041637421,0.9730735719203949,True,0,0,0
117247_NT_AL_AA.fasta.zip,1.041092336177826,0.9449255764484406,False,0,0,0
117248_NT_AL_AA.fasta.zip,1.490146815776825,0.7638091146945953,False,0,0,0
117289_NT_AL_AA.fasta.zip,1.4403361678123474,0.6932226121425629,True,0,0,0
117531_NT_AL_AA.fasta.zip,1.2285592257976532,0.9476994276046753,True,0,0,0
117532_NT_AL_AA.fasta.zip,0.5029167234897614,0.9817462861537933,False,0,0,0
117583_NT_AL_AA.fasta.zip,0.7672649721304575,0.903813381989797,True,0,0,0
117854_NT_AL_AA.fasta.zip,0.966457724571228,0.23920749872922897,True,0,0,0
1179_NT_AL_AA.fasta.zip,0.7605794072151184,0.38175448775291443,False,0,0,0
117_NT_AL_AA.fasta.zip,0.6729944944381714,0.9635119438171387,False,0,0,0
1180_NT_AL_AA.fasta.zip,0.4691723386446635,0.9039509693781534,False,0,0,0
1181_NT_AL_AA.fasta.zip,0.2898995280265808,0.967078447341919,False,0,0,0
1182_NT_AL_AA.fasta.zip,0.14276966452598572,0.9637344181537628,False,0,0,0
1183_NT_AL_AA.fasta.zip,0.1463334709405899,0.9589453339576721,False,0,0,0
118461_NT_AL_AA.fasta.zip,1.9586042165756226,0.8441123515367508,True,0,0,0
118491_NT_AL_AA.fasta.zip,0.8306586146354675,0.7496005992094675,True,0,0,0
1184_NT_AL_AA.fasta.zip,0.3391663134098053,0.9005356431007385,False,0,0,0
1185_NT_AL_AA.fasta.zip,0.6355262100696564,0.8390927314758301,True,0,0,0
118611_NT_AL_AA.fasta.zip,2.5901549458503723,0.8800053298473358,True,0,0,0
118663_NT_AL_AA.fasta.zip,1.2124573588371277,0.3523535132408142,False,0,0,0
1186_NT_AL_AA.fasta.zip,0.24190295487642288,0.8340024054050446,False,0,0,0
118788_NT_AL_AA.fasta.zip,0.48860061168670654,0.8729933798313141,False,0,0,0
118856_NT_AL_AA.fasta.zip,0.7962806224822998,0.51988485455513,False,0,0,0
118987_NT_AL_AA.fasta.zip,1.2430229187011719,0.9173360069592794,False,0,0,0
118_NT_AL_AA.fasta.zip,0.588998019695282,0.9400535225868225,False,0,0,0
119587_NT_AL_AA.fasta.zip,0.5598854571580887,0.7347008734941483,True,0,0,0
1196_NT_AL_AA.fasta.zip,0.4097122550010681,0.971719890832901,False,0,0,0
119_NT_AL_AA.fasta.zip,0.9356507658958435,0.9379144310951233,True,0,0,0
120071_NT_AL_AA.fasta.zip,0.7414187490940094,0.5070121884346008,True,0,0,0
1200_NT_AL_AA.fasta.zip,0.47339852154254913,0.18736100941896439,False,0,0,0
120103_NT_AL_AA.fasta.zip,0.9199362695217133,0.9614748954772949,False,0,0,0
120114_NT_AL_AA.fasta.zip,0.7386807769536972,0.5644406408071518,True,0,0,0
120227_NT_AL_AA.fasta.zip,1.1847879886627197,0.8330138027667999,False,0,0,0
120892_NT_AL_AA.fasta.zip,0.9597335606813431,0.6380054702361425,True,0,0,0
120935_NT_AL_AA.fasta.zip,1.4056352972984314,0.8470645248889923,False,0,0,0
1209_NT_AL_AA.fasta.zip,0.3628416955471039,0.9632598161697388,False,0,0,0
120_NT_AL_AA.fasta.zip,0.5471788793802261,0.7225320339202881,False,0,0,0
121006_NT_AL_AA.fasta.zip,4.313304350926326,0.8229418270863019,True,0,0,0
121227_NT_AL_AA.fasta.zip,0.6951047579447428,0.8909682432810465,True,0,0,0
121256_NT_AL_AA.fasta.zip,0.9303086996078491,0.7982250054677328,False,0,0,0
121260_NT_AL_AA.fasta.zip,0.4544772207736969,0.7770726978778839,False,0,0,0
1213_NT_AL_AA.fasta.zip,0.06293043494224548,0.971033588051796,False,0,0,0
121441_NT_AL_AA.fasta.zip,1.3584415316581726,0.9411645829677582,False,0,0,0
121512_NT_AL_AA.fasta.zip,0.8802911043167114,0.9376490712165833,True,0,0,0
121536_NT_AL_AA.fasta.zip,0.30394385755062103,0.9714499413967133,False,0,0,0
121551_NT_AL_AA.fasta.zip,0.5031610329945883,0.9655793905258179,False,0,0,0
121601_NT_AL_AA.fasta.zip,0.1985221989452839,0.9674557745456696,False,0,0,0
121643_NT_AL_AA.fasta.zip,0.9817489683628082,0.9696927070617676,False,0,0,0
122042_NT_AL_AA.fasta.zip,0.8435229361057281,0.355696476995945,True,0,0,0
122060_NT_AL_AA.fasta.zip,1.1630783379077911,0.9282404482364655,True,0,0,0
122402_NT_AL_AA.fasta.zip,0.6987515091896057,0.759685198465983,False,0,0,0
122481_NT_AL_AA.fasta.zip,0.8211379051208496,0.30908915400505066,False,0,0,0
122618_NT_AL_AA.fasta.zip,0.8179885745048523,0.2931227535009384,False,0,0,0
122786_NT_AL_AA.fasta.zip,0.8571348190307617,0.8694847226142883,False,0,0,0
123016_NT_AL_AA.fasta.zip,0.8416195511817932,0.41829247772693634,False,0,0,0
123041_NT_AL_AA.fasta.zip,0.6004895865917206,0.8252296149730682,False,0,0,0
123103_NT_AL_AA.fasta.zip,1.1002255976200104,0.5200812593102455,True,0,0,0
123283_NT_AL_AA.fasta.zip,1.0300541818141937,0.612395390868187,True,0,0,0
123591_NT_AL_AA.fasta.zip,0.9337412118911743,0.9780956208705902,False,0,0,0
123624_NT_AL_AA.fasta.zip,0.951138436794281,0.7146206895510355,True,0,0,0
123720_NT_AL_AA.fasta.zip,1.8670055866241455,0.6235210299491882,True,0,0,0
123722_NT_AL_AA.fasta.zip,1.3044334650039673,0.7279038429260254,True,0,0,0
123745_NT_AL_AA.fasta.zip,0.7432932257652283,0.4959256798028946,False,0,0,0
123872_NT_AL_AA.fasta.zip,2.154572159051895,0.7852278053760529,True,0,0,0
124093_NT_AL_AA.fasta.zip,3.040236473083496,0.8769398331642151,True,0,0,0
124245_NT_AL_AA.fasta.zip,0.5087617735068003,0.8999392787615458,False,0,0,0
124359_NT_AL_AA.fasta.zip,0.33949241042137146,0.9647999703884125,False,0,0,0
124401_NT_AL_AA.fasta.zip,0.7347547113895416,0.9424730539321899,False,0,0,0
124454_NT_AL_AA.fasta.zip,0.5790596902370453,0.639583557844162,False,0,0,0
1244_NT_AL_AA.fasta.zip,0.7485654652118683,0.29651550203561783,True,0,0,0
124535_NT_AL_AA.fasta.zip,2.0221174359321594,0.9605331122875214,True,0,0,0
124565_NT_AL_AA.fasta.zip,1.5758035778999329,0.9280368089675903,True,0,0,0
124602_NT_AL_AA.fasta.zip,1.9211306770642598,0.9112065235773722,True,0,0,0
124739_NT_AL_AA.fasta.zip,1.3291107614835103,0.8942330280939738,True,0,0,0
124783_NT_AL_AA.fasta.zip,4.401416778564453,0.7104108035564423,False,0,0,0
124842_NT_AL_AA.fasta.zip,1.2133789857228596,0.945602536201477,True,0,0,0
124857_NT_AL_AA.fasta.zip,0.8208986520767212,0.7171790599822998,True,0,0,0
124872_NT_AL_AA.fasta.zip,0.6645812690258026,0.6666104197502136,False,0,0,0
124925_NT_AL_AA.fasta.zip,0.9469361503918966,0.7966969807942709,True,0,0,0
124930_NT_AL_AA.fasta.zip,0.47680236399173737,0.9717617928981781,False,0,0,0
124935_NT_AL_AA.fasta.zip,0.386366069316864,0.5344812870025635,True,0,0,0
124961_NT_AL_AA.fasta.zip,0.3805341422557831,0.9866786301136017,False,0,0,0
124975_NT_AL_AA.fasta.zip,1.4992778301239014,0.43001689016819,False,0,0,0
124976_NT_AL_AA.fasta.zip,0.694247305393219,0.9625942409038544,False,0,0,0
124989_NT_AL_AA.fasta.zip,4.605064709981282,0.18599793563286462,False,0,0,0
124997_NT_AL_AA.fasta.zip,0.8637769103050232,0.9205572009086609,False,0,0,0
125058_NT_AL_AA.fasta.zip,1.038232445716858,0.9322246313095093,False,0,0,0
125206_NT_AL_AA.fasta.zip,0.5419635474681854,0.5402431488037109,False,0,0,0
125336_NT_AL_AA.fasta.zip,1.3475640654563903,0.39207052886486055,True,0,0,0
125488_NT_AL_AA.fasta.zip,0.44896426796913147,0.8568249642848969,False,0,0,0
1258_NT_AL_AA.fasta.zip,1.5416948944330215,0.8776398450136185,True,0,0,0
125950_NT_AL_AA.fasta.zip,1.20197132229805,0.8986239731311798,True,0,0,0
1259_NT_AL_AA.fasta.zip,0.44447311758995056,0.8037683069705963,False,0,0,0
1260_NT_AL_AA.fasta.zip,0.9264499545097351,0.969429075717926,False,0,0,0
126129_NT_AL_AA.fasta.zip,1.357901930809021,0.6023240685462952,True,0,0,0
126133_NT_AL_AA.fasta.zip,1.1516032218933105,0.3953547775745392,False,0,0,0
1261_NT_AL_AA.fasta.zip,0.5022476017475128,0.8211118280887604,False,0,0,0
126206_NT_AL_AA.fasta.zip,1.6683931350708008,0.0625655601421992,True,0,0,0
126298_NT_AL_AA.fasta.zip,1.160116821527481,0.9156659245491028,False,0,0,0
1262_NT_AL_AA.fasta.zip,0.919126957654953,0.9469663202762604,False,0,0,0
126353_NT_AL_AA.fasta.zip,2.4731686115264893,0.6555294990539551,False,0,0,0
1263_NT_AL_AA.fasta.zip,1.5373411178588867,0.9556826651096344,True,0,0,0
126410_NT_AL_AA.fasta.zip,0.515225887298584,0.4839359372854233,False,0,0,0
126432_NT_AL_AA.fasta.zip,1.6494405269622803,0.7850677967071533,True,0,0,0
126520_NT_AL_AA.fasta.zip,1.3037521243095398,0.8651190102100372,False,0,0,0
126549_NT_AL_AA.fasta.zip,2.2897688150405884,0.6304037570953369,True,0,0,0
126637_NT_AL_AA.fasta.zip,4.674619436264038,0.9147348403930664,False,0,0,0
126638_NT_AL_AA.fasta.zip,3.8160512521862984,0.9093827530741692,True,0,0,0
126669_NT_AL_AA.fasta.zip,1.1626083254814148,0.9223012328147888,False,0,0,0
126820_NT_AL_AA.fasta.zip,0.7762327790260315,0.4881812185049057,False,0,0,0
126859_NT_AL_AA.fasta.zip,2.052724321683248,0.3498228092988332,True,0,0,0
126917_NT_AL_AA.fasta.zip,0.3849595636129379,0.9708831906318665,False,0,0,0
126969_NT_AL_AA.fasta.zip,1.2227734327316284,0.7248497009277344,False,0,0,0
127002_NT_AL_AA.fasta.zip,0.7995116710662842,0.9404878318309784,False,0,0,0
127254_NT_AL_AA.fasta.zip,3.790733903646469,0.8705926537513733,True,0,0,0
127255_NT_AL_AA.fasta.zip,1.9873964190483093,0.7977553904056549,True,0,0,0
127294_NT_AL_AA.fasta.zip,0.9751380880673727,0.3218214809894562,True,0,0,0
1272_NT_AL_AA.fasta.zip,0.40378763278325397,0.4159349501132965,True,0,0,0
127435_NT_AL_AA.fasta.zip,0.6273057162761688,0.8597618341445923,False,0,0,0
127544_NT_AL_AA.fasta.zip,0.3315620422363281,0.9813527464866638,False,0,0,0
127579_NT_AL_AA.fasta.zip,0.8197673857212067,0.17056719213724136,False,0,0,0
127602_NT_AL_AA.fasta.zip,1.7319576740264893,0.32370900064706803,True,0,0,0
127665_NT_AL_AA.fasta.zip,1.1874072551727295,0.9865237474441528,False,0,0,0
127707_NT_AL_AA.fasta.zip,2.4248621463775635,0.654807835817337,True,0,0,0
127731_NT_AL_AA.fasta.zip,1.247354785601298,0.8662252028783163,True,0,0,0
127795_NT_AL_AA.fasta.zip,2.6155580282211304,0.8781331777572632,False,0,0,0
1277_NT_AL_AA.fasta.zip,0.3178891787926356,0.580411563316981,True,0,0,0
1278_NT_AL_AA.fasta.zip,0.291739821434021,0.05259017335871855,False,0,0,0
128025_NT_AL_AA.fasta.zip,1.0390925407409668,0.7593728303909302,True,0,0,0
1280_NT_AL_AA.fasta.zip,0.3379701003432274,0.7260098457336426,True,0,0,0
1281_NT_AL_AA.fasta.zip,0.409021536509196,0.13381309496859708,False,0,0,0
128239_NT_AL_AA.fasta.zip,0.9924363493919373,0.41942788660526276,False,0,0,0
128272_NT_AL_AA.fasta.zip,0.8905133605003357,0.9359756708145142,False,0,0,0
1282_NT_AL_AA.fasta.zip,0.33298417180776596,0.027013714192435145,False,0,0,0
1284_NT_AL_AA.fasta.zip,0.4485630542039871,0.025030734250321984,False,0,0,0
128553_NT_AL_AA.fasta.zip,0.6214849551518759,0.9316551486651102,False,0,0,0
1285_NT_AL_AA.fasta.zip,0.5277344211935997,0.018881624098867178,False,0,0,0
128611_NT_AL_AA.fasta.zip,3.1630601286888123,0.8496871739625931,True,0,0,0
1286_NT_AL_AA.fasta.zip,0.5680210664868355,0.017070900881662965,False,0,0,0
128876_NT_AL_AA.fasta.zip,2.0301769375801086,0.877502053976059,True,0,0,0
1288_NT_AL_AA.fasta.zip,0.7110092043876648,0.061207480961456895,False,0,0,0
1289_NT_AL_AA.fasta.zip,0.33854734152555466,0.7932914569973946,True,0,0,0
129049_NT_AL_AA.fasta.zip,0.5175521969795227,0.9639498988787333,False,0,0,0
129080_NT_AL_AA.fasta.zip,1.099960207939148,0.6976665556430817,False,0,0,0
1290_NT_AL_AA.fasta.zip,0.2933395206928253,0.5788580849766731,True,0,0,0
1291_NT_AL_AA.fasta.zip,0.5281991461912791,0.34144479036331177,True,0,0,0
129285_NT_AL_AA.fasta.zip,0.9834556877613068,0.8722080886363983,True,0,0,0
1292_NT_AL_AA.fasta.zip,0.40875178575515747,0.304361409197251,True,0,0,0
1293_NT_AL_AA.fasta.zip,1.500013455748558,0.43508046958595514,True,0,0,0
129446_NT_AL_AA.fasta.zip,2.095819285937718,0.8570185559136527,True,0,0,0
1294_NT_AL_AA.fasta.zip,1.1513936051300593,0.19391820845859392,True,0,0,0
129563_NT_AL_AA.fasta.zip,0.6403778642416,0.6791844218969345,True,0,0,0
129642_NT_AL_AA.fasta.zip,0.5272798389196396,0.8218302130699158,False,0,0,0
129684_NT_AL_AA.fasta.zip,0.9779267907142639,0.6698587636152903,False,0,0,0
1296_NT_AL_AA.fasta.zip,0.47122132778167725,0.0732818003743887,False,0,0,0
1297_NT_AL_AA.fasta.zip,0.5360496044158936,0.30770990159362555,True,0,0,0
129831_NT_AL_AA.fasta.zip,1.1103323101997375,0.9563309550285339,False,0,0,0
129881_NT_AL_AA.fasta.zip,2.2609115839004517,0.1108696386218071,False,0,0,0
1298_NT_AL_AA.fasta.zip,0.5923093557357788,0.026067868806421757,False,0,0,0
1299_NT_AL_AA.fasta.zip,0.49089615046977997,0.036438751965761185,False,0,0,0
130026_NT_AL_AA.fasta.zip,1.1809005737304688,0.9691741168498993,False,0,0,0
1300_NT_AL_AA.fasta.zip,0.5692479014396667,0.020865697413682938,False,0,0,0
130132_NT_AL_AA.fasta.zip,1.1084513068199158,0.9207870960235596,False,0,0,0
130162_NT_AL_AA.fasta.zip,2.150494337081909,0.25722460448741913,False,0,0,0
1301_NT_AL_AA.fasta.zip,0.6687777042388916,0.7830577194690704,True,0,0,0
130271_NT_AL_AA.fasta.zip,0.8927234709262848,0.8968936949968338,True,0,0,0
1302_NT_AL_AA.fasta.zip,0.5377167761325836,0.8551224768161774,True,0,0,0
1303_NT_AL_AA.fasta.zip,0.6722590327262878,0.5621221533843449,True,0,0,0
130507_NT_AL_AA.fasta.zip,0.5603118054568768,0.9587486982345581,True,0,0,0
130557_NT_AL_AA.fasta.zip,0.7351926863193512,0.9398707747459412,False,0,0,0
1305_NT_AL_AA.fasta.zip,0.7124995738267899,0.18851986527442932,True,0,0,0
1306_NT_AL_AA.fasta.zip,1.2807403951883316,0.6620419323444366,True,0,0,0
1307_NT_AL_AA.fasta.zip,0.5656887292861938,0.25738425459712744,False,0,0,0
1308_NT_AL_AA.fasta.zip,0.914045438170433,0.7724410593509674,False,0,0,0
130940_NT_AL_AA.fasta.zip,2.414461851119995,0.24142391979694366,False,0,0,0
130951_NT_AL_AA.fasta.zip,1.1901551485061646,0.7541875839233398,False,0,0,0
131034_NT_AL_AA.fasta.zip,0.12785271182656288,0.9718908369541168,False,0,0,0
131096_NT_AL_AA.fasta.zip,0.5689914921919504,0.9522673090298971,True,0,0,0
1310_NT_AL_AA.fasta.zip,0.7820622622966766,0.22215198477109274,True,0,0,0
1311_NT_AL_AA.fasta.zip,0.3474693298339844,0.10875851288437843,False,0,0,0
131377_NT_AL_AA.fasta.zip,1.3926169872283936,0.963134765625,False,0,0,0
131405_NT_AL_AA.fasta.zip,0.9251612275838852,0.8052732348442078,True,0,0,0
1314_NT_AL_AA.fasta.zip,0.31178975353638333,0.9725621938705444,True,0,0,0
131544_NT_AL_AA.fasta.zip,3.033974323953901,0.8522391234125409,True,0,0,0
131566_NT_AL_AA.fasta.zip,1.328826904296875,0.8493220508098602,False,0,0,0
131578_NT_AL_AA.fasta.zip,0.7514865398406982,0.31176771223545074,False,0,0,0
131583_NT_AL_AA.fasta.zip,0.8699828386306763,0.985105961561203,False,0,0,0
1315_NT_AL_AA.fasta.zip,0.11880837380886078,0.9655061662197113,False,0,0,0
131669_NT_AL_AA.fasta.zip,0.37824641168117523,0.4603317826986313,False,0,0,0
131831_NT_AL_AA.fasta.zip,1.3508194088935852,0.728266566991806,False,0,0,0
131873_NT_AL_AA.fasta.zip,0.9296687960624694,0.16451018154621125,True,0,0,0
132014_NT_AL_AA.fasta.zip,2.111956775188446,0.7649158239364624,True,0,0,0
132158_NT_AL_AA.fasta.zip,0.8336871862411499,0.8289961814880371,False,0,0,0
132320_NT_AL_AA.fasta.zip,2.9985443353652954,0.6687207818031311,True,0,0,0
132612_NT_AL_AA.fasta.zip,0.8779953122138977,0.8417814075946808,False,0,0,0
132660_NT_AL_AA.fasta.zip,0.9509495794773102,0.957207053899765,True,0,0,0
132671_NT_AL_AA.fasta.zip,1.3263473510742188,0.6478917300701141,True,0,0,0
1326_NT_AL_AA.fasta.zip,0.8369253575801849,0.972002774477005,False,0,0,0
132864_NT_AL_AA.fasta.zip,1.3840880940357845,0.9652851223945618,True,0,0,0
132884_NT_AL_AA.fasta.zip,1.7708805004755657,0.22813947002092996,False,0,0,0
132949_NT_AL_AA.fasta.zip,1.2369471192359924,0.7668884992599487,True,0,0,0
133060_NT_AL_AA.fasta.zip,0.7122116684913635,0.8863798379898071,False,0,0,0
133308_NT_AL_AA.fasta.zip,0.7861497402191162,0.808353990316391,False,0,0,0
133396_NT_AL_AA.fasta.zip,1.7431947588920593,0.105229577049613,True,0,0,0
133522_NT_AL_AA.fasta.zip,1.5265004634857178,0.9138599435488383,False,0,0,0
133558_NT_AL_AA.fasta.zip,1.0884681344032288,0.3380066603422165,False,0,0,0
133584_NT_AL_AA.fasta.zip,1.1254253784815471,0.6232674320538839,True,0,0,0
133686_NT_AL_AA.fasta.zip,0.7324483096599579,0.9460258483886719,False,0,0,0
133746_NT_AL_AA.fasta.zip,0.49678507447242737,0.9800126552581787,False,0,0,0
134218_NT_AL_AA.fasta.zip,0.7706169188022614,0.9760341048240662,False,0,0,0
134265_NT_AL_AA.fasta.zip,1.044626533985138,0.8041825294494629,False,0,0,0
134359_NT_AL_AA.fasta.zip,1.8604792356491089,0.8973831534385681,True,0,0,0
134430_NT_AL_AA.fasta.zip,0.9931702017784119,0.4426317363977432,False,0,0,0
134526_NT_AL_AA.fasta.zip,1.07874995470047,0.6235393583774567,False,0,0,0
134548_NT_AL_AA.fasta.zip,1.087485134601593,0.9756483137607574,False,0,0,0
134549_NT_AL_AA.fasta.zip,2.704543948173523,0.9202295243740082,True,0,0,0
134957_NT_AL_AA.fasta.zip,0.5178802410761515,0.8634357849756876,False,0,0,0
135112_NT_AL_AA.fasta.zip,0.4154444485902786,0.9733460545539856,False,0,0,0
135228_NT_AL_AA.fasta.zip,1.1811074614524841,0.6633558869361877,False,0,0,0
135656_NT_AL_AA.fasta.zip,4.694653511047363,0.9669802784919739,True,0,0,0
1356_NT_AL_AA.fasta.zip,0.6876509586970011,0.4535607695579529,False,0,0,0
135892_NT_AL_AA.fasta.zip,1.221189558506012,0.8980103433132172,False,0,0,0
135935_NT_AL_AA.fasta.zip,3.7020320892333984,0.8957306742668152,False,0,0,0
136051_NT_AL_AA.fasta.zip,3.23079115152359,0.8917007744312286,True,0,0,0
1362_NT_AL_AA.fasta.zip,0.7699474692344666,0.885557492574056,True,0,0,0
136306_NT_AL_AA.fasta.zip,1.1805618405342102,0.8983050286769867,False,0,0,0
136332_NT_AL_AA.fasta.zip,0.8536693751811981,0.35932202637195587,False,0,0,0
136853_NT_AL_AA.fasta.zip,1.021423101425171,0.9636913537979126,False,0,0,0
136895_NT_AL_AA.fasta.zip,1.7911525964736938,0.6588754057884216,False,0,0,0
1370_NT_AL_AA.fasta.zip,0.9206187427043915,0.03024924173951149,False,0,0,0
1373_NT_AL_AA.fasta.zip,0.4111805334687233,0.8227893114089966,True,0,0,0
1374_NT_AL_AA.fasta.zip,0.38217924535274506,0.17888687178492546,False,0,0,0
1375_NT_AL_AA.fasta.zip,0.5120787024497986,0.3801649212837219,False,0,0,0
1376_NT_AL_AA.fasta.zip,0.608264148235321,0.3174384981393814,False,0,0,0
137970_NT_AL_AA.fasta.zip,0.42948465049266815,0.9670799672603607,False,0,0,0
137994_NT_AL_AA.fasta.zip,1.294169843196869,0.9628137052059174,False,0,0,0
138050_NT_AL_AA.fasta.zip,0.8535074293613434,0.5788349360227585,False,0,0,0
138151_NT_AL_AA.fasta.zip,0.5780925154685974,0.9649844467639923,False,0,0,0
1384_NT_AL_AA.fasta.zip,0.49952441453933716,0.5704775452613831,False,0,0,0
138639_NT_AL_AA.fasta.zip,0.6807194948196411,0.9343510568141937,False,0,0,0
1386_NT_AL_AA.fasta.zip,0.31992702186107635,0.9662043750286102,False,0,0,0
138724_NT_AL_AA.fasta.zip,4.463500420252482,0.9389598568280538,True,0,0,0
1387_NT_AL_AA.fasta.zip,0.8684569001197815,0.7507270574569702,True,0,0,0
1388_NT_AL_AA.fasta.zip,0.8803761303424835,0.9548892974853516,True,0,0,0
139065_NT_AL_AA.fasta.zip,0.40106301009655,0.8659006953239441,False,0,0,0
139189_NT_AL_AA.fasta.zip,2.7828956842422485,0.8075325687726339,True,0,0,0
139221_NT_AL_AA.fasta.zip,1.6614521145820618,0.7877196669578552,True,0,0,0
139285_NT_AL_AA.fasta.zip,1.5981677770614624,0.9364700317382812,True,0,0,0
139324_NT_AL_AA.fasta.zip,1.2509130835533142,0.9319239258766174,False,0,0,0
139378_NT_AL_AA.fasta.zip,3.8294318403516496,0.8285073552812848,True,0,0,0
139411_NT_AL_AA.fasta.zip,0.3761249929666519,0.9667519629001617,False,0,0,0
139599_NT_AL_AA.fasta.zip,2.6947946548461914,0.9678026437759399,True,0,0,0
139716_NT_AL_AA.fasta.zip,1.6318439841270447,0.9003274440765381,False,0,0,0
139818_NT_AL_AA.fasta.zip,0.7916684508323669,0.8977058172225952,True,0,0,0
1400_NT_AL_AA.fasta.zip,0.8139427602291107,0.8995245397090912,False,0,0,0
140467_NT_AL_AA.fasta.zip,0.49640338122844696,0.9850881993770599,False,0,0,0
140469_NT_AL_AA.fasta.zip,0.9192415277163187,0.8805352846781412,False,0,0,0
140612_NT_AL_AA.fasta.zip,1.7780027389526367,0.9035396873950958,True,0,0,0
140679_NT_AL_AA.fasta.zip,0.23288365453481674,0.9690761268138885,False,0,0,0
140685_NT_AL_AA.fasta.zip,0.9316644370555878,0.9369916617870331,False,0,0,0
140688_NT_AL_AA.fasta.zip,0.3908742517232895,0.9029967784881592,False,0,0,0
140690_NT_AL_AA.fasta.zip,1.2035307884216309,0.8975083827972412,False,0,0,0
140691_NT_AL_AA.fasta.zip,1.3771201372146606,0.670819103717804,False,0,0,0
140699_NT_AL_AA.fasta.zip,1.8182316621144612,0.40140573183695477,True,0,0,0
140706_NT_AL_AA.fasta.zip,1.3403356075286865,0.9571019113063812,False,0,0,0
140710_NT_AL_AA.fasta.zip,0.7421837002038956,0.9188688099384308,False,0,0,0
140766_NT_AL_AA.fasta.zip,0.9673819541931152,0.8933290441830953,False,0,0,0
140775_NT_AL_AA.fasta.zip,0.6924309134483337,0.9350212514400482,False,0,0,0
1407_NT_AL_AA.fasta.zip,0.23036455363035202,0.9686987400054932,False,0,0,0
140803_NT_AL_AA.fasta.zip,1.066592276096344,0.8058517396450042,True,0,0,0
140831_NT_AL_AA.fasta.zip,1.095689296722412,0.9017918109893799,False,0,0,0
140876_NT_AL_AA.fasta.zip,1.409022867679596,0.7432041168212891,False,0,0,0
140885_NT_AL_AA.fasta.zip,0.8173622637987137,0.6299105882644653,True,0,0,0
140890_NT_AL_AA.fasta.zip,1.0340413749217987,0.9773485362529755,True,0,0,0
140893_NT_AL_AA.fasta.zip,2.9315781593322754,0.6994650959968567,True,0,0,0
140894_NT_AL_AA.fasta.zip,1.4489564895629883,0.19724802672863007,False,0,0,0
1408_NT_AL_AA.fasta.zip,0.3490361273288727,0.9706149697303772,False,0,0,0
140901_NT_AL_AA.fasta.zip,0.39912985265254974,0.9817070960998535,False,0,0,0
142678_NT_AL_AA.fasta.zip,1.4086135625839233,0.8336390852928162,True,0,0,0
142680_NT_AL_AA.fasta.zip,0.6926313936710358,0.6977311372756958,False,0,0,0
142685_NT_AL_AA.fasta.zip,1.034342497587204,0.40432189404964447,False,0,0,0
142686_NT_AL_AA.fasta.zip,0.6177077889442444,0.537963941693306,False,0,0,0
142_NT_AL_AA.fasta.zip,0.7357147534688314,0.6350173155466715,True,0,0,0
143098_NT_AL_AA.fasta.zip,0.7813112437725067,0.7155922949314117,False,0,0,0
143162_NT_AL_AA.fasta.zip,1.9390676021575928,0.836335559686025,False,0,0,0
143279_NT_AL_AA.fasta.zip,0.47314588725566864,0.8572694659233093,False,0,0,0
143425_NT_AL_AA.fasta.zip,0.3418018966913223,0.963698148727417,False,0,0,0
1434_NT_AL_AA.fasta.zip,0.30301452428102493,0.9705710709095001,False,0,0,0
143570_NT_AL_AA.fasta.zip,1.5485448241233826,0.8712102174758911,True,0,0,0
1435_NT_AL_AA.fasta.zip,2.9453766345977783,0.8740976750850677,True,0,0,0
143630_NT_AL_AA.fasta.zip,4.148787498474121,0.9629280269145966,False,0,0,0
143689_NT_AL_AA.fasta.zip,0.8778330385684967,0.5484053045511246,False,0,0,0
1436_NT_AL_AA.fasta.zip,0.8189179102579752,0.6029671331246694,True,0,0,0
143872_NT_AL_AA.fasta.zip,0.29829055815935135,0.9538540244102478,False,0,0,0
143879_NT_AL_AA.fasta.zip,0.7434638738632202,0.36028458178043365,False,0,0,0
143884_NT_AL_AA.fasta.zip,1.2749319076538086,0.9523862600326538,False,0,0,0
143888_NT_AL_AA.fasta.zip,0.997933954000473,0.6044601798057556,False,0,0,0
1439_NT_AL_AA.fasta.zip,2.166968524456024,0.4037248659878969,True,0,0,0
143_NT_AL_AA.fasta.zip,1.9688704311847687,0.6798308044672012,True,0,0,0
144100_NT_AL_AA.fasta.zip,0.9584658344586691,0.9103525678316752,False,0,0,0
144108_NT_AL_AA.fasta.zip,2.613538146018982,0.8758919437726339,True,0,0,0
144132_NT_AL_AA.fasta.zip,1.7178959131240845,0.4182609893381596,True,0,0,0
144165_NT_AL_AA.fasta.zip,1.1629913747310638,0.9705026745796204,True,0,0,0
1441_NT_AL_AA.fasta.zip,1.5503993034362793,0.23862646520137787,True,0,0,0
144402_NT_AL_AA.fasta.zip,0.2143908515572548,0.9681706130504608,False,0,0,0
144406_NT_AL_AA.fasta.zip,2.4793122559785843,0.5859116539359093,True,0,0,0
144453_NT_AL_AA.fasta.zip,0.7585283815860748,0.9521989524364471,True,0,0,0
144455_NT_AL_AA.fasta.zip,2.135452687740326,0.8519861102104187,True,0,0,0
144535_NT_AL_AA.fasta.zip,1.4453162465776717,0.6298017246382577,True,0,0,0
145407_NT_AL_AA.fasta.zip,2.8910391330718994,0.7851875126361847,True,0,0,0
145483_NT_AL_AA.fasta.zip,1.5739951729774475,0.860894501209259,False,0,0,0
145501_NT_AL_AA.fasta.zip,3.4792813062667847,0.6480824053287506,True,0,0,0
145508_NT_AL_AA.fasta.zip,1.9008244673411052,0.5154707431793213,True,0,0,0
145567_NT_AL_AA.fasta.zip,0.3685828447341919,0.871829628944397,False,0,0,0
145581_NT_AL_AA.fasta.zip,0.3049985393881798,0.9709464609622955,False,0,0,0
146050_NT_AL_AA.fasta.zip,1.5102827548980713,0.9729744493961334,True,0,0,0
146057_NT_AL_AA.fasta.zip,1.0862295031547546,0.9514811436335245,True,0,0,0
146059_NT_AL_AA.fasta.zip,0.9254233241081238,0.8742783665657043,False,0,0,0
146177_NT_AL_AA.fasta.zip,1.475534478823344,0.6640966137250265,True,0,0,0
146183_NT_AL_AA.fasta.zip,1.1930743058522542,0.3706253369649251,False,0,0,0
146198_NT_AL_AA.fasta.zip,0.4616358131170273,0.9810459613800049,False,0,0,0
146206_NT_AL_AA.fasta.zip,1.4317119121551514,0.8047268191973368,True,0,0,0
146212_NT_AL_AA.fasta.zip,1.6764529347419739,0.9606015980243683,False,0,0,0
1462_NT_AL_AA.fasta.zip,3.2380045279860497,0.8704634606838226,True,0,0,0
146325_NT_AL_AA.fasta.zip,1.8006179928779602,0.8770005106925964,True,0,0,0
1463_NT_AL_AA.fasta.zip,2.169310450553894,0.9068335294723511,True,0,0,0
146439_NT_AL_AA.fasta.zip,1.1875185370445251,0.9452114105224609,False,0,0,0
1464_NT_AL_AA.fasta.zip,1.1441875457763673,0.32995336353778837,False,0,0,0
146547_NT_AL_AA.fasta.zip,1.2829246520996094,0.5267649590969086,True,0,0,0
146562_NT_AL_AA.fasta.zip,2.8617284297943115,0.8238013088703156,False,0,0,0
146664_NT_AL_AA.fasta.zip,0.4429810643196106,0.7937552332878113,False,0,0,0
146691_NT_AL_AA.fasta.zip,0.5599415302276611,0.969291090965271,False,0,0,0
146705_NT_AL_AA.fasta.zip,1.3333929777145386,0.7158062756061554,True,0,0,0
146722_NT_AL_AA.fasta.zip,1.8173866271972656,0.16533460468053818,False,0,0,0
146754_NT_AL_AA.fasta.zip,0.49566313326358796,0.3646978735923767,False,0,0,0
146845_NT_AL_AA.fasta.zip,0.7883427739143372,0.4959418922662735,False,0,0,0
146850_NT_AL_AA.fasta.zip,0.9440863728523254,0.6913949847221375,False,0,0,0
146862_NT_AL_AA.fasta.zip,1.2278519123792648,0.5645910203456879,True,0,0,0
146894_NT_AL_AA.fasta.zip,3.591534972190857,0.3469359576702118,True,0,0,0
146909_NT_AL_AA.fasta.zip,1.4233535130818684,0.9017777045567831,True,0,0,0
146923_NT_AL_AA.fasta.zip,1.0850663483142853,0.9711160361766815,False,0,0,0
146956_NT_AL_AA.fasta.zip,2.4091509580612183,0.8332988917827606,True,0,0,0
146_NT_AL_AA.fasta.zip,0.8310445547103882,0.9815541505813599,False,0,0,0
147011_NT_AL_AA.fasta.zip,2.927046775817871,0.6845077276229858,False,0,0,0
147111_NT_AL_AA.fasta.zip,1.0570749640464783,0.8746753036975861,False,0,0,0
147138_NT_AL_AA.fasta.zip,1.2736488580703735,0.7209657430648804,False,0,0,0
147409_NT_AL_AA.fasta.zip,0.8762765725453695,0.5882961551348368,True,0,0,0
147495_NT_AL_AA.fasta.zip,0.3418191224336624,0.8791210353374481,False,0,0,0
147645_NT_AL_AA.fasta.zip,1.8862916231155396,0.6830542087554932,True,0,0,0
147700_NT_AL_AA.fasta.zip,0.7528828978538513,0.8875460624694824,False,0,0,0
147746_NT_AL_AA.fasta.zip,0.6297909021377563,0.9554271399974823,False,0,0,0
147798_NT_AL_AA.fasta.zip,0.9783309102058411,0.47196075320243835,False,0,0,0
147872_NT_AL_AA.fasta.zip,1.4524917602539062,0.7541417479515076,False,0,0,0
1478_NT_AL_AA.fasta.zip,0.6460070013999939,0.7197370231151581,False,0,0,0
147906_NT_AL_AA.fasta.zip,1.381679654121399,0.9747239649295807,False,0,0,0
147912_NT_AL_AA.fasta.zip,1.2551310062408447,0.9331361055374146,True,0,0,0
147949_NT_AL_AA.fasta.zip,0.49032993614673615,0.9801661372184753,False,0,0,0
147968_NT_AL_AA.fasta.zip,0.8796713650226593,0.3600517362356186,False,0,0,0
147991_NT_AL_AA.fasta.zip,0.5992793440818787,0.7419261932373047,False,0,0,0
1479_NT_AL_AA.fasta.zip,0.06919242814183235,0.9687466621398926,False,0,0,0
147_NT_AL_AA.fasta.zip,0.8121003806591034,0.9804905354976654,False,0,0,0
148022_NT_AL_AA.fasta.zip,2.2256089448928833,0.17027761042118073,True,0,0,0
148113_NT_AL_AA.fasta.zip,0.8891308903694153,0.4142087598641713,False,0,0,0
148137_NT_AL_AA.fasta.zip,3.6529476642608643,0.7408514022827148,True,0,0,0
148229_NT_AL_AA.fasta.zip,0.7973170876502991,0.46840877334276837,False,0,0,0
148281_NT_AL_AA.fasta.zip,0.5631698668003082,0.959320068359375,False,0,0,0
148398_NT_AL_AA.fasta.zip,1.7809860110282898,0.8125856816768646,False,0,0,0
148741_NT_AL_AA.fasta.zip,1.455074946085612,0.9103241165479025,True,0,0,0
148789_NT_AL_AA.fasta.zip,0.42716844379901886,0.58051398396492,False,0,0,0
148808_NT_AL_AA.fasta.zip,1.0079189240932465,0.9664839804172516,False,0,0,0
148811_NT_AL_AA.fasta.zip,0.7989167273044586,0.7115238606929779,True,0,0,0
148870_NT_AL_AA.fasta.zip,1.925255835056305,0.39511561393737793,True,0,0,0
1488_NT_AL_AA.fasta.zip,1.127127339442571,0.9264139533042908,True,0,0,0
148979_NT_AL_AA.fasta.zip,1.5837900638580322,0.8541122674942017,True,0,0,0
149041_NT_AL_AA.fasta.zip,1.2102818836768467,0.6358153323332468,True,0,0,0
149095_NT_AL_AA.fasta.zip,1.011382818222046,0.20721803605556488,False,0,0,0
149233_NT_AL_AA.fasta.zip,2.9285672903060913,0.435237281024456,True,0,0,0
149371_NT_AL_AA.fasta.zip,0.6569893956184387,0.9800550937652588,False,0,0,0
149465_NT_AL_AA.fasta.zip,0.6191054582595825,0.5632118086020151,True,0,0,0
149483_NT_AL_AA.fasta.zip,2.5326308012008667,0.7939262986183167,True,0,0,0
149499_NT_AL_AA.fasta.zip,0.8648116290569305,0.2788141518831253,False,0,0,0
1495_NT_AL_AA.fasta.zip,0.14228026196360588,0.9713973999023438,False,0,0,0
149647_NT_AL_AA.fasta.zip,3.014860987663269,0.8303329646587372,True,0,0,0
1496_NT_AL_AA.fasta.zip,0.0648267287760973,0.9709007143974304,False,0,0,0
149954_NT_AL_AA.fasta.zip,0.775594025850296,0.9306428134441376,True,0,0,0
1499_NT_AL_AA.fasta.zip,0.04412947595119476,0.9675491750240326,False,0,0,0
150082_NT_AL_AA.fasta.zip,2.073330342769623,0.7928543984889984,False,0,0,0
150094_NT_AL_AA.fasta.zip,1.169682264328003,0.8639021813869476,True,0,0,0
1500_NT_AL_AA.fasta.zip,0.3670807480812073,0.9469025135040283,False,0,0,0
150159_NT_AL_AA.fasta.zip,0.8484208285808563,0.38615602254867554,False,0,0,0
150160_NT_AL_AA.fasta.zip,1.4165904521942139,0.1215190701186657,False,0,0,0
1501_NT_AL_AA.fasta.zip,0.4012994021177292,0.9459261695543925,True,0,0,0
150209_NT_AL_AA.fasta.zip,1.1539382934570312,0.7453739643096924,False,0,0,0
150350_NT_AL_AA.fasta.zip,3.252036213874817,0.6525999158620834,True,0,0,0
150356_NT_AL_AA.fasta.zip,0.8250780403614044,0.20424197614192963,False,0,0,0
150365_NT_AL_AA.fasta.zip,1.4903923273086548,0.5542924304803213,True,0,0,0
1503_NT_AL_AA.fasta.zip,0.28044091165065765,0.9158228635787964,False,0,0,0
150468_NT_AL_AA.fasta.zip,2.8325763940811157,0.9097753763198853,True,0,0,0
150696_NT_AL_AA.fasta.zip,1.3356859683990479,0.1136675700545311,False,0,0,0
150709_NT_AL_AA.fasta.zip,0.8574050068855286,0.326070636510849,False,0,0,0
150726_NT_AL_AA.fasta.zip,0.609998881816864,0.9778990149497986,False,0,0,0
150737_NT_AL_AA.fasta.zip,0.48409345746040344,0.471002534031868,True,0,0,0
150763_NT_AL_AA.fasta.zip,1.1897161304950714,0.5566320717334747,False,0,0,0
150771_NT_AL_AA.fasta.zip,1.5087385177612305,0.8674957752227783,False,0,0,0
150864_NT_AL_AA.fasta.zip,1.2137523889541626,0.9243908524513245,True,0,0,0
150946_NT_AL_AA.fasta.zip,0.9889593571424484,0.959645539522171,True,0,0,0
150962_NT_AL_AA.fasta.zip,0.7829778492450714,0.8772174119949341,False,0,0,0
150_NT_AL_AA.fasta.zip,0.8064999282360077,0.9831143021583557,False,0,0,0
151050_NT_AL_AA.fasta.zip,1.6122736930847168,0.9770231048266093,True,0,0,0
151056_NT_AL_AA.fasta.zip,0.9384740789731344,0.43894460300604504,False,0,0,0
151112_NT_AL_AA.fasta.zip,1.7532961964607239,0.727637767791748,True,0,0,0
151126_NT_AL_AA.fasta.zip,0.5269934833049774,0.9689958691596985,False,0,0,0
151246_NT_AL_AA.fasta.zip,4.075787365436554,0.8246690928936005,True,0,0,0
151254_NT_AL_AA.fasta.zip,3.7706292271614075,0.7956106513738632,True,0,0,0
151295_NT_AL_AA.fasta.zip,1.2567421197891235,0.6935301721096039,False,0,0,0
151449_NT_AL_AA.fasta.zip,1.4869298934936523,0.9647813439369202,False,0,0,0
151473_NT_AL_AA.fasta.zip,0.6533832550048828,0.9792985022068024,False,0,0,0
151556_NT_AL_AA.fasta.zip,0.9066097438335419,0.9558883309364319,False,0,0,0
151613_NT_AL_AA.fasta.zip,0.8127888739109039,0.9550252556800842,False,0,0,0
151636_NT_AL_AA.fasta.zip,1.6808911561965942,0.21451326459646225,True,0,0,0
151648_NT_AL_AA.fasta.zip,4.294548034667969,0.8109360933303833,False,0,0,0
151649_NT_AL_AA.fasta.zip,1.4352849125862122,0.732015997171402,False,0,0,0
151651_NT_AL_AA.fasta.zip,2.1366050243377686,0.42743849754333496,True,0,0,0
151790_NT_AL_AA.fasta.zip,1.5939509471257527,0.7967392802238464,True,0,0,0
151835_NT_AL_AA.fasta.zip,0.2400147020816803,0.9771621525287628,False,0,0,0
151887_NT_AL_AA.fasta.zip,1.4259796738624573,0.9578456083933512,True,0,0,0
152110_NT_AL_AA.fasta.zip,1.4069453875223796,0.9655055205027262,False,0,0,0
152185_NT_AL_AA.fasta.zip,1.2873753905296326,0.8554515838623047,False,0,0,0
152206_NT_AL_AA.fasta.zip,1.7258777022361755,0.8071422278881073,True,0,0,0
152273_NT_AL_AA.fasta.zip,2.004943937063217,0.7665471881628036,True,0,0,0
1523_NT_AL_AA.fasta.zip,0.6809640526771545,0.9518218338489532,False,0,0,0
152405_NT_AL_AA.fasta.zip,4.676318883895874,0.5481698140501976,True,0,0,0
152485_NT_AL_AA.fasta.zip,0.6785523295402527,0.9348715543746948,False,0,0,0
152503_NT_AL_AA.fasta.zip,1.5872538884480794,0.829580823580424,False,0,0,0
152518_NT_AL_AA.fasta.zip,0.8231808841228485,0.8417748808860779,False,0,0,0
152579_NT_AL_AA.fasta.zip,0.8984350264072418,0.6413158178329468,False,0,0,0
152789_NT_AL_AA.fasta.zip,0.8469191193580627,0.4164096564054489,False,0,0,0
152831_NT_AL_AA.fasta.zip,0.7228329181671143,0.3612331996361415,False,0,0,0
152992_NT_AL_AA.fasta.zip,0.8846859633922577,0.6013614237308502,True,0,0,0
153090_NT_AL_AA.fasta.zip,0.3332811047633489,0.8965247273445129,False,0,0,0
153129_NT_AL_AA.fasta.zip,0.653596818447113,0.7082000374794006,False,0,0,0
153222_NT_AL_AA.fasta.zip,0.7430033683776855,0.9608102738857269,False,0,0,0
153241_NT_AL_AA.fasta.zip,0.7951392928759257,0.9294916788736979,False,0,0,0
153562_NT_AL_AA.fasta.zip,0.9232030212879181,0.954049825668335,False,0,0,0
153572_NT_AL_AA.fasta.zip,1.5567314624786377,0.9713950157165527,False,0,0,0
153579_NT_AL_AA.fasta.zip,1.18936687707901,0.3130616396665573,False,0,0,0
153642_NT_AL_AA.fasta.zip,0.6309271454811096,0.7017557322978973,False,0,0,0
1536_NT_AL_AA.fasta.zip,0.22353378683328629,0.74128258228302,False,0,0,0
153733_NT_AL_AA.fasta.zip,2.7328569889068604,0.8956596255302429,False,0,0,0
153745_NT_AL_AA.fasta.zip,2.0063081979751587,0.6902481764554977,True,0,0,0
153769_NT_AL_AA.fasta.zip,1.3730011582374573,0.8618790805339813,True,0,0,0
153830_NT_AL_AA.fasta.zip,0.1579314023256302,0.97820645570755,False,0,0,0
1538_NT_AL_AA.fasta.zip,3.7803776264190674,0.33157555758953094,True,0,0,0
1539_NT_AL_AA.fasta.zip,2.73731005191803,0.39680220978334546,True,0,0,0
154043_NT_AL_AA.fasta.zip,0.6164109110832214,0.7615185678005219,False,0,0,0
154075_NT_AL_AA.fasta.zip,1.1631304025650024,0.9623468816280365,False,0,0,0
154091_NT_AL_AA.fasta.zip,0.6706476509571075,0.9615266621112823,False,0,0,0
1540_NT_AL_AA.fasta.zip,0.6495995223522186,0.840114176273346,True,0,0,0
154197_NT_AL_AA.fasta.zip,1.0914808511734009,0.7651968598365784,False,0,0,0
154214_NT_AL_AA.fasta.zip,1.802670031785965,0.9786178469657898,True,0,0,0
154313_NT_AL_AA.fasta.zip,0.8546337187290192,0.5912421941757202,False,0,0,0
1545_NT_AL_AA.fasta.zip,0.8992219567298889,0.3746402710676193,False,0,0,0
154664_NT_AL_AA.fasta.zip,2.8925195065411655,0.3823819553310221,True,0,0,0
154796_NT_AL_AA.fasta.zip,1.6085372765858967,0.9729586243629456,True,0,0,0
154810_NT_AL_AA.fasta.zip,0.7755365967750549,0.9642748832702637,False,0,0,0
154865_NT_AL_AA.fasta.zip,1.0875454246997833,0.5064744353294373,True,0,0,0
155038_NT_AL_AA.fasta.zip,1.8691420555114746,0.2276904657483101,False,0,0,0
155061_NT_AL_AA.fasta.zip,1.5325957536697388,0.8645415902137756,True,0,0,0
155185_NT_AL_AA.fasta.zip,1.319578468799591,0.3883891850709915,False,0,0,0
155435_NT_AL_AA.fasta.zip,0.8086118300755819,0.8797193169593811,False,0,0,0
156_NT_AL_AA.fasta.zip,0.273556187748909,0.9589571058750153,False,0,0,0
1571_NT_AL_AA.fasta.zip,0.8230573832988739,0.30337437987327576,False,0,0,0
157285_NT_AL_AA.fasta.zip,1.3166283965110779,0.9187384843826294,True,0,0,0
157313_NT_AL_AA.fasta.zip,3.1626179218292236,0.8704918821652731,True,0,0,0
157570_NT_AL_AA.fasta.zip,2.1101908087730408,0.8593460917472839,True,0,0,0
157680_NT_AL_AA.fasta.zip,0.8299984037876129,0.8632665276527405,True,0,0,0
157769_NT_AL_AA.fasta.zip,0.33113640546798706,0.9286262392997742,False,0,0,0
157777_NT_AL_AA.fasta.zip,1.303779423236847,0.4351007491350174,False,0,0,0
157855_NT_AL_AA.fasta.zip,0.8979249596595764,0.6681841015815735,False,0,0,0
157922_NT_AL_AA.fasta.zip,0.6781716197729111,0.8567366600036621,False,0,0,0
157_NT_AL_AA.fasta.zip,0.2519615367054939,0.2270529791712761,False,0,0,0
158038_NT_AL_AA.fasta.zip,0.5859203338623047,0.8536312282085419,False,0,0,0
158056_NT_AL_AA.fasta.zip,0.7925708014518023,0.4527360536158085,True,0,0,0
158135_NT_AL_AA.fasta.zip,0.5063334107398987,0.9630167186260223,False,0,0,0
158158_NT_AL_AA.fasta.zip,1.0842498242855072,0.9296554327011108,True,0,0,0
1581_NT_AL_AA.fasta.zip,0.8426203727722168,0.6493028998374939,False,0,0,0
158219_NT_AL_AA.fasta.zip,0.6120173931121826,0.7171037793159485,False,0,0,0
158248_NT_AL_AA.fasta.zip,3.4722747802734375,0.40763266881306964,True,0,0,0
1582_NT_AL_AA.fasta.zip,0.9651798605918884,0.16803517937660217,False,0,0,0
158326_NT_AL_AA.fasta.zip,1.071047341823578,0.31457694321870805,True,0,0,0
158358_NT_AL_AA.fasta.zip,1.925216519832611,0.9530221104621888,True,0,0,0
158399_NT_AL_AA.fasta.zip,2.8273900747299194,0.8429092466831207,True,0,0,0
1583_NT_AL_AA.fasta.zip,0.8713290691375732,0.2911859601736069,False,0,0,0
158401_NT_AL_AA.fasta.zip,4.0683669090271,0.5151373445987701,True,0,0,0
158405_NT_AL_AA.fasta.zip,0.9391191005706787,0.9595948755741119,True,0,0,0
158471_NT_AL_AA.fasta.zip,2.3733948059380054,0.863994687795639,True,0,0,0
1586_NT_AL_AA.fasta.zip,1.1234317421913147,0.2973151057958603,False,0,0,0
158747_NT_AL_AA.fasta.zip,0.6842473447322845,0.6038872301578522,False,0,0,0
158763_NT_AL_AA.fasta.zip,2.6592233180999756,0.7400336563587189,True,0,0,0
158880_NT_AL_AA.fasta.zip,1.823030173778534,0.9717595279216766,True,0,0,0
1588_NT_AL_AA.fasta.zip,0.7017959952354431,0.49825575947761536,False,0,0,0
1589_NT_AL_AA.fasta.zip,1.0617937445640564,0.5187429189682007,False,0,0,0
159195_NT_AL_AA.fasta.zip,1.5653103217482567,0.9614794552326202,True,0,0,0
1591_NT_AL_AA.fasta.zip,0.6459863185882568,0.6051553040742874,False,0,0,0
1592_NT_AL_AA.fasta.zip,0.6394815742969513,0.8949702084064484,False,0,0,0
1593_NT_AL_AA.fasta.zip,0.9897937774658203,0.36835774779319763,False,0,0,0
1594_NT_AL_AA.fasta.zip,0.759782999753952,0.774658739566803,False,0,0,0
1595_NT_AL_AA.fasta.zip,1.5720617771148682,0.9740324914455414,False,0,0,0
159686_NT_AL_AA.fasta.zip,1.042949229478836,0.6961192786693573,True,0,0,0
159963_NT_AL_AA.fasta.zip,0.4535094350576401,0.6168578416109085,False,0,0,0
159989_NT_AL_AA.fasta.zip,1.2358857989311218,0.9383160769939423,False,0,0,0
1600_NT_AL_AA.fasta.zip,0.6934596002101898,0.9643353819847107,False,0,0,0
1601_NT_AL_AA.fasta.zip,1.0699613392353058,0.872543603181839,True,0,0,0
1602_NT_AL_AA.fasta.zip,0.42071039229631424,0.971321314573288,True,0,0,0
160418_NT_AL_AA.fasta.zip,0.4134185314178467,0.852863073348999,False,0,0,0
160428_NT_AL_AA.fasta.zip,0.7811690072218577,0.6221608718236288,True,0,0,0
160518_NT_AL_AA.fasta.zip,0.7190594673156738,0.9407943487167358,True,0,0,0
1605_NT_AL_AA.fasta.zip,0.6767806112766266,0.8666857481002808,False,0,0,0
1606_NT_AL_AA.fasta.zip,0.7023920118808746,0.6173510551452637,False,0,0,0
160728_NT_AL_AA.fasta.zip,0.5457676351070404,0.38266660273075104,False,0,0,0
160762_NT_AL_AA.fasta.zip,1.6118162274360657,0.1537408009171486,False,0,0,0
160777_NT_AL_AA.fasta.zip,1.1186800599098206,0.6763220727443695,False,0,0,0
1607_NT_AL_AA.fasta.zip,0.3663719445466995,0.9653581082820892,False,0,0,0
160851_NT_AL_AA.fasta.zip,0.5399736861387888,0.9641292889912924,False,0,0,0
1608_NT_AL_AA.fasta.zip,1.9886155128479004,0.9754753410816193,True,0,0,0
1609_NT_AL_AA.fasta.zip,0.6936368942260742,0.815283457438151,False,0,0,0
160_NT_AL_AA.fasta.zip,0.3816821128129959,0.968348354101181,True,0,0,0
161176_NT_AL_AA.fasta.zip,1.4892707467079163,0.21684106439352036,False,0,0,0
161198_NT_AL_AA.fasta.zip,1.3797199130058289,0.8305321633815765,False,0,0,0
1612_NT_AL_AA.fasta.zip,0.6308183968067169,0.6735709309577942,True,0,0,0
161357_NT_AL_AA.fasta.zip,0.2846212759613991,0.9724227488040924,False,0,0,0
161394_NT_AL_AA.fasta.zip,4.746982574462891,0.5420642495155334,True,0,0,0
1613_NT_AL_AA.fasta.zip,0.3590060919523239,0.9718801379203796,False,0,0,0
161424_NT_AL_AA.fasta.zip,1.679249346256256,0.8865319788455963,True,0,0,0
161436_NT_AL_AA.fasta.zip,0.575741246342659,0.5879285261034966,True,0,0,0
161497_NT_AL_AA.fasta.zip,1.5156793594360352,0.6344197355210781,True,0,0,0
1615_NT_AL_AA.fasta.zip,0.47622840106487274,0.9039101898670197,False,0,0,0
1616_NT_AL_AA.fasta.zip,1.5834606885910034,0.9647174179553986,True,0,0,0
161725_NT_AL_AA.fasta.zip,1.16987540324529,0.9747803608576456,True,0,0,0
161829_NT_AL_AA.fasta.zip,1.306715190410614,0.9733139872550964,False,0,0,0
161835_NT_AL_AA.fasta.zip,2.773225784301758,0.6693898439407349,False,0,0,0
161882_NT_AL_AA.fasta.zip,1.6571803490320842,0.9269351164499918,False,0,0,0
161_NT_AL_AA.fasta.zip,0.4134773910045624,0.8931650817394257,False,0,0,0
162073_NT_AL_AA.fasta.zip,0.8940297663211823,0.8511886596679688,False,0,0,0
1620_NT_AL_AA.fasta.zip,0.24232187867164612,0.9673595726490021,False,0,0,0
1621_NT_AL_AA.fasta.zip,0.5608935058116913,0.38798005878925323,False,0,0,0
162282_NT_AL_AA.fasta.zip,1.1031539837519329,0.8766515254974365,True,0,0,0
162333_NT_AL_AA.fasta.zip,2.7734634280204773,0.9107480943202972,True,0,0,0
162387_NT_AL_AA.fasta.zip,1.8589965105056763,0.8272190690040588,False,0,0,0
162394_NT_AL_AA.fasta.zip,2.095776081085205,0.35124891996383667,True,0,0,0
162417_NT_AL_AA.fasta.zip,0.9641274511814117,0.9416674375534058,False,0,0,0
162514_NT_AL_AA.fasta.zip,0.7601971328258514,0.8652304708957672,False,0,0,0
162540_NT_AL_AA.fasta.zip,1.1307529211044312,0.7286295890808105,False,0,0,0
162605_NT_AL_AA.fasta.zip,0.8684262335300446,0.9509744048118591,True,0,0,0
162681_NT_AL_AA.fasta.zip,1.5201963186264038,0.9430446624755859,False,0,0,0
1627_NT_AL_AA.fasta.zip,0.6438484936952591,0.9717345535755157,True,0,0,0
162979_NT_AL_AA.fasta.zip,1.3396707773208618,0.9265715479850769,False,0,0,0
162_NT_AL_AA.fasta.zip,0.32492417842149734,0.9569527804851532,True,0,0,0
163033_NT_AL_AA.fasta.zip,1.0847078561782837,0.9845816493034363,False,0,0,0
1630_NT_AL_AA.fasta.zip,0.582004557053248,0.7424889802932739,True,0,0,0
163175_NT_AL_AA.fasta.zip,0.7375982105731964,0.49840278923511505,False,0,0,0
163259_NT_AL_AA.fasta.zip,1.0295105874538422,0.9475885927677155,False,0,0,0
163479_NT_AL_AA.fasta.zip,0.8815924823284149,0.4847917705774307,False,0,0,0
163486_NT_AL_AA.fasta.zip,0.9889020323753357,0.6849172115325928,True,0,0,0
163589_NT_AL_AA.fasta.zip,1.2200089295705159,0.9219425320625305,True,0,0,0
1636_NT_AL_AA.fasta.zip,1.006510779261589,0.2672598250210285,True,0,0,0
163702_NT_AL_AA.fasta.zip,2.4853233098983765,0.32241426408290863,True,0,0,0
163782_NT_AL_AA.fasta.zip,1.6194401582082112,0.9456516702969869,True,0,0,0
163786_NT_AL_AA.fasta.zip,0.797965794801712,0.7191977798938751,False,0,0,0
163859_NT_AL_AA.fasta.zip,1.4185755848884583,0.9280366599559784,False,0,0,0
163882_NT_AL_AA.fasta.zip,2.193944811820984,0.9278079867362976,True,0,0,0
1638_NT_AL_AA.fasta.zip,0.5933163166046143,0.5952486991882324,False,0,0,0
1639_NT_AL_AA.fasta.zip,0.6245951056480408,0.9349259734153748,True,0,0,0
163_NT_AL_AA.fasta.zip,0.12483098854621251,0.9771596789360046,False,0,0,0
164045_NT_AL_AA.fasta.zip,1.3249786297480266,0.7910740474859873,True,0,0,0
164118_NT_AL_AA.fasta.zip,1.704440712928772,0.8012419641017914,False,0,0,0
164127_NT_AL_AA.fasta.zip,3.486228585243225,0.7471202611923218,True,0,0,0
1642_NT_AL_AA.fasta.zip,0.09348815927902858,0.9708884755770365,False,0,0,0
164312_NT_AL_AA.fasta.zip,2.1308528184890747,0.3160824328660965,True,0,0,0
164592_NT_AL_AA.fasta.zip,2.3781564235687256,0.33458100259304047,True,0,0,0
164656_NT_AL_AA.fasta.zip,0.8042357563972473,0.4174448847770691,True,0,0,0
164684_NT_AL_AA.fasta.zip,3.1461015343666077,0.38144439458847046,True,0,0,0
164714_NT_AL_AA.fasta.zip,0.6693727076053619,0.8544348478317261,False,0,0,0
164832_NT_AL_AA.fasta.zip,3.950902819633484,0.9350387156009674,True,0,0,0
164_NT_AL_AA.fasta.zip,0.1083915214985609,0.9637063443660736,False,0,0,0
165055_NT_AL_AA.fasta.zip,1.5494741797447205,0.7832540571689606,True,0,0,0
165082_NT_AL_AA.fasta.zip,1.5302006602287292,0.1901961099356413,False,0,0,0
165186_NT_AL_AA.fasta.zip,1.9361420075098674,0.6894406378269196,True,0,0,0
165215_NT_AL_AA.fasta.zip,1.2093912661075592,0.8905495703220367,True,0,0,0
1653_NT_AL_AA.fasta.zip,0.2186480537056923,0.9017431437969208,False,0,0,0
1654_NT_AL_AA.fasta.zip,0.16459602862596512,0.9566587507724762,False,0,0,0
165530_NT_AL_AA.fasta.zip,3.0983773469924927,0.1345643699169159,True,0,0,0
165545_NT_AL_AA.fasta.zip,0.9857547879219055,0.7442524433135986,False,0,0,0
1655_NT_AL_AA.fasta.zip,0.09652668610215187,0.9754088222980499,False,0,0,0
1657_NT_AL_AA.fasta.zip,0.6339795844895499,0.9140779461179461,False,0,0,0
165829_NT_AL_AA.fasta.zip,1.7574319243431091,0.9696207642555237,True,0,0,0
165904_NT_AL_AA.fasta.zip,2.7489758491516114,0.9272950291633606,True,0,0,0
165918_NT_AL_AA.fasta.zip,1.996687889099121,0.8481464982032776,True,0,0,0
1659_NT_AL_AA.fasta.zip,0.22958375761906305,0.9216990073521932,False,0,0,0
165_NT_AL_AA.fasta.zip,0.805833657582601,0.9602473775545756,True,0,0,0
1660_NT_AL_AA.fasta.zip,0.526197150349617,0.7253144532442093,True,0,0,0
1662_NT_AL_AA.fasta.zip,0.9409528076648712,0.9594740569591522,False,0,0,0
166348_NT_AL_AA.fasta.zip,0.7904825806617737,0.5098178833723068,False,0,0,0
166378_NT_AL_AA.fasta.zip,0.8501851558685303,0.8535452783107758,False,0,0,0
166379_NT_AL_AA.fasta.zip,1.9220489263534546,0.5525002777576447,False,0,0,0
1663_NT_AL_AA.fasta.zip,0.9882930517196655,0.7715634405612946,False,0,0,0
1665_NT_AL_AA.fasta.zip,0.049503316171467304,0.9662895500659943,False,0,0,0
166614_NT_AL_AA.fasta.zip,0.5002472400665283,0.9735774099826813,False,0,0,0
166647_NT_AL_AA.fasta.zip,0.5259902477264404,0.7583332459131876,False,0,0,0
166752_NT_AL_AA.fasta.zip,2.8097607612609865,0.26984660029411317,True,0,0,0
166793_NT_AL_AA.fasta.zip,0.6631461381912231,0.9718485772609711,False,0,0,0
166815_NT_AL_AA.fasta.zip,0.9338497817516327,0.961665004491806,False,0,0,0
166863_NT_AL_AA.fasta.zip,0.7283737063407898,0.974766194820404,False,0,0,0
166968_NT_AL_AA.fasta.zip,0.8694072365760803,0.7698743343353271,False,0,0,0
166979_NT_AL_AA.fasta.zip,2.586008906364441,0.8287492096424103,False,0,0,0
167465_NT_AL_AA.fasta.zip,0.6248010545969009,0.9787231981754303,True,0,0,0
167691_NT_AL_AA.fasta.zip,2.6446489691734314,0.8684584498405457,True,0,0,0
167838_NT_AL_AA.fasta.zip,0.9071960747241974,0.9699544608592987,True,0,0,0
168002_NT_AL_AA.fasta.zip,2.7351075410842896,0.5466311275959015,True,0,0,0
168507_NT_AL_AA.fasta.zip,2.0716759959856668,0.25123945623636246,True,0,0,0
168544_NT_AL_AA.fasta.zip,1.0650614500045776,0.9792939722537994,False,0,0,0
168667_NT_AL_AA.fasta.zip,0.43132901191711426,0.6344123184680939,False,0,0,0
1687_NT_AL_AA.fasta.zip,1.4311007261276245,0.45245999097824097,False,0,0,0
168850_NT_AL_AA.fasta.zip,0.8595201373100281,0.9790789484977722,False,0,0,0
169044_NT_AL_AA.fasta.zip,0.6140322089195251,0.11886412790045142,False,0,0,0
1690_NT_AL_AA.fasta.zip,0.7730028927326202,0.8179112374782562,False,0,0,0
169436_NT_AL_AA.fasta.zip,1.5169720649719238,0.26562638580799103,False,0,0,0
169522_NT_AL_AA.fasta.zip,0.7938474416732788,0.8271859288215637,False,0,0,0
169611_NT_AL_AA.fasta.zip,0.83151975274086,0.9513831734657288,False,0,0,0
169714_NT_AL_AA.fasta.zip,0.8399679064750671,0.36602116376161575,False,0,0,0
169792_NT_AL_AA.fasta.zip,1.1414832472801208,0.9230140745639801,False,0,0,0
169841_NT_AL_AA.fasta.zip,2.576486587524414,0.9682058691978455,True,0,0,0
16_NT_AL_AA.fasta.zip,0.3170350193977356,0.4455330967903137,False,0,0,0
170302_NT_AL_AA.fasta.zip,0.5283710211515427,0.9805968999862671,False,0,0,0
170392_NT_AL_AA.fasta.zip,0.6340599656105042,0.7329243719577789,False,0,0,0
170394_NT_AL_AA.fasta.zip,1.5045260787010193,0.9231506586074829,True,0,0,0
170506_NT_AL_AA.fasta.zip,0.4790724615255992,0.690695991118749,True,0,0,0
170689_NT_AL_AA.fasta.zip,0.5714554488658905,0.9036312401294708,False,0,0,0
170690_NT_AL_AA.fasta.zip,0.6112100780010223,0.3633596748113632,True,0,0,0
170691_NT_AL_AA.fasta.zip,0.6583873728911082,0.6574134230613708,True,0,0,0
170692_NT_AL_AA.fasta.zip,0.6028449932734171,0.5601019263267517,True,0,0,0
170954_NT_AL_AA.fasta.zip,2.3348289132118225,0.9473163485527039,True,0,0,0
170961_NT_AL_AA.fasta.zip,1.99135822057724,0.7942425012588501,True,0,0,0
171017_NT_AL_AA.fasta.zip,0.2617664635181427,0.9640999734401703,False,0,0,0
171019_NT_AL_AA.fasta.zip,0.7887677252292633,0.7006491124629974,True,0,0,0
171023_NT_AL_AA.fasta.zip,1.8755571693181992,0.9607751369476318,True,0,0,0
171024_NT_AL_AA.fasta.zip,1.284464438756307,0.8742691278457642,False,0,0,0
171389_NT_AL_AA.fasta.zip,1.1029992202917736,0.5986631363630295,True,0,0,0
1718_NT_AL_AA.fasta.zip,0.2557869106531143,0.5854699909687042,False,0,0,0
1729_NT_AL_AA.fasta.zip,0.7694761455059052,0.7172213097413381,True,0,0,0
1730_NT_AL_AA.fasta.zip,1.0121020277341206,0.7724636594454447,True,0,0,0
1736_NT_AL_AA.fasta.zip,0.3913278579711914,0.9714698195457458,False,0,0,0
1737_NT_AL_AA.fasta.zip,1.1327451467514038,0.984064370393753,True,0,0,0
1738_NT_AL_AA.fasta.zip,0.9473886489868164,0.9409045577049255,False,0,0,0
1739_NT_AL_AA.fasta.zip,0.46242885291576385,0.9146633148193359,False,0,0,0
173_NT_AL_AA.fasta.zip,2.6155883073806763,0.3438899964094162,False,0,0,0
1740_NT_AL_AA.fasta.zip,0.14029169455170631,0.9674127697944641,False,0,0,0
1741_NT_AL_AA.fasta.zip,0.26178721338510513,0.9686971008777618,False,0,0,0
1742_NT_AL_AA.fasta.zip,0.15794052183628082,0.9734666347503662,False,0,0,0
174_NT_AL_AA.fasta.zip,2.4684070348739624,0.09881425648927689,False,0,0,0
1755_NT_AL_AA.fasta.zip,0.7736269044024604,0.4387018382549286,True,0,0,0
1756_NT_AL_AA.fasta.zip,1.8083940297365189,0.9407293796539307,True,0,0,0
1757_NT_AL_AA.fasta.zip,0.47724607586860657,0.5731167644262314,True,0,0,0
1758_NT_AL_AA.fasta.zip,2.9195250272750854,0.48012684285640717,True,0,0,0
1759_NT_AL_AA.fasta.zip,0.1621934249997139,0.9707451462745667,False,0,0,0
1760_NT_AL_AA.fasta.zip,0.61573126912117,0.8475868999958038,False,0,0,0
1762_NT_AL_AA.fasta.zip,0.7865243554115295,0.9854996204376221,False,0,0,0
1763_NT_AL_AA.fasta.zip,0.7345602611700693,0.6314596434434255,True,0,0,0
1767_NT_AL_AA.fasta.zip,0.7347401022911072,0.4770131051540375,True,0,0,0
1768_NT_AL_AA.fasta.zip,0.48357850313186646,0.49141529699166614,True,0,0,0
1769_NT_AL_AA.fasta.zip,0.37100791931152344,0.6117125794291496,True,0,0,0
176_NT_AL_AA.fasta.zip,2.3458809152245523,0.6578032672405243,True,0,0,0
1770_NT_AL_AA.fasta.zip,0.8584522664546966,0.3157748203724623,True,0,0,0
1778_NT_AL_AA.fasta.zip,0.15944723337888717,0.955160939693451,False,0,0,0
1780_NT_AL_AA.fasta.zip,0.3570171743631363,0.9800429940223694,False,0,0,0
1781_NT_AL_AA.fasta.zip,0.13561125844717026,0.969247043132782,False,0,0,0
1785_NT_AL_AA.fasta.zip,0.3232351243495941,0.9677675366401672,False,0,0,0
1786_NT_AL_AA.fasta.zip,0.9476222172379494,0.7777485698461533,True,0,0,0
1788_NT_AL_AA.fasta.zip,0.28006722405552864,0.9639765620231628,True,0,0,0
1789_NT_AL_AA.fasta.zip,0.9443321526050568,0.837183803319931,True,0,0,0
178_NT_AL_AA.fasta.zip,0.49404963850975037,0.5078644007444382,False,0,0,0
1791_NT_AL_AA.fasta.zip,0.7901088297367096,0.7220296263694763,False,0,0,0
1793_NT_AL_AA.fasta.zip,0.4193677008152008,0.9142434000968933,False,0,0,0
1794_NT_AL_AA.fasta.zip,0.2857775896787643,0.7824816226959228,False,0,0,0
1795_NT_AL_AA.fasta.zip,0.4840841680765152,0.9090547680854797,True,0,0,0
1796_NT_AL_AA.fasta.zip,0.9263595342636108,0.8958741128444672,False,0,0,0
1803_NT_AL_AA.fasta.zip,0.6934673488140106,0.6339000463485718,False,0,0,0
1804_NT_AL_AA.fasta.zip,0.798248678445816,0.6635111272335052,True,0,0,0
1806_NT_AL_AA.fasta.zip,0.4677135447661082,0.5665983955065409,False,0,0,0
1807_NT_AL_AA.fasta.zip,0.5491058528423309,0.5779026597738266,False,0,0,0
1808_NT_AL_AA.fasta.zip,0.23893137276172638,0.9734060764312744,False,0,0,0
1809_NT_AL_AA.fasta.zip,0.535751223564148,0.9757966101169586,False,0,0,0
1811_NT_AL_AA.fasta.zip,0.6151430904865265,0.4084567427635193,False,0,0,0
1816_NT_AL_AA.fasta.zip,1.4515202045440674,0.9643700122833252,False,0,0,0
1820_NT_AL_AA.fasta.zip,0.8078786432743073,0.9724930226802826,False,0,0,0
1821_NT_AL_AA.fasta.zip,0.5440615713596344,0.9655944108963013,False,0,0,0
1822_NT_AL_AA.fasta.zip,0.5964177548885345,0.9680265337228775,True,0,0,0
1823_NT_AL_AA.fasta.zip,0.8892813324928284,0.3341452032327652,False,0,0,0
1824_NT_AL_AA.fasta.zip,0.9577629566192627,0.2793625518679619,False,0,0,0
1825_NT_AL_AA.fasta.zip,0.7831645905971527,0.35328318178653717,False,0,0,0
1826_NT_AL_AA.fasta.zip,0.36401896774768827,0.9347996592521668,False,0,0,0
1829_NT_AL_AA.fasta.zip,1.5595742464065552,0.6025384863217672,True,0,0,0
182_NT_AL_AA.fasta.zip,0.8041817645231882,0.7251025636990865,True,0,0,0
1830_NT_AL_AA.fasta.zip,1.7814272840817769,0.387856596459945,True,0,0,0
1832_NT_AL_AA.fasta.zip,0.8051626284917196,0.6178998649120331,True,0,0,0
1834_NT_AL_AA.fasta.zip,4.299528201421102,0.962520033121109,False,0,0,0
1836_NT_AL_AA.fasta.zip,0.707234114408493,0.902239978313446,False,0,0,0
1837_NT_AL_AA.fasta.zip,0.46124087274074554,0.9666522145271301,False,0,0,0
1838_NT_AL_AA.fasta.zip,0.43251070380210876,0.8442211151123047,False,0,0,0
1840_NT_AL_AA.fasta.zip,0.7067305147647858,0.9750573337078094,False,0,0,0
1842_NT_AL_AA.fasta.zip,1.488811731338501,0.793159157037735,True,0,0,0
1850_NT_AL_AA.fasta.zip,0.7231642603874207,0.9648245573043823,False,0,0,0
1855_NT_AL_AA.fasta.zip,1.0156508088111877,0.8927872478961945,False,0,0,0
1856_NT_AL_AA.fasta.zip,0.3315385431051254,0.9742173254489899,False,0,0,0
1857_NT_AL_AA.fasta.zip,0.17896369099617004,0.9718573689460754,False,0,0,0
1859_NT_AL_AA.fasta.zip,0.1646660678088665,0.9669231474399567,False,0,0,0
1877_NT_AL_AA.fasta.zip,0.858161985874176,0.9375099539756775,True,0,0,0
1879_NT_AL_AA.fasta.zip,0.08784518390893936,0.9744877219200134,False,0,0,0
1889_NT_AL_AA.fasta.zip,0.43059776723384857,0.41720809042453766,False,0,0,0
1893_NT_AL_AA.fasta.zip,1.204405963420868,0.49310584366321564,False,0,0,0
1894_NT_AL_AA.fasta.zip,0.783086508512497,0.9094102382659912,False,0,0,0
18_NT_AL_AA.fasta.zip,0.4542829394340515,0.7542322278022766,False,0,0,0
190_NT_AL_AA.fasta.zip,1.6115977764129639,0.8284960389137268,False,0,0,0
1911_NT_AL_AA.fasta.zip,0.7283379038174947,0.954202930132548,False,0,0,0
1912_NT_AL_AA.fasta.zip,0.867522194981575,0.9691214561462402,True,0,0,0
191_NT_AL_AA.fasta.zip,0.24670350551605225,0.5864534676074982,False,0,0,0
192666_NT_AL_AA.fasta.zip,2.737854242324829,0.5663682073354721,True,0,0,0
192669_NT_AL_AA.fasta.zip,0.07356802560389042,0.9710693955421448,False,0,0,0
1936_NT_AL_AA.fasta.zip,1.4330947399139404,0.9247461557388306,True,0,0,0
1938_NT_AL_AA.fasta.zip,0.11992354691028595,0.9730033874511719,False,0,0,0
1939_NT_AL_AA.fasta.zip,1.41066974401474,0.8795268833637238,False,0,0,0
1950_NT_AL_AA.fasta.zip,1.6468738317489624,0.4423314332962036,True,0,0,0
1952_NT_AL_AA.fasta.zip,0.5336140543222427,0.7764159937699636,True,0,0,0
1953_NT_AL_AA.fasta.zip,0.7178367078304291,0.02028661035001278,False,0,0,0
1954_NT_AL_AA.fasta.zip,0.69953020910422,0.8033442695935568,True,0,0,0
1955_NT_AL_AA.fasta.zip,1.3315439224243164,0.5639371871948242,True,0,0,0
1956_NT_AL_AA.fasta.zip,0.3842654625574748,0.6497645676136017,True,0,0,0
1958_NT_AL_AA.fasta.zip,0.8544553518295288,0.9610725045204163,False,0,0,0
1961_NT_AL_AA.fasta.zip,1.3296536803245544,0.9526342153549194,False,0,0,0
1962_NT_AL_AA.fasta.zip,0.8643715381622314,0.3519264906644821,False,0,0,0
196385_NT_AL_AA.fasta.zip,0.45451703667640686,0.423508782684803,True,0,0,0
196441_NT_AL_AA.fasta.zip,0.8804528713226318,0.8038528442382813,True,0,0,0
196446_NT_AL_AA.fasta.zip,1.1720046997070312,0.9483372271060944,False,0,0,0
196463_NT_AL_AA.fasta.zip,0.5125485509634018,0.42395950853824615,False,0,0,0
196477_NT_AL_AA.fasta.zip,3.094219446182251,0.9544751644134521,False,0,0,0
196513_NT_AL_AA.fasta.zip,1.4370820224285126,0.9409097135066986,True,0,0,0
196527_NT_AL_AA.fasta.zip,0.4468455910682678,0.7617266774177551,False,0,0,0
196528_NT_AL_AA.fasta.zip,0.9546033330261707,0.9165996015071869,True,0,0,0
196743_NT_AL_AA.fasta.zip,0.6253114640712738,0.5598724782466888,False,0,0,0
196883_NT_AL_AA.fasta.zip,0.673379143079122,0.9102229873339335,False,0,0,0
1969_NT_AL_AA.fasta.zip,0.5087344646453857,0.6449107378721237,True,0,0,0
196_NT_AL_AA.fasta.zip,1.8828255236148834,0.79123455286026,True,0,0,0
197021_NT_AL_AA.fasta.zip,0.7781610190868378,0.2907078340649605,False,0,0,0
197131_NT_AL_AA.fasta.zip,0.8461337685585022,0.8989841341972351,True,0,0,0
197135_NT_AL_AA.fasta.zip,1.7159178256988525,0.8049227893352509,False,0,0,0
197258_NT_AL_AA.fasta.zip,0.8464212616284689,0.41707437733809155,False,0,0,0
197322_NT_AL_AA.fasta.zip,0.6494498252868652,0.5425658822059631,False,0,0,0
197335_NT_AL_AA.fasta.zip,1.3283223509788513,0.5346344709396362,True,0,0,0
197358_NT_AL_AA.fasta.zip,0.8385764161745707,0.43953244139750797,True,0,0,0
197407_NT_AL_AA.fasta.zip,0.822828859090805,0.976168692111969,False,0,0,0
1975_NT_AL_AA.fasta.zip,0.7122690677642822,0.9565908014774323,False,0,0,0
1981_NT_AL_AA.fasta.zip,0.8580951243638992,0.9458384960889816,True,0,0,0
1982_NT_AL_AA.fasta.zip,0.11763564124703407,0.9719242751598358,False,0,0,0
199221_NT_AL_AA.fasta.zip,3.7660422325134277,0.6890712777773539,True,0,0,0
199223_NT_AL_AA.fasta.zip,1.1555700302124023,0.2560824404160182,False,0,0,0
199720_NT_AL_AA.fasta.zip,2.596055507659912,0.9281227290630341,True,0,0,0
199786_NT_AL_AA.fasta.zip,1.8957875967025757,0.21273857355117798,False,0,0,0
1997_NT_AL_AA.fasta.zip,0.9683771431446075,0.9265771210193634,False,0,0,0
1998_NT_AL_AA.fasta.zip,0.9060995876789093,0.954329639673233,False,0,0,0
199920_NT_AL_AA.fasta.zip,2.955777645111084,0.8755703270435333,True,0,0,0
199953_NT_AL_AA.fasta.zip,0.7615930736064911,0.7555990815162659,False,0,0,0
19_NT_AL_AA.fasta.zip,0.4135324478149414,0.8652552962303162,False,0,0,0
1_NT_AL_AA.fasta.zip,1.35871160030365,0.13795048743486404,False,0,0,0
200008_NT_AL_AA.fasta.zip,0.8977133333683014,0.3089390844106674,False,0,0,0
200010_NT_AL_AA.fasta.zip,0.609903484582901,0.8677669167518616,False,0,0,0
200014_NT_AL_AA.fasta.zip,1.4116617441177368,0.9443903267383575,True,0,0,0
200081_NT_AL_AA.fasta.zip,0.4061407893896103,0.982450008392334,False,0,0,0
2000_NT_AL_AA.fasta.zip,1.7995991706848145,0.9003517925739288,False,0,0,0
200150_NT_AL_AA.fasta.zip,0.6775280833244324,0.944948673248291,False,0,0,0
200162_NT_AL_AA.fasta.zip,1.1193932056427003,0.7301489233970642,False,0,0,0
200186_NT_AL_AA.fasta.zip,1.5429035425186157,0.9374098181724548,False,0,0,0
200403_NT_AL_AA.fasta.zip,1.3753506739934285,0.7027365565299988,False,0,0,0
200424_NT_AL_AA.fasta.zip,1.1695083528757095,0.9107788503170013,True,0,0,0
200558_NT_AL_AA.fasta.zip,1.6789652705192566,0.9353265464305878,False,0,0,0
200576_NT_AL_AA.fasta.zip,0.3913040518760681,0.9510170578956604,False,0,0,0
2006_NT_AL_AA.fasta.zip,1.0562610626220703,0.2538098730146885,False,0,0,0
200844_NT_AL_AA.fasta.zip,0.9643238186836243,0.9682254195213318,True,0,0,0
200958_NT_AL_AA.fasta.zip,2.4190107534329095,0.931915283203125,True,0,0,0
2009_NT_AL_AA.fasta.zip,0.40159396827220917,0.6369758695363998,False,0,0,0
201134_NT_AL_AA.fasta.zip,1.3055541813373566,0.8943346738815308,True,0,0,0
201163_NT_AL_AA.fasta.zip,0.32390400767326355,0.9647199511528015,False,0,0,0
201176_NT_AL_AA.fasta.zip,1.0856759548187256,0.8096440136432648,False,0,0,0
2011_NT_AL_AA.fasta.zip,0.2994123473763466,0.9241020977497101,False,0,0,0
201243_NT_AL_AA.fasta.zip,3.3888912200927734,0.8631212115287781,True,0,0,0
201255_NT_AL_AA.fasta.zip,1.3157782554626465,0.21161774545907974,False,0,0,0
201292_NT_AL_AA.fasta.zip,1.4719301462173462,0.299349844455719,False,0,0,0
201294_NT_AL_AA.fasta.zip,0.7567187150319418,0.5081885556379954,False,0,0,0
201305_NT_AL_AA.fasta.zip,1.0401930809020996,0.5558529645204544,False,0,0,0
201501_NT_AL_AA.fasta.zip,1.4519017934799194,0.9661118388175964,True,0,0,0
201595_NT_AL_AA.fasta.zip,0.1762486845254898,0.9737658202648163,False,0,0,0
2015_NT_AL_AA.fasta.zip,1.284777323404948,0.2256959117949009,True,0,0,0
201625_NT_AL_AA.fasta.zip,0.5879460639423795,0.5252589128083653,True,0,0,0
201626_NT_AL_AA.fasta.zip,1.0350210666656494,0.9262000322341919,False,0,0,0
201627_NT_AL_AA.fasta.zip,0.6243738830089569,0.9130561947822571,False,0,0,0
201798_NT_AL_AA.fasta.zip,0.7353652119636536,0.9413533508777618,False,0,0,0
2017_NT_AL_AA.fasta.zip,0.6281044185161591,0.9691755771636963,False,0,0,0
201973_NT_AL_AA.fasta.zip,0.7802898585796356,0.8536456227302551,False,0,0,0
202151_NT_AL_AA.fasta.zip,2.2501962184906006,0.8689638674259186,False,0,0,0
202243_NT_AL_AA.fasta.zip,1.652887761592865,0.9090452790260315,False,0,0,0
2022_NT_AL_AA.fasta.zip,1.389597773551941,0.2659129574894905,True,0,0,0
202333_NT_AL_AA.fasta.zip,2.440715782227926,0.8408928941935301,True,0,0,0
2028_NT_AL_AA.fasta.zip,0.4973831921815872,0.309994213283062,False,0,0,0
202_NT_AL_AA.fasta.zip,2.0781438797712326,0.882079154253006,True,0,0,0
203054_NT_AL_AA.fasta.zip,0.5047265142202377,0.5228940844535828,False,0,0,0
203062_NT_AL_AA.fasta.zip,2.431265115737915,0.8219613134860992,True,0,0,0
203111_NT_AL_AA.fasta.zip,4.898343563079834,0.37964053452014923,False,0,0,0
203190_NT_AL_AA.fasta.zip,0.4496620297431946,0.9074105322360992,False,0,0,0
203238_NT_AL_AA.fasta.zip,1.9873919486999512,0.895595928033193,True,0,0,0
203286_NT_AL_AA.fasta.zip,0.8772050738334656,0.9582860171794891,True,0,0,0
2033_NT_AL_AA.fasta.zip,1.4867386013269424,0.8692831993103027,True,0,0,0
203430_NT_AL_AA.fasta.zip,4.6105592250823975,0.6054108887910843,True,0,0,0
203447_NT_AL_AA.fasta.zip,2.0890814065933228,0.9505407214164734,True,0,0,0
2034_NT_AL_AA.fasta.zip,0.8874443024396896,0.8425546288490295,True,0,0,0
203522_NT_AL_AA.fasta.zip,0.43692992627620697,0.9696745574474335,False,0,0,0
203523_NT_AL_AA.fasta.zip,0.524631917476654,0.9711904525756836,False,0,0,0
2035_NT_AL_AA.fasta.zip,0.5981642504533132,0.9747870763142904,False,0,0,0
2036_NT_AL_AA.fasta.zip,1.447289451956749,0.9564556926488876,True,0,0,0
2037_NT_AL_AA.fasta.zip,0.7658917109171549,0.9608587026596069,False,0,0,0
203859_NT_AL_AA.fasta.zip,0.7015039026737213,0.6082058250904083,False,0,0,0
2038_NT_AL_AA.fasta.zip,1.3890054821968079,0.1540624499320984,True,0,0,0
2041_NT_AL_AA.fasta.zip,0.763398806254069,0.7500236630439758,False,0,0,0
2042_NT_AL_AA.fasta.zip,0.3426273763179779,0.9101806282997131,False,0,0,0
2043_NT_AL_AA.fasta.zip,0.2093919739127159,0.9572553336620331,False,0,0,0
204474_NT_AL_AA.fasta.zip,1.482617735862732,0.47030067443847656,False,0,0,0
2044_NT_AL_AA.fasta.zip,0.5085109174251556,0.9615801374117533,False,0,0,0
2045_NT_AL_AA.fasta.zip,0.17876093337933222,0.9726118048032125,False,0,0,0
2046_NT_AL_AA.fasta.zip,0.7830110490322113,0.8626448214054108,False,0,0,0
2047_NT_AL_AA.fasta.zip,0.1957717388868332,0.9741342663764954,False,0,0,0
204851_NT_AL_AA.fasta.zip,0.56650610268116,0.9671264092127482,True,0,0,0
2048_NT_AL_AA.fasta.zip,0.2212841734290123,0.9710420668125153,False,0,0,0
204962_NT_AL_AA.fasta.zip,0.9739436209201813,0.16392242908477783,False,0,0,0
2049_NT_AL_AA.fasta.zip,0.3493169769644737,0.9231969714164734,False,0,0,0
2050_NT_AL_AA.fasta.zip,0.4135897606611252,0.6504323184490204,True,0,0,0
205147_NT_AL_AA.fasta.zip,1.7081419229507446,0.9396005868911743,True,0,0,0
2051_NT_AL_AA.fasta.zip,0.9919740955034891,0.6903602878252665,True,0,0,0
2053_NT_AL_AA.fasta.zip,0.8621219992637634,0.40365108847618103,False,0,0,0
205564_NT_AL_AA.fasta.zip,2.2472259402275085,0.9641768336296082,True,0,0,0
205717_NT_AL_AA.fasta.zip,1.6567516326904297,0.7316338688135147,True,0,0,0
2057_NT_AL_AA.fasta.zip,1.511407732963562,0.7770805060863495,False,0,0,0
2058_NT_AL_AA.fasta.zip,0.502617746591568,0.7707962766289711,True,0,0,0
2059_NT_AL_AA.fasta.zip,0.7653246521949768,0.8489279448986053,False,0,0,0
2060_NT_AL_AA.fasta.zip,1.2257623672485352,0.6972722560167313,True,0,0,0
206338_NT_AL_AA.fasta.zip,1.14425528049469,0.3966121772925059,False,0,0,0
2064_NT_AL_AA.fasta.zip,0.5193164745966593,0.7478364109992981,False,0,0,0
2065_NT_AL_AA.fasta.zip,0.5443669358889262,0.7556922634442648,False,0,0,0
2066_NT_AL_AA.fasta.zip,0.25262292722860974,0.9531294504801432,False,0,0,0
2068_NT_AL_AA.fasta.zip,0.6439193189144135,0.8843278288841248,False,0,0,0
2070_NT_AL_AA.fasta.zip,0.43147048354148865,0.9552893340587616,False,0,0,0
2071_NT_AL_AA.fasta.zip,0.2558601200580597,0.9489128589630127,False,0,0,0
2072_NT_AL_AA.fasta.zip,0.54630446434021,0.9333641231060028,False,0,0,0
2073_NT_AL_AA.fasta.zip,1.1281346281369526,0.9665452440579733,True,0,0,0
2074_NT_AL_AA.fasta.zip,0.8377121537923813,0.9537091106176376,True,0,0,0
2077_NT_AL_AA.fasta.zip,0.43200623989105225,0.9727186262607574,False,0,0,0
2081_NT_AL_AA.fasta.zip,0.5918822586536407,0.9729359447956085,False,0,0,0
2099_NT_AL_AA.fasta.zip,0.7303877174854279,0.9505667984485626,True,0,0,0
20_NT_AL_AA.fasta.zip,0.4233741132276399,0.9322488137653896,True,0,0,0
2100_NT_AL_AA.fasta.zip,0.5733996033668518,0.951744943857193,False,0,0,0
2110_NT_AL_AA.fasta.zip,0.4819309115409851,0.5303009748458862,True,0,0,0
2117_NT_AL_AA.fasta.zip,0.6430388391017914,0.9461494088172913,False,0,0,0
2118_NT_AL_AA.fasta.zip,1.1602423787117004,0.881316065788269,False,0,0,0
2119_NT_AL_AA.fasta.zip,0.9203897714614868,0.9548335075378418,False,0,0,0
211_NT_AL_AA.fasta.zip,0.46865372359752655,0.9111431837081909,False,0,0,0
2121_NT_AL_AA.fasta.zip,2.0547401507695517,0.2382828245560328,False,0,0,0
2122_NT_AL_AA.fasta.zip,0.5185493330160776,0.9279165863990784,False,0,0,0
2124_NT_AL_AA.fasta.zip,4.335111379623413,0.8285257816314697,False,0,0,0
2125_NT_AL_AA.fasta.zip,1.165671670436859,0.29977411180734637,True,0,0,0
212_NT_AL_AA.fasta.zip,0.6168104708194733,0.9426327347755432,False,0,0,0
2130_NT_AL_AA.fasta.zip,0.3362418860197067,0.9702484011650085,False,0,0,0
2131_NT_AL_AA.fasta.zip,0.32618243992328644,0.9765075445175171,False,0,0,0
2132_NT_AL_AA.fasta.zip,0.4186939299106598,0.8002192974090576,False,0,0,0
2134_NT_AL_AA.fasta.zip,1.2613240480422974,0.7176916599273682,False,0,0,0
2137_NT_AL_AA.fasta.zip,0.41468022763729095,0.9156010150909424,False,0,0,0
2138_NT_AL_AA.fasta.zip,0.42815248668193817,0.9485209882259369,False,0,0,0
2139_NT_AL_AA.fasta.zip,0.8093532621860504,0.970116138458252,False,0,0,0
213_NT_AL_AA.fasta.zip,1.2794082164764404,0.10298746824264526,False,0,0,0
2140_NT_AL_AA.fasta.zip,0.6593403816223145,0.9774131774902344,True,0,0,0
2145_NT_AL_AA.fasta.zip,0.30683688819408417,0.966221809387207,False,0,0,0
2146_NT_AL_AA.fasta.zip,0.12753703072667122,0.9675174057483673,False,0,0,0
2147_NT_AL_AA.fasta.zip,0.5552756488323212,0.5258541852235794,False,0,0,0
214_NT_AL_AA.fasta.zip,1.2296380996704102,0.9146429002285004,False,0,0,0
2153_NT_AL_AA.fasta.zip,2.4948919074875966,0.7017806214945657,True,0,0,0
2157_NT_AL_AA.fasta.zip,1.9677860975265502,0.8017056047916412,True,0,0,0
2158_NT_AL_AA.fasta.zip,0.5762523710727692,0.5271326303482056,False,0,0,0
215_NT_AL_AA.fasta.zip,0.8304394483566284,0.9685935378074646,False,0,0,0
2161_NT_AL_AA.fasta.zip,1.1454999148845673,0.3125474527478218,False,0,0,0
2162_NT_AL_AA.fasta.zip,0.5146542191505432,0.4928296059370041,False,0,0,0
2165_NT_AL_AA.fasta.zip,0.8703141808509827,0.028375903144478798,False,0,0,0
2166_NT_AL_AA.fasta.zip,0.8392968773841858,0.11512742191553116,False,0,0,0
2175_NT_AL_AA.fasta.zip,1.4566353857517242,0.3397163972258568,True,0,0,0
2176_NT_AL_AA.fasta.zip,1.8350581526756287,0.2545704245567322,False,0,0,0
2177_NT_AL_AA.fasta.zip,1.2449840704600017,0.6597379148006439,False,0,0,0
2178_NT_AL_AA.fasta.zip,2.3338934183120728,0.223793625831604,False,0,0,0
217_NT_AL_AA.fasta.zip,0.5046731531620026,0.42807570844888687,True,0,0,0
2180_NT_AL_AA.fasta.zip,0.5431754142045975,0.49643808603286743,False,0,0,0
2181_NT_AL_AA.fasta.zip,0.39670953154563904,0.5759836435317993,False,0,0,0
2182_NT_AL_AA.fasta.zip,0.3565625250339508,0.8304664790630341,False,0,0,0
2185_NT_AL_AA.fasta.zip,0.49608878294626874,0.6326215962568918,True,0,0,0
2186_NT_AL_AA.fasta.zip,1.0094303361007146,0.9758021831512451,True,0,0,0
2187_NT_AL_AA.fasta.zip,3.4981114864349365,0.3185712397098541,False,0,0,0
2189_NT_AL_AA.fasta.zip,2.043131947517395,0.4371618181467056,False,0,0,0
2191_NT_AL_AA.fasta.zip,0.7629284858703613,0.5290169566869736,False,0,0,0
219285_NT_AL_AA.fasta.zip,1.0114610940217972,0.412476047873497,True,0,0,0
219287_NT_AL_AA.fasta.zip,1.345532774925232,0.9451635777950287,False,0,0,0
2192_NT_AL_AA.fasta.zip,0.48348669707775116,0.4391389414668083,True,0,0,0
2193_NT_AL_AA.fasta.zip,0.4858359545469284,0.3787255436182022,False,0,0,0
2194_NT_AL_AA.fasta.zip,0.6888605058193207,0.47559067606925964,True,0,0,0
219537_NT_AL_AA.fasta.zip,2.5241027772426605,0.7094596475362778,True,0,0,0
219578_NT_AL_AA.fasta.zip,2.313767989476522,0.9595707654953003,True,0,0,0
219595_NT_AL_AA.fasta.zip,0.6967988610267639,0.5701132267713547,False,0,0,0
2195_NT_AL_AA.fasta.zip,0.8156679749488831,0.34133308604359625,True,0,0,0
219681_NT_AL_AA.fasta.zip,1.2290390729904175,0.22998341545462608,False,0,0,0
219699_NT_AL_AA.fasta.zip,0.9314223527908325,0.8779955804347992,False,0,0,0
2196_NT_AL_AA.fasta.zip,1.0578054918183222,0.3157731410529878,True,0,0,0
219736_NT_AL_AA.fasta.zip,2.915844519933065,0.9322311878204346,True,0,0,0
219743_NT_AL_AA.fasta.zip,0.9279195964336395,0.754371851682663,False,0,0,0
219790_NT_AL_AA.fasta.zip,1.842411458492279,0.8832673132419586,False,0,0,0
219855_NT_AL_AA.fasta.zip,0.25832243263721466,0.8234666585922241,False,0,0,0
219931_NT_AL_AA.fasta.zip,0.8423066735267639,0.29374783486127853,False,0,0,0
219988_NT_AL_AA.fasta.zip,0.93536177277565,0.9131198525428772,False,0,0,0
2199_NT_AL_AA.fasta.zip,0.7981433471043905,0.5936092262466749,True,0,0,0
219_NT_AL_AA.fasta.zip,4.641154050827026,0.6117817610502243,False,0,0,0
220001_NT_AL_AA.fasta.zip,1.1461615562438965,0.9632893800735474,False,0,0,0
220032_NT_AL_AA.fasta.zip,1.0619500875473022,0.07128794491291046,False,0,0,0
220042_NT_AL_AA.fasta.zip,3.989379405975342,0.8438322345415751,True,0,0,0
220081_NT_AL_AA.fasta.zip,3.41648006439209,0.730484277009964,True,0,0,0
220082_NT_AL_AA.fasta.zip,1.5697613954544067,0.8939489722251892,False,0,0,0
2200_NT_AL_AA.fasta.zip,0.43238883713881177,0.7673360655705134,True,0,0,0
220108_NT_AL_AA.fasta.zip,0.7950193285942078,0.9749577343463898,False,0,0,0
220136_NT_AL_AA.fasta.zip,2.4337271451950073,0.20230349898338318,False,0,0,0
2201_NT_AL_AA.fasta.zip,0.3979433476924896,0.9591023822625478,True,0,0,0
220213_NT_AL_AA.fasta.zip,1.326138973236084,0.9779001772403717,False,0,0,0
2202_NT_AL_AA.fasta.zip,0.8560779094696045,0.9425154626369476,False,0,0,0
220416_NT_AL_AA.fasta.zip,1.852921724319458,0.23397347331047058,False,0,0,0
220929_NT_AL_AA.fasta.zip,2.7811883687973022,0.9189833402633667,True,0,0,0
220963_NT_AL_AA.fasta.zip,0.7777602672576904,0.9565160274505615,False,0,0,0
220965_NT_AL_AA.fasta.zip,0.8071997761726379,0.9760378897190094,False,0,0,0
220972_NT_AL_AA.fasta.zip,0.9489404857158661,0.9346814453601837,False,0,0,0
220_NT_AL_AA.fasta.zip,0.4336528033018112,0.08909138292074203,False,0,0,0
221002_NT_AL_AA.fasta.zip,1.1442538499832153,0.9623811841011047,False,0,0,0
221037_NT_AL_AA.fasta.zip,1.349180410305659,0.9569098949432373,True,0,0,0
221061_NT_AL_AA.fasta.zip,0.9598475694656372,0.9488466084003448,False,0,0,0
221074_NT_AL_AA.fasta.zip,1.2552297115325928,0.8676619827747345,True,0,0,0
221092_NT_AL_AA.fasta.zip,0.9920043051242828,0.9338466227054596,False,0,0,0
221178_NT_AL_AA.fasta.zip,1.516750415166219,0.7651257117589315,True,0,0,0
221184_NT_AL_AA.fasta.zip,0.3230983167886734,0.7152822613716125,False,0,0,0
221188_NT_AL_AA.fasta.zip,0.8183065950870514,0.4673720896244049,False,0,0,0
221223_NT_AL_AA.fasta.zip,0.8738445341587067,0.19990992546081543,False,0,0,0
221264_NT_AL_AA.fasta.zip,1.323721781373024,0.297622412443161,True,0,0,0
221302_NT_AL_AA.fasta.zip,1.1998025178909302,0.931763768196106,False,0,0,0
221322_NT_AL_AA.fasta.zip,1.3304495016733806,0.685864786307017,True,0,0,0
221393_NT_AL_AA.fasta.zip,1.0958419442176819,0.5980908572673798,False,0,0,0
221395_NT_AL_AA.fasta.zip,1.2243285377820332,0.3441544647018115,True,0,0,0
221400_NT_AL_AA.fasta.zip,1.8795095920562743,0.8634895086288452,True,0,0,0
221458_NT_AL_AA.fasta.zip,0.7621920108795166,0.9165864586830139,False,0,0,0
221472_NT_AL_AA.fasta.zip,0.7511262893676758,0.7886452376842499,False,0,0,0
221476_NT_AL_AA.fasta.zip,2.81687068939209,0.8376999497413635,False,0,0,0
221496_NT_AL_AA.fasta.zip,1.1504510939121246,0.9583496451377869,False,0,0,0
221504_NT_AL_AA.fasta.zip,0.9459362626075745,0.9785858988761902,False,0,0,0
221656_NT_AL_AA.fasta.zip,0.4166926443576813,0.7472331523895264,False,0,0,0
221692_NT_AL_AA.fasta.zip,0.7833479940891266,0.8426811099052429,False,0,0,0
221711_NT_AL_AA.fasta.zip,3.1667032837867737,0.22860928624868393,True,0,0,0
221806_NT_AL_AA.fasta.zip,2.130162686109543,0.46134445536881685,True,0,0,0
221830_NT_AL_AA.fasta.zip,1.3377848267555237,0.9378186166286469,False,0,0,0
221833_NT_AL_AA.fasta.zip,0.5198239088058472,0.9567660391330719,False,0,0,0
221914_NT_AL_AA.fasta.zip,1.2846531867980957,0.18795102834701538,False,0,0,0
221927_NT_AL_AA.fasta.zip,1.0335817337036133,0.23472508043050766,False,0,0,0
221935_NT_AL_AA.fasta.zip,0.5699406147003174,0.3947547361254692,False,0,0,0
221937_NT_AL_AA.fasta.zip,0.5061294883489609,0.8731327056884766,False,0,0,0
221955_NT_AL_AA.fasta.zip,0.6940470933914185,0.5545922517776489,False,0,0,0
221981_NT_AL_AA.fasta.zip,0.7465801984071732,0.6569777578115463,True,0,0,0
222183_NT_AL_AA.fasta.zip,2.9617940187454224,0.7553598284721375,False,0,0,0
222194_NT_AL_AA.fasta.zip,0.9442637264728546,0.9755591452121735,True,0,0,0
222223_NT_AL_AA.fasta.zip,0.6594732999801636,0.7044705450534821,True,0,0,0
222229_NT_AL_AA.fasta.zip,0.9220187664031982,0.8163262605667114,False,0,0,0
222235_NT_AL_AA.fasta.zip,1.017333596944809,0.37814969569444656,True,0,0,0
222255_NT_AL_AA.fasta.zip,1.6606151163578033,0.970283180475235,True,0,0,0
222256_NT_AL_AA.fasta.zip,1.4049504399299622,0.31048185378313065,True,0,0,0
222484_NT_AL_AA.fasta.zip,0.3973538875579834,0.9126867055892944,False,0,0,0
222487_NT_AL_AA.fasta.zip,0.9825397431850433,0.3656454086303711,False,0,0,0
222545_NT_AL_AA.fasta.zip,2.192270874977112,0.7363455593585968,True,0,0,0
222546_NT_AL_AA.fasta.zip,0.6554731726646423,0.9469555020332336,True,0,0,0
222584_NT_AL_AA.fasta.zip,1.2899009188016255,0.8492084741592407,True,0,0,0
222611_NT_AL_AA.fasta.zip,0.9897211492061615,0.6319724917411804,False,0,0,0
222643_NT_AL_AA.fasta.zip,0.7121785283088684,0.8506549596786499,False,0,0,0
222663_NT_AL_AA.fasta.zip,0.5336483716964722,0.9532978137334188,False,0,0,0
222826_NT_AL_AA.fasta.zip,4.319152593612671,0.7830325067043304,False,0,0,0
222950_NT_AL_AA.fasta.zip,1.0922077298164368,0.9453772306442261,False,0,0,0
222962_NT_AL_AA.fasta.zip,0.6630043387413025,0.9179863333702087,False,0,0,0
223075_NT_AL_AA.fasta.zip,3.2543601592381797,0.9153944651285807,True,0,0,0
223117_NT_AL_AA.fasta.zip,0.8927566111087799,0.96579310297966,False,0,0,0
2239_NT_AL_AA.fasta.zip,0.9045200049877167,0.8209887444972992,False,0,0,0
223_NT_AL_AA.fasta.zip,0.5857234001159668,0.41090191900730133,True,0,0,0
2241_NT_AL_AA.fasta.zip,0.6008580029010773,0.6553657948970795,True,0,0,0
2242_NT_AL_AA.fasta.zip,0.4734596163034439,0.390931099653244,False,0,0,0
2243_NT_AL_AA.fasta.zip,2.2411683400472007,0.5673032999038696,True,0,0,0
2245_NT_AL_AA.fasta.zip,0.5376667678356171,0.9793959259986877,True,0,0,0
225689_NT_AL_AA.fasta.zip,1.4592084884643555,0.8950504958629608,False,0,0,0
225_NT_AL_AA.fasta.zip,0.5607729554176331,0.9690169394016266,False,0,0,0
2260_NT_AL_AA.fasta.zip,0.27338358759880066,0.9662474691867828,False,0,0,0
2261_NT_AL_AA.fasta.zip,0.8105701506137848,0.9616662859916687,False,0,0,0
2262_NT_AL_AA.fasta.zip,1.1387125253677368,0.5542947351932526,False,0,0,0
2263_NT_AL_AA.fasta.zip,0.383560374379158,0.8840104043483734,False,0,0,0
2264_NT_AL_AA.fasta.zip,0.55694580078125,0.9562885165214539,False,0,0,0
2268_NT_AL_AA.fasta.zip,0.5321533381938934,0.5215927362442017,False,0,0,0
2271_NT_AL_AA.fasta.zip,0.33895938098430634,0.9468785226345062,False,0,0,0
22794_NT_AL_AA.fasta.zip,0.9857771396636963,0.9147676825523376,False,0,0,0
22795_NT_AL_AA.fasta.zip,1.0641367832819622,0.4498274177312851,True,0,0,0
22796_NT_AL_AA.fasta.zip,0.752179354429245,0.7179691195487976,False,0,0,0
22801_NT_AL_AA.fasta.zip,0.7081126173337301,0.4889263908068339,True,0,0,0
22803_NT_AL_AA.fasta.zip,0.38767586648464203,0.7120640575885773,True,0,0,0
22806_NT_AL_AA.fasta.zip,0.7057794332504272,0.9430742263793945,False,0,0,0
22807_NT_AL_AA.fasta.zip,0.3633747100830078,0.9203981459140778,False,0,0,0
22820_NT_AL_AA.fasta.zip,0.46641477942466736,0.8915001153945923,False,0,0,0
22821_NT_AL_AA.fasta.zip,0.3202892541885376,0.18730878829956055,False,0,0,0
22822_NT_AL_AA.fasta.zip,2.1013481616973877,0.9516812562942505,False,0,0,0
22823_NT_AL_AA.fasta.zip,0.27540770173072815,0.9605421423912048,False,0,0,0
22824_NT_AL_AA.fasta.zip,0.7774350345134735,0.8301480114459991,True,0,0,0
22827_NT_AL_AA.fasta.zip,0.1020064428448677,0.9744369685649872,False,0,0,0
22828_NT_AL_AA.fasta.zip,0.7221781512101492,0.7914674480756124,True,0,0,0
22832_NT_AL_AA.fasta.zip,1.5073349078496296,0.9478365778923035,True,0,0,0
22834_NT_AL_AA.fasta.zip,0.3724275678396225,0.9434019923210144,False,0,0,0
22836_NT_AL_AA.fasta.zip,0.9838686883449554,0.9256346821784973,False,0,0,0
22837_NT_AL_AA.fasta.zip,1.7114903529485066,0.9341532588005066,True,0,0,0
22839_NT_AL_AA.fasta.zip,0.8772186636924744,0.9599450826644897,True,0,0,0
22841_NT_AL_AA.fasta.zip,0.5657546520233154,0.946480005979538,False,0,0,0
22843_NT_AL_AA.fasta.zip,0.5378105938434601,0.983248770236969,False,0,0,0
22844_NT_AL_AA.fasta.zip,1.3932366222143173,0.9548770189285278,True,0,0,0
22845_NT_AL_AA.fasta.zip,1.5046665668487549,0.6955797672271729,False,0,0,0
22847_NT_AL_AA.fasta.zip,0.8171496093273163,0.950567901134491,True,0,0,0
22848_NT_AL_AA.fasta.zip,0.7753896415233612,0.95209801197052,True,0,0,0
22849_NT_AL_AA.fasta.zip,0.4603268653154373,0.9734237194061279,True,0,0,0
22850_NT_AL_AA.fasta.zip,1.2887007395426433,0.9166642228762308,True,0,0,0
22853_NT_AL_AA.fasta.zip,1.2292244136333466,0.911976546049118,True,0,0,0
22854_NT_AL_AA.fasta.zip,0.3568921536207199,0.9701396524906158,False,0,0,0
22856_NT_AL_AA.fasta.zip,0.27347464859485626,0.8992805282274882,False,0,0,0
22858_NT_AL_AA.fasta.zip,1.0124056339263916,0.9643728137016296,True,0,0,0
22859_NT_AL_AA.fasta.zip,0.21040713787078857,0.9723596374193827,False,0,0,0
22861_NT_AL_AA.fasta.zip,2.539549946784973,0.296489167958498,True,0,0,0
22862_NT_AL_AA.fasta.zip,0.7801033953825632,0.5190546015898386,True,0,0,0
22863_NT_AL_AA.fasta.zip,0.7077834904193878,0.6999109089374542,False,0,0,0
22864_NT_AL_AA.fasta.zip,1.450626015663147,0.9234827955563863,True,0,0,0
22865_NT_AL_AA.fasta.zip,0.41412846247355145,0.9773676594098409,False,0,0,0
22866_NT_AL_AA.fasta.zip,0.34314022958278656,0.9675055940945944,True,0,0,0
22868_NT_AL_AA.fasta.zip,1.8876588344573975,0.40177689492702484,True,0,0,0
22870_NT_AL_AA.fasta.zip,0.9351831078529358,0.8113779723644257,True,0,0,0
22871_NT_AL_AA.fasta.zip,0.1499498412013054,0.9777165651321411,False,0,0,0
22872_NT_AL_AA.fasta.zip,0.7851880093415579,0.9037372271219889,True,0,0,0
22873_NT_AL_AA.fasta.zip,2.6793708205223083,0.8658792972564697,True,0,0,0
22874_NT_AL_AA.fasta.zip,0.8026149570941925,0.8301846583684286,True,0,0,0
22876_NT_AL_AA.fasta.zip,0.5613994896411896,0.8883533080418905,False,0,0,0
22877_NT_AL_AA.fasta.zip,1.5330976049105327,0.9128911097844442,True,0,0,0
22878_NT_AL_AA.fasta.zip,0.7641844550768534,0.9319130976994833,False,0,0,0
22879_NT_AL_AA.fasta.zip,1.2151243090629578,0.971801370382309,False,0,0,0
22880_NT_AL_AA.fasta.zip,0.5142745077610016,0.9356540640195211,False,0,0,0
22881_NT_AL_AA.fasta.zip,1.292584240436554,0.9608563780784607,True,0,0,0
22882_NT_AL_AA.fasta.zip,0.9050915837287903,0.9603410065174103,False,0,0,0
22884_NT_AL_AA.fasta.zip,0.15931235998868942,0.33490829169750214,False,0,0,0
22885_NT_AL_AA.fasta.zip,0.6967090964317322,0.9711669385433197,False,0,0,0
22887_NT_AL_AA.fasta.zip,0.7385234981775284,0.5527665317058563,True,0,0,0
22888_NT_AL_AA.fasta.zip,1.393904685974121,0.9002074301242828,False,0,0,0
22889_NT_AL_AA.fasta.zip,0.4273665100336075,0.9506125152111053,False,0,0,0
22890_NT_AL_AA.fasta.zip,0.6604526937007904,0.9446881115436554,False,0,0,0
22893_NT_AL_AA.fasta.zip,1.2496857643127441,0.9640340209007263,True,0,0,0
22894_NT_AL_AA.fasta.zip,0.4272419214248657,0.8033140003681183,False,0,0,0
22895_NT_AL_AA.fasta.zip,0.8423524498939514,0.9673002362251282,True,0,0,0
22897_NT_AL_AA.fasta.zip,3.1661912202835083,0.5525613352656364,True,0,0,0
22898_NT_AL_AA.fasta.zip,0.724601169427236,0.6161977847417196,False,0,0,0
22899_NT_AL_AA.fasta.zip,0.843325674533844,0.9285149276256561,True,0,0,0
2289_NT_AL_AA.fasta.zip,0.8306370675563812,0.9744361042976379,False,0,0,0
22901_NT_AL_AA.fasta.zip,0.5886301696300507,0.5061810314655304,False,0,0,0
22902_NT_AL_AA.fasta.zip,0.36755234003067017,0.9766638875007629,False,0,0,0
22903_NT_AL_AA.fasta.zip,0.15135040879249573,0.9723858535289764,False,0,0,0
22904_NT_AL_AA.fasta.zip,0.7185310572385788,0.7286672294139862,True,0,0,0
22905_NT_AL_AA.fasta.zip,1.025164544582367,0.941959410905838,True,0,0,0
22906_NT_AL_AA.fasta.zip,0.6501900106668472,0.9526452720165253,True,0,0,0
22907_NT_AL_AA.fasta.zip,0.35295137763023376,0.9498091141382853,False,0,0,0
22908_NT_AL_AA.fasta.zip,0.2642499506473541,0.2568506821990013,False,0,0,0
22909_NT_AL_AA.fasta.zip,1.0034046173095703,0.5089318404595057,True,0,0,0
2290_NT_AL_AA.fasta.zip,0.4232761263847351,0.9831529855728149,False,0,0,0
22911_NT_AL_AA.fasta.zip,0.18728193640708923,0.9740642607212067,False,0,0,0
22915_NT_AL_AA.fasta.zip,2.2474915186564126,0.7780236999193827,True,0,0,0
22917_NT_AL_AA.fasta.zip,2.9944210052490234,0.2803392708301544,True,0,0,0
22918_NT_AL_AA.fasta.zip,1.126384198665619,0.40558943152427673,True,0,0,0
22920_NT_AL_AA.fasta.zip,0.3523963540792465,0.9752689898014069,False,0,0,0
22925_NT_AL_AA.fasta.zip,1.1856562892595928,0.5449933807055155,True,0,0,0
22926_NT_AL_AA.fasta.zip,1.4077886939048767,0.8894835412502289,False,0,0,0
22930_NT_AL_AA.fasta.zip,0.4225703676541646,0.943082312742869,False,0,0,0
22936_NT_AL_AA.fasta.zip,0.6957467496395111,0.9289750754833221,False,0,0,0
22937_NT_AL_AA.fasta.zip,0.6013876795768738,0.9232514103253683,False,0,0,0
22938_NT_AL_AA.fasta.zip,0.1755392774939537,0.9745247066020966,False,0,0,0
22941_NT_AL_AA.fasta.zip,0.5599575564265251,0.8856824189424515,False,0,0,0
22948_NT_AL_AA.fasta.zip,0.16596416383981705,0.6297748982906342,False,0,0,0
22950_NT_AL_AA.fasta.zip,0.6752108335494995,0.9735083878040314,False,0,0,0
22954_NT_AL_AA.fasta.zip,0.8336445093154907,0.9004320204257965,False,0,0,0
22955_NT_AL_AA.fasta.zip,0.9835639297962189,0.9728977978229523,False,0,0,0
2296_NT_AL_AA.fasta.zip,1.164789617061615,0.9724703431129456,False,0,0,0
22974_NT_AL_AA.fasta.zip,1.4612188339233398,0.6121251732110977,True,0,0,0
22976_NT_AL_AA.fasta.zip,0.9469615320364634,0.7661012609799703,True,0,0,0
22978_NT_AL_AA.fasta.zip,0.14627909660339355,0.9712026715278625,False,0,0,0
22979_NT_AL_AA.fasta.zip,0.40914008021354675,0.9620422720909119,False,0,0,0
2297_NT_AL_AA.fasta.zip,1.437145173549652,0.979251891374588,False,0,0,0
22980_NT_AL_AA.fasta.zip,0.790297657251358,0.738823652267456,False,0,0,0
22981_NT_AL_AA.fasta.zip,2.19491175810496,0.44405484199523926,True,0,0,0
22982_NT_AL_AA.fasta.zip,0.12381693162024021,0.9675135910511017,False,0,0,0
22983_NT_AL_AA.fasta.zip,0.3409937247633934,0.9642882794141769,False,0,0,0
22984_NT_AL_AA.fasta.zip,1.0337112247943878,0.5532044693827629,True,0,0,0
22985_NT_AL_AA.fasta.zip,0.8658931056658427,0.9212825695673624,True,0,0,0
22986_NT_AL_AA.fasta.zip,0.6493781208992004,0.7988547285397848,False,0,0,0
22987_NT_AL_AA.fasta.zip,0.5542213320732117,0.957604169845581,False,0,0,0
22989_NT_AL_AA.fasta.zip,3.9637876749038696,0.3020872473716736,True,0,0,0
22990_NT_AL_AA.fasta.zip,0.5862633109092712,0.9522037863731384,False,0,0,0
22992_NT_AL_AA.fasta.zip,0.31915202736854553,0.9710197448730469,False,0,0,0
22993_NT_AL_AA.fasta.zip,0.8241849740346273,0.9177278677622477,True,0,0,0
22994_NT_AL_AA.fasta.zip,1.8181744416554768,0.6519539654254913,True,0,0,0
22995_NT_AL_AA.fasta.zip,1.8839308023452759,0.833589106798172,False,0,0,0
22996_NT_AL_AA.fasta.zip,0.5911173522472382,0.8810591101646423,False,0,0,0
22997_NT_AL_AA.fasta.zip,0.5506669183572134,0.7959414124488831,True,0,0,0
22998_NT_AL_AA.fasta.zip,0.8964736461639404,0.9594006389379501,True,0,0,0
22999_NT_AL_AA.fasta.zip,0.4781203493475914,0.9368602931499481,False,0,0,0
22_NT_AL_AA.fasta.zip,0.4477471113204956,0.7629874348640442,True,0,0,0
23001_NT_AL_AA.fasta.zip,0.44753191620111465,0.9156601130962372,True,0,0,0
23002_NT_AL_AA.fasta.zip,0.28208055595556897,0.787400354941686,True,0,0,0
23005_NT_AL_AA.fasta.zip,0.8609709516167641,0.9426088929176331,True,0,0,0
23007_NT_AL_AA.fasta.zip,0.8886497914791107,0.9220119416713715,True,0,0,0
23013_NT_AL_AA.fasta.zip,1.251106508076191,0.9294469058513641,True,0,0,0
23014_NT_AL_AA.fasta.zip,0.9181134104728699,0.9515115022659302,False,0,0,0
23019_NT_AL_AA.fasta.zip,0.11401896923780441,0.9719654083251953,False,0,0,0
23020_NT_AL_AA.fasta.zip,0.0969933182001114,0.972384774684906,False,0,0,0
23022_NT_AL_AA.fasta.zip,0.9945566207170486,0.9507464021444321,True,0,0,0
23023_NT_AL_AA.fasta.zip,0.3400440961122513,0.9248128235340118,False,0,0,0
23024_NT_AL_AA.fasta.zip,0.7650084892908732,0.8970106641451517,False,0,0,0
23025_NT_AL_AA.fasta.zip,0.27709701657295227,0.9740962833166122,False,0,0,0
23026_NT_AL_AA.fasta.zip,1.1439800560474396,0.7318418323993683,True,0,0,0
23028_NT_AL_AA.fasta.zip,0.13994047790765762,0.9761134088039398,False,0,0,0
23030_NT_AL_AA.fasta.zip,0.911306361357371,0.8872307340304056,True,0,0,0
23031_NT_AL_AA.fasta.zip,0.6570149858792623,0.9389839371045431,False,0,0,0
23032_NT_AL_AA.fasta.zip,0.688552975654602,0.9621529579162598,False,0,0,0
23033_NT_AL_AA.fasta.zip,0.44381360212961835,0.9309883217016856,False,0,0,0
23034_NT_AL_AA.fasta.zip,0.4120473861694336,0.9738217890262604,False,0,0,0
23035_NT_AL_AA.fasta.zip,0.7444709340731303,0.8143981297810873,True,0,0,0
23036_NT_AL_AA.fasta.zip,1.1508731196324031,0.9506440957387289,True,0,0,0
23037_NT_AL_AA.fasta.zip,2.619474172592163,0.8531823584011623,True,0,0,0
23038_NT_AL_AA.fasta.zip,0.22303002327680588,0.9675076603889465,False,0,0,0
23039_NT_AL_AA.fasta.zip,0.11234856148560841,0.9760675231615702,False,0,0,0
2303_NT_AL_AA.fasta.zip,1.929931104183197,0.9514140188694,False,0,0,0
23040_NT_AL_AA.fasta.zip,0.45935045679410297,0.9232950806617737,True,0,0,0
23041_NT_AL_AA.fasta.zip,0.3863314837217331,0.9662967771291733,False,0,0,0
23042_NT_AL_AA.fasta.zip,1.2731283903121948,0.9580743610858917,True,0,0,0
23043_NT_AL_AA.fasta.zip,0.20916407803694406,0.9609624147415161,False,0,0,0
23046_NT_AL_AA.fasta.zip,0.5161642879247665,0.7720574960112572,True,0,0,0
23047_NT_AL_AA.fasta.zip,0.27821239084005356,0.9581762552261353,True,0,0,0
23048_NT_AL_AA.fasta.zip,0.5993961691856384,0.7216008603572845,False,0,0,0
23049_NT_AL_AA.fasta.zip,0.3650979809463024,0.9309607073664665,False,0,0,0
23051_NT_AL_AA.fasta.zip,0.6610567569732666,0.9447110295295715,False,0,0,0
23052_NT_AL_AA.fasta.zip,1.1496425867080688,0.4305313378572464,False,0,0,0
23053_NT_AL_AA.fasta.zip,0.6607183031737804,0.9692631661891937,True,0,0,0
23054_NT_AL_AA.fasta.zip,2.687585639953613,0.9049726009368897,True,0,0,0
2305_NT_AL_AA.fasta.zip,0.8679763376712799,0.9160288274288177,False,0,0,0
23060_NT_AL_AA.fasta.zip,1.1565189957618713,0.8932866056760153,True,0,0,0
23061_NT_AL_AA.fasta.zip,0.6280399064222971,0.9584897955258688,False,0,0,0
23062_NT_AL_AA.fasta.zip,1.1711974143981934,0.9757802784442902,False,0,0,0
23063_NT_AL_AA.fasta.zip,0.5830661157766978,0.9576014677683512,True,0,0,0
23064_NT_AL_AA.fasta.zip,2.269592265288035,0.8320370813210806,True,0,0,0
23065_NT_AL_AA.fasta.zip,0.6599065562089285,0.7935212254524231,True,0,0,0
23066_NT_AL_AA.fasta.zip,1.6449891328811646,0.5830207367738088,True,0,0,0
23067_NT_AL_AA.fasta.zip,1.0330350995063782,0.9412078499794007,True,0,0,0
2306_NT_AL_AA.fasta.zip,1.9737653136253357,0.9665522575378418,True,0,0,0
23070_NT_AL_AA.fasta.zip,0.7276159077882767,0.6505863964557648,True,0,0,0
23072_NT_AL_AA.fasta.zip,0.5707741938531399,0.97173672914505,True,0,0,0
23074_NT_AL_AA.fasta.zip,1.3964499433835347,0.9378043611844381,True,0,0,0
23075_NT_AL_AA.fasta.zip,0.5030766874551773,0.2574470266699791,False,0,0,0
23076_NT_AL_AA.fasta.zip,1.731219470500946,0.8946585655212402,True,0,0,0
23077_NT_AL_AA.fasta.zip,0.3129644453525543,0.9578717112541199,False,0,0,0
23078_NT_AL_AA.fasta.zip,0.7158103585243225,0.7107342556118965,True,0,0,0
23080_NT_AL_AA.fasta.zip,0.4712209105491638,0.9802130162715912,False,0,0,0
23081_NT_AL_AA.fasta.zip,0.9147964715957642,0.9304526845614115,True,0,0,0
23082_NT_AL_AA.fasta.zip,2.1017623096704483,0.9181007444858551,True,0,0,0
23085_NT_AL_AA.fasta.zip,0.45966261625289917,0.9672935803731283,False,0,0,0
23086_NT_AL_AA.fasta.zip,3.325357365608215,0.95148686170578,True,0,0,0
23087_NT_AL_AA.fasta.zip,1.124033510684967,0.596725732088089,False,0,0,0
23089_NT_AL_AA.fasta.zip,1.7812986969947815,0.885095477104187,True,0,0,0
2308_NT_AL_AA.fasta.zip,1.0440841913223267,0.9548491835594177,True,0,0,0
23090_NT_AL_AA.fasta.zip,0.3535037537415822,0.9154332478841146,False,0,0,0
23091_NT_AL_AA.fasta.zip,0.7164493203163147,0.5392890367656946,True,0,0,0
23092_NT_AL_AA.fasta.zip,0.42403699457645416,0.8849746286869049,False,0,0,0
23093_NT_AL_AA.fasta.zip,0.9783468147118887,0.9512714147567749,True,0,0,0
23094_NT_AL_AA.fasta.zip,0.7531369179487228,0.8789752125740051,False,0,0,0
23095_NT_AL_AA.fasta.zip,0.4069435838609934,0.9422812610864639,True,0,0,0
23096_NT_AL_AA.fasta.zip,0.8006570190191269,0.9705655425786972,True,0,0,0
23097_NT_AL_AA.fasta.zip,0.24337244033813477,0.9706032276153564,False,0,0,0
23098_NT_AL_AA.fasta.zip,1.0251398086547852,0.6772049963474274,True,0,0,0
2309_NT_AL_AA.fasta.zip,0.9396942853927612,0.9140398800373077,False,0,0,0
23102_NT_AL_AA.fasta.zip,0.7689147591590881,0.82451531291008,False,0,0,0
23105_NT_AL_AA.fasta.zip,0.8844546973705292,0.7842276990413666,False,0,0,0
23108_NT_AL_AA.fasta.zip,0.5270918309688568,0.6895065307617188,False,0,0,0
23109_NT_AL_AA.fasta.zip,1.827984094619751,0.932324081659317,True,0,0,0
23111_NT_AL_AA.fasta.zip,1.0482072234153748,0.9755204021930695,False,0,0,0
23112_NT_AL_AA.fasta.zip,0.7716867327690125,0.8865039199590683,True,0,0,0
23113_NT_AL_AA.fasta.zip,1.2855022152264912,0.8960154056549072,False,0,0,0
23114_NT_AL_AA.fasta.zip,0.7286961376667023,0.7768296102682749,True,0,0,0
23116_NT_AL_AA.fasta.zip,1.4429618120193481,0.933007687330246,False,0,0,0
23118_NT_AL_AA.fasta.zip,0.5127164274454117,0.7194628119468689,False,0,0,0
23119_NT_AL_AA.fasta.zip,1.314621090888977,0.9661657810211182,False,0,0,0
23120_NT_AL_AA.fasta.zip,0.8002401987711588,0.8493211070696512,False,0,0,0
23122_NT_AL_AA.fasta.zip,0.5223564133048058,0.9589878618717194,True,0,0,0
23125_NT_AL_AA.fasta.zip,0.6281116306781769,0.9622931281725565,False,0,0,0
23126_NT_AL_AA.fasta.zip,0.8230229616165161,0.9416086872418722,True,0,0,0
23127_NT_AL_AA.fasta.zip,0.435640424489975,0.6294026076793671,False,0,0,0
23129_NT_AL_AA.fasta.zip,0.7939384803175926,0.6268048696219921,True,0,0,0
23130_NT_AL_AA.fasta.zip,0.5900180087025676,0.9144211411476135,True,0,0,0
23131_NT_AL_AA.fasta.zip,0.9139460846781731,0.9644892066717148,True,0,0,0
23132_NT_AL_AA.fasta.zip,0.8929847578207651,0.9541558424631754,True,0,0,0
23133_NT_AL_AA.fasta.zip,0.9688042799631754,0.9744617541631063,True,0,0,0
23135_NT_AL_AA.fasta.zip,1.398357704281807,0.9585706442594528,True,0,0,0
23136_NT_AL_AA.fasta.zip,0.4510063926378886,0.974478284517924,False,0,0,0
23137_NT_AL_AA.fasta.zip,1.8483715454737346,0.8441053032875061,True,0,0,0
23138_NT_AL_AA.fasta.zip,1.0963969230651855,0.8953215181827545,False,0,0,0
23139_NT_AL_AA.fasta.zip,0.8119513615965843,0.9545652866363525,True,0,0,0
23140_NT_AL_AA.fasta.zip,1.081766630922045,0.895792407648904,True,0,0,0
23141_NT_AL_AA.fasta.zip,1.180380125840505,0.8603607018788656,True,0,0,0
23143_NT_AL_AA.fasta.zip,0.8909204006195068,0.958024650812149,False,0,0,0
23144_NT_AL_AA.fasta.zip,1.70510729153951,0.8761959473292033,True,0,0,0
23148_NT_AL_AA.fasta.zip,3.4164898097515106,0.9445184171199799,True,0,0,0
23149_NT_AL_AA.fasta.zip,1.454082727432251,0.9025944471359253,True,0,0,0
2314_NT_AL_AA.fasta.zip,0.3971016506354014,0.7228634556134542,False,0,0,0
23150_NT_AL_AA.fasta.zip,0.9871129790941874,0.8178338408470154,False,0,0,0
23151_NT_AL_AA.fasta.zip,0.5417650192975998,0.9242466390132904,False,0,0,0
23152_NT_AL_AA.fasta.zip,0.9810883700847626,0.9256581862767538,True,0,0,0
23154_NT_AL_AA.fasta.zip,0.23989441990852356,0.8881731033325195,False,0,0,0
23155_NT_AL_AA.fasta.zip,1.2838186621665955,0.7867706120014191,False,0,0,0
23158_NT_AL_AA.fasta.zip,0.45441723863283795,0.9742822647094727,False,0,0,0
23160_NT_AL_AA.fasta.zip,1.0000469982624054,0.8217308521270752,False,0,0,0
23161_NT_AL_AA.fasta.zip,0.3339613676071167,0.8515078723430634,False,0,0,0
23162_NT_AL_AA.fasta.zip,0.3104575624068578,0.9120409687360128,False,0,0,0
23163_NT_AL_AA.fasta.zip,0.6362991183996201,0.9492257535457611,False,0,0,0
23164_NT_AL_AA.fasta.zip,1.2013323654731114,0.875420331954956,True,0,0,0
23165_NT_AL_AA.fasta.zip,0.8688149571418762,0.8652111530303955,False,0,0,0
23166_NT_AL_AA.fasta.zip,0.9231725633144379,0.2226903084665537,False,0,0,0
23167_NT_AL_AA.fasta.zip,0.4064212739467621,0.968573123216629,False,0,0,0
23168_NT_AL_AA.fasta.zip,0.20539727807044983,0.970132440328598,False,0,0,0
2316_NT_AL_AA.fasta.zip,0.477363000313441,0.8269516179958979,False,0,0,0
23170_NT_AL_AA.fasta.zip,0.49391843378543854,0.36071985960006714,False,0,0,0
23174_NT_AL_AA.fasta.zip,1.036391019821167,0.6259313325087229,True,0,0,0
23175_NT_AL_AA.fasta.zip,0.5534670054912567,0.9227385222911835,False,0,0,0
23177_NT_AL_AA.fasta.zip,1.7074325680732727,0.9467846751213074,True,0,0,0
23178_NT_AL_AA.fasta.zip,2.5493208318948746,0.8013451993465424,True,0,0,0
23179_NT_AL_AA.fasta.zip,0.3834136724472046,0.8621074855327606,False,0,0,0
2317_NT_AL_AA.fasta.zip,0.5024322445193926,0.78543920814991,True,0,0,0
23180_NT_AL_AA.fasta.zip,1.0598772764205933,0.9276038706302643,False,0,0,0
23181_NT_AL_AA.fasta.zip,0.4807116240262985,0.622578501701355,True,0,0,0
23185_NT_AL_AA.fasta.zip,0.7959084510803223,0.9004222750663757,False,0,0,0
23186_NT_AL_AA.fasta.zip,0.46554049849510193,0.9765070378780365,False,0,0,0
23187_NT_AL_AA.fasta.zip,0.9715252220630646,0.87336266040802,False,0,0,0
23189_NT_AL_AA.fasta.zip,0.787686804930369,0.8862269719441732,False,0,0,0
2318_NT_AL_AA.fasta.zip,0.27341970304648083,0.9672501087188721,False,0,0,0
23190_NT_AL_AA.fasta.zip,0.5348677635192871,0.9712275266647339,False,0,0,0
23191_NT_AL_AA.fasta.zip,0.1792743057012558,0.9664827783902487,False,0,0,0
23193_NT_AL_AA.fasta.zip,0.6063345670700073,0.44289401918649673,True,0,0,0
23195_NT_AL_AA.fasta.zip,1.072305788596471,0.7662680695454279,True,0,0,0
23196_NT_AL_AA.fasta.zip,0.32474271456400555,0.8043846090634664,False,0,0,0
23198_NT_AL_AA.fasta.zip,0.35998329520225525,0.8505827635526657,False,0,0,0
23199_NT_AL_AA.fasta.zip,0.8727680444717407,0.8952880700429281,False,0,0,0
23200_NT_AL_AA.fasta.zip,0.5525626440842947,0.9366013805071512,False,0,0,0
23203_NT_AL_AA.fasta.zip,0.4158448874950409,0.5728854238986969,False,0,0,0
23205_NT_AL_AA.fasta.zip,0.8069387078285217,0.467877134680748,True,0,0,0
23207_NT_AL_AA.fasta.zip,0.5419268210728964,0.9190353552500407,False,0,0,0
23211_NT_AL_AA.fasta.zip,0.8625079393386841,0.930963933467865,True,0,0,0
23213_NT_AL_AA.fasta.zip,0.38903555274009705,0.9564563930034637,False,0,0,0
23214_NT_AL_AA.fasta.zip,0.5835046470165253,0.9550692240397135,True,0,0,0
23215_NT_AL_AA.fasta.zip,1.0509292696203505,0.8857586128371102,True,0,0,0
23216_NT_AL_AA.fasta.zip,0.6283488472302755,0.9308115045229594,False,0,0,0
23217_NT_AL_AA.fasta.zip,2.7610072692235312,0.5149327715237936,True,0,0,0
23218_NT_AL_AA.fasta.zip,0.9702344238758087,0.6542780150969824,True,0,0,0
2321_NT_AL_AA.fasta.zip,0.8756974935531616,0.6252228418986002,True,0,0,0
23220_NT_AL_AA.fasta.zip,0.5330214947462082,0.9812142550945282,False,0,0,0
23221_NT_AL_AA.fasta.zip,0.2865627780556679,0.9736965894699097,False,0,0,0
23223_NT_AL_AA.fasta.zip,1.0716228485107422,0.7518426875273386,True,0,0,0
23224_NT_AL_AA.fasta.zip,1.9799131532510121,0.6637748748064041,True,0,0,0
23225_NT_AL_AA.fasta.zip,0.7736712992191315,0.267939243465662,True,0,0,0
23228_NT_AL_AA.fasta.zip,0.38506553570429486,0.9647495349248251,False,0,0,0
23229_NT_AL_AA.fasta.zip,0.19659626483917236,0.9635902047157288,False,0,0,0
2322_NT_AL_AA.fasta.zip,1.3306936025619507,0.6215684562921524,True,0,0,0
23230_NT_AL_AA.fasta.zip,0.9222264885902405,0.6782099860055106,True,0,0,0
23231_NT_AL_AA.fasta.zip,0.6618401209513346,0.9168165723482767,True,0,0,0
23232_NT_AL_AA.fasta.zip,1.1063414216041565,0.9748521149158478,True,0,0,0
23233_NT_AL_AA.fasta.zip,0.2269272357225418,0.9562313556671143,False,0,0,0
23235_NT_AL_AA.fasta.zip,1.0164786577224731,0.9594111442565918,True,0,0,0
23236_NT_AL_AA.fasta.zip,0.43655718366305035,0.962163249651591,True,0,0,0
23239_NT_AL_AA.fasta.zip,1.0500858575105667,0.9015564620494843,True,0,0,0
23240_NT_AL_AA.fasta.zip,1.4844265282154083,0.8480043858289719,True,0,0,0
23241_NT_AL_AA.fasta.zip,0.600926915804545,0.8812102278073629,False,0,0,0
23243_NT_AL_AA.fasta.zip,0.31073427697022754,0.9604241251945496,False,0,0,0
23244_NT_AL_AA.fasta.zip,0.19857919216156006,0.9420336882273356,False,0,0,0
23245_NT_AL_AA.fasta.zip,0.4874212046464284,0.9463695486386617,True,0,0,0
23246_NT_AL_AA.fasta.zip,0.5849797427654266,0.5989746600389481,True,0,0,0
23247_NT_AL_AA.fasta.zip,1.3732811957597733,0.8352243602275848,True,0,0,0
23248_NT_AL_AA.fasta.zip,1.3232060372829437,0.8111468404531479,True,0,0,0
2324_NT_AL_AA.fasta.zip,0.6979589064915975,0.6652993361155192,False,0,0,0
23250_NT_AL_AA.fasta.zip,0.4642223119735718,0.66490638256073,False,0,0,0
23251_NT_AL_AA.fasta.zip,1.0617628693580627,0.9282497465610504,False,0,0,0
23253_NT_AL_AA.fasta.zip,1.5975878238677979,0.8322047591209412,True,0,0,0
23254_NT_AL_AA.fasta.zip,0.5051432251930237,0.9695192873477936,False,0,0,0
23255_NT_AL_AA.fasta.zip,1.2234127670526505,0.8414673060178757,True,0,0,0
23256_NT_AL_AA.fasta.zip,0.32544954121112823,0.9714941680431366,False,0,0,0
23258_NT_AL_AA.fasta.zip,0.3459094762802124,0.9602879683176676,False,0,0,0
23259_NT_AL_AA.fasta.zip,0.499988853931427,0.9595569968223572,False,0,0,0
23261_NT_AL_AA.fasta.zip,0.5819594897329807,0.9148578643798828,True,0,0,0
23262_NT_AL_AA.fasta.zip,0.3090606729189555,0.9663529793421427,False,0,0,0
23263_NT_AL_AA.fasta.zip,0.539231409629186,0.7367123365402222,False,0,0,0
23264_NT_AL_AA.fasta.zip,0.5590654810269674,0.9666145245234171,False,0,0,0
23265_NT_AL_AA.fasta.zip,0.4627005606889725,0.6432021111249924,False,0,0,0
23266_NT_AL_AA.fasta.zip,0.3644498984018962,0.9411875208218893,False,0,0,0
23268_NT_AL_AA.fasta.zip,1.0926100462675095,0.9289973378181458,True,0,0,0
23269_NT_AL_AA.fasta.zip,1.2632547872407096,0.9614576356751579,True,0,0,0
2326_NT_AL_AA.fasta.zip,1.3791736364364624,0.33196012675762177,False,0,0,0
23271_NT_AL_AA.fasta.zip,0.47856663167476654,0.9496801048517227,False,0,0,0
23272_NT_AL_AA.fasta.zip,2.182298570871353,0.9591560512781143,True,0,0,0
23274_NT_AL_AA.fasta.zip,0.3839530249436696,0.9427362283070883,False,0,0,0
23275_NT_AL_AA.fasta.zip,0.3615000694990158,0.5372886061668396,False,0,0,0
23276_NT_AL_AA.fasta.zip,0.5864894986152649,0.8961391448974609,False,0,0,0
23277_NT_AL_AA.fasta.zip,0.35791322588920593,0.9465672373771667,False,0,0,0
2327_NT_AL_AA.fasta.zip,1.1809152960777283,0.2793685123324394,False,0,0,0
23281_NT_AL_AA.fasta.zip,1.9961585799853008,0.8356330792109171,True,0,0,0
23283_NT_AL_AA.fasta.zip,0.8963418304920197,0.4070227984338999,True,0,0,0
23284_NT_AL_AA.fasta.zip,0.33422379568219185,0.9556370079517365,False,0,0,0
23286_NT_AL_AA.fasta.zip,0.929052730401357,0.9536428054173788,False,0,0,0
23287_NT_AL_AA.fasta.zip,0.7029692331949869,0.9579265515009562,False,0,0,0
23288_NT_AL_AA.fasta.zip,1.4656210541725159,0.45277784764766693,True,0,0,0
2328_NT_AL_AA.fasta.zip,0.780262678861618,0.09491156786680222,False,0,0,0
23291_NT_AL_AA.fasta.zip,0.05697603523731232,0.9705962240695953,False,0,0,0
23293_NT_AL_AA.fasta.zip,0.7217617730299631,0.906805415948232,True,0,0,0
23294_NT_AL_AA.fasta.zip,0.5651483337084452,0.9466802279154459,False,0,0,0
23295_NT_AL_AA.fasta.zip,0.5327597707509995,0.9593628644943237,False,0,0,0
23299_NT_AL_AA.fasta.zip,0.5715364813804626,0.8892736732959747,False,0,0,0
2329_NT_AL_AA.fasta.zip,0.6827389299869537,0.3332628011703491,False,0,0,0
23300_NT_AL_AA.fasta.zip,0.9624023139476776,0.893141508102417,False,0,0,0
23301_NT_AL_AA.fasta.zip,0.7345656355222067,0.9661825299263,True,0,0,0
23302_NT_AL_AA.fasta.zip,0.8650510013103485,0.9269160628318787,False,0,0,0
23303_NT_AL_AA.fasta.zip,0.7038793042302132,0.9086389988660812,True,0,0,0
23304_NT_AL_AA.fasta.zip,0.606012150645256,0.7741885036230087,True,0,0,0
23305_NT_AL_AA.fasta.zip,0.4266950488090515,0.31010837852954865,False,0,0,0
23307_NT_AL_AA.fasta.zip,1.4457706212997437,0.9080069859822592,False,0,0,0
23309_NT_AL_AA.fasta.zip,0.5307827691237131,0.9724846879641215,True,0,0,0
2330_NT_AL_AA.fasta.zip,0.686259925365448,0.5485792905092239,False,0,0,0
23310_NT_AL_AA.fasta.zip,1.2759195566177368,0.7479910254478455,False,0,0,0
23312_NT_AL_AA.fasta.zip,0.43247724430901663,0.8831062402044024,False,0,0,0
23314_NT_AL_AA.fasta.zip,0.14605486392974854,0.9738402366638184,False,0,0,0
23315_NT_AL_AA.fasta.zip,0.23892740905284882,0.9621163904666901,False,0,0,0
23316_NT_AL_AA.fasta.zip,0.8346961587667465,0.9610803425312042,True,0,0,0
23317_NT_AL_AA.fasta.zip,0.3803406357765198,0.7527325212955475,True,0,0,0
23318_NT_AL_AA.fasta.zip,1.3454131186008453,0.9451323598623276,True,0,0,0
23321_NT_AL_AA.fasta.zip,0.153880525380373,0.9692222774028778,False,0,0,0
23322_NT_AL_AA.fasta.zip,1.5761555035909016,0.8917599519093832,False,0,0,0
23324_NT_AL_AA.fasta.zip,1.1326135595639546,0.4791103005409241,False,0,0,0
23325_NT_AL_AA.fasta.zip,0.6311475932598114,0.9547281463940939,True,0,0,0
23326_NT_AL_AA.fasta.zip,0.1851072609424591,0.8585906326770782,False,0,0,0
23327_NT_AL_AA.fasta.zip,0.2183899941543738,0.8678691188494364,False,0,0,0
23328_NT_AL_AA.fasta.zip,0.6014029582341512,0.8981696168581644,False,0,0,0
23329_NT_AL_AA.fasta.zip,0.6309899091720581,0.9440781772136688,False,0,0,0
2332_NT_AL_AA.fasta.zip,0.42897090315818787,0.8978855311870575,False,0,0,0
23331_NT_AL_AA.fasta.zip,0.4321097830931346,0.8995454708735148,False,0,0,0
23332_NT_AL_AA.fasta.zip,0.3015489988029003,0.9612609446048737,False,0,0,0
23333_NT_AL_AA.fasta.zip,0.5682414770126343,0.9471106827259064,False,0,0,0
23334_NT_AL_AA.fasta.zip,0.8281843534537724,0.8935529589653015,True,0,0,0
23335_NT_AL_AA.fasta.zip,0.3738875463604927,0.9476661086082458,False,0,0,0
23336_NT_AL_AA.fasta.zip,2.7259038984775543,0.8464504331350327,True,0,0,0
23338_NT_AL_AA.fasta.zip,0.938168078660965,0.9658084809780121,True,0,0,0
23339_NT_AL_AA.fasta.zip,0.27760104835033417,0.7938388586044312,False,0,0,0
23341_NT_AL_AA.fasta.zip,0.9791669547557831,0.9092692732810974,True,0,0,0
23344_NT_AL_AA.fasta.zip,0.8757599194844564,0.7842149337132772,False,0,0,0
23345_NT_AL_AA.fasta.zip,0.9838108354144626,0.4854670680231518,True,0,0,0
23347_NT_AL_AA.fasta.zip,0.676389080286026,0.4835882782936096,True,0,0,0
23348_NT_AL_AA.fasta.zip,0.5475688695907592,0.9554283857345581,False,0,0,0
2334_NT_AL_AA.fasta.zip,1.2479337652524312,0.9061987598737081,True,0,0,0
23350_NT_AL_AA.fasta.zip,0.13757567356030145,0.9720563093821207,False,0,0,0
23351_NT_AL_AA.fasta.zip,1.1578549146652222,0.9350293576717377,True,0,0,0
23352_NT_AL_AA.fasta.zip,0.36788296564058826,0.9130212935534391,True,0,0,0
23353_NT_AL_AA.fasta.zip,0.99028280377388,0.8531911969184875,False,0,0,0
23354_NT_AL_AA.fasta.zip,2.0408166646957397,0.13538186624646187,False,0,0,0
23355_NT_AL_AA.fasta.zip,0.6308143933614095,0.9115959604581197,True,0,0,0
23357_NT_AL_AA.fasta.zip,1.0706236064434052,0.9721685945987701,True,0,0,0
23358_NT_AL_AA.fasta.zip,0.43390123049418133,0.9578515787919363,False,0,0,0
23359_NT_AL_AA.fasta.zip,0.7255051136016846,0.9654209613800049,False,0,0,0
2335_NT_AL_AA.fasta.zip,1.0021963616212208,0.6603136161963145,True,0,0,0
23360_NT_AL_AA.fasta.zip,0.5806976656119028,0.9539112448692322,False,0,0,0
23361_NT_AL_AA.fasta.zip,0.5070451224843661,0.9658223191897074,True,0,0,0
23362_NT_AL_AA.fasta.zip,0.7116716106732687,0.9177714784940084,True,0,0,0
23363_NT_AL_AA.fasta.zip,1.3820360600948334,0.3171402793377638,True,0,0,0
23365_NT_AL_AA.fasta.zip,0.8271361142396927,0.9616464227437973,True,0,0,0
23366_NT_AL_AA.fasta.zip,1.1713867783546448,0.9702708721160889,False,0,0,0
23367_NT_AL_AA.fasta.zip,0.7583102683226267,0.9529019594192505,True,0,0,0
23368_NT_AL_AA.fasta.zip,0.5016681253910065,0.9175047079722086,False,0,0,0
23369_NT_AL_AA.fasta.zip,0.400896151860555,0.9762247204780579,False,0,0,0
23370_NT_AL_AA.fasta.zip,1.2139771382013957,0.7887476483980814,True,0,0,0
23371_NT_AL_AA.fasta.zip,1.192500611146291,0.8747855424880981,True,0,0,0
23373_NT_AL_AA.fasta.zip,1.291119933128357,0.8088455498218536,False,0,0,0
23376_NT_AL_AA.fasta.zip,1.3044599890708923,0.7575055658817291,False,0,0,0
23378_NT_AL_AA.fasta.zip,0.9999966621398926,0.9765201210975647,False,0,0,0
23379_NT_AL_AA.fasta.zip,1.3537444333649344,0.9074241452746921,True,0,0,0
23380_NT_AL_AA.fasta.zip,0.3057044396797816,0.9085817734400431,True,0,0,0
23381_NT_AL_AA.fasta.zip,1.1940107544263203,0.962153156598409,True,0,0,0
23382_NT_AL_AA.fasta.zip,0.1542850024998188,0.9751008450984955,False,0,0,0
23383_NT_AL_AA.fasta.zip,0.08169009163975716,0.973604291677475,False,0,0,0
23384_NT_AL_AA.fasta.zip,1.074378987153371,0.962914784749349,True,0,0,0
23385_NT_AL_AA.fasta.zip,0.5030046552419662,0.5269942283630371,False,0,0,0
23387_NT_AL_AA.fasta.zip,1.003234734137853,0.9500825802485148,True,0,0,0
23389_NT_AL_AA.fasta.zip,0.7189710021018982,0.9449887752532959,True,0,0,0
23390_NT_AL_AA.fasta.zip,0.18753334879875183,0.9714652001857758,False,0,0,0
23392_NT_AL_AA.fasta.zip,0.5826145559549332,0.8718578219413757,True,0,0,0
23394_NT_AL_AA.fasta.zip,0.6282020707925161,0.9392017324765524,False,0,0,0
23395_NT_AL_AA.fasta.zip,0.6268889904022217,0.45488331466913223,True,0,0,0
23396_NT_AL_AA.fasta.zip,0.31093423068523407,0.9455625712871552,False,0,0,0
23397_NT_AL_AA.fasta.zip,1.18596613407135,0.8644989430904388,False,0,0,0
23398_NT_AL_AA.fasta.zip,0.25705454498529434,0.9760757386684418,False,0,0,0
23400_NT_AL_AA.fasta.zip,0.9347790877024332,0.3915875107049942,False,0,0,0
23403_NT_AL_AA.fasta.zip,0.6477682590484619,0.9669815003871918,False,0,0,0
23405_NT_AL_AA.fasta.zip,0.33863119408488274,0.946772113442421,False,0,0,0
23411_NT_AL_AA.fasta.zip,0.5565023273229599,0.9845170378684998,False,0,0,0
23414_NT_AL_AA.fasta.zip,0.8741055727005005,0.9246317942937216,False,0,0,0
23415_NT_AL_AA.fasta.zip,0.9400168458620707,0.9715354045232137,False,0,0,0
23416_NT_AL_AA.fasta.zip,0.44816460212071735,0.9336746335029602,True,0,0,0
23417_NT_AL_AA.fasta.zip,0.8000345528125763,0.6336435377597809,False,0,0,0
23418_NT_AL_AA.fasta.zip,1.384278416633606,0.2106121927499771,False,0,0,0
23424_NT_AL_AA.fasta.zip,1.1742053230603535,0.951035221417745,True,0,0,0
23426_NT_AL_AA.fasta.zip,0.3949502309163411,0.955557107925415,False,0,0,0
23428_NT_AL_AA.fasta.zip,0.2897205650806427,0.9576245248317719,False,0,0,0
23431_NT_AL_AA.fasta.zip,0.8468606472015381,0.8885093132654825,True,0,0,0
23432_NT_AL_AA.fasta.zip,0.5584520995616913,0.7907479107379913,False,0,0,0
23446_NT_AL_AA.fasta.zip,0.43048296868801117,0.8699209690093994,False,0,0,0
23450_NT_AL_AA.fasta.zip,0.0314784316966931,0.9637330770492554,False,0,0,0
23451_NT_AL_AA.fasta.zip,0.034892008329431214,0.9641232291857401,False,0,0,0
23456_NT_AL_AA.fasta.zip,0.5765455961227417,0.5408335775136948,True,0,0,0
23457_NT_AL_AA.fasta.zip,0.6162227988243103,0.8745985329151154,False,0,0,0
23461_NT_AL_AA.fasta.zip,0.8904440253973007,0.7292926609516144,False,0,0,0
23467_NT_AL_AA.fasta.zip,1.2403610944747925,0.7779788374900818,False,0,0,0
23469_NT_AL_AA.fasta.zip,1.1485178470611572,0.9419816374778748,True,0,0,0
23473_NT_AL_AA.fasta.zip,0.4059809297323227,0.8501072525978088,False,0,0,0
23476_NT_AL_AA.fasta.zip,1.1617032686869304,0.9535686175028483,False,0,0,0
23481_NT_AL_AA.fasta.zip,0.7584215104579926,0.9508733153343201,True,0,0,0
23500_NT_AL_AA.fasta.zip,0.7008766531944275,0.9009441335995992,False,0,0,0
23503_NT_AL_AA.fasta.zip,1.079767182469368,0.631646657983462,True,0,0,0
23504_NT_AL_AA.fasta.zip,0.793536921342214,0.7873201767603556,False,0,0,0
23505_NT_AL_AA.fasta.zip,1.1069050878286362,0.8495748341083527,True,0,0,0
23506_NT_AL_AA.fasta.zip,1.4352675676345825,0.8968535860379537,True,0,0,0
23507_NT_AL_AA.fasta.zip,0.8445691764354706,0.7925164997577667,True,0,0,0
23511_NT_AL_AA.fasta.zip,0.7820591926574707,0.8639860600233078,True,0,0,0
23512_NT_AL_AA.fasta.zip,0.2659875378012657,0.9594016969203949,False,0,0,0
23513_NT_AL_AA.fasta.zip,0.7668275982141495,0.92210254073143,True,0,0,0
23514_NT_AL_AA.fasta.zip,2.3765567541122437,0.6128139197826385,True,0,0,0
23515_NT_AL_AA.fasta.zip,0.9490379691123962,0.828428328037262,True,0,0,0
23516_NT_AL_AA.fasta.zip,0.580286055803299,0.7557108402252197,False,0,0,0
23517_NT_AL_AA.fasta.zip,0.18762288490931192,0.9730865557988485,False,0,0,0
23518_NT_AL_AA.fasta.zip,2.2679012616475425,0.8942450682322184,True,0,0,0
23522_NT_AL_AA.fasta.zip,0.9132781803607941,0.958615779876709,True,0,0,0
23523_NT_AL_AA.fasta.zip,0.7405271887779236,0.8822471618652343,False,0,0,0
23524_NT_AL_AA.fasta.zip,1.7189546922842662,0.8557723263899485,True,0,0,0
23526_NT_AL_AA.fasta.zip,0.7437980969746908,0.8367043336232504,False,0,0,0
23527_NT_AL_AA.fasta.zip,0.3471340239048004,0.968416303396225,False,0,0,0
23528_NT_AL_AA.fasta.zip,1.2016019225120544,0.9247633516788483,False,0,0,0
23530_NT_AL_AA.fasta.zip,0.434233695268631,0.6518580516179403,True,0,0,0
23533_NT_AL_AA.fasta.zip,0.9322664141654968,0.9236485064029694,False,0,0,0
23534_NT_AL_AA.fasta.zip,0.16378595679998398,0.9735564291477203,False,0,0,0
23536_NT_AL_AA.fasta.zip,0.8749501705169678,0.8914125859737396,False,0,0,0
23539_NT_AL_AA.fasta.zip,1.0020720958709717,0.980225533246994,False,0,0,0
23542_NT_AL_AA.fasta.zip,0.5672589838504791,0.9745961725711823,False,0,0,0
23544_NT_AL_AA.fasta.zip,0.7162955105304718,0.8397319515546163,True,0,0,0
23545_NT_AL_AA.fasta.zip,0.5883359909057617,0.6295821368694305,False,0,0,0
23550_NT_AL_AA.fasta.zip,2.3902448415756226,0.7876787483692169,True,0,0,0
23556_NT_AL_AA.fasta.zip,0.8571676909923553,0.4991023391485214,False,0,0,0
23560_NT_AL_AA.fasta.zip,0.3919970840215683,0.5899771600961685,False,0,0,0
23569_NT_AL_AA.fasta.zip,0.742006927728653,0.4320591241121292,False,0,0,0
2356_NT_AL_AA.fasta.zip,0.7004848122596741,0.7187885046005249,False,0,0,0
23586_NT_AL_AA.fasta.zip,0.8962063193321228,0.32892198860645294,False,0,0,0
23592_NT_AL_AA.fasta.zip,1.4199029008547466,0.9400431315104166,True,0,0,0
23595_NT_AL_AA.fasta.zip,1.1352838277816772,0.7828385531902313,False,0,0,0
23598_NT_AL_AA.fasta.zip,0.23005162924528122,0.9667340219020844,False,0,0,0
23607_NT_AL_AA.fasta.zip,0.9934783577919006,0.8235565423965454,False,0,0,0
23608_NT_AL_AA.fasta.zip,0.5258307456970215,0.9749430418014526,False,0,0,0
23613_NT_AL_AA.fasta.zip,0.7259201010068258,0.948935329914093,True,0,0,0
23616_NT_AL_AA.fasta.zip,0.8738692998886108,0.8346563875675201,False,0,0,0
23621_NT_AL_AA.fasta.zip,0.2632172107696533,0.9519200325012207,False,0,0,0
23623_NT_AL_AA.fasta.zip,0.9615234136581421,0.9627502759297689,True,0,0,0
23633_NT_AL_AA.fasta.zip,0.22521166503429413,0.9674871265888214,False,0,0,0
23636_NT_AL_AA.fasta.zip,1.2220661044120789,0.9210292994976044,True,0,0,0
23637_NT_AL_AA.fasta.zip,0.2738168090581894,0.9575099349021912,False,0,0,0
23644_NT_AL_AA.fasta.zip,1.259624719619751,0.899242619673411,True,0,0,0
23645_NT_AL_AA.fasta.zip,3.2136340141296387,0.8921237587928772,True,0,0,0
23646_NT_AL_AA.fasta.zip,2.545259952545166,0.7810597121715546,False,0,0,0
23649_NT_AL_AA.fasta.zip,0.8624336421489716,0.5298764705657959,False,0,0,0
23650_NT_AL_AA.fasta.zip,1.130717396736145,0.9694419801235199,False,0,0,0
23654_NT_AL_AA.fasta.zip,0.5215886831283569,0.5147027134895324,True,0,0,0
23657_NT_AL_AA.fasta.zip,0.7098662853240967,0.6968631148338318,False,0,0,0
23660_NT_AL_AA.fasta.zip,1.2347853481769562,0.9767167568206787,True,0,0,0
23670_NT_AL_AA.fasta.zip,0.7512527207533518,0.43119799097379047,True,0,0,0
23677_NT_AL_AA.fasta.zip,0.5665882676839828,0.7035604119300842,False,0,0,0
23683_NT_AL_AA.fasta.zip,0.39437929540872574,0.9474633634090424,False,0,0,0
23731_NT_AL_AA.fasta.zip,0.41969943046569824,0.938050776720047,False,0,0,0
23759_NT_AL_AA.fasta.zip,0.4654441326856613,0.654519647359848,False,0,0,0
23762_NT_AL_AA.fasta.zip,0.7900129407644272,0.856707900762558,True,0,0,0
23765_NT_AL_AA.fasta.zip,1.2518429160118103,0.6921727359294891,True,0,0,0
23767_NT_AL_AA.fasta.zip,0.7448227107524872,0.9442088603973389,False,0,0,0
23768_NT_AL_AA.fasta.zip,0.5045813769102097,0.9724476933479309,False,0,0,0
23769_NT_AL_AA.fasta.zip,0.8227387070655823,0.9360989630222321,False,0,0,0
23774_NT_AL_AA.fasta.zip,0.5912768741448721,0.8764190872510275,False,0,0,0
23786_NT_AL_AA.fasta.zip,1.117616891860962,0.942355751991272,False,0,0,0
238_NT_AL_AA.fasta.zip,0.7405392825603485,0.872604563832283,True,0,0,0
23_NT_AL_AA.fasta.zip,0.683958038687706,0.9673541784286499,True,0,0,0
240_NT_AL_AA.fasta.zip,0.3292161524295807,0.33478522300720215,False,0,0,0
24137_NT_AL_AA.fasta.zip,1.5468713839848836,0.9446427424748739,True,0,0,0
24139_NT_AL_AA.fasta.zip,0.6664321720600128,0.5878040790557861,False,0,0,0
24144_NT_AL_AA.fasta.zip,0.46626512706279755,0.6447462886571884,False,0,0,0
24148_NT_AL_AA.fasta.zip,0.1117500327527523,0.940419465303421,False,0,0,0
242_NT_AL_AA.fasta.zip,0.6039794981479645,0.09306295961141586,False,0,0,0
2444_NT_AL_AA.fasta.zip,0.6010125577449799,0.7979380786418915,False,0,0,0
246175_NT_AL_AA.fasta.zip,0.13131248950958252,0.9715471565723419,False,0,0,0
246176_NT_AL_AA.fasta.zip,2.1374003887176514,0.9704790711402893,True,0,0,0
246213_NT_AL_AA.fasta.zip,0.31108368933200836,0.8936704099178314,False,0,0,0
247_NT_AL_AA.fasta.zip,0.8880906105041504,0.21186185255646706,False,0,0,0
248_NT_AL_AA.fasta.zip,0.44597262144088745,0.4148581773042679,False,0,0,0
2491_NT_AL_AA.fasta.zip,2.187095522880554,0.6929148286581039,False,0,0,0
2492_NT_AL_AA.fasta.zip,1.131943166255951,0.9225994944572449,False,0,0,0
2494_NT_AL_AA.fasta.zip,1.2400610446929932,0.9512361288070679,False,0,0,0
249_NT_AL_AA.fasta.zip,0.26879873871803284,0.37982960045337677,False,0,0,0
24_NT_AL_AA.fasta.zip,0.8592269420623779,0.7800648212432861,True,0,0,0
2515_NT_AL_AA.fasta.zip,1.0665124654769897,0.21535255014896393,False,0,0,0
2521_NT_AL_AA.fasta.zip,0.4708889573812485,0.9020693302154541,False,0,0,0
252983_NT_AL_AA.fasta.zip,1.5757827758789062,0.9246116876602173,False,0,0,0
2530_NT_AL_AA.fasta.zip,0.2602580785751343,0.7372910380363464,False,0,0,0
253143_NT_AL_AA.fasta.zip,3.8060037970542906,0.9317479729652405,True,0,0,0
253260_NT_AL_AA.fasta.zip,0.6134674772620201,0.9437800347805023,True,0,0,0
2533_NT_AL_AA.fasta.zip,1.6574650704860687,0.5332152992486954,True,0,0,0
253461_NT_AL_AA.fasta.zip,0.9600911935170492,0.955828328927358,False,0,0,0
2534_NT_AL_AA.fasta.zip,0.1169314868748188,0.9731691479682922,False,0,0,0
2535_NT_AL_AA.fasta.zip,0.30957168340682983,0.9797168076038361,False,0,0,0
253714_NT_AL_AA.fasta.zip,1.3742535909016926,0.6548094153404236,True,0,0,0
253738_NT_AL_AA.fasta.zip,0.12743601202964783,0.9707653522491455,False,0,0,0
253769_NT_AL_AA.fasta.zip,1.3877636194229126,0.4645736962556839,False,0,0,0
253943_NT_AL_AA.fasta.zip,0.2763671427965164,0.9562487602233887,False,0,0,0
253959_NT_AL_AA.fasta.zip,0.5553532441457113,0.9743593136469523,True,0,0,0
2539_NT_AL_AA.fasta.zip,0.2553355395793915,0.5073484927415848,False,0,0,0
254048_NT_AL_AA.fasta.zip,1.4956847031911213,0.9150916139284769,True,0,0,0
254050_NT_AL_AA.fasta.zip,1.1581155061721802,0.25451189279556274,True,0,0,0
254065_NT_AL_AA.fasta.zip,0.8926346004009247,0.9546487480401993,True,0,0,0
254102_NT_AL_AA.fasta.zip,2.7374211311340333,0.8932170867919922,True,0,0,0
254170_NT_AL_AA.fasta.zip,1.3780839443206787,0.9465472996234894,True,0,0,0
254187_NT_AL_AA.fasta.zip,2.985367178916931,0.9022684991359711,True,0,0,0
254225_NT_AL_AA.fasta.zip,1.3650266528129578,0.9470610320568085,True,0,0,0
254240_NT_AL_AA.fasta.zip,1.6882264018058777,0.42955850064754486,False,0,0,0
254251_NT_AL_AA.fasta.zip,1.4186261147260666,0.9593416303396225,True,0,0,0
254268_NT_AL_AA.fasta.zip,4.226113796234131,0.9293129444122314,False,0,0,0
254394_NT_AL_AA.fasta.zip,1.884524444739024,0.8396435181299845,True,0,0,0
254427_NT_AL_AA.fasta.zip,1.58856201171875,0.913663774728775,False,0,0,0
254428_NT_AL_AA.fasta.zip,0.3410384804010391,0.9488705396652222,False,0,0,0
254531_NT_AL_AA.fasta.zip,0.48026852309703827,0.7872079908847809,False,0,0,0
2547_NT_AL_AA.fasta.zip,0.7449230253696442,0.1496458500623703,False,0,0,0
254827_NT_AL_AA.fasta.zip,1.0723358988761902,0.7106783092021942,False,0,0,0
2548_NT_AL_AA.fasta.zip,0.6084380149841309,0.45701422542333603,True,0,0,0
2549_NT_AL_AA.fasta.zip,1.0712403059005737,0.9055225551128387,True,0,0,0
255057_NT_AL_AA.fasta.zip,1.3140749335289001,0.9322471618652344,False,0,0,0
2550_NT_AL_AA.fasta.zip,0.31636279821395874,0.9579171538352966,False,0,0,0
255101_NT_AL_AA.fasta.zip,1.3107822388410568,0.23960209358483553,True,0,0,0
255104_NT_AL_AA.fasta.zip,0.861391007900238,0.92576664686203,False,0,0,0
255189_NT_AL_AA.fasta.zip,1.2100657224655151,0.6273825913667679,False,0,0,0
255231_NT_AL_AA.fasta.zip,0.974031537771225,0.915993332862854,False,0,0,0
255239_NT_AL_AA.fasta.zip,3.9448338747024536,0.7005786299705505,False,0,0,0
255394_NT_AL_AA.fasta.zip,1.611435353755951,0.434014230966568,False,0,0,0
2555_NT_AL_AA.fasta.zip,0.29805178940296173,0.9793586730957031,False,0,0,0
255631_NT_AL_AA.fasta.zip,1.3702140599489212,0.2594487303867936,True,0,0,0
255738_NT_AL_AA.fasta.zip,0.9077150225639343,0.7274441421031952,False,0,0,0
255743_NT_AL_AA.fasta.zip,1.1368309259414673,0.9591241180896759,False,0,0,0
2557_NT_AL_AA.fasta.zip,0.2313636615872383,0.9818319082260132,False,0,0,0
255877_NT_AL_AA.fasta.zip,0.5874477326869965,0.9754351079463959,False,0,0,0
255928_NT_AL_AA.fasta.zip,0.38876935839653015,0.9009150862693787,False,0,0,0
255967_NT_AL_AA.fasta.zip,0.6723679006099701,0.9665289521217346,True,0,0,0
256006_NT_AL_AA.fasta.zip,3.536893367767334,0.8273657560348511,True,0,0,0
256076_NT_AL_AA.fasta.zip,1.1784236828486125,0.22143936653931937,True,0,0,0
2560_NT_AL_AA.fasta.zip,0.24940818548202515,0.9706819653511047,False,0,0,0
256158_NT_AL_AA.fasta.zip,1.0259561267766086,0.12405808879570528,False,0,0,0
256309_NT_AL_AA.fasta.zip,2.8228840231895447,0.7897705435752869,True,0,0,0
256329_NT_AL_AA.fasta.zip,2.209153652191162,0.7659033238887787,False,0,0,0
256356_NT_AL_AA.fasta.zip,0.4772401303052902,0.33199287950992584,False,0,0,0
256364_NT_AL_AA.fasta.zip,0.3762729912996292,0.798203319311142,False,0,0,0
256471_NT_AL_AA.fasta.zip,0.8585028052330017,0.4236965626478195,False,0,0,0
256472_NT_AL_AA.fasta.zip,0.38604719936847687,0.9667421281337738,True,0,0,0
2564_NT_AL_AA.fasta.zip,2.3535478115081787,0.7068739235401154,False,0,0,0
256536_NT_AL_AA.fasta.zip,1.2927166819572449,0.943136990070343,True,0,0,0
256643_NT_AL_AA.fasta.zip,3.7632845640182495,0.7358985245227814,True,0,0,0
256646_NT_AL_AA.fasta.zip,3.6543094317118325,0.9186007181803385,True,0,0,0
256691_NT_AL_AA.fasta.zip,0.6248704791069031,0.4547676146030426,False,0,0,0
256714_NT_AL_AA.fasta.zip,1.6586305300394695,0.8068127036094666,True,0,0,0
256764_NT_AL_AA.fasta.zip,1.481292764345805,0.7808776100476583,True,0,0,0
256815_NT_AL_AA.fasta.zip,1.864547848701477,0.17614111304283142,False,0,0,0
256949_NT_AL_AA.fasta.zip,1.7257731556892395,0.8859380483627319,True,0,0,0
256957_NT_AL_AA.fasta.zip,2.4319618940353394,0.3071286082267761,False,0,0,0
257019_NT_AL_AA.fasta.zip,0.87471804022789,0.9403607845306396,False,0,0,0
257044_NT_AL_AA.fasta.zip,1.3554921547571819,0.11410319556792577,False,0,0,0
257062_NT_AL_AA.fasta.zip,1.5647584795951843,0.059182846918702126,True,0,0,0
2570_NT_AL_AA.fasta.zip,0.33471904695034027,0.9715337753295898,False,0,0,0
257106_NT_AL_AA.fasta.zip,1.6288512150446575,0.9569244186083475,True,0,0,0
257160_NT_AL_AA.fasta.zip,0.9386799335479736,0.9663770496845245,False,0,0,0
257169_NT_AL_AA.fasta.zip,3.8802112340927124,0.7759335041046143,False,0,0,0
2571_NT_AL_AA.fasta.zip,0.4308174103498459,0.9595880210399628,False,0,0,0
257218_NT_AL_AA.fasta.zip,0.7038389295339584,0.6716983318328857,True,0,0,0
257236_NT_AL_AA.fasta.zip,2.2638620138168335,0.4498891234397888,True,0,0,0
257240_NT_AL_AA.fasta.zip,0.8203790187835693,0.6627389490604401,False,0,0,0
2572_NT_AL_AA.fasta.zip,0.4900309294462204,0.9602515697479248,False,0,0,0
257364_NT_AL_AA.fasta.zip,0.7451691031455994,0.967798262834549,False,0,0,0
257397_NT_AL_AA.fasta.zip,0.8220187127590179,0.6962721049785614,False,0,0,0
25758_NT_AL_AA.fasta.zip,1.9704760387539864,0.8808772414922714,True,0,0,0
25759_NT_AL_AA.fasta.zip,0.843524307012558,0.9369249939918518,False,0,0,0
25766_NT_AL_AA.fasta.zip,0.8574548065662384,0.9805989861488342,False,0,0,0
25769_NT_AL_AA.fasta.zip,0.5142293721437454,0.8794928193092346,True,0,0,0
25771_NT_AL_AA.fasta.zip,0.5985104143619537,0.936157613992691,False,0,0,0
25777_NT_AL_AA.fasta.zip,1.2211578786373138,0.7571263015270233,True,0,0,0
25778_NT_AL_AA.fasta.zip,1.0324249565601349,0.934085488319397,True,0,0,0
25780_NT_AL_AA.fasta.zip,0.6520987451076508,0.9145970344543457,False,0,0,0
25782_NT_AL_AA.fasta.zip,0.7120117545127869,0.8018970489501953,True,0,0,0
25788_NT_AL_AA.fasta.zip,0.7552984952926636,0.7842718958854675,False,0,0,0
25790_NT_AL_AA.fasta.zip,1.9666710495948792,0.7365275919437408,False,0,0,0
25791_NT_AL_AA.fasta.zip,0.4266549348831177,0.8634752631187439,False,0,0,0
25792_NT_AL_AA.fasta.zip,2.2409198681513467,0.883306622505188,True,0,0,0
25793_NT_AL_AA.fasta.zip,0.9080123007297516,0.777275562286377,False,0,0,0
25794_NT_AL_AA.fasta.zip,1.1714779734611511,0.26720185577869415,False,0,0,0
25800_NT_AL_AA.fasta.zip,1.085286170244217,0.8435081541538239,True,0,0,0
25802_NT_AL_AA.fasta.zip,1.088176965713501,0.9736617505550385,False,0,0,0
2580_NT_AL_AA.fasta.zip,1.0217843254407246,0.8312267859776815,True,0,0,0
2581_NT_AL_AA.fasta.zip,0.5159931182861328,0.47547951340675354,False,0,0,0
25820_NT_AL_AA.fasta.zip,0.07103258185088634,0.9712089002132416,False,0,0,0
25821_NT_AL_AA.fasta.zip,0.5214932560920715,0.7272959351539612,False,0,0,0
25825_NT_AL_AA.fasta.zip,0.8769252896308899,0.8303544819355011,False,0,0,0
25831_NT_AL_AA.fasta.zip,0.20043697642783323,0.9725047846635183,False,0,0,0
25836_NT_AL_AA.fasta.zip,0.36110464731852215,0.881877621014913,True,0,0,0
25839_NT_AL_AA.fasta.zip,0.6053875386714935,0.7669345140457153,False,0,0,0
2583_NT_AL_AA.fasta.zip,0.9392128884792328,0.7824690639972687,False,0,0,0
25841_NT_AL_AA.fasta.zip,0.7993336915969849,0.8938137491544088,False,0,0,0
25851_NT_AL_AA.fasta.zip,0.7544854283332825,0.7066007455190023,True,0,0,0
25852_NT_AL_AA.fasta.zip,0.12126655876636505,0.9743645787239075,False,0,0,0
25854_NT_AL_AA.fasta.zip,1.9370583891868591,0.7635042667388916,False,0,0,0
25861_NT_AL_AA.fasta.zip,0.9343726336956024,0.9586670100688934,False,0,0,0
25862_NT_AL_AA.fasta.zip,0.5340713560581207,0.978742778301239,False,0,0,0
25865_NT_AL_AA.fasta.zip,0.344257652759552,0.9601638913154602,False,0,0,0
25871_NT_AL_AA.fasta.zip,2.0360007286071777,0.921245664358139,False,0,0,0
25885_NT_AL_AA.fasta.zip,0.5162668824195862,0.8385869860649109,False,0,0,0
25888_NT_AL_AA.fasta.zip,3.1010762055714927,0.2030588947236538,True,0,0,0
2588_NT_AL_AA.fasta.zip,0.42655186355113983,0.5503025650978088,False,0,0,0
25890_NT_AL_AA.fasta.zip,3.0796854138374328,0.6478608965873718,True,0,0,0
25891_NT_AL_AA.fasta.zip,0.6117101609706879,0.5690336227416992,False,0,0,0
25894_NT_AL_AA.fasta.zip,1.876209815343221,0.7449215451876322,True,0,0,0
25896_NT_AL_AA.fasta.zip,0.7438686788082123,0.9411676526069641,False,0,0,0
25897_NT_AL_AA.fasta.zip,0.46137474477291107,0.9761446118354797,False,0,0,0
2589_NT_AL_AA.fasta.zip,0.1796143352985382,0.9603009521961212,False,0,0,0
25900_NT_AL_AA.fasta.zip,0.6641310155391693,0.9646565020084381,False,0,0,0
25902_NT_AL_AA.fasta.zip,0.8916482627391815,0.564377062022686,True,0,0,0
25903_NT_AL_AA.fasta.zip,0.963612288236618,0.972043514251709,False,0,0,0
25904_NT_AL_AA.fasta.zip,0.5295974314212799,0.9511960446834564,False,0,0,0
25909_NT_AL_AA.fasta.zip,1.345821090042591,0.7505466384547097,True,0,0,0
2590_NT_AL_AA.fasta.zip,0.2766169086098671,0.838210791349411,False,0,0,0
25913_NT_AL_AA.fasta.zip,1.152616024017334,0.6679399013519287,False,0,0,0
25914_NT_AL_AA.fasta.zip,1.157322645187378,0.6380504041910171,True,0,0,0
259173_NT_AL_AA.fasta.zip,1.1510010361671448,0.4283797889947891,False,0,0,0
25917_NT_AL_AA.fasta.zip,0.9183191955089569,0.9507401585578918,False,0,0,0
2591_NT_AL_AA.fasta.zip,0.5206649601459503,0.7523316442966461,True,0,0,0
25920_NT_AL_AA.fasta.zip,0.28817072324454784,0.839636892080307,True,0,0,0
259217_NT_AL_AA.fasta.zip,0.34244368970394135,0.9275520145893097,False,0,0,0
25921_NT_AL_AA.fasta.zip,0.33128757774829865,0.8719671964645386,False,0,0,0
259232_NT_AL_AA.fasta.zip,0.1492047719657421,0.9694978445768356,False,0,0,0
25923_NT_AL_AA.fasta.zip,1.095488578081131,0.8356530666351318,False,0,0,0
25924_NT_AL_AA.fasta.zip,1.155830204486847,0.958370715379715,False,0,0,0
25925_NT_AL_AA.fasta.zip,0.17398318741470575,0.9596958160400391,False,0,0,0
259266_NT_AL_AA.fasta.zip,1.8262587019375391,0.5133393225925309,True,0,0,0
25926_NT_AL_AA.fasta.zip,1.2785447239875793,0.7673685848712921,False,0,0,0
259282_NT_AL_AA.fasta.zip,2.0989119836262295,0.7169455885887146,True,0,0,0
25929_NT_AL_AA.fasta.zip,1.0092336684465408,0.8265968561172485,True,0,0,0
25930_NT_AL_AA.fasta.zip,0.7591143995523453,0.9274173527956009,True,0,0,0
25938_NT_AL_AA.fasta.zip,0.950105881690979,0.7466979503631592,True,0,0,0
25939_NT_AL_AA.fasta.zip,0.5319635272026062,0.5591976046562195,False,0,0,0
25940_NT_AL_AA.fasta.zip,0.3981867581605911,0.9098430275917053,False,0,0,0
25942_NT_AL_AA.fasta.zip,0.3198499878247579,0.956462581952413,False,0,0,0
25943_NT_AL_AA.fasta.zip,1.2561716238657634,0.8442580501238505,True,0,0,0
25945_NT_AL_AA.fasta.zip,2.515125036239624,0.8992597162723541,False,0,0,0
25948_NT_AL_AA.fasta.zip,0.36012719571590424,0.9704185426235199,False,0,0,0
25956_NT_AL_AA.fasta.zip,3.2168893814086914,0.8388849496841431,True,0,0,0
25957_NT_AL_AA.fasta.zip,1.2824876010417938,0.9390996694564819,True,0,0,0
25959_NT_AL_AA.fasta.zip,1.219544529914856,0.9784159362316132,False,0,0,0
2595_NT_AL_AA.fasta.zip,0.9465283751487732,0.7074716091156006,True,0,0,0
25960_NT_AL_AA.fasta.zip,0.9342716137568156,0.8623194694519043,True,0,0,0
25962_NT_AL_AA.fasta.zip,0.6906329616904259,0.9411521255970001,True,0,0,0
25963_NT_AL_AA.fasta.zip,0.5544848442077637,0.9627473652362823,False,0,0,0
25966_NT_AL_AA.fasta.zip,1.2409826517105103,0.7340063750743866,False,0,0,0
25970_NT_AL_AA.fasta.zip,1.5028818845748901,0.9393895864486694,False,0,0,0
25975_NT_AL_AA.fasta.zip,1.430629014968872,0.7205872237682343,False,0,0,0
25976_NT_AL_AA.fasta.zip,1.4714224338531494,0.9171818792819977,True,0,0,0
25981_NT_AL_AA.fasta.zip,0.46598662932713825,0.5152483185132345,False,0,0,0
25988_NT_AL_AA.fasta.zip,0.562687024474144,0.9528734683990479,False,0,0,0
25992_NT_AL_AA.fasta.zip,0.831774373849233,0.43485620617866516,True,0,0,0
25998_NT_AL_AA.fasta.zip,1.3077636162439983,0.6998355885346731,True,0,0,0
25999_NT_AL_AA.fasta.zip,0.35604603588581085,0.969047874212265,False,0,0,0
25_NT_AL_AA.fasta.zip,0.4472433278958003,0.9361408750216166,True,0,0,0
26000_NT_AL_AA.fasta.zip,0.8398607075214386,0.9753047227859497,False,0,0,0
26002_NT_AL_AA.fasta.zip,0.6226975619792938,0.6623192429542542,False,0,0,0
26005_NT_AL_AA.fasta.zip,1.7002661228179932,0.9013041138648987,True,0,0,0
26007_NT_AL_AA.fasta.zip,0.7093086540699005,0.8071361184120178,False,0,0,0
26009_NT_AL_AA.fasta.zip,1.7551960498094559,0.9248884916305542,True,0,0,0
26010_NT_AL_AA.fasta.zip,0.8601087331771851,0.9595018029212952,False,0,0,0
26011_NT_AL_AA.fasta.zip,0.9785619974136353,0.9357752601305643,True,0,0,0
26012_NT_AL_AA.fasta.zip,0.9890968501567841,0.9674120247364044,False,0,0,0
26013_NT_AL_AA.fasta.zip,1.2667858004570007,0.9518421292304993,True,0,0,0
26015_NT_AL_AA.fasta.zip,0.9951208233833313,0.6554972231388092,False,0,0,0
26018_NT_AL_AA.fasta.zip,0.6474473476409912,0.4197613522410393,True,0,0,0
26019_NT_AL_AA.fasta.zip,0.44204727311929065,0.97556471824646,True,0,0,0
26020_NT_AL_AA.fasta.zip,0.7212783694267273,0.8652473986148834,False,0,0,0
26027_NT_AL_AA.fasta.zip,0.5464343726634979,0.6717531383037567,False,0,0,0
260293_NT_AL_AA.fasta.zip,1.5523200035095215,0.4014592468738556,False,0,0,0
26030_NT_AL_AA.fasta.zip,1.3202027678489685,0.8927424550056458,True,0,0,0
26031_NT_AL_AA.fasta.zip,0.6226549446582794,0.7664382457733154,True,0,0,0
26032_NT_AL_AA.fasta.zip,1.7200639843940735,0.9284111559391022,False,0,0,0
26033_NT_AL_AA.fasta.zip,0.527668962876002,0.899687647819519,False,0,0,0
26035_NT_AL_AA.fasta.zip,0.6853487193584442,0.9050991237163544,False,0,0,0
26036_NT_AL_AA.fasta.zip,0.8859855930010477,0.8470250368118286,False,0,0,0
26037_NT_AL_AA.fasta.zip,0.7492144145071507,0.8994980454444885,True,0,0,0
26038_NT_AL_AA.fasta.zip,0.3129858262836933,0.9531231820583344,False,0,0,0
26040_NT_AL_AA.fasta.zip,0.9839972108602524,0.7897433787584305,True,0,0,0
260425_NT_AL_AA.fasta.zip,0.8298313766717911,0.9536820948123932,True,0,0,0
26045_NT_AL_AA.fasta.zip,0.398416668176651,0.9537516832351685,False,0,0,0
26046_NT_AL_AA.fasta.zip,1.4916564524173737,0.6799528300762177,True,0,0,0
26047_NT_AL_AA.fasta.zip,0.49181920289993286,0.7326758503913879,True,0,0,0
26049_NT_AL_AA.fasta.zip,1.4622011184692383,0.9227847456932068,True,0,0,0
26050_NT_AL_AA.fasta.zip,0.6882323523362478,0.8977737625439962,True,0,0,0
26051_NT_AL_AA.fasta.zip,0.40859346091747284,0.9513696432113647,False,0,0,0
26052_NT_AL_AA.fasta.zip,0.29354411363601685,0.9662811756134033,False,0,0,0
26053_NT_AL_AA.fasta.zip,0.9141914049784342,0.8876986702283224,True,0,0,0
26054_NT_AL_AA.fasta.zip,0.7626885626465082,0.9044690608978272,True,0,0,0
26056_NT_AL_AA.fasta.zip,1.6697723468144734,0.9583157499631246,True,0,0,0
26057_NT_AL_AA.fasta.zip,0.5219285239775976,0.9620877802371979,True,0,0,0
26058_NT_AL_AA.fasta.zip,0.6244082053502401,0.9675951401392618,False,0,0,0
26059_NT_AL_AA.fasta.zip,0.20472019910812378,0.9708590507507324,False,0,0,0
26060_NT_AL_AA.fasta.zip,0.39620086550712585,0.9357003271579742,False,0,0,0
26064_NT_AL_AA.fasta.zip,1.174991250038147,0.87935009598732,False,0,0,0
26074_NT_AL_AA.fasta.zip,0.7525877157847086,0.5026986747980118,True,0,0,0
26084_NT_AL_AA.fasta.zip,1.0508483052253723,0.9549483060836792,False,0,0,0
26086_NT_AL_AA.fasta.zip,0.8320717811584473,0.9488811790943146,False,0,0,0
26088_NT_AL_AA.fasta.zip,0.48802541196346283,0.9657643139362335,False,0,0,0
26091_NT_AL_AA.fasta.zip,0.4147489269574483,0.9374362031618754,False,0,0,0
26092_NT_AL_AA.fasta.zip,2.4921658039093018,0.8379700481891632,True,0,0,0
26093_NT_AL_AA.fasta.zip,0.8421937823295593,0.9553590714931488,False,0,0,0
26094_NT_AL_AA.fasta.zip,0.8682526648044586,0.7451635599136353,False,0,0,0
26098_NT_AL_AA.fasta.zip,0.3935440282026927,0.9523411790529887,False,0,0,0
26103_NT_AL_AA.fasta.zip,1.701698362827301,0.5977445542812347,False,0,0,0
26115_NT_AL_AA.fasta.zip,0.36345777809619906,0.9493704915046692,False,0,0,0
26121_NT_AL_AA.fasta.zip,0.23778823018074036,0.9787438809871674,False,0,0,0
26122_NT_AL_AA.fasta.zip,0.6948011666536331,0.9673747420310974,True,0,0,0
26123_NT_AL_AA.fasta.zip,1.6253270506858826,0.492835208773613,False,0,0,0
26128_NT_AL_AA.fasta.zip,1.9429244995117188,0.8184544444084167,False,0,0,0
26130_NT_AL_AA.fasta.zip,0.4037516713142395,0.9571503003438314,False,0,0,0
26133_NT_AL_AA.fasta.zip,0.9106260240077972,0.9830394685268402,True,0,0,0
26137_NT_AL_AA.fasta.zip,0.3988083153963089,0.973371833562851,False,0,0,0
26140_NT_AL_AA.fasta.zip,1.303649127483368,0.9607711136341095,False,0,0,0
26145_NT_AL_AA.fasta.zip,0.6429172456264496,0.9601995348930359,False,0,0,0
26146_NT_AL_AA.fasta.zip,1.9382669925689697,0.8760589957237244,True,0,0,0
26153_NT_AL_AA.fasta.zip,1.3394904732704163,0.8823767155408859,False,0,0,0
26154_NT_AL_AA.fasta.zip,0.6710482984781265,0.7223522365093231,True,0,0,0
26155_NT_AL_AA.fasta.zip,0.8439828157424927,0.6342322826385498,False,0,0,0
26156_NT_AL_AA.fasta.zip,1.9211390018463135,0.6636634469032288,False,0,0,0
2615_NT_AL_AA.fasta.zip,1.0128984451293945,0.3526383340358734,False,0,0,0
26160_NT_AL_AA.fasta.zip,1.28762286901474,0.8762708306312561,True,0,0,0
26166_NT_AL_AA.fasta.zip,0.9411583145459493,0.8072335918744405,False,0,0,0
26168_NT_AL_AA.fasta.zip,0.9212691783905029,0.9544789493083954,True,0,0,0
261734_NT_AL_AA.fasta.zip,0.9821174442768097,0.4603707864880562,False,0,0,0
26173_NT_AL_AA.fasta.zip,0.5363148629665375,0.5462310194969178,True,0,0,0
2617_NT_AL_AA.fasta.zip,0.5030099898576736,0.6852433234453201,True,0,0,0
2618_NT_AL_AA.fasta.zip,0.6621840198834738,0.4154064804315567,True,0,0,0
26191_NT_AL_AA.fasta.zip,1.9819306433200836,0.9061980843544006,True,0,0,0
26205_NT_AL_AA.fasta.zip,0.4203837066888809,0.7948075830936432,False,0,0,0
26206_NT_AL_AA.fasta.zip,3.024359166622162,0.8118741810321808,True,0,0,0
2621_NT_AL_AA.fasta.zip,0.6107516586780548,0.2840332016348839,False,0,0,0
26227_NT_AL_AA.fasta.zip,0.7812446355819702,0.8083142340183258,False,0,0,0
26230_NT_AL_AA.fasta.zip,0.7088602781295776,0.8927869945764542,True,0,0,0
26233_NT_AL_AA.fasta.zip,1.3182798624038696,0.41050805151462555,False,0,0,0
26234_NT_AL_AA.fasta.zip,0.6445975601673126,0.9784286618232727,False,0,0,0
26235_NT_AL_AA.fasta.zip,1.069687306880951,0.9484806954860687,False,0,0,0
26249_NT_AL_AA.fasta.zip,0.23273368179798126,0.9798722863197327,False,0,0,0
26256_NT_AL_AA.fasta.zip,2.2359290719032288,0.6827736496925354,True,0,0,0
26259_NT_AL_AA.fasta.zip,1.5879140496253967,0.8162153661251068,True,0,0,0
26261_NT_AL_AA.fasta.zip,0.880007803440094,0.913070797920227,False,0,0,0
26266_NT_AL_AA.fasta.zip,0.4764774590730667,0.9704117178916931,False,0,0,0
26267_NT_AL_AA.fasta.zip,2.40077006816864,0.9243471622467041,True,0,0,0
26276_NT_AL_AA.fasta.zip,0.9238408505916595,0.961827963590622,False,0,0,0
26278_NT_AL_AA.fasta.zip,0.5019574791193009,0.6826805233955383,True,0,0,0
2627_NT_AL_AA.fasta.zip,1.5856874585151672,0.9628310203552246,True,0,0,0
26280_NT_AL_AA.fasta.zip,0.8534457385540009,0.9581578969955444,False,0,0,0
26286_NT_AL_AA.fasta.zip,0.8499822020530701,0.8613057136535645,False,0,0,0
26289_NT_AL_AA.fasta.zip,0.6913995444774628,0.9170745015144348,False,0,0,0
26290_NT_AL_AA.fasta.zip,1.707187533378601,0.3485623523592949,True,0,0,0
2629_NT_AL_AA.fasta.zip,0.5143735557794571,0.5020766258239746,True,0,0,0
2632_NT_AL_AA.fasta.zip,0.3468540608882904,0.17102441750466824,False,0,0,0
26354_NT_AL_AA.fasta.zip,1.1779000759124756,0.8138131499290466,False,0,0,0
2646_NT_AL_AA.fasta.zip,4.35105299949646,0.4710710644721985,False,0,0,0
26470_NT_AL_AA.fasta.zip,0.5735422521829605,0.9571714401245117,True,0,0,0
2648_NT_AL_AA.fasta.zip,0.3278289958834648,0.9763121008872986,False,0,0,0
26504_NT_AL_AA.fasta.zip,0.47225168347358704,0.8987026810646057,False,0,0,0
26505_NT_AL_AA.fasta.zip,1.2630206644535065,0.9472709000110626,True,0,0,0
26507_NT_AL_AA.fasta.zip,0.5411659479141235,0.9700445234775543,False,0,0,0
26509_NT_AL_AA.fasta.zip,0.5196415901184082,0.6395310163497925,True,0,0,0
26512_NT_AL_AA.fasta.zip,0.3442353159189224,0.9686366617679596,False,0,0,0
2651_NT_AL_AA.fasta.zip,0.9794593453407288,0.4253350496292114,True,0,0,0
26524_NT_AL_AA.fasta.zip,0.9487345019976298,0.9127756555875143,True,0,0,0
26574_NT_AL_AA.fasta.zip,0.8972407281398773,0.9636638462543488,True,0,0,0
26576_NT_AL_AA.fasta.zip,0.8250627517700195,0.9693321585655212,False,0,0,0
26586_NT_AL_AA.fasta.zip,3.1947608590126038,0.7336466014385223,True,0,0,0
2662_NT_AL_AA.fasta.zip,1.4100019335746765,0.9714580178260803,False,0,0,0
266722_NT_AL_AA.fasta.zip,0.8081767559051514,0.9802563488483429,False,0,0,0
266727_NT_AL_AA.fasta.zip,0.7481521666049957,0.9548740983009338,True,0,0,0
266743_NT_AL_AA.fasta.zip,1.1124674379825592,0.9620526134967804,True,0,0,0
266977_NT_AL_AA.fasta.zip,1.2467327117919922,0.25932081788778305,False,0,0,0
2673_NT_AL_AA.fasta.zip,0.17046985030174255,0.968033492565155,False,0,0,0
26747_NT_AL_AA.fasta.zip,1.1623150706291199,0.9616402983665466,False,0,0,0
26750_NT_AL_AA.fasta.zip,0.7410299380620321,0.9410828749338785,False,0,0,0
2675_NT_AL_AA.fasta.zip,0.5840166062116623,0.6709151417016983,True,0,0,0
2677_NT_AL_AA.fasta.zip,0.5432614386081696,0.8680659234523773,False,0,0,0
2678_NT_AL_AA.fasta.zip,0.46986009180545807,0.33682119846343994,False,0,0,0
267_NT_AL_AA.fasta.zip,0.35313253104686737,0.9722817838191986,False,0,0,0
2686_NT_AL_AA.fasta.zip,1.0469252467155457,0.7857102751731873,True,0,0,0
26873_NT_AL_AA.fasta.zip,0.4898442327976227,0.7138491173585256,True,0,0,0
2687_NT_AL_AA.fasta.zip,0.7012368142604828,0.45118600130081177,False,0,0,0
268_NT_AL_AA.fasta.zip,1.2513683438301086,0.5187266021966934,False,0,0,0
2690_NT_AL_AA.fasta.zip,1.144114077091217,0.8796339631080627,False,0,0,0
26953_NT_AL_AA.fasta.zip,0.7180172801017761,0.9011960426966349,True,0,0,0
26958_NT_AL_AA.fasta.zip,0.35271720588207245,0.7711336016654968,False,0,0,0
26959_NT_AL_AA.fasta.zip,0.5182164907455444,0.9601171910762787,False,0,0,0
26960_NT_AL_AA.fasta.zip,0.24064161628484726,0.9343978847776141,False,0,0,0
2696_NT_AL_AA.fasta.zip,1.2957478761672974,0.9299324750900269,False,0,0,0
26986_NT_AL_AA.fasta.zip,0.09819768369197845,0.9763319790363312,False,0,0,0
26993_NT_AL_AA.fasta.zip,0.7985889613628387,0.9390768706798553,True,0,0,0
26999_NT_AL_AA.fasta.zip,0.0661841332912445,0.9723872343699137,False,0,0,0
269_NT_AL_AA.fasta.zip,1.172143816947937,0.8965001404285431,False,0,0,0
27000_NT_AL_AA.fasta.zip,0.6723213791847229,0.9038179814815521,False,0,0,0
27005_NT_AL_AA.fasta.zip,0.6667480170726776,0.9725745022296906,False,0,0,0
27012_NT_AL_AA.fasta.zip,0.47417640686035156,0.9283797442913055,False,0,0,0
27019_NT_AL_AA.fasta.zip,1.0592503547668457,0.8639413118362427,False,0,0,0
27022_NT_AL_AA.fasta.zip,0.791111022233963,0.9825377464294434,False,0,0,0
27030_NT_AL_AA.fasta.zip,2.48074634373188,0.9049244821071625,True,0,0,0
27031_NT_AL_AA.fasta.zip,1.1078744331995647,0.9083316127459208,True,0,0,0
27032_NT_AL_AA.fasta.zip,0.39601536095142365,0.9652237594127655,False,0,0,0
27033_NT_AL_AA.fasta.zip,1.1757495999336243,0.9776533246040344,False,0,0,0
27035_NT_AL_AA.fasta.zip,1.423797369003296,0.4858843833208084,False,0,0,0
27037_NT_AL_AA.fasta.zip,1.0045605301856995,0.745445728302002,False,0,0,0
27039_NT_AL_AA.fasta.zip,0.9271843135356903,0.7399507164955139,False,0,0,0
27042_NT_AL_AA.fasta.zip,1.039316326379776,0.8853297531604767,False,0,0,0
27043_NT_AL_AA.fasta.zip,0.9563816785812378,0.5923090974489847,True,0,0,0
27044_NT_AL_AA.fasta.zip,0.30063119530677795,0.9180536568164825,False,0,0,0
27067_NT_AL_AA.fasta.zip,1.1181844472885132,0.9611904621124268,False,0,0,0
27072_NT_AL_AA.fasta.zip,0.6600088179111481,0.9309515058994293,False,0,0,0
27079_NT_AL_AA.fasta.zip,0.7136873304843903,0.9621820449829102,False,0,0,0
27085_NT_AL_AA.fasta.zip,1.2517233490943909,0.8542326092720032,True,0,0,0
27086_NT_AL_AA.fasta.zip,0.3164094239473343,0.9463412463665009,False,0,0,0
27097_NT_AL_AA.fasta.zip,0.6263929009437561,0.794694185256958,False,0,0,0
270_NT_AL_AA.fasta.zip,0.4264604076743126,0.5822575241327286,True,0,0,0
27102_NT_AL_AA.fasta.zip,0.6574654579162598,0.9289899468421936,False,0,0,0
27107_NT_AL_AA.fasta.zip,0.5331865350405375,0.975822369257609,False,0,0,0
2710_NT_AL_AA.fasta.zip,0.24722886085510254,0.6341367363929749,False,0,0,0
27115_NT_AL_AA.fasta.zip,0.6205898821353912,0.9730283915996552,False,0,0,0
27124_NT_AL_AA.fasta.zip,1.336124877134959,0.8923351565996805,True,0,0,0
27125_NT_AL_AA.fasta.zip,0.6609196066856384,0.8915611108144125,False,0,0,0
27127_NT_AL_AA.fasta.zip,0.942392627398173,0.58197882771492,True,0,0,0
2712_NT_AL_AA.fasta.zip,0.7126757502555847,0.5273767709732056,False,0,0,0
27130_NT_AL_AA.fasta.zip,1.3906479179859161,0.8333626588185629,True,0,0,0
27132_NT_AL_AA.fasta.zip,2.284435510635376,0.44164420664310455,True,0,0,0
27133_NT_AL_AA.fasta.zip,0.23121929168701172,0.958641916513443,False,0,0,0
27134_NT_AL_AA.fasta.zip,0.9337550699710846,0.7107703387737274,False,0,0,0
27136_NT_AL_AA.fasta.zip,2.117445468902588,0.6610522270202637,True,0,0,0
27143_NT_AL_AA.fasta.zip,0.848510205745697,0.759743332862854,False,0,0,0
27145_NT_AL_AA.fasta.zip,1.0274016658465068,0.9467809796333313,True,0,0,0
27146_NT_AL_AA.fasta.zip,2.29682457447052,0.9048724373181661,True,0,0,0
27147_NT_AL_AA.fasta.zip,1.1560128331184387,0.9311402241388956,True,0,0,0
27148_NT_AL_AA.fasta.zip,1.1776929100354512,0.5455536196629206,True,0,0,0
27152_NT_AL_AA.fasta.zip,1.4771794080734253,0.9097415506839752,False,0,0,0
27153_NT_AL_AA.fasta.zip,0.6271330267190933,0.9538076221942902,False,0,0,0
27154_NT_AL_AA.fasta.zip,0.6194944679737091,0.9705639084180196,False,0,0,0
27158_NT_AL_AA.fasta.zip,0.6222406625747681,0.4623394012451172,False,0,0,0
27161_NT_AL_AA.fasta.zip,0.05756024830043316,0.9692296385765076,False,0,0,0
27164_NT_AL_AA.fasta.zip,0.7493350406487783,0.860058605670929,True,0,0,0
27165_NT_AL_AA.fasta.zip,0.48105914890766144,0.9536237716674805,False,0,0,0
27185_NT_AL_AA.fasta.zip,3.0976122617721558,0.7971751093864441,True,0,0,0
2719_NT_AL_AA.fasta.zip,1.2670866250991821,0.9740177989006042,True,0,0,0
271_NT_AL_AA.fasta.zip,0.27942226082086563,0.9449098408222198,False,0,0,0
2720_NT_AL_AA.fasta.zip,0.48783983290195465,0.39080798625946045,False,0,0,0
27229_NT_AL_AA.fasta.zip,0.3879762291908264,0.9725433588027954,False,0,0,0
27237_NT_AL_AA.fasta.zip,0.8099675178527832,0.4354142099618912,False,0,0,0
27239_NT_AL_AA.fasta.zip,0.6339986473321915,0.9695472121238708,False,0,0,0
27241_NT_AL_AA.fasta.zip,1.071816325187683,0.8122714757919312,False,0,0,0
27242_NT_AL_AA.fasta.zip,0.6362924873828888,0.9629437327384949,False,0,0,0
27244_NT_AL_AA.fasta.zip,0.5148180425167084,0.9742682576179504,False,0,0,0
27245_NT_AL_AA.fasta.zip,1.2621388137340546,0.8707267343997955,True,0,0,0
27250_NT_AL_AA.fasta.zip,0.4056277275085449,0.891364574432373,False,0,0,0
27252_NT_AL_AA.fasta.zip,0.05930515378713608,0.9709307551383972,False,0,0,0
27253_NT_AL_AA.fasta.zip,0.47458245356877643,0.9770590662956238,False,0,0,0
27255_NT_AL_AA.fasta.zip,0.888187845547994,0.3982220192750295,True,0,0,0
27291_NT_AL_AA.fasta.zip,2.7591246366500854,0.9514657258987427,True,0,0,0
2729_NT_AL_AA.fasta.zip,0.3679962158203125,0.8446451127529144,False,0,0,0
272_NT_AL_AA.fasta.zip,0.3359705060720444,0.886112779378891,False,0,0,0
27301_NT_AL_AA.fasta.zip,1.4602352976799011,0.9208686649799347,False,0,0,0
2731_NT_AL_AA.fasta.zip,0.46870553493499756,0.607737123966217,True,0,0,0
27324_NT_AL_AA.fasta.zip,0.9505218863487244,0.651881754398346,False,0,0,0
27327_NT_AL_AA.fasta.zip,1.1613619923591614,0.8505469918251037,True,0,0,0
27330_NT_AL_AA.fasta.zip,0.7208786308765411,0.965264081954956,False,0,0,0
27332_NT_AL_AA.fasta.zip,2.353686308860779,0.7326302826404572,True,0,0,0
27333_NT_AL_AA.fasta.zip,1.1564573645591736,0.9630648195743561,True,0,0,0
27336_NT_AL_AA.fasta.zip,2.7700557708740234,0.846862405538559,True,0,0,0
27339_NT_AL_AA.fasta.zip,0.10172827169299126,0.9746479690074921,False,0,0,0
2733_NT_AL_AA.fasta.zip,1.069797933101654,0.9319898188114166,True,0,0,0
27340_NT_AL_AA.fasta.zip,1.0015757381916046,0.7627908041079839,True,0,0,0
27342_NT_AL_AA.fasta.zip,0.4544113129377365,0.7245339751243591,False,0,0,0
27343_NT_AL_AA.fasta.zip,0.6667689383029938,0.8417617082595825,False,0,0,0
27347_NT_AL_AA.fasta.zip,0.17323296144604683,0.9772360026836395,False,0,0,0
2734_NT_AL_AA.fasta.zip,0.2376701533794403,0.9668284257253011,False,0,0,0
27352_NT_AL_AA.fasta.zip,0.3599194884300232,0.6938412189483643,False,0,0,0
2735_NT_AL_AA.fasta.zip,1.296578864256541,0.8911846280097961,True,0,0,0
2736_NT_AL_AA.fasta.zip,1.20662260055542,0.9122077077627182,True,0,0,0
2737_NT_AL_AA.fasta.zip,0.9872211515903473,0.8716591447591782,False,0,0,0
273_NT_AL_AA.fasta.zip,0.9585759192705154,0.9716643989086151,True,0,0,0
27434_NT_AL_AA.fasta.zip,1.1141424775123596,0.6609466075897217,False,0,0,0
27436_NT_AL_AA.fasta.zip,0.8028184473514557,0.9610147774219513,True,0,0,0
27439_NT_AL_AA.fasta.zip,1.4953230023384094,0.976827472448349,True,0,0,0
2743_NT_AL_AA.fasta.zip,0.19435877352952957,0.975862979888916,False,0,0,0
27443_NT_AL_AA.fasta.zip,1.925873838365078,0.79759681224823,True,0,0,0
27445_NT_AL_AA.fasta.zip,1.448992225031058,0.8167249945302805,True,0,0,0
2744_NT_AL_AA.fasta.zip,0.15434549003839493,0.9776814579963684,False,0,0,0
2746_NT_AL_AA.fasta.zip,0.37506669759750366,0.9629732072353363,False,0,0,0
274_NT_AL_AA.fasta.zip,0.824964314699173,0.9625287353992462,False,0,0,0
2794_NT_AL_AA.fasta.zip,1.3326560258865356,0.9344789981842041,False,0,0,0
2799_NT_AL_AA.fasta.zip,0.41651780903339386,0.665750652551651,True,0,0,0
27_NT_AL_AA.fasta.zip,0.3870074252287547,0.938513994216919,False,0,0,0
2800_NT_AL_AA.fasta.zip,1.068966269493103,0.8883991837501526,False,0,0,0
2802_NT_AL_AA.fasta.zip,0.8575764000415802,0.7900594919919968,False,0,0,0
2803_NT_AL_AA.fasta.zip,1.9300387859344483,0.8028805017471313,True,0,0,0
2804_NT_AL_AA.fasta.zip,1.5332419590817556,0.8538134098052979,True,0,0,0
2811_NT_AL_AA.fasta.zip,2.945404291152954,0.660937645783027,True,0,0,0
2813_NT_AL_AA.fasta.zip,0.8388686776161194,0.2647829055786133,False,0,0,0
2817_NT_AL_AA.fasta.zip,1.196847677230835,0.7204337418079376,False,0,0,0
2820_NT_AL_AA.fasta.zip,0.343185618519783,0.6761317253112793,False,0,0,0
2821_NT_AL_AA.fasta.zip,0.36509037017822266,0.3719048500061035,False,0,0,0
2822_NT_AL_AA.fasta.zip,0.6354874074459076,0.4682825654745102,False,0,0,0
28231_NT_AL_AA.fasta.zip,0.8584206104278564,0.7706961333751678,False,0,0,0
28232_NT_AL_AA.fasta.zip,0.3754217028617859,0.9450125098228455,False,0,0,0
28234_NT_AL_AA.fasta.zip,1.5860052108764648,0.45692408084869385,True,0,0,0
282973_NT_AL_AA.fasta.zip,0.6678022146224976,0.6488050818443298,False,0,0,0
282996_NT_AL_AA.fasta.zip,1.7396024068196614,0.8689925074577332,True,0,0,0
283149_NT_AL_AA.fasta.zip,1.449703872203827,0.9027470350265503,True,0,0,0
28316_NT_AL_AA.fasta.zip,0.9618931710720062,0.8047206401824951,True,0,0,0
283208_NT_AL_AA.fasta.zip,0.6828427910804749,0.5089672207832336,False,0,0,0
283209_NT_AL_AA.fasta.zip,0.5242006927728653,0.6954140365123749,False,0,0,0
283212_NT_AL_AA.fasta.zip,2.0819876194000244,0.6428690254688263,False,0,0,0
283234_NT_AL_AA.fasta.zip,1.6031810641288757,0.9322990775108337,True,0,0,0
283248_NT_AL_AA.fasta.zip,0.3610140234231949,0.9682672917842865,False,0,0,0
283284_NT_AL_AA.fasta.zip,4.703672091166179,0.6706815858681997,True,0,0,0
283310_NT_AL_AA.fasta.zip,0.9983021855354309,0.4613145515322685,True,0,0,0
283358_NT_AL_AA.fasta.zip,0.9416594703992208,0.9408988753954569,False,0,0,0
283373_NT_AL_AA.fasta.zip,0.21281627813975015,0.9714494943618774,False,0,0,0
283375_NT_AL_AA.fasta.zip,0.806590348482132,0.9375169575214386,False,0,0,0
283383_NT_AL_AA.fasta.zip,0.8511645793914795,0.44355539977550507,True,0,0,0
283417_NT_AL_AA.fasta.zip,0.6557646095752716,0.7167833000421524,True,0,0,0
283431_NT_AL_AA.fasta.zip,1.827603816986084,0.9339499473571777,True,0,0,0
283446_NT_AL_AA.fasta.zip,0.6610669096310934,0.4105873256921768,True,0,0,0
283450_NT_AL_AA.fasta.zip,0.3221768190463384,0.9227761427561442,False,0,0,0
283455_NT_AL_AA.fasta.zip,0.5828466862440109,0.9608112573623657,True,0,0,0
283461_NT_AL_AA.fasta.zip,4.248734474182129,0.9556311964988708,False,0,0,0
283489_NT_AL_AA.fasta.zip,1.2434161901474,0.5026617844899496,True,0,0,0
283571_NT_AL_AA.fasta.zip,2.6071155667304993,0.9725312888622284,True,0,0,0
283638_NT_AL_AA.fasta.zip,1.4712103605270386,0.8582035541534424,True,0,0,0
283652_NT_AL_AA.fasta.zip,1.0973676443099976,0.761500895023346,False,0,0,0
283659_NT_AL_AA.fasta.zip,0.6999965906143188,0.9397018949190775,False,0,0,0
283748_NT_AL_AA.fasta.zip,1.168769359588623,0.43996503949165344,False,0,0,0
283847_NT_AL_AA.fasta.zip,1.773394227027893,0.9351655542850494,False,0,0,0
283849_NT_AL_AA.fasta.zip,1.197100818157196,0.1516202986240387,False,0,0,0
283987_NT_AL_AA.fasta.zip,0.3433872163295746,0.9495291411876678,False,0,0,0
283989_NT_AL_AA.fasta.zip,1.182298481464386,0.9299086928367615,False,0,0,0
284001_NT_AL_AA.fasta.zip,2.1982326904932656,0.21123253802458444,True,0,0,0
284058_NT_AL_AA.fasta.zip,1.205735166867574,0.8830600182215372,True,0,0,0
284069_NT_AL_AA.fasta.zip,1.156504213809967,0.9436778724193573,True,0,0,0
284071_NT_AL_AA.fasta.zip,3.5777090787887573,0.6783647388219833,True,0,0,0
284076_NT_AL_AA.fasta.zip,1.4764665961265564,0.8594808280467987,True,0,0,0
284086_NT_AL_AA.fasta.zip,0.4266947954893112,0.8117714822292328,False,0,0,0
284098_NT_AL_AA.fasta.zip,1.6410043239593506,0.4796443581581116,False,0,0,0
284111_NT_AL_AA.fasta.zip,0.7719298899173737,0.6186041533946991,False,0,0,0
284114_NT_AL_AA.fasta.zip,0.6019645929336548,0.9468580186367035,False,0,0,0
284129_NT_AL_AA.fasta.zip,0.9542348682880402,0.47024932503700256,False,0,0,0
284217_NT_AL_AA.fasta.zip,0.9027185397488731,0.3136851590658937,True,0,0,0
284252_NT_AL_AA.fasta.zip,0.310236856341362,0.9703139066696167,False,0,0,0
284297_NT_AL_AA.fasta.zip,2.9933097124099732,0.8679725170135498,True,0,0,0
284339_NT_AL_AA.fasta.zip,0.4966798275709152,0.9780227541923523,False,0,0,0
284352_NT_AL_AA.fasta.zip,0.7842732667922974,0.9525017142295837,True,0,0,0
284353_NT_AL_AA.fasta.zip,1.134857952594757,0.960835874080658,False,0,0,0
284358_NT_AL_AA.fasta.zip,1.4067228436470032,0.9601373672485352,False,0,0,0
284403_NT_AL_AA.fasta.zip,2.1042396873235703,0.9338456243276596,True,0,0,0
284418_NT_AL_AA.fasta.zip,3.7765451669692993,0.6371040542920431,True,0,0,0
284434_NT_AL_AA.fasta.zip,1.76718869805336,0.2425553798675537,False,0,0,0
284498_NT_AL_AA.fasta.zip,4.016684710979462,0.4566664583981037,True,0,0,0
284525_NT_AL_AA.fasta.zip,1.764923334121704,0.2994413822889328,False,0,0,0
284615_NT_AL_AA.fasta.zip,0.6165940761566162,0.9452857375144958,False,0,0,0
284656_NT_AL_AA.fasta.zip,2.337483565012614,0.8945861657460531,True,0,0,0
284695_NT_AL_AA.fasta.zip,1.1550897359848022,0.9622393846511841,False,0,0,0
284697_NT_AL_AA.fasta.zip,2.494489073753357,0.945804625749588,True,0,0,0
284992_NT_AL_AA.fasta.zip,2.0958279768625894,0.7180025378863016,True,0,0,0
284_NT_AL_AA.fasta.zip,0.7969709038734436,0.7017836570739746,False,0,0,0
285025_NT_AL_AA.fasta.zip,1.9974861145019531,0.8839806020259857,True,0,0,0
28513_NT_AL_AA.fasta.zip,1.3488296866416931,0.16055289283394814,False,0,0,0
28514_NT_AL_AA.fasta.zip,0.5993504077196121,0.411788210272789,True,0,0,0
285172_NT_AL_AA.fasta.zip,0.6185168921947479,0.9509962797164917,False,0,0,0
285175_NT_AL_AA.fasta.zip,0.359842734677451,0.9623549580574036,False,0,0,0
285180_NT_AL_AA.fasta.zip,2.517918586730957,0.845331609249115,False,0,0,0
285195_NT_AL_AA.fasta.zip,0.5785476565361023,0.9511519968509674,False,0,0,0
285203_NT_AL_AA.fasta.zip,0.6287610232830048,0.5548752546310425,False,0,0,0
285220_NT_AL_AA.fasta.zip,0.5694369971752167,0.9121118783950806,False,0,0,0
285313_NT_AL_AA.fasta.zip,2.5370296637217202,0.6409484148025513,True,0,0,0
285331_NT_AL_AA.fasta.zip,1.9501012563705444,0.9107122222582499,False,0,0,0
285335_NT_AL_AA.fasta.zip,1.775863806406657,0.3395685851573944,False,0,0,0
285343_NT_AL_AA.fasta.zip,1.2055333852767944,0.6970936357975006,False,0,0,0
285368_NT_AL_AA.fasta.zip,1.3904629151026409,0.9688106179237366,True,0,0,0
285440_NT_AL_AA.fasta.zip,0.8213228285312653,0.48530814051628113,False,0,0,0
285489_NT_AL_AA.fasta.zip,1.180736780166626,0.9174557626247406,False,0,0,0
285513_NT_AL_AA.fasta.zip,2.5911792516708374,0.9311249852180481,True,0,0,0
285527_NT_AL_AA.fasta.zip,0.6140491515398026,0.9370388729231698,True,0,0,0
285555_NT_AL_AA.fasta.zip,1.8014475107192993,0.5559634268283844,False,0,0,0
285556_NT_AL_AA.fasta.zip,1.2256027311086655,0.9357993304729462,True,0,0,0
285590_NT_AL_AA.fasta.zip,0.7357399016618729,0.9160213470458984,True,0,0,0
285600_NT_AL_AA.fasta.zip,2.1964337825775146,0.8362183769543966,True,0,0,0
285671_NT_AL_AA.fasta.zip,1.5574836730957031,0.9332708418369293,True,0,0,0
285676_NT_AL_AA.fasta.zip,0.5846777260303497,0.9862389862537384,False,0,0,0
285704_NT_AL_AA.fasta.zip,0.7362793684005737,0.968272864818573,False,0,0,0
285761_NT_AL_AA.fasta.zip,1.8347323536872864,0.8928506970405579,False,0,0,0
285782_NT_AL_AA.fasta.zip,4.358259081840515,0.4209285229444504,True,0,0,0
285848_NT_AL_AA.fasta.zip,1.029451698064804,0.975433886051178,False,0,0,0
285966_NT_AL_AA.fasta.zip,0.7719433307647705,0.3141530901193619,False,0,0,0
285971_NT_AL_AA.fasta.zip,2.526846170425415,0.9770881831645966,True,0,0,0
285973_NT_AL_AA.fasta.zip,1.7926697134971619,0.9518243670463562,False,0,0,0
286077_NT_AL_AA.fasta.zip,1.204499085744222,0.889723022778829,True,0,0,0
286097_NT_AL_AA.fasta.zip,0.557997465133667,0.975522518157959,False,0,0,0
286133_NT_AL_AA.fasta.zip,1.001751035451889,0.3771929293870926,False,0,0,0
286148_NT_AL_AA.fasta.zip,1.3608471155166626,0.9554827511310577,False,0,0,0
286151_NT_AL_AA.fasta.zip,1.9400044679641724,0.9011476039886475,True,0,0,0
2861_NT_AL_AA.fasta.zip,0.7185587137937546,0.9831364452838898,True,0,0,0
286204_NT_AL_AA.fasta.zip,1.0429388483365376,0.1965447086840868,False,0,0,0
286205_NT_AL_AA.fasta.zip,0.1923372596502304,0.967664361000061,False,0,0,0
286207_NT_AL_AA.fasta.zip,1.2214932441711426,0.8124947249889374,False,0,0,0
286262_NT_AL_AA.fasta.zip,1.6173145771026611,0.8330011367797852,False,0,0,0
286410_NT_AL_AA.fasta.zip,0.7311582763989767,0.903961976369222,False,0,0,0
286464_NT_AL_AA.fasta.zip,1.6352464812142509,0.16168021517140524,True,0,0,0
286676_NT_AL_AA.fasta.zip,1.0652376115322113,0.9523484408855438,False,0,0,0
286826_NT_AL_AA.fasta.zip,0.3740222454071045,0.9490988850593567,False,0,0,0
2868_NT_AL_AA.fasta.zip,0.5906771719455719,0.4577128291130066,False,0,0,0
2869_NT_AL_AA.fasta.zip,0.49058572947978973,0.9277067482471466,False,0,0,0
286_NT_AL_AA.fasta.zip,0.7182869374752044,0.8840442061424255,True,0,0,0
287015_NT_AL_AA.fasta.zip,1.054783284664154,0.477207750082016,False,0,0,0
2870_NT_AL_AA.fasta.zip,0.5741616487503052,0.9450473487377167,False,0,0,0
2873_NT_AL_AA.fasta.zip,0.33054332435131073,0.9724750220775604,False,0,0,0
287_NT_AL_AA.fasta.zip,0.6759828444984224,0.9441344340642294,True,0,0,0
2886_NT_AL_AA.fasta.zip,0.720807284116745,0.7451062500476837,False,0,0,0
2887_NT_AL_AA.fasta.zip,0.8939701318740845,0.8154070973396301,False,0,0,0
2888_NT_AL_AA.fasta.zip,1.7478939890861511,0.9358884394168854,False,0,0,0
2889_NT_AL_AA.fasta.zip,0.6315851459900538,0.9225326379140218,True,0,0,0
288_NT_AL_AA.fasta.zip,1.0108631744980812,0.9432235658168793,True,0,0,0
2890_NT_AL_AA.fasta.zip,0.2033182755112648,0.9751560986042023,False,0,0,0
2891_NT_AL_AA.fasta.zip,0.09111051261425018,0.971728503704071,False,0,0,0
2892_NT_AL_AA.fasta.zip,0.09667079895734787,0.9694952964782715,False,0,0,0
2893_NT_AL_AA.fasta.zip,0.0902942456305027,0.9721995294094086,False,0,0,0
2894_NT_AL_AA.fasta.zip,0.46845178802808124,0.9523244102795919,False,0,0,0
28952_NT_AL_AA.fasta.zip,1.0522688925266266,0.9330623149871826,False,0,0,0
2895_NT_AL_AA.fasta.zip,0.2740291506052017,0.9712788065274557,False,0,0,0
28964_NT_AL_AA.fasta.zip,0.3465792313218117,0.9462831616401672,False,0,0,0
28965_NT_AL_AA.fasta.zip,0.9427124261856079,0.6220167279243469,False,0,0,0
28968_NT_AL_AA.fasta.zip,2.919190287590027,0.06207180581986904,False,0,0,0
2896_NT_AL_AA.fasta.zip,0.7565225958824158,0.3677741438150406,False,0,0,0
28976_NT_AL_AA.fasta.zip,0.8046143054962158,0.3946111127734184,False,0,0,0
2897_NT_AL_AA.fasta.zip,0.6546735391020775,0.9706315100193024,True,0,0,0
28981_NT_AL_AA.fasta.zip,3.372672438621521,0.8417863547801971,False,0,0,0
28982_NT_AL_AA.fasta.zip,0.7804020345211029,0.8158169686794281,False,0,0,0
2898_NT_AL_AA.fasta.zip,0.09416641667485237,0.9739912450313568,False,0,0,0
28990_NT_AL_AA.fasta.zip,1.1190639734268188,0.6574745178222656,False,0,0,0
28996_NT_AL_AA.fasta.zip,0.3129064589738846,0.9548200170199076,False,0,0,0
2899_NT_AL_AA.fasta.zip,0.22168967872858047,0.966802328824997,False,0,0,0
2900_NT_AL_AA.fasta.zip,0.34023839235305786,0.9646713435649872,False,0,0,0
29015_NT_AL_AA.fasta.zip,1.1152096390724182,0.7345556020736694,False,0,0,0
2901_NT_AL_AA.fasta.zip,0.15370586514472961,0.9715349972248077,False,0,0,0
29028_NT_AL_AA.fasta.zip,0.8311057090759277,0.8912584185600281,True,0,0,0
2902_NT_AL_AA.fasta.zip,0.20187468454241753,0.9715684652328491,False,0,0,0
2903_NT_AL_AA.fasta.zip,0.5390378137429556,0.8698978622754415,True,0,0,0
2904_NT_AL_AA.fasta.zip,0.20064461138099432,0.9350667148828506,False,0,0,0
2905_NT_AL_AA.fasta.zip,1.0172061522801716,0.9023759961128235,True,0,0,0
29062_NT_AL_AA.fasta.zip,0.40322236716747284,0.9610552787780762,False,0,0,0
29063_NT_AL_AA.fasta.zip,0.6349493861198425,0.7546802461147308,False,0,0,0
29066_NT_AL_AA.fasta.zip,1.1936143040657043,0.8811506032943726,False,0,0,0
29068_NT_AL_AA.fasta.zip,0.5099454820156097,0.9441182017326355,False,0,0,0
2906_NT_AL_AA.fasta.zip,0.7093493913610777,0.9582811196645101,True,0,0,0
29072_NT_AL_AA.fasta.zip,1.3507161488135655,0.9051649570465088,True,0,0,0
2908_NT_AL_AA.fasta.zip,0.89442577958107,0.823487251996994,True,0,0,0
2909_NT_AL_AA.fasta.zip,0.8521011620759964,0.9581998288631439,True,0,0,0
290_NT_AL_AA.fasta.zip,0.4643135567506154,0.25493190934260684,False,0,0,0
29102_NT_AL_AA.fasta.zip,0.729144349694252,0.9412698547045389,True,0,0,0
29106_NT_AL_AA.fasta.zip,0.7392080426216125,0.9488979279994965,False,0,0,0
29109_NT_AL_AA.fasta.zip,0.7785683969656626,0.9416157007217407,True,0,0,0
29110_NT_AL_AA.fasta.zip,0.9828169941902161,0.8278785049915314,True,0,0,0
29113_NT_AL_AA.fasta.zip,4.651695013046265,0.22422654926776886,False,0,0,0
29117_NT_AL_AA.fasta.zip,0.5590461492538452,0.9657057523727417,False,0,0,0
29119_NT_AL_AA.fasta.zip,0.915926992893219,0.8166493475437164,False,0,0,0
2911_NT_AL_AA.fasta.zip,0.46788224081198376,0.9504480560620626,True,0,0,0
29123_NT_AL_AA.fasta.zip,1.2921223094065983,0.6940310299396515,True,0,0,0
29127_NT_AL_AA.fasta.zip,1.1705759167671204,0.7993927896022797,False,0,0,0
29128_NT_AL_AA.fasta.zip,0.6148913204669952,0.33237558603286743,False,0,0,0
2912_NT_AL_AA.fasta.zip,0.4202076643705368,0.7278453707695007,False,0,0,0
2913_NT_AL_AA.fasta.zip,0.24750962108373642,0.5496909618377686,True,0,0,0
2914_NT_AL_AA.fasta.zip,0.4052620530128479,0.9687387645244598,False,0,0,0
2915_NT_AL_AA.fasta.zip,0.4004325022300084,0.9636196295420328,True,0,0,0
2916_NT_AL_AA.fasta.zip,0.5481691956520081,0.8730615377426147,False,0,0,0
2917_NT_AL_AA.fasta.zip,0.31980372965335846,0.9725813269615173,False,0,0,0
2918_NT_AL_AA.fasta.zip,0.21414956698815027,0.963986853758494,False,0,0,0
2923_NT_AL_AA.fasta.zip,0.5349886417388916,0.577317863702774,False,0,0,0
2931_NT_AL_AA.fasta.zip,0.3748460114002228,0.9676420092582703,False,0,0,0
2934_NT_AL_AA.fasta.zip,0.6894654333591461,0.45285992324352264,True,0,0,0
2935_NT_AL_AA.fasta.zip,0.2402721382677555,0.9737577736377716,False,0,0,0
2956_NT_AL_AA.fasta.zip,0.8324088652928671,0.8478453954060873,True,0,0,0
2962_NT_AL_AA.fasta.zip,0.6664151549339294,0.9108450710773468,False,0,0,0
2965_NT_AL_AA.fasta.zip,0.3755200505256653,0.9674885869026184,False,0,0,0
2969_NT_AL_AA.fasta.zip,0.2909376323223114,0.9569122791290283,False,0,0,0
2972_NT_AL_AA.fasta.zip,0.5903110653162003,0.9385065734386444,True,0,0,0
2975_NT_AL_AA.fasta.zip,0.8984924256801605,0.7081342756748199,True,0,0,0
29761_NT_AL_AA.fasta.zip,1.1547267436981201,0.9645617405573527,True,0,0,0
2976_NT_AL_AA.fasta.zip,1.4568279385566711,0.9466447234153748,True,0,0,0
29775_NT_AL_AA.fasta.zip,0.8983036875724792,0.8794408241907755,False,0,0,0
2977_NT_AL_AA.fasta.zip,0.6763367503881454,0.9201245605945587,True,0,0,0
29781_NT_AL_AA.fasta.zip,1.279710829257965,0.8915986716747284,True,0,0,0
29785_NT_AL_AA.fasta.zip,1.2636556029319763,0.15433324873447418,False,0,0,0
29800_NT_AL_AA.fasta.zip,0.9637907445430756,0.9730014503002167,False,0,0,0
29801_NT_AL_AA.fasta.zip,1.3056182265281677,0.9150197207927704,True,0,0,0
29803_NT_AL_AA.fasta.zip,1.0226568132638931,0.9825577437877655,True,0,0,0
2982_NT_AL_AA.fasta.zip,0.5014655590057373,0.7972902059555054,False,0,0,0
2983_NT_AL_AA.fasta.zip,0.1910913810133934,0.9743367731571198,False,0,0,0
29841_NT_AL_AA.fasta.zip,0.4010072648525238,0.9096011221408844,False,0,0,0
29843_NT_AL_AA.fasta.zip,0.7276342660188675,0.9534285664558411,True,0,0,0
2984_NT_AL_AA.fasta.zip,0.5553506016731262,0.6241540511449178,False,0,0,0
29850_NT_AL_AA.fasta.zip,1.1056525707244873,0.7612260182698568,True,0,0,0
29855_NT_AL_AA.fasta.zip,1.486851453781128,0.8595205942789713,True,0,0,0
2986_NT_AL_AA.fasta.zip,4.501280943552653,0.8124675353368124,False,0,0,0
29881_NT_AL_AA.fasta.zip,0.6900307734807333,0.3502132147550583,False,0,0,0
29882_NT_AL_AA.fasta.zip,1.1159254014492035,0.6929900348186493,True,0,0,0
29888_NT_AL_AA.fasta.zip,0.6805361211299896,0.8877145648002625,False,0,0,0
29889_NT_AL_AA.fasta.zip,0.6010739654302597,0.9607745409011841,False,0,0,0
29890_NT_AL_AA.fasta.zip,0.97280153632164,0.9497350454330444,False,0,0,0
29894_NT_AL_AA.fasta.zip,0.29960276186466217,0.9336399286985397,False,0,0,0
29899_NT_AL_AA.fasta.zip,0.7081322968006134,0.9629327058792114,False,0,0,0
29904_NT_AL_AA.fasta.zip,0.9881960153579712,0.6533359289169312,True,0,0,0
2990_NT_AL_AA.fasta.zip,0.4938126802444458,0.32495786249637604,False,0,0,0
29911_NT_AL_AA.fasta.zip,1.5063961744308472,0.8152104020118713,True,0,0,0
29915_NT_AL_AA.fasta.zip,0.6469946503639221,0.9821023046970367,False,0,0,0
29919_NT_AL_AA.fasta.zip,0.3540056645870209,0.29346388578414917,False,0,0,0
29924_NT_AL_AA.fasta.zip,0.5156339704990387,0.875335305929184,False,0,0,0
29929_NT_AL_AA.fasta.zip,0.8210083544254303,0.7659533023834229,False,0,0,0
29930_NT_AL_AA.fasta.zip,1.2486302852630615,0.7240234017372131,True,0,0,0
29940_NT_AL_AA.fasta.zip,0.6244613528251648,0.9297016859054565,False,0,0,0
29941_NT_AL_AA.fasta.zip,0.9566160440444946,0.8176788687705994,True,0,0,0
29943_NT_AL_AA.fasta.zip,0.6141238510608673,0.29237642884254456,False,0,0,0
29945_NT_AL_AA.fasta.zip,0.5502971708774567,0.9223536252975464,True,0,0,0
29951_NT_AL_AA.fasta.zip,0.8791688084602356,0.926452616850535,True,0,0,0
29953_NT_AL_AA.fasta.zip,0.7586749394734701,0.9631482362747192,True,0,0,0
29954_NT_AL_AA.fasta.zip,0.7811940610408783,0.8255225121974945,False,0,0,0
29958_NT_AL_AA.fasta.zip,0.562642365694046,0.7612486183643341,True,0,0,0
29959_NT_AL_AA.fasta.zip,0.2046455442905426,0.9680699110031128,False,0,0,0
29966_NT_AL_AA.fasta.zip,0.6032750010490417,0.9776095747947693,False,0,0,0
29967_NT_AL_AA.fasta.zip,0.4483257532119751,0.9297498762607574,False,0,0,0
29974_NT_AL_AA.fasta.zip,0.8391199707984924,0.9211444854736328,False,0,0,0
29978_NT_AL_AA.fasta.zip,0.7342091500759125,0.9768369495868683,False,0,0,0
29979_NT_AL_AA.fasta.zip,0.2511913850903511,0.9821958839893341,False,0,0,0
2997_NT_AL_AA.fasta.zip,0.31055212020874023,0.9718703329563141,False,0,0,0
29980_NT_AL_AA.fasta.zip,0.9404253959655762,0.8262178897857666,False,0,0,0
2998_NT_AL_AA.fasta.zip,0.4894569516181946,0.6918783783912659,False,0,0,0
29994_NT_AL_AA.fasta.zip,0.9677212536334991,0.9477161169052124,True,0,0,0
29997_NT_AL_AA.fasta.zip,0.725976437330246,0.6863996684551239,False,0,0,0
29998_NT_AL_AA.fasta.zip,1.3024119436740875,0.9614204317331314,True,0,0,0
29999_NT_AL_AA.fasta.zip,1.015219807624817,0.3998557925224304,False,0,0,0
29_NT_AL_AA.fasta.zip,0.2235062470038732,0.9763507843017578,False,0,0,0
30000_NT_AL_AA.fasta.zip,0.11524328216910362,0.975742757320404,False,0,0,0
30009_NT_AL_AA.fasta.zip,1.7862222790718079,0.9129712879657745,False,0,0,0
3000_NT_AL_AA.fasta.zip,0.632237950960795,0.41842830181121826,True,0,0,0
30011_NT_AL_AA.fasta.zip,0.6547403037548065,0.9310199022293091,False,0,0,0
30061_NT_AL_AA.fasta.zip,0.5622663497924805,0.9613183736801147,False,0,0,0
3026_NT_AL_AA.fasta.zip,0.7793607711791992,0.36911626160144806,False,0,0,0
3030_NT_AL_AA.fasta.zip,0.5185880213975906,0.2307998239994049,False,0,0,0
3034_NT_AL_AA.fasta.zip,0.24527745693922043,0.48553013801574707,False,0,0,0
3035_NT_AL_AA.fasta.zip,0.5578425824642181,0.5887835323810577,False,0,0,0
3036_NT_AL_AA.fasta.zip,0.4799210727214813,0.7345189452171326,False,0,0,0
3037_NT_AL_AA.fasta.zip,0.24804987013339996,0.9625648558139801,False,0,0,0
3038_NT_AL_AA.fasta.zip,0.25534559041261673,0.9633729755878448,False,0,0,0
3054_NT_AL_AA.fasta.zip,0.5393779665231705,0.9443986654281616,True,0,0,0
3055_NT_AL_AA.fasta.zip,0.45851269364356995,0.7948825657367706,False,0,0,0
3059_NT_AL_AA.fasta.zip,0.7598450928926468,0.5000098012387753,True,0,0,0
3064_NT_AL_AA.fasta.zip,0.5897476843425206,0.7331782387835639,True,0,0,0
3067_NT_AL_AA.fasta.zip,0.6663396656513214,0.8148996233940125,False,0,0,0
3069_NT_AL_AA.fasta.zip,0.273221751054128,0.6980949143568674,False,0,0,0
3070_NT_AL_AA.fasta.zip,0.5294771492481232,0.9492712020874023,False,0,0,0
3071_NT_AL_AA.fasta.zip,0.6952981352806091,0.3224794268608093,False,0,0,0
3073_NT_AL_AA.fasta.zip,0.5012189000844955,0.3995652049779892,False,0,0,0
3074_NT_AL_AA.fasta.zip,0.5176663398742676,0.31633666157722473,False,0,0,0
3075_NT_AL_AA.fasta.zip,0.6354195833206177,0.3938434597104788,True,0,0,0
30811_NT_AL_AA.fasta.zip,0.9410064816474915,0.9582250714302063,False,0,0,0
30827_NT_AL_AA.fasta.zip,0.5648734718561172,0.9513806402683258,True,0,0,0
3082_NT_AL_AA.fasta.zip,0.7835099399089813,0.784667044878006,False,0,0,0
30836_NT_AL_AA.fasta.zip,3.6462374925613403,0.801160196463267,True,0,0,0
30837_NT_AL_AA.fasta.zip,0.9054633378982544,0.9602974057197571,True,0,0,0
3083_NT_AL_AA.fasta.zip,0.8551183044910431,0.6265323460102081,False,0,0,0
30844_NT_AL_AA.fasta.zip,0.14840928465127945,0.6072827279567719,False,0,0,0
30845_NT_AL_AA.fasta.zip,0.31710153818130493,0.8925299942493439,False,0,0,0
30846_NT_AL_AA.fasta.zip,0.4772006422281265,0.9588848948478699,False,0,0,0
30849_NT_AL_AA.fasta.zip,0.5120255748430887,0.9461573561032613,False,0,0,0
3084_NT_AL_AA.fasta.zip,1.231527417898178,0.9403613209724426,True,0,0,0
3090_NT_AL_AA.fasta.zip,0.8107262253761292,0.8854178190231323,False,0,0,0
3091_NT_AL_AA.fasta.zip,0.872593343257904,0.9670520424842834,True,0,0,0
3092_NT_AL_AA.fasta.zip,0.7359384099642435,0.9262177149454752,False,0,0,0
3096_NT_AL_AA.fasta.zip,1.2947294513384502,0.9275229275226593,True,0,0,0
3097_NT_AL_AA.fasta.zip,1.065939337015152,0.9306165973345438,True,0,0,0
3098_NT_AL_AA.fasta.zip,0.34476661682128906,0.2722540572285652,False,0,0,0
3099_NT_AL_AA.fasta.zip,0.32514238357543945,0.3150407671928406,False,0,0,0
309_NT_AL_AA.fasta.zip,0.644004300236702,0.5972629934549332,True,0,0,0
3101_NT_AL_AA.fasta.zip,0.6900758147239685,0.4782625883817673,False,0,0,0
3104_NT_AL_AA.fasta.zip,0.6064488440752029,0.9808547496795654,False,0,0,0
310_NT_AL_AA.fasta.zip,1.4351391792297363,0.8983311951160431,False,0,0,0
311_NT_AL_AA.fasta.zip,0.7057556807994843,0.45060668885707855,False,0,0,0
313_NT_AL_AA.fasta.zip,0.9252673387527466,0.49729806184768677,False,0,0,0
3141_NT_AL_AA.fasta.zip,0.9252371191978455,0.5124625861644745,True,0,0,0
3142_NT_AL_AA.fasta.zip,1.1474307179450989,0.9777226150035858,False,0,0,0
314_NT_AL_AA.fasta.zip,1.3097558617591858,0.3490363508462906,False,0,0,0
3156_NT_AL_AA.fasta.zip,0.42193835973739624,0.9281503856182098,False,0,0,0
3157_NT_AL_AA.fasta.zip,0.7982395887374878,0.8019935488700867,False,0,0,0
3158_NT_AL_AA.fasta.zip,0.8847514688968658,0.6321075558662415,False,0,0,0
3161_NT_AL_AA.fasta.zip,1.8951080441474915,0.6883231997489929,True,0,0,0
3164_NT_AL_AA.fasta.zip,1.1070269346237183,0.9528382420539856,False,0,0,0
317662_NT_AL_AA.fasta.zip,1.871099829673767,0.8550031781196594,False,0,0,0
317719_NT_AL_AA.fasta.zip,0.326389878988266,0.9734060764312744,False,0,0,0
317761_NT_AL_AA.fasta.zip,3.724825143814087,0.432460218667984,False,0,0,0
317781_NT_AL_AA.fasta.zip,0.7556566894054413,0.6694316864013672,False,0,0,0
317_NT_AL_AA.fasta.zip,0.7810245553652445,0.556851198275884,False,0,0,0
319089_NT_AL_AA.fasta.zip,2.224456936120987,0.47165466099977493,True,0,0,0
3191_NT_AL_AA.fasta.zip,0.1534121185541153,0.9689836204051971,False,0,0,0
3192_NT_AL_AA.fasta.zip,0.3752003163099289,0.9649122655391693,True,0,0,0
31_NT_AL_AA.fasta.zip,0.21585297584533691,0.912320613861084,False,0,0,0
320_NT_AL_AA.fasta.zip,0.5382460430264473,0.9725103080272675,True,0,0,0
321_NT_AL_AA.fasta.zip,0.5906942784786224,0.96980881690979,False,0,0,0
322_NT_AL_AA.fasta.zip,0.8776364922523499,0.9677884876728058,True,0,0,0
323_NT_AL_AA.fasta.zip,0.4331243485212326,0.9039172530174255,False,0,0,0
324_NT_AL_AA.fasta.zip,0.5687853892644247,0.9568879504998525,False,0,0,0
3257_NT_AL_AA.fasta.zip,1.0576853454113007,0.6547107696533203,False,0,0,0
3267_NT_AL_AA.fasta.zip,1.080036222934723,0.9442437291145325,False,0,0,0
3268_NT_AL_AA.fasta.zip,1.2416284680366516,0.904024749994278,False,0,0,0
3269_NT_AL_AA.fasta.zip,0.8724027276039124,0.9450079798698425,False,0,0,0
326_NT_AL_AA.fasta.zip,1.9386464953422546,0.8267964124679565,False,0,0,0
3270_NT_AL_AA.fasta.zip,4.016100704669952,0.8353654220700264,True,0,0,0
3273_NT_AL_AA.fasta.zip,2.0924378633499146,0.5789344906806946,True,0,0,0
327_NT_AL_AA.fasta.zip,0.6883754730224609,0.3291115015745163,False,0,0,0
3295_NT_AL_AA.fasta.zip,0.8830206990242004,0.675369918346405,False,0,0,0
3297_NT_AL_AA.fasta.zip,0.781085729598999,0.9549646377563477,False,0,0,0
3298_NT_AL_AA.fasta.zip,0.7688585817813873,0.9713593423366547,False,0,0,0
329_NT_AL_AA.fasta.zip,1.0524377524852753,0.948495477437973,False,0,0,0
32_NT_AL_AA.fasta.zip,0.4317264974117279,0.4807585746049881,True,0,0,0
3306_NT_AL_AA.fasta.zip,0.13986406847834587,0.9725773334503174,False,0,0,0
3308_NT_AL_AA.fasta.zip,0.597326323390007,0.8163535594940186,False,0,0,0
3309_NT_AL_AA.fasta.zip,0.08968843147158623,0.9743923544883728,False,0,0,0
3312_NT_AL_AA.fasta.zip,0.12931153178215027,0.9795793890953064,False,0,0,0
3313_NT_AL_AA.fasta.zip,0.23309247195720673,0.9702782034873962,False,0,0,0
3320_NT_AL_AA.fasta.zip,0.27151161432266235,0.9797811806201935,False,0,0,0
3321_NT_AL_AA.fasta.zip,1.0752270023028057,0.7218033671379089,True,0,0,0
3326_NT_AL_AA.fasta.zip,0.15734314173460007,0.9759857058525085,False,0,0,0
3329_NT_AL_AA.fasta.zip,0.26081760227680206,0.9471668303012848,False,0,0,0
333926_NT_AL_AA.fasta.zip,0.940632551908493,0.973548173904419,False,0,0,0
3339_NT_AL_AA.fasta.zip,1.0398794084787368,0.48179953508079054,True,0,0,0
333_NT_AL_AA.fasta.zip,1.1081908345222473,0.9658383429050446,False,0,0,0
3340_NT_AL_AA.fasta.zip,0.32411909103393555,0.9628685414791107,False,0,0,0
334_NT_AL_AA.fasta.zip,0.8221078515052795,0.9713032841682434,False,0,0,0
3371_NT_AL_AA.fasta.zip,0.6962028195460638,0.27954312476019066,True,0,0,0
3376_NT_AL_AA.fasta.zip,0.49316614866256714,0.3757113466660182,True,0,0,0
337876_NT_AL_AA.fasta.zip,0.664931446313858,0.9501053094863892,False,0,0,0
338094_NT_AL_AA.fasta.zip,0.9474226236343384,0.334698811173439,False,0,0,0
3382_NT_AL_AA.fasta.zip,0.5026281625032425,0.9732531011104584,False,0,0,0
338322_NT_AL_AA.fasta.zip,2.3371524810791016,0.5713204145431519,True,0,0,0
338323_NT_AL_AA.fasta.zip,2.745345115661621,0.30370737115542096,False,0,0,0
3383_NT_AL_AA.fasta.zip,1.097699522972107,0.037119144573807716,False,0,0,0
338440_NT_AL_AA.fasta.zip,0.9337595701217651,0.5609545856714249,False,0,0,0
338667_NT_AL_AA.fasta.zip,2.0937055349349976,0.0916040651500225,True,0,0,0
338692_NT_AL_AA.fasta.zip,0.7291984856128693,0.9680294692516327,False,0,0,0
338699_NT_AL_AA.fasta.zip,1.1986464262008667,0.798881858587265,False,0,0,0
338707_NT_AL_AA.fasta.zip,0.9801075259844462,0.9312360882759094,True,0,0,0
338_NT_AL_AA.fasta.zip,2.4605759501457216,0.38751019462943076,True,0,0,0
339105_NT_AL_AA.fasta.zip,0.8522104620933533,0.5358336567878723,False,0,0,0
339287_NT_AL_AA.fasta.zip,0.4818902909755707,0.8794563412666321,False,0,0,0
339398_NT_AL_AA.fasta.zip,0.802121490240097,0.09803920239210129,False,0,0,0
339451_NT_AL_AA.fasta.zip,0.36056840419769287,0.9609483480453491,False,0,0,0
339479_NT_AL_AA.fasta.zip,0.3689417243003845,0.7934634685516357,False,0,0,0
339766_NT_AL_AA.fasta.zip,1.670061707496643,0.4486970528960228,True,0,0,0
339768_NT_AL_AA.fasta.zip,1.4351052443186443,0.9290444254875183,True,0,0,0
339829_NT_AL_AA.fasta.zip,1.2453596591949463,0.4275549501180649,True,0,0,0
339834_NT_AL_AA.fasta.zip,3.531134843826294,0.9589979350566864,True,0,0,0
339855_NT_AL_AA.fasta.zip,0.7126755118370056,0.5590803325176239,True,0,0,0
339896_NT_AL_AA.fasta.zip,0.5835548043251038,0.5889095962047577,False,0,0,0
339965_NT_AL_AA.fasta.zip,1.776958743731181,0.9604017933209738,True,0,0,0
339977_NT_AL_AA.fasta.zip,4.094569087028503,0.5857531726360321,True,0,0,0
340024_NT_AL_AA.fasta.zip,0.44919320940971375,0.2691974639892578,False,0,0,0
340075_NT_AL_AA.fasta.zip,0.354300782084465,0.7857231497764587,False,0,0,0
340120_NT_AL_AA.fasta.zip,0.8114520609378815,0.8234590291976929,False,0,0,0
340152_NT_AL_AA.fasta.zip,1.3653233051300049,0.9459889531135559,False,0,0,0
340260_NT_AL_AA.fasta.zip,1.2013649940490723,0.9832004606723785,False,0,0,0
340267_NT_AL_AA.fasta.zip,0.8942272861798605,0.3245497463891904,True,0,0,0
340273_NT_AL_AA.fasta.zip,2.228156407674154,0.3690730482339859,True,0,0,0
340351_NT_AL_AA.fasta.zip,1.2858896255493164,0.8626205921173096,True,0,0,0
340359_NT_AL_AA.fasta.zip,0.6897456645965576,0.5860115885734558,False,0,0,0
340371_NT_AL_AA.fasta.zip,0.38837237656116486,0.5504947304725647,False,0,0,0
340390_NT_AL_AA.fasta.zip,1.6185013949871063,0.3405736982822418,True,0,0,0
340526_NT_AL_AA.fasta.zip,2.723406434059143,0.9791439175605774,False,0,0,0
340527_NT_AL_AA.fasta.zip,1.5317156314849854,0.9200358192125956,True,0,0,0
340533_NT_AL_AA.fasta.zip,2.0455558598041534,0.8961897939443588,True,0,0,0
340547_NT_AL_AA.fasta.zip,1.3708573579788208,0.38427193462848663,False,0,0,0
340554_NT_AL_AA.fasta.zip,0.9299485385417938,0.93491992354393,True,0,0,0
340562_NT_AL_AA.fasta.zip,3.447726249694824,0.9328472316265106,True,0,0,0
340665_NT_AL_AA.fasta.zip,0.6543186902999878,0.8417302072048187,False,0,0,0
340706_NT_AL_AA.fasta.zip,1.3839245438575745,0.10651018656790257,False,0,0,0
340745_NT_AL_AA.fasta.zip,2.3887481689453125,0.36817099153995514,False,0,0,0
340895_NT_AL_AA.fasta.zip,1.3805281281471253,0.2413991168141365,True,0,0,0
340990_NT_AL_AA.fasta.zip,1.6371771494547527,0.7638303538163503,True,0,0,0
341019_NT_AL_AA.fasta.zip,2.6949618458747864,0.7628246992826462,True,0,0,0
341208_NT_AL_AA.fasta.zip,0.6746176878611246,0.614118774731954,True,0,0,0
341277_NT_AL_AA.fasta.zip,1.1252396702766418,0.22326257824897766,False,0,0,0
341359_NT_AL_AA.fasta.zip,0.8416403830051422,0.9449934959411621,False,0,0,0
341640_NT_AL_AA.fasta.zip,0.7242445945739746,0.4963336672101702,True,0,0,0
341676_NT_AL_AA.fasta.zip,2.3014023900032043,0.900169849395752,True,0,0,0
3416_NT_AL_AA.fasta.zip,0.31509164969126385,0.8659178217252096,False,0,0,0
341883_NT_AL_AA.fasta.zip,1.294659435749054,0.6867174357175827,False,0,0,0
342035_NT_AL_AA.fasta.zip,1.0382077991962433,0.3822471648454666,False,0,0,0
342125_NT_AL_AA.fasta.zip,1.0174327790737152,0.9432869156201681,True,0,0,0
342184_NT_AL_AA.fasta.zip,1.2243968397378922,0.8883583843708038,True,0,0,0
342346_NT_AL_AA.fasta.zip,2.245361646016439,0.38527944187323254,True,0,0,0
342357_NT_AL_AA.fasta.zip,1.072325348854065,0.9602532982826233,True,0,0,0
342371_NT_AL_AA.fasta.zip,1.2585853040218353,0.8535833358764648,True,0,0,0
342372_NT_AL_AA.fasta.zip,2.81573885679245,0.25678569450974464,True,0,0,0
3423_NT_AL_AA.fasta.zip,0.4365631341934204,0.7120700776576996,False,0,0,0
3425_NT_AL_AA.fasta.zip,0.6404748260974884,0.3899638503789902,False,0,0,0
342618_NT_AL_AA.fasta.zip,1.3711943626403809,0.44851675629615784,False,0,0,0
3426_NT_AL_AA.fasta.zip,0.7386917769908905,0.4839552342891693,False,0,0,0
342945_NT_AL_AA.fasta.zip,2.2343361377716064,0.9743918776512146,False,0,0,0
342979_NT_AL_AA.fasta.zip,3.254149556159973,0.8094899654388428,True,0,0,0
343099_NT_AL_AA.fasta.zip,1.5965544780095418,0.8912740548451742,False,0,0,0
343450_NT_AL_AA.fasta.zip,0.20575331477448344,0.9570100754499435,False,0,0,0
343578_NT_AL_AA.fasta.zip,2.4416991472244263,0.861993819475174,False,0,0,0
343641_NT_AL_AA.fasta.zip,1.1226744651794434,0.7977371513843536,False,0,0,0
343702_NT_AL_AA.fasta.zip,0.6294572353363037,0.895226001739502,False,0,0,0
343990_NT_AL_AA.fasta.zip,1.7172394792238872,0.7377025485038757,True,0,0,0
344148_NT_AL_AA.fasta.zip,2.19558385014534,0.9239663481712341,True,0,0,0
344191_NT_AL_AA.fasta.zip,0.7091837227344513,0.9735384881496429,False,0,0,0
344558_NT_AL_AA.fasta.zip,1.0966569781303406,0.9193196892738342,False,0,0,0
344657_NT_AL_AA.fasta.zip,0.8572119176387787,0.02745667938143015,False,0,0,0
344758_NT_AL_AA.fasta.zip,1.4400535821914673,0.8526495397090912,True,0,0,0
344805_NT_AL_AA.fasta.zip,1.312577247619629,0.7583486437797546,False,0,0,0
344905_NT_AL_AA.fasta.zip,0.7880421082178751,0.6733764211336771,False,0,0,0
345079_NT_AL_AA.fasta.zip,1.8580127358436584,0.9276846945285797,True,0,0,0
345193_NT_AL_AA.fasta.zip,1.9635984897613525,0.8885432183742523,True,0,0,0
345462_NT_AL_AA.fasta.zip,0.3361389810840289,0.9720776677131653,True,0,0,0
3454_NT_AL_AA.fasta.zip,1.8282415866851807,0.32527345418930054,False,0,0,0
3455_NT_AL_AA.fasta.zip,2.5667293071746826,0.4944233298301697,False,0,0,0
345895_NT_AL_AA.fasta.zip,1.415127694606781,0.9221201539039612,False,0,0,0
345930_NT_AL_AA.fasta.zip,1.4285423755645752,0.41912613809108734,False,0,0,0
3459_NT_AL_AA.fasta.zip,1.969953179359436,0.2288593053817749,False,0,0,0
346389_NT_AL_AA.fasta.zip,1.5383970737457275,0.7014288902282715,False,0,0,0
347088_NT_AL_AA.fasta.zip,3.3592387437820435,0.4765411466360092,True,0,0,0
347240_NT_AL_AA.fasta.zip,2.005701959133148,0.9425792098045349,True,0,0,0
347730_NT_AL_AA.fasta.zip,0.5613225102424622,0.9601983726024628,False,0,0,0
347731_NT_AL_AA.fasta.zip,0.21220885962247849,0.9695062339305878,False,0,0,0
347741_NT_AL_AA.fasta.zip,1.0524190664291382,0.5970089435577393,True,0,0,0
347902_NT_AL_AA.fasta.zip,1.0945082902908325,0.7649430632591248,False,0,0,0
3480_NT_AL_AA.fasta.zip,0.5850440760453542,0.8494963844617208,False,0,0,0
348180_NT_AL_AA.fasta.zip,0.8005351424217224,0.880912184715271,False,0,0,0
3482_NT_AL_AA.fasta.zip,0.7287113070487976,0.3918401623765628,True,0,0,0
348303_NT_AL_AA.fasta.zip,4.5082502365112305,0.8738750517368317,False,0,0,0
3483_NT_AL_AA.fasta.zip,0.6936101019382477,0.15217354893684387,False,0,0,0
348654_NT_AL_AA.fasta.zip,2.685231238603592,0.7563766241073608,True,0,0,0
348807_NT_AL_AA.fasta.zip,1.315060019493103,0.5297925025224686,False,0,0,0
348932_NT_AL_AA.fasta.zip,0.7686489820480347,0.19002702832221985,False,0,0,0
348980_NT_AL_AA.fasta.zip,0.46042847633361816,0.9659038186073303,True,0,0,0
3508_NT_AL_AA.fasta.zip,0.7536106705665588,0.6729109684626261,True,0,0,0
351_NT_AL_AA.fasta.zip,0.4866538494825363,0.9674827456474304,False,0,0,0
353189_NT_AL_AA.fasta.zip,0.5931580662727356,0.6928243935108185,False,0,0,0
353238_NT_AL_AA.fasta.zip,0.9358620643615723,0.40225017070770264,False,0,0,0
353274_NT_AL_AA.fasta.zip,2.665278434753418,0.6984891494115194,True,0,0,0
353299_NT_AL_AA.fasta.zip,1.52828582127889,0.44885310530662537,True,0,0,0
353497_NT_AL_AA.fasta.zip,1.8164467215538025,0.7628926038742065,True,0,0,0
3547_NT_AL_AA.fasta.zip,1.95071280002594,0.6657518049081167,True,0,0,0
3550_NT_AL_AA.fasta.zip,0.1370505392551422,0.9676577746868134,False,0,0,0
3551_NT_AL_AA.fasta.zip,0.42190301418304443,0.6157585680484772,False,0,0,0
3554_NT_AL_AA.fasta.zip,1.1579411625862122,0.3093162328004837,False,0,0,0
3556_NT_AL_AA.fasta.zip,0.6903376281261444,0.8487951159477234,False,0,0,0
3560_NT_AL_AA.fasta.zip,1.5702821016311646,0.37415872514247894,True,0,0,0
3566_NT_AL_AA.fasta.zip,2.9474781155586243,0.39221231639385223,True,0,0,0
3572_NT_AL_AA.fasta.zip,1.1137995719909668,0.6076938360929489,True,0,0,0
357_NT_AL_AA.fasta.zip,1.1383344860126574,0.8963245153427124,True,0,0,0
3587_NT_AL_AA.fasta.zip,2.2443637251853943,0.32683420181274414,True,0,0,0
3594_NT_AL_AA.fasta.zip,1.7150603532791138,0.1607688069343567,False,0,0,0
3595_NT_AL_AA.fasta.zip,2.1329164505004883,0.2311064749956131,True,0,0,0
359948_NT_AL_AA.fasta.zip,1.4884762167930603,0.9807706773281097,False,0,0,0
360023_NT_AL_AA.fasta.zip,0.5695468783378601,0.9740153253078461,True,0,0,0
360200_NT_AL_AA.fasta.zip,0.733241081237793,0.7696745991706848,False,0,0,0
3603_NT_AL_AA.fasta.zip,1.2041587233543396,0.9165527621905009,True,0,0,0
3607_NT_AL_AA.fasta.zip,0.7008321583271027,0.9454860985279083,False,0,0,0
3609_NT_AL_AA.fasta.zip,0.7652217000722885,0.894977480173111,True,0,0,0
3614_NT_AL_AA.fasta.zip,0.22920627146959305,0.947992593050003,False,0,0,0
3615_NT_AL_AA.fasta.zip,0.1589900478720665,0.9497812986373901,False,0,0,0
3617_NT_AL_AA.fasta.zip,2.598059058189392,0.8995739817619324,True,0,0,0
3619_NT_AL_AA.fasta.zip,1.3999475240707397,0.7770387927691141,True,0,0,0
3631_NT_AL_AA.fasta.zip,0.45948144793510437,0.9588428139686584,False,0,0,0
3633_NT_AL_AA.fasta.zip,0.8202191591262817,0.7037996649742126,True,0,0,0
3635_NT_AL_AA.fasta.zip,0.6980520089467367,0.737473209698995,True,0,0,0
3636_NT_AL_AA.fasta.zip,0.5399802327156067,0.9569222927093506,True,0,0,0
3642_NT_AL_AA.fasta.zip,1.2534611821174622,0.9834415912628174,True,0,0,0
3643_NT_AL_AA.fasta.zip,0.6571600238482157,0.7029457688331604,False,0,0,0
3645_NT_AL_AA.fasta.zip,0.6642581423123678,0.859369158744812,False,0,0,0
3652_NT_AL_AA.fasta.zip,1.216448426246643,0.8535448908805847,False,0,0,0
3654_NT_AL_AA.fasta.zip,0.9953570663928986,0.9011490345001221,False,0,0,0
3655_NT_AL_AA.fasta.zip,0.41198312242825824,0.415103942155838,False,0,0,0
3656_NT_AL_AA.fasta.zip,2.2206943035125732,0.8776262998580933,True,0,0,0
3658_NT_AL_AA.fasta.zip,0.6296713054180145,0.7573281526565552,False,0,0,0
3663_NT_AL_AA.fasta.zip,0.5657866597175598,0.9783032834529877,False,0,0,0
3665_NT_AL_AA.fasta.zip,1.3104573488235474,0.6363423466682434,False,0,0,0
3667_NT_AL_AA.fasta.zip,1.0176459550857544,0.9654677112897238,True,0,0,0
3672_NT_AL_AA.fasta.zip,0.7055241862932841,0.6245207190513611,False,0,0,0
3673_NT_AL_AA.fasta.zip,0.8001558085282644,0.36070732523997623,True,0,0,0
3674_NT_AL_AA.fasta.zip,0.7744549512863159,0.5426366031169891,False,0,0,0
3675_NT_AL_AA.fasta.zip,0.7532205780347189,0.43599975605805713,False,0,0,0
3676_NT_AL_AA.fasta.zip,0.7701910734176636,0.48515555262565613,False,0,0,0
3678_NT_AL_AA.fasta.zip,0.9041971564292908,0.8218860824902853,False,0,0,0
3679_NT_AL_AA.fasta.zip,0.8427670399347941,0.6736295918623606,True,0,0,0
367_NT_AL_AA.fasta.zip,1.0436893850564957,0.9453336298465729,True,0,0,0
3680_NT_AL_AA.fasta.zip,0.6054209768772125,0.4086641271909078,True,0,0,0
3682_NT_AL_AA.fasta.zip,1.1949274738629658,0.43390604853630066,True,0,0,0
3683_NT_AL_AA.fasta.zip,0.8276578386624655,0.46316712101300556,True,0,0,0
3684_NT_AL_AA.fasta.zip,0.8573172489802042,0.3483971357345581,True,0,0,0
3685_NT_AL_AA.fasta.zip,0.44132349888483685,0.5737528006235758,False,0,0,0
3687_NT_AL_AA.fasta.zip,0.9132461150487264,0.39300528168678284,True,0,0,0
3688_NT_AL_AA.fasta.zip,0.2555118203163147,0.7869862020015717,False,0,0,0
3689_NT_AL_AA.fasta.zip,0.4975948631763458,0.41308818757534027,False,0,0,0
368_NT_AL_AA.fasta.zip,0.9641119688749313,0.38664280623197556,True,0,0,0
3690_NT_AL_AA.fasta.zip,0.33212508261203766,0.3513222187757492,False,0,0,0
3691_NT_AL_AA.fasta.zip,0.7820117920637131,0.6278846189379692,True,0,0,0
3693_NT_AL_AA.fasta.zip,0.5036588311195374,0.5984703600406647,False,0,0,0
3694_NT_AL_AA.fasta.zip,0.5878438502550125,0.732098788022995,False,0,0,0
3695_NT_AL_AA.fasta.zip,0.7657718658447266,0.47943253070116043,True,0,0,0
3696_NT_AL_AA.fasta.zip,0.9640858173370361,0.9148897528648376,True,0,0,0
3697_NT_AL_AA.fasta.zip,0.8730784356594086,0.31982752680778503,False,0,0,0
3698_NT_AL_AA.fasta.zip,0.7653637826442719,0.6692300140857697,False,0,0,0
3699_NT_AL_AA.fasta.zip,0.7863433957099915,0.5191715806722641,False,0,0,0
369_NT_AL_AA.fasta.zip,0.5500808656215668,0.9788631796836853,False,0,0,0
3700_NT_AL_AA.fasta.zip,1.1909197866916656,0.332272544503212,True,0,0,0
3702_NT_AL_AA.fasta.zip,0.4260045737028122,0.5892195403575897,False,0,0,0
3703_NT_AL_AA.fasta.zip,0.10194182395935059,0.975042462348938,False,0,0,0
3707_NT_AL_AA.fasta.zip,1.3790395557880402,0.9631727337837219,True,0,0,0
3708_NT_AL_AA.fasta.zip,0.11699437846740086,0.9661973913510641,False,0,0,0
3709_NT_AL_AA.fasta.zip,0.34555065135161084,0.9620215694109598,False,0,0,0
3710_NT_AL_AA.fasta.zip,0.3707510357101758,0.9565840661525726,False,0,0,0
3713_NT_AL_AA.fasta.zip,4.808897336324056,0.8462464213371277,False,0,0,0
3714_NT_AL_AA.fasta.zip,0.7392348647117615,0.43196894973516464,True,0,0,0
3716_NT_AL_AA.fasta.zip,0.3841947416464488,0.8776671687761942,False,0,0,0
3717_NT_AL_AA.fasta.zip,0.5297369758288065,0.7150680224100748,False,0,0,0
3718_NT_AL_AA.fasta.zip,0.7741620143254598,0.48651353518168133,True,0,0,0
3720_NT_AL_AA.fasta.zip,0.43687330683072406,0.9576642910639445,False,0,0,0
3728_NT_AL_AA.fasta.zip,0.37262821197509766,0.9740138351917267,False,0,0,0
372_NT_AL_AA.fasta.zip,0.26502516865730286,0.9650362432003021,False,0,0,0
3735_NT_AL_AA.fasta.zip,0.4686463177204132,0.8680230379104614,False,0,0,0
3737_NT_AL_AA.fasta.zip,0.08575534075498581,0.9734963178634644,False,0,0,0
3738_NT_AL_AA.fasta.zip,0.19932977855205536,0.9715912342071533,False,0,0,0
3739_NT_AL_AA.fasta.zip,0.30851975828409195,0.9784688949584961,False,0,0,0
373_NT_AL_AA.fasta.zip,0.27448001503944397,0.964014858007431,False,0,0,0
3741_NT_AL_AA.fasta.zip,0.5753850042819977,0.9785081148147583,False,0,0,0
374286_NT_AL_AA.fasta.zip,1.335707187652588,0.5819743076960245,True,0,0,0
3742_NT_AL_AA.fasta.zip,0.3395584970712662,0.9834661185741425,False,0,0,0
374308_NT_AL_AA.fasta.zip,1.1759482026100159,0.3972153961658478,False,0,0,0
374354_NT_AL_AA.fasta.zip,0.5390377342700958,0.6041171848773956,False,0,0,0
374378_NT_AL_AA.fasta.zip,0.35477684438228607,0.9031059443950653,False,0,0,0
374454_NT_AL_AA.fasta.zip,1.1671615839004517,0.4901459962129593,False,0,0,0
374462_NT_AL_AA.fasta.zip,0.8796175718307495,0.6570667088031769,True,0,0,0
3744_NT_AL_AA.fasta.zip,0.6833557784557343,0.9754616022109985,False,0,0,0
374569_NT_AL_AA.fasta.zip,0.8958231806755066,0.5699180364608765,False,0,0,0
3745_NT_AL_AA.fasta.zip,0.628491148352623,0.905272364616394,True,0,0,0
374654_NT_AL_AA.fasta.zip,0.9347444574038187,0.9658169945081075,False,0,0,0
374655_NT_AL_AA.fasta.zip,0.559295654296875,0.9839174747467041,True,0,0,0
3746_NT_AL_AA.fasta.zip,0.11993413046002388,0.9742319285869598,False,0,0,0
374786_NT_AL_AA.fasta.zip,2.8091238737106323,0.45790048241615294,True,0,0,0
3747_NT_AL_AA.fasta.zip,0.6140391677618027,0.9748782515525818,False,0,0,0
374864_NT_AL_AA.fasta.zip,2.188295841217041,0.18902392499148846,False,0,0,0
374868_NT_AL_AA.fasta.zip,0.5639797945817312,0.6199007232983907,True,0,0,0
374877_NT_AL_AA.fasta.zip,2.290687918663025,0.3829328417778015,False,0,0,0
374897_NT_AL_AA.fasta.zip,4.180036008358002,0.788860484957695,True,0,0,0
3748_NT_AL_AA.fasta.zip,0.5416149795055389,0.9788956046104431,False,0,0,0
374920_NT_AL_AA.fasta.zip,3.066693663597107,0.9726918637752533,True,0,0,0
374955_NT_AL_AA.fasta.zip,2.7848185300827026,0.884907603263855,False,0,0,0
374977_NT_AL_AA.fasta.zip,2.326724648475647,0.7630034486452738,True,0,0,0
374986_NT_AL_AA.fasta.zip,0.919366329908371,0.9496103525161743,False,0,0,0
3749_NT_AL_AA.fasta.zip,0.3520069420337677,0.9639110863208771,False,0,0,0
375033_NT_AL_AA.fasta.zip,0.896274467309316,0.16366046542922655,True,0,0,0
375056_NT_AL_AA.fasta.zip,2.8549344539642334,0.8600467681884766,True,0,0,0
3750_NT_AL_AA.fasta.zip,0.44624564051628113,0.972602367401123,False,0,0,0
3751_NT_AL_AA.fasta.zip,0.12845611199736595,0.9675551056861877,False,0,0,0
375298_NT_AL_AA.fasta.zip,1.1558802127838135,0.7400963008403778,False,0,0,0
3752_NT_AL_AA.fasta.zip,0.19790029525756836,0.9676215946674347,False,0,0,0
375316_NT_AL_AA.fasta.zip,3.8751584688822427,0.872179369131724,True,0,0,0
375337_NT_AL_AA.fasta.zip,3.4650296568870544,0.9168256521224976,True,0,0,0
375387_NT_AL_AA.fasta.zip,0.837639570236206,0.3621635437011719,False,0,0,0
375444_NT_AL_AA.fasta.zip,1.6917303800582886,0.849139392375946,True,0,0,0
375449_NT_AL_AA.fasta.zip,1.546177668230874,0.871116578578949,True,0,0,0
375484_NT_AL_AA.fasta.zip,3.4142573922872543,0.8914180248975754,True,0,0,0
3754_NT_AL_AA.fasta.zip,0.38489529490470886,0.9567394256591797,False,0,0,0
3755_NT_AL_AA.fasta.zip,0.5428660809993744,0.975396066904068,False,0,0,0
375611_NT_AL_AA.fasta.zip,0.6330032348632812,0.9517007172107697,False,0,0,0
375616_NT_AL_AA.fasta.zip,1.1285837143659592,0.0974427037872374,False,0,0,0
375686_NT_AL_AA.fasta.zip,2.713487446308136,0.7738935649394989,True,0,0,0
3756_NT_AL_AA.fasta.zip,0.1856141189734141,0.9663453102111816,False,0,0,0
375748_NT_AL_AA.fasta.zip,1.3932881504297256,0.9080741554498672,True,0,0,0
375759_NT_AL_AA.fasta.zip,4.640538930892944,0.7078313529491425,False,0,0,0
375775_NT_AL_AA.fasta.zip,1.0969877243041992,0.9201297760009766,True,0,0,0
375790_NT_AL_AA.fasta.zip,0.8474918723106384,0.4949133053421974,True,0,0,0
3757_NT_AL_AA.fasta.zip,0.426184818148613,0.972498893737793,True,0,0,0
3760_NT_AL_AA.fasta.zip,0.20488964021205902,0.9627223312854767,False,0,0,0
376497_NT_AL_AA.fasta.zip,0.6661032438278198,0.5432847738265991,False,0,0,0
376940_NT_AL_AA.fasta.zip,1.2488033572832744,0.8920270403226217,True,0,0,0
377007_NT_AL_AA.fasta.zip,0.8540011644363403,0.5074723362922668,False,0,0,0
377841_NT_AL_AA.fasta.zip,1.0073548257350922,0.22870023548603058,False,0,0,0
3778_NT_AL_AA.fasta.zip,0.17109671235084534,0.9704727331797282,False,0,0,0
3780_NT_AL_AA.fasta.zip,0.6160806715488434,0.97151780128479,False,0,0,0
3781_NT_AL_AA.fasta.zip,0.8394415974617004,0.972538560628891,True,0,0,0
3782_NT_AL_AA.fasta.zip,0.41409318149089813,0.9685936570167542,False,0,0,0
3784_NT_AL_AA.fasta.zip,0.39839136600494385,0.9628499150276184,False,0,0,0
3785_NT_AL_AA.fasta.zip,0.3176385909318924,0.8734853565692902,False,0,0,0
3786_NT_AL_AA.fasta.zip,0.41555286943912506,0.9638387560844421,False,0,0,0
3787_NT_AL_AA.fasta.zip,0.5795353353023529,0.9269903898239136,False,0,0,0
3791_NT_AL_AA.fasta.zip,0.810125321149826,0.7528688013553619,True,0,0,0
3792_NT_AL_AA.fasta.zip,1.6784756779670715,0.20436180382966995,True,0,0,0
3796_NT_AL_AA.fasta.zip,0.10824912413954735,0.9735005497932434,False,0,0,0
3797_NT_AL_AA.fasta.zip,0.4550846666097641,0.9732397198677063,False,0,0,0
3798_NT_AL_AA.fasta.zip,0.3380742520093918,0.9658550024032593,False,0,0,0
3799_NT_AL_AA.fasta.zip,0.18158794194459915,0.9631265699863434,False,0,0,0
37_NT_AL_AA.fasta.zip,0.5512388944625854,0.49350348114967346,True,0,0,0
3800_NT_AL_AA.fasta.zip,0.19085752964019775,0.9678940176963806,False,0,0,0
3801_NT_AL_AA.fasta.zip,0.9671461284160614,0.8384184241294861,True,0,0,0
3815_NT_AL_AA.fasta.zip,0.7796733379364014,0.5365932062268257,True,0,0,0
3831_NT_AL_AA.fasta.zip,0.16949716210365295,0.9645909070968628,False,0,0,0
3832_NT_AL_AA.fasta.zip,1.867293119430542,0.5455625752607981,True,0,0,0
3835_NT_AL_AA.fasta.zip,1.1827972531318665,0.9372828006744385,True,0,0,0
3836_NT_AL_AA.fasta.zip,0.19255614280700684,0.9734593629837036,False,0,0,0
3837_NT_AL_AA.fasta.zip,0.13329925388097763,0.9748718738555908,False,0,0,0
3838_NT_AL_AA.fasta.zip,1.0565403997898102,0.7052569389343262,False,0,0,0
3839_NT_AL_AA.fasta.zip,0.13612483441829681,0.9778681099414825,False,0,0,0
3840_NT_AL_AA.fasta.zip,0.12434302642941475,0.9760860204696655,False,0,0,0
3842_NT_AL_AA.fasta.zip,0.1115797571837902,0.9744286239147186,False,0,0,0
3843_NT_AL_AA.fasta.zip,0.24469748636086783,0.9710221091906229,False,0,0,0
3848_NT_AL_AA.fasta.zip,1.1182454824447632,0.205166257917881,False,0,0,0
3849_NT_AL_AA.fasta.zip,1.611329734325409,0.22178729623556137,True,0,0,0
3852_NT_AL_AA.fasta.zip,0.9879464209079742,0.9126363694667816,False,0,0,0
3853_NT_AL_AA.fasta.zip,0.7687684297561646,0.825248122215271,False,0,0,0
3855_NT_AL_AA.fasta.zip,1.3051661849021912,0.4049440771341324,False,0,0,0
3856_NT_AL_AA.fasta.zip,2.08917236328125,0.9752389490604401,False,0,0,0
3857_NT_AL_AA.fasta.zip,2.393741329511007,0.28265442078312236,True,0,0,0
3858_NT_AL_AA.fasta.zip,2.0714752078056335,0.802373617887497,True,0,0,0
3859_NT_AL_AA.fasta.zip,1.6815199851989746,0.5061685740947723,False,0,0,0
3866_NT_AL_AA.fasta.zip,1.4942100644111633,0.7873883247375488,False,0,0,0
386724_NT_AL_AA.fasta.zip,0.9543242752552032,0.08347972854971886,False,0,0,0
387032_NT_AL_AA.fasta.zip,0.804604172706604,0.9668445289134979,False,0,0,0
387104_NT_AL_AA.fasta.zip,0.7653821905454,0.9731213053067526,True,0,0,0
387119_NT_AL_AA.fasta.zip,1.1762136220932007,0.9636047184467316,False,0,0,0
387357_NT_AL_AA.fasta.zip,1.3261465430259705,0.782353550195694,False,0,0,0
387509_NT_AL_AA.fasta.zip,2.067979633808136,0.9720128178596497,True,0,0,0
387597_NT_AL_AA.fasta.zip,1.3211802244186401,0.9576888382434845,False,0,0,0
387640_NT_AL_AA.fasta.zip,1.5495911240577698,0.9749240279197693,True,0,0,0
387707_NT_AL_AA.fasta.zip,1.6864580710728962,0.7153088450431824,True,0,0,0
387712_NT_AL_AA.fasta.zip,1.0665687918663025,0.44242484867572784,False,0,0,0
387755_NT_AL_AA.fasta.zip,1.6386111378669739,0.9343133568763733,False,0,0,0
388015_NT_AL_AA.fasta.zip,1.1452191174030304,0.6910017281770706,True,0,0,0
388115_NT_AL_AA.fasta.zip,2.1090835332870483,0.9213194251060486,True,0,0,0
388336_NT_AL_AA.fasta.zip,1.074114978313446,0.9382003545761108,False,0,0,0
388553_NT_AL_AA.fasta.zip,3.445850372314453,0.814853310585022,True,0,0,0
388591_NT_AL_AA.fasta.zip,1.4121420979499817,0.867383748292923,False,0,0,0
388630_NT_AL_AA.fasta.zip,0.6201311945915222,0.9799554347991943,False,0,0,0
388662_NT_AL_AA.fasta.zip,0.17530929297208786,0.7885389924049377,False,0,0,0
388743_NT_AL_AA.fasta.zip,1.117185890674591,0.3897353857755661,True,0,0,0
388795_NT_AL_AA.fasta.zip,1.7171122630437214,0.605917344490687,True,0,0,0
3888_NT_AL_AA.fasta.zip,1.1118026971817017,0.8849953711032867,False,0,0,0
388939_NT_AL_AA.fasta.zip,3.23980720837911,0.7511996825536092,True,0,0,0
388963_NT_AL_AA.fasta.zip,3.3640341758728027,0.7817314863204956,True,0,0,0
389015_NT_AL_AA.fasta.zip,0.5536047518253326,0.9720318019390106,False,0,0,0
389072_NT_AL_AA.fasta.zip,0.8709757030010223,0.9511652886867523,True,0,0,0
3890_NT_AL_AA.fasta.zip,1.1254394054412842,0.8063580095767975,False,0,0,0
389118_NT_AL_AA.fasta.zip,1.7898901104927063,0.20732546225190163,False,0,0,0
389161_NT_AL_AA.fasta.zip,1.8221006393432617,0.9063426852226257,False,0,0,0
389170_NT_AL_AA.fasta.zip,3.0798670053482056,0.6244560480117798,False,0,0,0
389197_NT_AL_AA.fasta.zip,4.529170751571655,0.5276981741189957,True,0,0,0
389206_NT_AL_AA.fasta.zip,0.8089195489883423,0.9764062166213989,False,0,0,0
389257_NT_AL_AA.fasta.zip,0.8491577506065369,0.21320556849241257,False,0,0,0
389333_NT_AL_AA.fasta.zip,2.2205722332000732,0.9214799404144287,True,0,0,0
389337_NT_AL_AA.fasta.zip,1.2228583693504333,0.43040062487125397,False,0,0,0
389384_NT_AL_AA.fasta.zip,4.46576189994812,0.5960296094417572,True,0,0,0
389549_NT_AL_AA.fasta.zip,0.6020902991294861,0.9770481288433075,False,0,0,0
3895_NT_AL_AA.fasta.zip,2.0443087418874106,0.8961552778879801,True,0,0,0
389610_NT_AL_AA.fasta.zip,1.9298335313796997,0.8749164342880249,True,0,0,0
389643_NT_AL_AA.fasta.zip,1.3374398350715637,0.6363491714000702,False,0,0,0
389677_NT_AL_AA.fasta.zip,3.246493180592855,0.894874374071757,True,0,0,0
3897_NT_AL_AA.fasta.zip,1.3084531625111897,0.48888784646987915,False,0,0,0
389813_NT_AL_AA.fasta.zip,0.9016013344128927,0.8522043625513712,True,0,0,0
389840_NT_AL_AA.fasta.zip,2.9170614878336587,0.7960295677185059,True,0,0,0
389856_NT_AL_AA.fasta.zip,0.43394774198532104,0.9700727462768555,False,0,0,0
3899_NT_AL_AA.fasta.zip,0.9237132966518402,0.9076418280601501,True,0,0,0
390212_NT_AL_AA.fasta.zip,2.7654151916503906,0.820549726486206,True,0,0,0
3902_NT_AL_AA.fasta.zip,2.1085426807403564,0.31923577189445496,False,0,0,0
390598_NT_AL_AA.fasta.zip,0.8338162004947662,0.977243959903717,True,0,0,0
390616_NT_AL_AA.fasta.zip,1.091674417257309,0.9587894678115845,False,0,0,0
390874_NT_AL_AA.fasta.zip,1.5109542608261108,0.9740642309188843,False,0,0,0
3908_NT_AL_AA.fasta.zip,0.7096206332956042,0.5619326255151204,True,0,0,0
3909_NT_AL_AA.fasta.zip,1.0979455283709936,0.2875557914376259,True,0,0,0
391059_NT_AL_AA.fasta.zip,0.8701481223106384,0.13973937556147575,False,0,0,0
3910_NT_AL_AA.fasta.zip,1.0485799908638,0.8683021366596222,False,0,0,0
3911_NT_AL_AA.fasta.zip,1.0137483328580856,0.2465148288756609,True,0,0,0
3912_NT_AL_AA.fasta.zip,0.9115205854177475,0.4073675014078617,True,0,0,0
3913_NT_AL_AA.fasta.zip,0.8157394677400589,0.25685509480535984,True,0,0,0
391475_NT_AL_AA.fasta.zip,2.1403061747550964,0.9111817181110382,True,0,0,0
3914_NT_AL_AA.fasta.zip,1.4789236386617024,0.4995227704445521,True,0,0,0
3915_NT_AL_AA.fasta.zip,0.4066007658839226,0.29676531720906496,True,0,0,0
3918_NT_AL_AA.fasta.zip,1.274144430955251,0.4684784933924675,True,0,0,0
392255_NT_AL_AA.fasta.zip,1.0688810348510742,0.9784803092479706,False,0,0,0
392307_NT_AL_AA.fasta.zip,3.751990556716919,0.9610258638858795,True,0,0,0
392617_NT_AL_AA.fasta.zip,1.6151310801506042,0.7816998958587646,True,0,0,0
392843_NT_AL_AA.fasta.zip,1.1733972430229187,0.40975208580493927,False,0,0,0
392862_NT_AL_AA.fasta.zip,0.693258486688137,0.9492860287427902,True,0,0,0
3929_NT_AL_AA.fasta.zip,1.460409700870514,0.046097058802843094,False,0,0,0
3930_NT_AL_AA.fasta.zip,0.617233544588089,0.6739562749862671,False,0,0,0
3932_NT_AL_AA.fasta.zip,0.3070732355117798,0.6676031351089478,False,0,0,0
3936_NT_AL_AA.fasta.zip,0.38844239711761475,0.8031599521636963,False,0,0,0
3937_NT_AL_AA.fasta.zip,1.2310788035392761,0.7758994996547699,False,0,0,0
3938_NT_AL_AA.fasta.zip,0.9125053405761718,0.4638893842697144,True,0,0,0
393_NT_AL_AA.fasta.zip,1.248586893081665,0.7536354959011078,False,0,0,0
3949_NT_AL_AA.fasta.zip,0.6430138548215231,0.5310250719388326,True,0,0,0
394_NT_AL_AA.fasta.zip,0.6291574388742447,0.961065262556076,True,0,0,0
3953_NT_AL_AA.fasta.zip,1.565589427947998,0.4893280615409215,True,0,0,0
3954_NT_AL_AA.fasta.zip,0.5029127597808838,0.9128705561161041,False,0,0,0
395_NT_AL_AA.fasta.zip,0.6135853926340739,0.9743674993515015,False,0,0,0
3973_NT_AL_AA.fasta.zip,1.0574220418930054,0.6571437418460846,True,0,0,0
3977_NT_AL_AA.fasta.zip,1.414188027381897,0.40196748574574787,True,0,0,0
3978_NT_AL_AA.fasta.zip,0.9349531730016073,0.8187685410181681,True,0,0,0
3980_NT_AL_AA.fasta.zip,0.4988715747992198,0.7961047887802124,True,0,0,0
3981_NT_AL_AA.fasta.zip,0.6027853190898895,0.5302245914936066,False,0,0,0
3983_NT_AL_AA.fasta.zip,0.542514979839325,0.9285646677017212,False,0,0,0
3984_NT_AL_AA.fasta.zip,0.3936481922864914,0.9102592170238495,False,0,0,0
3985_NT_AL_AA.fasta.zip,0.4984058141708374,0.9351751804351807,False,0,0,0
3990_NT_AL_AA.fasta.zip,1.0292722582817078,0.5747655928134918,False,0,0,0
3991_NT_AL_AA.fasta.zip,0.5779344588518143,0.6439940482378006,False,0,0,0
3993_NT_AL_AA.fasta.zip,0.4776504437128703,0.8494981527328491,False,0,0,0
399664_NT_AL_AA.fasta.zip,1.3099521398544312,0.9769988358020782,False,0,0,0
399671_NT_AL_AA.fasta.zip,1.857834021250407,0.22057785093784332,True,0,0,0
399687_NT_AL_AA.fasta.zip,0.766858845949173,0.6780996143817901,True,0,0,0
399693_NT_AL_AA.fasta.zip,4.047572533289592,0.7933216094970703,True,0,0,0
399694_NT_AL_AA.fasta.zip,1.0107061266899109,0.9602997601032257,False,0,0,0
3996_NT_AL_AA.fasta.zip,0.4749950369199117,0.8983409206072489,False,0,0,0
3998_NT_AL_AA.fasta.zip,0.5038992464542389,0.8323018848896027,False,0,0,0
399909_NT_AL_AA.fasta.zip,0.5691622883081436,0.9311595678329467,True,0,0,0
399979_NT_AL_AA.fasta.zip,1.073050061861674,0.8971660733222961,True,0,0,0
4000_NT_AL_AA.fasta.zip,0.4368639215826988,0.9604799747467041,False,0,0,0
4001_NT_AL_AA.fasta.zip,1.16231107711792,0.968804121017456,False,0,0,0
400224_NT_AL_AA.fasta.zip,0.5807163119316101,0.9554682075977325,False,0,0,0
400506_NT_AL_AA.fasta.zip,2.370552897453308,0.8875828683376312,False,0,0,0
4007_NT_AL_AA.fasta.zip,0.7192047834396362,0.9755335450172424,False,0,0,0
4008_NT_AL_AA.fasta.zip,0.9655837714672089,0.9027510583400726,True,0,0,0
400954_NT_AL_AA.fasta.zip,0.5417104363441467,0.9536798745393753,False,0,0,0
401024_NT_AL_AA.fasta.zip,2.889336935679118,0.8050908843676249,True,0,0,0
401124_NT_AL_AA.fasta.zip,2.354887843132019,0.6373912990093231,True,0,0,0
401145_NT_AL_AA.fasta.zip,1.4717965126037598,0.9426149725914001,False,0,0,0
401258_NT_AL_AA.fasta.zip,0.8354414910078048,0.8264376282691955,True,0,0,0
401265_NT_AL_AA.fasta.zip,0.5924444198608398,0.5716802477836609,False,0,0,0
4012_NT_AL_AA.fasta.zip,0.9619397719701132,0.4689685602982839,False,0,0,0
401387_NT_AL_AA.fasta.zip,2.349229156970978,0.15602468512952328,True,0,0,0
401399_NT_AL_AA.fasta.zip,1.5890370607376099,0.970254510641098,True,0,0,0
4014_NT_AL_AA.fasta.zip,3.564025322596232,0.9395703673362732,True,0,0,0
4016_NT_AL_AA.fasta.zip,1.3155272006988525,0.9639477729797363,True,0,0,0
401720_NT_AL_AA.fasta.zip,2.6304348707199097,0.901382178068161,True,0,0,0
402160_NT_AL_AA.fasta.zip,1.7571715712547302,0.39289121329784393,False,0,0,0
4025_NT_AL_AA.fasta.zip,0.8970910906791687,0.3170638643205166,True,0,0,0
4026_NT_AL_AA.fasta.zip,0.5595759600400925,0.9477345049381256,False,0,0,0
403341_NT_AL_AA.fasta.zip,0.5751529335975647,0.9097341299057007,False,0,0,0
4033_NT_AL_AA.fasta.zip,1.3215866088867188,0.9795872271060944,False,0,0,0
4034_NT_AL_AA.fasta.zip,0.88087597489357,0.9742936193943024,True,0,0,0
4035_NT_AL_AA.fasta.zip,0.3230105355381966,0.874032723903656,False,0,0,0
4036_NT_AL_AA.fasta.zip,0.6287264466285706,0.18612737767398357,False,0,0,0
4037_NT_AL_AA.fasta.zip,0.8075408637523651,0.977778434753418,True,0,0,0
4038_NT_AL_AA.fasta.zip,0.4101552255451679,0.8368015140295029,True,0,0,0
4040_NT_AL_AA.fasta.zip,0.27374087646603584,0.9688556492328644,False,0,0,0
4041_NT_AL_AA.fasta.zip,0.4798039346933365,0.6243332847952843,False,0,0,0
4047_NT_AL_AA.fasta.zip,0.574291855096817,0.34047240018844604,False,0,0,0
4048_NT_AL_AA.fasta.zip,0.6970022618770599,0.7308757603168488,False,0,0,0
4052_NT_AL_AA.fasta.zip,0.838061235845089,0.6828629299998283,True,0,0,0
4053_NT_AL_AA.fasta.zip,1.003011405467987,0.6764576630666852,True,0,0,0
4054_NT_AL_AA.fasta.zip,1.1623973846435547,0.9129850467046102,True,0,0,0
4057_NT_AL_AA.fasta.zip,0.801688939332962,0.2705036774277687,False,0,0,0
4058_NT_AL_AA.fasta.zip,4.183962345123291,0.7686391174793243,False,0,0,0
4059_NT_AL_AA.fasta.zip,1.0566680133342743,0.038201967254281044,False,0,0,0
405_NT_AL_AA.fasta.zip,0.9919885843992233,0.9007926285266876,True,0,0,0
4063_NT_AL_AA.fasta.zip,3.447967767715454,0.2605621814727783,True,0,0,0
4064_NT_AL_AA.fasta.zip,0.9473199844360352,0.0885684136301279,False,0,0,0
4067_NT_AL_AA.fasta.zip,0.5860150456428528,0.8804403245449066,False,0,0,0
406_NT_AL_AA.fasta.zip,0.291415810585022,0.9631561934947968,False,0,0,0
4076_NT_AL_AA.fasta.zip,0.657089352607727,0.632546603679657,False,0,0,0
4077_NT_AL_AA.fasta.zip,0.7994985183080038,0.9653704563776652,False,0,0,0
4089_NT_AL_AA.fasta.zip,0.1466204971075058,0.9695742130279541,False,0,0,0
4091_NT_AL_AA.fasta.zip,1.0107666850090027,0.9785604178905487,False,0,0,0
4099_NT_AL_AA.fasta.zip,1.67666357755661,0.376738041639328,True,0,0,0
40_NT_AL_AA.fasta.zip,0.5533425062894821,0.9812763333320618,False,0,0,0
410_NT_AL_AA.fasta.zip,0.5580935776233673,0.3105996549129486,False,0,0,0
4117_NT_AL_AA.fasta.zip,0.5842213779687881,0.9388963282108307,True,0,0,0
411_NT_AL_AA.fasta.zip,0.5010258853435516,0.4898111820220947,False,0,0,0
4121_NT_AL_AA.fasta.zip,0.43854841589927673,0.7735108435153961,False,0,0,0
4122_NT_AL_AA.fasta.zip,0.6285228431224823,0.628614087899526,True,0,0,0
4123_NT_AL_AA.fasta.zip,0.8670363624890646,0.426209290822347,False,0,0,0
4124_NT_AL_AA.fasta.zip,0.6776142517725626,0.697847843170166,True,0,0,0
4125_NT_AL_AA.fasta.zip,0.5208908120791117,0.4097951650619507,False,0,0,0
4126_NT_AL_AA.fasta.zip,0.6367295831441879,0.3736618906259537,False,0,0,0
4128_NT_AL_AA.fasta.zip,0.4938500374555588,0.4624183773994446,False,0,0,0
4129_NT_AL_AA.fasta.zip,0.5782572031021118,0.14811978116631508,False,0,0,0
4130_NT_AL_AA.fasta.zip,1.620892652443477,0.9274522406714303,True,0,0,0
4131_NT_AL_AA.fasta.zip,0.6348182906707128,0.9101991454760233,True,0,0,0
4133_NT_AL_AA.fasta.zip,1.004216593503952,0.954276692867279,True,0,0,0
4134_NT_AL_AA.fasta.zip,3.8440072337786355,0.8730147381623586,True,0,0,0
4135_NT_AL_AA.fasta.zip,2.4302436828613283,0.6682322382926941,True,0,0,0
4137_NT_AL_AA.fasta.zip,1.1859137266874313,0.9135177433490753,True,0,0,0
4139_NT_AL_AA.fasta.zip,0.7496435642242432,0.8964858949184418,False,0,0,0
4140_NT_AL_AA.fasta.zip,0.3959703594446182,0.95118448138237,False,0,0,0
4141_NT_AL_AA.fasta.zip,0.7482926249504089,0.7780072689056396,False,0,0,0
4146_NT_AL_AA.fasta.zip,0.6504960060119629,0.9311939775943756,False,0,0,0
4147_NT_AL_AA.fasta.zip,0.6411718924840292,0.25489837924639386,False,0,0,0
4148_NT_AL_AA.fasta.zip,0.7885615527629852,0.4343753084540367,True,0,0,0
414918_NT_AL_AA.fasta.zip,0.7555679082870483,0.7353440225124359,False,0,0,0
4150_NT_AL_AA.fasta.zip,0.6682084798812866,0.9694788753986359,False,0,0,0
4152_NT_AL_AA.fasta.zip,2.2051279544830322,0.9608210921287537,False,0,0,0
4162_NT_AL_AA.fasta.zip,1.0414766371250153,0.042258212342858315,False,0,0,0
4163_NT_AL_AA.fasta.zip,0.5775236040353775,0.9718443751335144,False,0,0,0
4168_NT_AL_AA.fasta.zip,1.6088088750839233,0.9151506821314493,False,0,0,0
4171_NT_AL_AA.fasta.zip,0.4527372121810913,0.8830737769603729,False,0,0,0
4172_NT_AL_AA.fasta.zip,0.49459126591682434,0.9051263332366943,False,0,0,0
4173_NT_AL_AA.fasta.zip,0.4779867082834244,0.9127551913261414,False,0,0,0
4174_NT_AL_AA.fasta.zip,0.41653621196746826,0.8033604323863983,False,0,0,0
4175_NT_AL_AA.fasta.zip,0.3031102120876312,0.9652411639690399,False,0,0,0
4176_NT_AL_AA.fasta.zip,0.29705311357975006,0.6770531535148621,False,0,0,0
4185_NT_AL_AA.fasta.zip,0.6653838455677032,0.9479923844337463,False,0,0,0
4193_NT_AL_AA.fasta.zip,1.3136834502220154,0.9627156257629395,False,0,0,0
4194_NT_AL_AA.fasta.zip,1.3913121223449707,0.9382865726947784,False,0,0,0
4199_NT_AL_AA.fasta.zip,0.39807404577732086,0.1802142634987831,False,0,0,0
41_NT_AL_AA.fasta.zip,0.42706364393234253,0.9491383135318756,False,0,0,0
4200_NT_AL_AA.fasta.zip,0.31503190100193024,0.47636184096336365,False,0,0,0
4204_NT_AL_AA.fasta.zip,0.8908903002738953,0.9440448582172394,False,0,0,0
4205_NT_AL_AA.fasta.zip,1.0149121284484863,0.9701274633407593,False,0,0,0
4209_NT_AL_AA.fasta.zip,0.900230348110199,0.9800613820552826,False,0,0,0
4210_NT_AL_AA.fasta.zip,3.4626494646072388,0.6533952951431274,False,0,0,0
4214_NT_AL_AA.fasta.zip,0.5728119909763336,0.9740019291639328,True,0,0,0
4215_NT_AL_AA.fasta.zip,0.6636448800563812,0.9586104154586792,True,0,0,0
4216_NT_AL_AA.fasta.zip,0.5558144897222519,0.9565561264753342,False,0,0,0
4217_NT_AL_AA.fasta.zip,0.6638741989930471,0.9642398754755656,True,0,0,0
421_NT_AL_AA.fasta.zip,0.9143646955490112,0.9571753144264221,False,0,0,0
4221_NT_AL_AA.fasta.zip,0.2406260147690773,0.9757078289985657,False,0,0,0
4224_NT_AL_AA.fasta.zip,0.6700052917003632,0.49609193205833435,False,0,0,0
4225_NT_AL_AA.fasta.zip,0.7435876727104187,0.48238156735897064,False,0,0,0
4233_NT_AL_AA.fasta.zip,0.730706145366033,0.6721671919027964,True,0,0,0
4241_NT_AL_AA.fasta.zip,0.7728935480117798,0.1684892363846302,False,0,0,0
4248_NT_AL_AA.fasta.zip,0.3573635667562485,0.9158947169780731,False,0,0,0
4253_NT_AL_AA.fasta.zip,3.063518762588501,0.7555292248725891,True,0,0,0
4261_NT_AL_AA.fasta.zip,1.5930806994438171,0.5148296157519022,True,0,0,0
4281_NT_AL_AA.fasta.zip,0.22503063082695007,0.9708135724067688,False,0,0,0
4285_NT_AL_AA.fasta.zip,0.47914576530456543,0.5115334093570709,False,0,0,0
4286_NT_AL_AA.fasta.zip,0.4123808890581131,0.9406700730323792,False,0,0,0
4288_NT_AL_AA.fasta.zip,3.3741487051759447,0.8441228781427655,True,0,0,0
4289_NT_AL_AA.fasta.zip,0.1214599758386612,0.9745723605155945,False,0,0,0
4292_NT_AL_AA.fasta.zip,0.5239854156970978,0.9629223644733429,False,0,0,0
4293_NT_AL_AA.fasta.zip,0.617718348900477,0.9046412905057272,False,0,0,0
4294_NT_AL_AA.fasta.zip,0.7423135787248611,0.8970202505588531,True,0,0,0
4296_NT_AL_AA.fasta.zip,0.4055764526128769,0.9779649674892426,False,0,0,0
4297_NT_AL_AA.fasta.zip,0.9107463459173838,0.8948461512724558,True,0,0,0
4298_NT_AL_AA.fasta.zip,0.46390779316425323,0.8012006282806396,False,0,0,0
4299_NT_AL_AA.fasta.zip,1.9842456976572673,0.7222801347573599,False,0,0,0
4300_NT_AL_AA.fasta.zip,0.7485789060592651,0.9565523266792297,False,0,0,0
4301_NT_AL_AA.fasta.zip,0.4710194393992424,0.8874479383230209,False,0,0,0
4302_NT_AL_AA.fasta.zip,1.1986548105875652,0.9626922011375427,True,0,0,0
4303_NT_AL_AA.fasta.zip,1.0289438962936401,0.9430685043334961,False,0,0,0
4306_NT_AL_AA.fasta.zip,0.6846272448698679,0.8012160261472067,True,0,0,0
4308_NT_AL_AA.fasta.zip,1.1857008934020996,0.8376639634370804,True,0,0,0
4311_NT_AL_AA.fasta.zip,0.9286309778690338,0.6404631584882736,True,0,0,0
4313_NT_AL_AA.fasta.zip,0.6096571981906891,0.40088844299316406,False,0,0,0
4318_NT_AL_AA.fasta.zip,0.5981365442276001,0.23372375220060349,False,0,0,0
4320_NT_AL_AA.fasta.zip,0.813960999250412,0.8995153903961182,False,0,0,0
4321_NT_AL_AA.fasta.zip,0.9673513472080231,0.4752938151359558,False,0,0,0
4323_NT_AL_AA.fasta.zip,0.9812650978565216,0.9558815360069275,False,0,0,0
4324_NT_AL_AA.fasta.zip,0.8806259036064148,0.9648643136024475,False,0,0,0
4325_NT_AL_AA.fasta.zip,0.23672709614038467,0.9667291641235352,False,0,0,0
4326_NT_AL_AA.fasta.zip,0.729222297668457,0.6046596318483353,False,0,0,0
4327_NT_AL_AA.fasta.zip,0.7923937141895294,0.5942736864089966,False,0,0,0
4329_NT_AL_AA.fasta.zip,0.6463254392147064,0.7193808555603027,False,0,0,0
4330_NT_AL_AA.fasta.zip,1.8961507380008698,0.917784795165062,True,0,0,0
4335_NT_AL_AA.fasta.zip,1.2723129093647003,0.9656546115875244,True,0,0,0
4337_NT_AL_AA.fasta.zip,0.572680652141571,0.9367430508136749,False,0,0,0
4343_NT_AL_AA.fasta.zip,1.160610298315684,0.6973288059234619,True,0,0,0
4352_NT_AL_AA.fasta.zip,1.7037433981895447,0.5828450322151184,False,0,0,0
4353_NT_AL_AA.fasta.zip,0.39752355217933655,0.2955753654241562,False,0,0,0
4355_NT_AL_AA.fasta.zip,0.5916619002819061,0.9658569395542145,False,0,0,0
4356_NT_AL_AA.fasta.zip,0.6189011037349701,0.8227302730083466,False,0,0,0
4360_NT_AL_AA.fasta.zip,0.7948254148165385,0.3406825264294942,False,0,0,0
4361_NT_AL_AA.fasta.zip,0.7906736731529236,0.8122994005680084,False,0,0,0
4363_NT_AL_AA.fasta.zip,0.47225771099328995,0.45244425162672997,False,0,0,0
43_NT_AL_AA.fasta.zip,0.6624091863632202,0.5193485170602798,False,0,0,0
440073_NT_AL_AA.fasta.zip,0.8207098444302877,0.9784873127937317,False,0,0,0
440107_NT_AL_AA.fasta.zip,4.363696575164795,0.9395871460437775,False,0,0,0
440193_NT_AL_AA.fasta.zip,1.2281146407127381,0.8031566381454468,True,0,0,0
440275_NT_AL_AA.fasta.zip,1.040812835097313,0.7247592285275459,True,0,0,0
440279_NT_AL_AA.fasta.zip,0.7039602160453796,0.9110824704170227,True,0,0,0
440435_NT_AL_AA.fasta.zip,3.075228343407313,0.832252691189448,True,0,0,0
440503_NT_AL_AA.fasta.zip,1.8311744928359985,0.7574571967124939,False,0,0,0
440590_NT_AL_AA.fasta.zip,1.568310797214508,0.4446851313114166,False,0,0,0
440730_NT_AL_AA.fasta.zip,0.6536974012851715,0.9677859544754028,False,0,0,0
440_NT_AL_AA.fasta.zip,0.43685248494148254,0.5580484867095947,False,0,0,0
441151_NT_AL_AA.fasta.zip,0.39249129593372345,0.9790048599243164,False,0,0,0
441381_NT_AL_AA.fasta.zip,1.1236639022827148,0.9097642302513123,False,0,0,0
442117_NT_AL_AA.fasta.zip,0.6131218373775482,0.9489555060863495,False,0,0,0
442425_NT_AL_AA.fasta.zip,0.8289552330970764,0.9808751940727234,False,0,0,0
442721_NT_AL_AA.fasta.zip,0.9197191596031189,0.886547863483429,False,0,0,0
4430_NT_AL_AA.fasta.zip,0.3768335034449895,0.905689517656962,False,0,0,0
4436_NT_AL_AA.fasta.zip,0.7142566740512848,0.46874138712882996,False,0,0,0
4437_NT_AL_AA.fasta.zip,0.8688306013743082,0.7621543010075887,False,0,0,0
4438_NT_AL_AA.fasta.zip,1.0505534410476685,0.9571934640407562,False,0,0,0
4439_NT_AL_AA.fasta.zip,1.428952932357788,0.7549705803394318,True,0,0,0
444_NT_AL_AA.fasta.zip,0.6830911040306091,0.9250128269195557,False,0,0,0
445815_NT_AL_AA.fasta.zip,0.868182897567749,0.9594794511795044,False,0,0,0
4478_NT_AL_AA.fasta.zip,0.3881756663322449,0.974710613489151,False,0,0,0
4485_NT_AL_AA.fasta.zip,0.6098959743976593,0.24443472921848297,False,0,0,0
4486_NT_AL_AA.fasta.zip,0.9290148218472799,0.474226454893748,True,0,0,0
448834_NT_AL_AA.fasta.zip,3.311607758204142,0.38450485467910767,True,0,0,0
4520_NT_AL_AA.fasta.zip,1.9382386207580566,0.9587804973125458,True,0,0,0
4522_NT_AL_AA.fasta.zip,0.44412946701049805,0.45843280851840973,False,0,0,0
4524_NT_AL_AA.fasta.zip,0.5698204934597015,0.44558729976415634,True,0,0,0
4528_NT_AL_AA.fasta.zip,0.9399096071720123,0.7657375037670135,False,0,0,0
4534_NT_AL_AA.fasta.zip,0.9270289540290833,0.928173154592514,False,0,0,0
4542_NT_AL_AA.fasta.zip,0.41921909153461456,0.6881657640139262,True,0,0,0
4547_NT_AL_AA.fasta.zip,0.7978737950325012,0.42171549797058105,False,0,0,0
4548_NT_AL_AA.fasta.zip,0.41292407115300495,0.5243388215700785,False,0,0,0
4552_NT_AL_AA.fasta.zip,0.7369131743907928,0.6718052923679352,False,0,0,0
4582_NT_AL_AA.fasta.zip,3.0299967765808105,0.9278450727462768,True,0,0,0
4583_NT_AL_AA.fasta.zip,3.3830676277478537,0.6506396378390491,True,0,0,0
4585_NT_AL_AA.fasta.zip,1.080455740292867,0.26427443822224933,False,0,0,0
4586_NT_AL_AA.fasta.zip,2.134403365735824,0.6999835022366964,True,0,0,0
4591_NT_AL_AA.fasta.zip,1.0781035820643108,0.9501089056332906,True,0,0,0
4593_NT_AL_AA.fasta.zip,0.7236122190952301,0.9682374596595764,True,0,0,0
4594_NT_AL_AA.fasta.zip,0.2956594228744507,0.7096339613199234,True,0,0,0
4595_NT_AL_AA.fasta.zip,0.8107822239398956,0.7978921830654144,False,0,0,0
4599_NT_AL_AA.fasta.zip,0.6774076223373413,0.3743477165699005,True,0,0,0
4602_NT_AL_AA.fasta.zip,0.7860826253890991,0.9726955592632294,True,0,0,0
4603_NT_AL_AA.fasta.zip,0.5771531313657761,0.9351169764995575,False,0,0,0
4604_NT_AL_AA.fasta.zip,0.4386896292368571,0.29129500190416974,False,0,0,0
4605_NT_AL_AA.fasta.zip,0.5419277250766754,0.9744190275669098,False,0,0,0
4606_NT_AL_AA.fasta.zip,0.7257459859053293,0.45198694119850796,True,0,0,0
4607_NT_AL_AA.fasta.zip,0.7945144176483154,0.6501372655232748,True,0,0,0
4608_NT_AL_AA.fasta.zip,1.2715272307395935,0.6913486421108246,False,0,0,0
460_NT_AL_AA.fasta.zip,0.41645672420660657,0.8668603897094727,True,0,0,0
4613_NT_AL_AA.fasta.zip,0.6391617655754089,0.9768587946891785,False,0,0,0
4619_NT_AL_AA.fasta.zip,0.402288056910038,0.7048967108130455,True,0,0,0
4620_NT_AL_AA.fasta.zip,0.1568315029144287,0.6068758070468903,True,0,0,0
4621_NT_AL_AA.fasta.zip,0.33540595322847366,0.9038470536470413,False,0,0,0
4624_NT_AL_AA.fasta.zip,0.22317078337073326,0.7753368616104126,False,0,0,0
4625_NT_AL_AA.fasta.zip,0.18731467053294182,0.7241894900798798,True,0,0,0
4627_NT_AL_AA.fasta.zip,0.2935284562408924,0.7419219687581062,True,0,0,0
4628_NT_AL_AA.fasta.zip,0.22495535537600517,0.8867166399955749,False,0,0,0
4629_NT_AL_AA.fasta.zip,0.2645162343978882,0.5582377910614014,True,0,0,0
4638_NT_AL_AA.fasta.zip,1.2937692801157634,0.7249796390533447,True,0,0,0
463_NT_AL_AA.fasta.zip,0.6506567415263917,0.9652516908115811,True,0,0,0
4640_NT_AL_AA.fasta.zip,0.673637330532074,0.40528832872708637,False,0,0,0
4641_NT_AL_AA.fasta.zip,0.3861345549424489,0.4485747218132019,True,0,0,0
4642_NT_AL_AA.fasta.zip,0.5510481595993042,0.754693885644277,False,0,0,0
4643_NT_AL_AA.fasta.zip,0.39358683427174884,0.9464004635810852,False,0,0,0
4644_NT_AL_AA.fasta.zip,0.3323550783097744,0.7908175140619278,False,0,0,0
4645_NT_AL_AA.fasta.zip,0.47909826785326004,0.7457869350910187,False,0,0,0
4646_NT_AL_AA.fasta.zip,0.4952597419420878,0.8865684866905212,True,0,0,0
4647_NT_AL_AA.fasta.zip,0.4899977266788483,0.797749137878418,False,0,0,0
4648_NT_AL_AA.fasta.zip,1.0071110367774962,0.5128734827041626,True,0,0,0
4649_NT_AL_AA.fasta.zip,0.8865657448768616,0.9397164483865103,True,0,0,0
4650_NT_AL_AA.fasta.zip,0.7275103688240051,0.8992373704910278,True,0,0,0
4651_NT_AL_AA.fasta.zip,0.48041881918907164,0.8277677416801452,False,0,0,0
4653_NT_AL_AA.fasta.zip,1.1851062774658203,0.48431070148944855,False,0,0,0
4659_NT_AL_AA.fasta.zip,1.2855820059776306,0.955557644367218,True,0,0,0
4660_NT_AL_AA.fasta.zip,1.030141015847524,0.9040765762329102,True,0,0,0
4661_NT_AL_AA.fasta.zip,1.0702242056528728,0.9345235228538513,True,0,0,0
4664_NT_AL_AA.fasta.zip,0.5286314487457275,0.8987727165222168,False,0,0,0
4665_NT_AL_AA.fasta.zip,0.6994679272174835,0.9704018533229828,False,0,0,0
4669_NT_AL_AA.fasta.zip,0.5447268187999725,0.1690647304058075,False,0,0,0
4670_NT_AL_AA.fasta.zip,0.49075548350811005,0.9695100784301758,False,0,0,0
4675_NT_AL_AA.fasta.zip,2.141124725341797,0.8102578520774841,True,0,0,0
4677_NT_AL_AA.fasta.zip,0.5372071266174316,0.5461023896932602,False,0,0,0
4678_NT_AL_AA.fasta.zip,2.0815414786338806,0.9771521091461182,True,0,0,0
4683_NT_AL_AA.fasta.zip,1.9644104838371277,0.809193342924118,True,0,0,0
4684_NT_AL_AA.fasta.zip,0.5531028707822164,0.8474997679392496,True,0,0,0
4685_NT_AL_AA.fasta.zip,0.8500958383083344,0.6608423441648483,True,0,0,0
4686_NT_AL_AA.fasta.zip,0.419813334941864,0.9709053635597229,False,0,0,0
4688_NT_AL_AA.fasta.zip,0.831674188375473,0.8812752068042755,False,0,0,0
4691_NT_AL_AA.fasta.zip,2.0120623111724854,0.9406883716583252,True,0,0,0
4703_NT_AL_AA.fasta.zip,0.301389776992009,0.5139751187251771,True,0,0,0
4719_NT_AL_AA.fasta.zip,0.7118761837482452,0.936530351638794,True,0,0,0
471_NT_AL_AA.fasta.zip,0.4249269813299179,0.21582069247961044,False,0,0,0
472_NT_AL_AA.fasta.zip,0.9875602807317462,0.6552418449095317,True,0,0,0
4731_NT_AL_AA.fasta.zip,3.941961407661438,0.538905680179596,True,0,0,0
4734_NT_AL_AA.fasta.zip,1.8993674715360005,0.951552947362264,True,0,0,0
4739_NT_AL_AA.fasta.zip,0.9328643083572388,0.8904184699058533,False,0,0,0
473_NT_AL_AA.fasta.zip,0.3422603867948055,0.9696324914693832,False,0,0,0
4741_NT_AL_AA.fasta.zip,0.7398838798205057,0.9469272494316101,False,0,0,0
4744_NT_AL_AA.fasta.zip,2.0270127952098846,0.29544859007000923,True,0,0,0
4745_NT_AL_AA.fasta.zip,0.8152005970478058,0.372122123837471,True,0,0,0
4747_NT_AL_AA.fasta.zip,0.3657241314649582,0.9595658183097839,False,0,0,0
4750_NT_AL_AA.fasta.zip,0.9530560473601023,0.9209698836008707,True,0,0,0
4752_NT_AL_AA.fasta.zip,0.9832777380943298,0.8445497453212738,False,0,0,0
4753_NT_AL_AA.fasta.zip,1.3720755577087402,0.7536424994468689,False,0,0,0
4756_NT_AL_AA.fasta.zip,0.6788624227046967,0.911497950553894,True,0,0,0
4763_NT_AL_AA.fasta.zip,0.3032285397251447,0.9735743204752604,False,0,0,0
476_NT_AL_AA.fasta.zip,0.14083139846722284,0.8817931413650513,False,0,0,0
4771_NT_AL_AA.fasta.zip,0.20853035897016525,0.975834846496582,False,0,0,0
4772_NT_AL_AA.fasta.zip,0.8382591307163239,0.8420449495315552,False,0,0,0
4773_NT_AL_AA.fasta.zip,1.8539434969425201,0.9474540054798126,True,0,0,0
4774_NT_AL_AA.fasta.zip,0.07357456535100937,0.9724887609481812,False,0,0,0
4775_NT_AL_AA.fasta.zip,1.2610448002815247,0.9595390756924947,True,0,0,0
4776_NT_AL_AA.fasta.zip,0.8362598419189453,0.9669230282306671,False,0,0,0
4779_NT_AL_AA.fasta.zip,0.9053865075111389,0.9254055619239807,False,0,0,0
4780_NT_AL_AA.fasta.zip,1.2098740935325623,0.9185441136360168,False,0,0,0
4781_NT_AL_AA.fasta.zip,0.17484699189662933,0.9744901955127716,False,0,0,0
478_NT_AL_AA.fasta.zip,0.06125360354781151,0.9706153869628906,False,0,0,0
4790_NT_AL_AA.fasta.zip,0.6755584180355072,0.963465541601181,True,0,0,0
4791_NT_AL_AA.fasta.zip,0.6306615620851517,0.9558723568916321,True,0,0,0
4796_NT_AL_AA.fasta.zip,1.0474026997884114,0.5155974924564362,True,0,0,0
4798_NT_AL_AA.fasta.zip,0.6567645271619161,0.864611009756724,False,0,0,0
4799_NT_AL_AA.fasta.zip,0.7557508746782938,0.6136158307393392,True,0,0,0
479_NT_AL_AA.fasta.zip,0.4104393223921458,0.4886191288630168,False,0,0,0
47_NT_AL_AA.fasta.zip,0.2968500107526779,0.937744140625,False,0,0,0
4810_NT_AL_AA.fasta.zip,0.8489968031644821,0.9566265046596527,False,0,0,0
4811_NT_AL_AA.fasta.zip,0.7069680492083231,0.3994387537240982,True,0,0,0
4820_NT_AL_AA.fasta.zip,1.357540138065815,0.9561544954776764,True,0,0,0
4836_NT_AL_AA.fasta.zip,0.4069557785987854,0.9745774865150452,False,0,0,0
4839_NT_AL_AA.fasta.zip,0.5475229769945145,0.9748942852020264,False,0,0,0
4842_NT_AL_AA.fasta.zip,0.46336304148038227,0.7375004788239797,True,0,0,0
4843_NT_AL_AA.fasta.zip,0.829193909962972,0.6588305830955505,True,0,0,0
4846_NT_AL_AA.fasta.zip,0.487226943174998,0.7586973508199056,False,0,0,0
4848_NT_AL_AA.fasta.zip,0.13935161381959915,0.9753952324390411,False,0,0,0
4849_NT_AL_AA.fasta.zip,0.341083824634552,0.9594992697238922,False,0,0,0
4850_NT_AL_AA.fasta.zip,0.48987847566604614,0.9633630216121674,True,0,0,0
4851_NT_AL_AA.fasta.zip,0.611926664908727,0.369582112878561,True,0,0,0
4853_NT_AL_AA.fasta.zip,0.8590192317962646,0.5092204853892326,True,0,0,0
4854_NT_AL_AA.fasta.zip,0.8112545132637023,0.5933753803372384,True,0,0,0
4855_NT_AL_AA.fasta.zip,1.0152095079421997,0.4031990133225918,True,0,0,0
4857_NT_AL_AA.fasta.zip,0.035947611555457115,0.9657952785491943,False,0,0,0
4858_NT_AL_AA.fasta.zip,0.29440805315971375,0.9758657813072205,False,0,0,0
4861_NT_AL_AA.fasta.zip,0.7829390466213226,0.9536894261837006,False,0,0,0
4862_NT_AL_AA.fasta.zip,1.2047344744205475,0.9422709941864014,True,0,0,0
4863_NT_AL_AA.fasta.zip,1.6630822817484539,0.874885102113088,True,0,0,0
4864_NT_AL_AA.fasta.zip,0.5632704099019369,0.3712601214647293,False,0,0,0
4867_NT_AL_AA.fasta.zip,1.3007954955101013,0.6618245542049408,True,0,0,0
4868_NT_AL_AA.fasta.zip,1.2705926895141602,0.43527814000844955,True,0,0,0
487_NT_AL_AA.fasta.zip,0.13226409628987312,0.48350097239017487,False,0,0,0
4881_NT_AL_AA.fasta.zip,0.754102369149526,0.6984869937102,True,0,0,0
4882_NT_AL_AA.fasta.zip,0.33231860399246216,0.9241419235865275,False,0,0,0
4883_NT_AL_AA.fasta.zip,0.9357540309429169,0.8411747515201569,True,0,0,0
488_NT_AL_AA.fasta.zip,0.16867409894863764,0.9491649468739828,False,0,0,0
4891_NT_AL_AA.fasta.zip,0.3203231543302536,0.6768545508384705,True,0,0,0
4892_NT_AL_AA.fasta.zip,1.0005754232406616,0.39216466806828976,True,0,0,0
4897_NT_AL_AA.fasta.zip,0.7378139694531759,0.40395427246888477,True,0,0,0
4898_NT_AL_AA.fasta.zip,0.6738905409971873,0.9170180559158325,True,0,0,0
4899_NT_AL_AA.fasta.zip,0.08740878477692604,0.9738422930240631,False,0,0,0
489_NT_AL_AA.fasta.zip,0.44822924335797626,0.6820951700210571,False,0,0,0
48_NT_AL_AA.fasta.zip,0.31851527094841003,0.6161057353019714,False,0,0,0
4905_NT_AL_AA.fasta.zip,0.18882489949464798,0.9633634984493256,False,0,0,0
4907_NT_AL_AA.fasta.zip,0.6193380951881409,0.1445600390434265,False,0,0,0
490_NT_AL_AA.fasta.zip,0.17074738691250482,0.9627109368642172,False,0,0,0
4914_NT_AL_AA.fasta.zip,0.6198166112105051,0.6079194148381551,True,0,0,0
4915_NT_AL_AA.fasta.zip,1.4927085936069489,0.9691086113452911,True,0,0,0
4916_NT_AL_AA.fasta.zip,0.31925099343061447,0.9584105014801025,False,0,0,0
4917_NT_AL_AA.fasta.zip,0.907812088727951,0.8749855756759644,False,0,0,0
4919_NT_AL_AA.fasta.zip,0.3285721391439438,0.9498506486415863,False,0,0,0
491_NT_AL_AA.fasta.zip,0.18616495033105215,0.9601888656616211,False,0,0,0
4920_NT_AL_AA.fasta.zip,0.5903925597667694,0.5222238004207611,False,0,0,0
4921_NT_AL_AA.fasta.zip,0.379180908203125,0.9544818103313446,False,0,0,0
4926_NT_AL_AA.fasta.zip,2.6439095020294188,0.6815269380807877,True,0,0,0
4927_NT_AL_AA.fasta.zip,1.0203708708286285,0.9058524668216705,False,0,0,0
4928_NT_AL_AA.fasta.zip,0.9147248864173889,0.7883340120315552,False,0,0,0
4929_NT_AL_AA.fasta.zip,0.1373797357082367,0.9727869033813477,False,0,0,0
492_NT_AL_AA.fasta.zip,0.34964173038800556,0.8757660984992981,False,0,0,0
4931_NT_AL_AA.fasta.zip,0.6738727986812592,0.937181293964386,False,0,0,0
493860_NT_AL_AA.fasta.zip,3.347225069999695,0.964272936185201,True,0,0,0
493_NT_AL_AA.fasta.zip,0.47854238748550415,0.8856093684832255,False,0,0,0
4940_NT_AL_AA.fasta.zip,1.1621300379435222,0.31229810416698456,True,0,0,0
4943_NT_AL_AA.fasta.zip,0.6441229581832886,0.9720422923564911,False,0,0,0
494551_NT_AL_AA.fasta.zip,0.948246031999588,0.7759741544723511,False,0,0,0
4948_NT_AL_AA.fasta.zip,0.8189251124858856,0.5763270109891891,True,0,0,0
4952_NT_AL_AA.fasta.zip,0.8262034058570862,0.8208440840244293,False,0,0,0
4957_NT_AL_AA.fasta.zip,0.9981661736965179,0.9262162148952484,True,0,0,0
495_NT_AL_AA.fasta.zip,0.17902163167794546,0.9441666404406229,False,0,0,0
4967_NT_AL_AA.fasta.zip,0.18119742472966513,0.8285116155942281,False,0,0,0
4976_NT_AL_AA.fasta.zip,0.506927619377772,0.9677002429962158,True,0,0,0
4983_NT_AL_AA.fasta.zip,0.780084639787674,0.957147479057312,False,0,0,0
49854_NT_AL_AA.fasta.zip,0.8654564221700033,0.9309912323951721,True,0,0,0
49855_NT_AL_AA.fasta.zip,0.6922440926233927,0.9220678408940634,True,0,0,0
49860_NT_AL_AA.fasta.zip,4.5646281242370605,0.9044391959905624,True,0,0,0
498_NT_AL_AA.fasta.zip,0.12916164472699165,0.9641587436199188,False,0,0,0
4998_NT_AL_AA.fasta.zip,2.117611140012741,0.7142094969749451,True,0,0,0
4999_NT_AL_AA.fasta.zip,1.0685311257839203,0.9249784052371979,False,0,0,0
5007_NT_AL_AA.fasta.zip,0.44759663939476013,0.907887876033783,False,0,0,0
5016_NT_AL_AA.fasta.zip,2.914762556552887,0.4187891483306885,True,0,0,0
5019_NT_AL_AA.fasta.zip,0.5521913766860962,0.816212385892868,False,0,0,0
501_NT_AL_AA.fasta.zip,0.8456578552722931,0.6546489000320435,True,0,0,0
5027_NT_AL_AA.fasta.zip,0.7048273086547852,0.458228662610054,False,0,0,0
5033_NT_AL_AA.fasta.zip,0.32498621940612793,0.9234193563461304,False,0,0,0
5034_NT_AL_AA.fasta.zip,0.41726042330265045,0.7029833197593689,False,0,0,0
5045_NT_AL_AA.fasta.zip,0.4722946137189865,0.8150266706943512,False,0,0,0
5046_NT_AL_AA.fasta.zip,0.6012404710054398,0.45113545656204224,True,0,0,0
50485_NT_AL_AA.fasta.zip,1.156057447195053,0.7067009806632996,True,0,0,0
50487_NT_AL_AA.fasta.zip,2.1612637042999268,0.5806216597557068,False,0,0,0
50488_NT_AL_AA.fasta.zip,0.44559939205646515,0.952058474222819,True,0,0,0
50506_NT_AL_AA.fasta.zip,0.6095847338438034,0.614141196012497,False,0,0,0
50507_NT_AL_AA.fasta.zip,1.0162217319011688,0.9752150475978851,False,0,0,0
50508_NT_AL_AA.fasta.zip,0.6844859421253204,0.3495909124612808,False,0,0,0
50509_NT_AL_AA.fasta.zip,0.8303666785359383,0.1767564215697348,True,0,0,0
50512_NT_AL_AA.fasta.zip,1.5102394223213196,0.9805551171302795,False,0,0,0
5055_NT_AL_AA.fasta.zip,1.1074920892715454,0.43315231800079346,False,0,0,0
5058_NT_AL_AA.fasta.zip,0.22609839588403702,0.9688174426555634,False,0,0,0
50614_NT_AL_AA.fasta.zip,0.28403903543949127,0.4907243549823761,False,0,0,0
50615_NT_AL_AA.fasta.zip,1.970492422580719,0.3546869233250618,False,0,0,0
50617_NT_AL_AA.fasta.zip,0.3911704123020172,0.5735683739185333,True,0,0,0
50618_NT_AL_AA.fasta.zip,0.6551143452525139,0.6914343684911728,True,0,0,0
50619_NT_AL_AA.fasta.zip,0.850839763879776,0.7196405977010727,True,0,0,0
50624_NT_AL_AA.fasta.zip,1.0279884338378906,0.36130136251449585,False,0,0,0
50628_NT_AL_AA.fasta.zip,0.955951988697052,0.5137185951073965,False,0,0,0
5062_NT_AL_AA.fasta.zip,0.1192040741443634,0.9706923365592957,False,0,0,0
50636_NT_AL_AA.fasta.zip,2.4377177357673645,0.47275741398334503,True,0,0,0
5063_NT_AL_AA.fasta.zip,0.14663822203874588,0.975403368473053,False,0,0,0
50640_NT_AL_AA.fasta.zip,1.1558628678321838,0.9461796879768372,True,0,0,0
50649_NT_AL_AA.fasta.zip,1.2825261056423187,0.9446616768836975,True,0,0,0
50650_NT_AL_AA.fasta.zip,0.5320211946964264,0.9751749932765961,False,0,0,0
50651_NT_AL_AA.fasta.zip,0.5841165781021118,0.899254560470581,False,0,0,0
5066_NT_AL_AA.fasta.zip,0.9289348721504211,0.7318629920482635,True,0,0,0
5069_NT_AL_AA.fasta.zip,0.6304968148469925,0.5400184690952301,False,0,0,0
506_NT_AL_AA.fasta.zip,0.10195008665323257,0.9691078364849091,False,0,0,0
50717_NT_AL_AA.fasta.zip,0.40262551605701447,0.9751850664615631,False,0,0,0
5073_NT_AL_AA.fasta.zip,0.6806216537952423,0.8534806668758392,False,0,0,0
50804_NT_AL_AA.fasta.zip,0.8121317625045776,0.9625534415245056,False,0,0,0
50805_NT_AL_AA.fasta.zip,1.0828813910484314,0.9664157330989838,False,0,0,0
50807_NT_AL_AA.fasta.zip,0.3750155319770177,0.7946182290712992,False,0,0,0
50809_NT_AL_AA.fasta.zip,0.8668724000453949,0.9733709990978241,False,0,0,0
5081_NT_AL_AA.fasta.zip,0.21669743210077286,0.9492906033992767,False,0,0,0
50853_NT_AL_AA.fasta.zip,1.4255789518356323,0.6566097438335419,False,0,0,0
5091_NT_AL_AA.fasta.zip,0.3503426214059194,0.6440985997517904,True,0,0,0
50937_NT_AL_AA.fasta.zip,0.7478195528189341,0.664451335867246,True,0,0,0
50939_NT_AL_AA.fasta.zip,2.7612592776616416,0.921668549378713,True,0,0,0
50940_NT_AL_AA.fasta.zip,0.41606737673282623,0.9810405969619751,False,0,0,0
50944_NT_AL_AA.fasta.zip,0.5319799234469732,0.9708631138006846,True,0,0,0
5095_NT_AL_AA.fasta.zip,0.48514752089977264,0.9187013506889343,False,0,0,0
5096_NT_AL_AA.fasta.zip,0.31848283112049103,0.5585007518529892,True,0,0,0
5097_NT_AL_AA.fasta.zip,0.5338000059127808,0.9182203014691671,False,0,0,0
5099_NT_AL_AA.fasta.zip,0.4273239920536677,0.974299947420756,False,0,0,0
50_NT_AL_AA.fasta.zip,0.202833354473114,0.4090241938829422,False,0,0,0
5101_NT_AL_AA.fasta.zip,0.19823283950487772,0.9705637097358704,False,0,0,0
51043_NT_AL_AA.fasta.zip,0.6456683278083801,0.9788485765457153,False,0,0,0
51056_NT_AL_AA.fasta.zip,0.5690258145332336,0.7276571393013,False,0,0,0
51057_NT_AL_AA.fasta.zip,1.3231492042541504,0.7916254997253418,False,0,0,0
51059_NT_AL_AA.fasta.zip,1.169599711894989,0.9568024675051371,True,0,0,0
5105_NT_AL_AA.fasta.zip,0.36109334230422974,0.5246067047119141,False,0,0,0
51061_NT_AL_AA.fasta.zip,0.691933830579122,0.8890155355135599,False,0,0,0
51062_NT_AL_AA.fasta.zip,0.20763321220874786,0.904028594493866,False,0,0,0
51068_NT_AL_AA.fasta.zip,1.1816864609718323,0.7825827598571777,False,0,0,0
5106_NT_AL_AA.fasta.zip,0.6545916199684143,0.7359114289283752,False,0,0,0
51078_NT_AL_AA.fasta.zip,1.021148920059204,0.9795005619525909,False,0,0,0
51085_NT_AL_AA.fasta.zip,1.1050743460655212,0.9618426561355591,False,0,0,0
51088_NT_AL_AA.fasta.zip,0.3807525187730789,0.9743530452251434,False,0,0,0
5108_NT_AL_AA.fasta.zip,1.2007907152175903,0.9515206933021545,True,0,0,0
51091_NT_AL_AA.fasta.zip,0.584894210100174,0.9061843156814575,False,0,0,0
51092_NT_AL_AA.fasta.zip,0.4489867240190506,0.96248459815979,False,0,0,0
51096_NT_AL_AA.fasta.zip,1.243225634098053,0.642134428024292,True,0,0,0
51105_NT_AL_AA.fasta.zip,0.7110140919685364,0.9714287519454956,True,0,0,0
51111_NT_AL_AA.fasta.zip,0.6822199523448944,0.9244700968265533,True,0,0,0
51112_NT_AL_AA.fasta.zip,0.6095114648342133,0.8486016690731049,False,0,0,0
51130_NT_AL_AA.fasta.zip,1.0409730076789856,0.4935791343450546,False,0,0,0
51132_NT_AL_AA.fasta.zip,0.7912046313285828,0.9676731526851654,False,0,0,0
51133_NT_AL_AA.fasta.zip,0.3274442255496979,0.9828757643699646,False,0,0,0
51134_NT_AL_AA.fasta.zip,1.3459739685058594,0.6034061759710312,False,0,0,0
51143_NT_AL_AA.fasta.zip,0.6781354248523712,0.9686715602874756,False,0,0,0
51148_NT_AL_AA.fasta.zip,0.610431581735611,0.495575949549675,False,0,0,0
51151_NT_AL_AA.fasta.zip,0.6261124312877655,0.801141232252121,False,0,0,0
51163_NT_AL_AA.fasta.zip,0.8540737628936768,0.957819789648056,False,0,0,0
51167_NT_AL_AA.fasta.zip,1.2084544897079468,0.7050564587116241,False,0,0,0
51168_NT_AL_AA.fasta.zip,1.2439572736620903,0.7784822061657906,True,0,0,0
5116_NT_AL_AA.fasta.zip,2.610339969396591,0.4194389898329973,True,0,0,0
51172_NT_AL_AA.fasta.zip,0.724926233291626,0.34860022366046906,False,0,0,0
51182_NT_AL_AA.fasta.zip,0.6740432381629944,0.648190975189209,False,0,0,0
51194_NT_AL_AA.fasta.zip,0.5609514117240906,0.894155740737915,False,0,0,0
51195_NT_AL_AA.fasta.zip,0.8421689867973328,0.9380474388599396,False,0,0,0
51196_NT_AL_AA.fasta.zip,0.9775045394897461,0.8936796188354492,True,0,0,0
51199_NT_AL_AA.fasta.zip,1.9657235383987426,0.8623942375183106,True,0,0,0
51222_NT_AL_AA.fasta.zip,1.0309076607227325,0.9650635123252869,True,0,0,0
5122_NT_AL_AA.fasta.zip,0.4203328490257263,0.9583564400672913,False,0,0,0
51230_NT_AL_AA.fasta.zip,1.306984821955363,0.972206691900889,True,0,0,0
51231_NT_AL_AA.fasta.zip,1.0516960620880127,0.4497986286878586,False,0,0,0
51232_NT_AL_AA.fasta.zip,0.8708540995915731,0.5337171753247579,True,0,0,0
51252_NT_AL_AA.fasta.zip,1.6522441506385803,0.3914305716753006,True,0,0,0
5125_NT_AL_AA.fasta.zip,0.7219055444002151,0.3314564051106572,True,0,0,0
51265_NT_AL_AA.fasta.zip,0.8882854878902435,0.970848947763443,False,0,0,0
5126_NT_AL_AA.fasta.zip,0.2456125020980835,0.9493496119976044,False,0,0,0
51271_NT_AL_AA.fasta.zip,1.3394613862037659,0.9438995718955994,False,0,0,0
51281_NT_AL_AA.fasta.zip,0.996308296918869,0.3595215827226639,False,0,0,0
51284_NT_AL_AA.fasta.zip,0.5755081375439962,0.1593980317314466,False,0,0,0
5128_NT_AL_AA.fasta.zip,0.15972930938005447,0.9688697457313538,False,0,0,0
51291_NT_AL_AA.fasta.zip,1.1951074202855427,0.8536060849825541,False,0,0,0
51294_NT_AL_AA.fasta.zip,1.1611369848251343,0.44437699019908905,True,0,0,0
51296_NT_AL_AA.fasta.zip,0.695974737405777,0.5558229684829712,False,0,0,0
51306_NT_AL_AA.fasta.zip,1.0582441091537476,0.9691327810287476,False,0,0,0
51310_NT_AL_AA.fasta.zip,1.962591528892517,0.9678701162338257,False,0,0,0
51311_NT_AL_AA.fasta.zip,0.6516845226287842,0.059089530259370804,False,0,0,0
51313_NT_AL_AA.fasta.zip,0.8729608952999115,0.955733060836792,False,0,0,0
51314_NT_AL_AA.fasta.zip,1.5239124298095703,0.28058820217847824,False,0,0,0
51317_NT_AL_AA.fasta.zip,0.2958992272615433,0.9700697958469391,False,0,0,0
51320_NT_AL_AA.fasta.zip,0.42886318266391754,0.969508945941925,True,0,0,0
51322_NT_AL_AA.fasta.zip,0.8018645346164703,0.9363445937633514,False,0,0,0
51332_NT_AL_AA.fasta.zip,2.3788605332374573,0.07429321249946952,True,0,0,0
51339_NT_AL_AA.fasta.zip,1.2449959218502045,0.9569898843765259,True,0,0,0
51340_NT_AL_AA.fasta.zip,0.28646185994148254,0.9472292363643646,False,0,0,0
51341_NT_AL_AA.fasta.zip,1.1238166093826294,0.9740549623966217,True,0,0,0
51343_NT_AL_AA.fasta.zip,0.12417731061577797,0.9632945954799652,False,0,0,0
51347_NT_AL_AA.fasta.zip,0.36449461430311203,0.9568844437599182,False,0,0,0
51360_NT_AL_AA.fasta.zip,2.6614104509353638,0.9366853535175323,False,0,0,0
51361_NT_AL_AA.fasta.zip,0.9529089331626892,0.9124296605587006,False,0,0,0
51362_NT_AL_AA.fasta.zip,0.1587291732430458,0.9592110514640808,False,0,0,0
51363_NT_AL_AA.fasta.zip,0.9084928333759308,0.930441290140152,False,0,0,0
51366_NT_AL_AA.fasta.zip,0.16057193279266357,0.97099369764328,False,0,0,0
5136_NT_AL_AA.fasta.zip,0.5328956246376038,0.9450966715812683,False,0,0,0
51378_NT_AL_AA.fasta.zip,3.108512282371521,0.46412573754787445,False,0,0,0
5137_NT_AL_AA.fasta.zip,0.42190515995025635,0.9701232314109802,False,0,0,0
51386_NT_AL_AA.fasta.zip,0.12389888241887093,0.9778813421726227,False,0,0,0
5138_NT_AL_AA.fasta.zip,0.6296728849411011,0.9506372809410095,True,0,0,0
51393_NT_AL_AA.fasta.zip,0.7592003345489502,0.6990033090114594,False,0,0,0
5139_NT_AL_AA.fasta.zip,0.8284253478050232,0.9606209993362427,True,0,0,0
5140_NT_AL_AA.fasta.zip,1.309581180413564,0.9427293340365092,True,0,0,0
51411_NT_AL_AA.fasta.zip,1.704623520374298,0.8375344574451447,True,0,0,0
5141_NT_AL_AA.fasta.zip,0.5614020973443985,0.9745536148548126,False,0,0,0
51421_NT_AL_AA.fasta.zip,0.8908160626888275,0.9566340744495392,False,0,0,0
51422_NT_AL_AA.fasta.zip,0.47097818553447723,0.9378745555877686,False,0,0,0
51426_NT_AL_AA.fasta.zip,1.4828082919120789,0.9403363168239594,True,0,0,0
51428_NT_AL_AA.fasta.zip,0.17363356798887253,0.9735786020755768,False,0,0,0
51429_NT_AL_AA.fasta.zip,0.52199986577034,0.9664653837680817,False,0,0,0
5142_NT_AL_AA.fasta.zip,0.1830069199204445,0.9578661024570465,False,0,0,0
51430_NT_AL_AA.fasta.zip,0.9386182228724161,0.953954835732778,True,0,0,0
51433_NT_AL_AA.fasta.zip,0.6607162356376648,0.8988602459430695,True,0,0,0
51434_NT_AL_AA.fasta.zip,0.19723064452409744,0.9763660132884979,False,0,0,0
51435_NT_AL_AA.fasta.zip,1.0176365375518799,0.31934285908937454,True,0,0,0
5143_NT_AL_AA.fasta.zip,1.0834933519363403,0.9564720988273621,False,0,0,0
51441_NT_AL_AA.fasta.zip,0.24180925637483597,0.9579507410526276,False,0,0,0
5144_NT_AL_AA.fasta.zip,0.18151824921369553,0.9716604948043823,False,0,0,0
51455_NT_AL_AA.fasta.zip,0.9549353718757629,0.9142763614654541,True,0,0,0
5145_NT_AL_AA.fasta.zip,0.39662210643291473,0.7882145941257477,False,0,0,0
51460_NT_AL_AA.fasta.zip,0.9087456166744232,0.6971433162689209,True,0,0,0
5146_NT_AL_AA.fasta.zip,0.8106815814971924,0.8949084877967834,False,0,0,0
51473_NT_AL_AA.fasta.zip,1.1491254568099976,0.9519667625427246,False,0,0,0
51474_NT_AL_AA.fasta.zip,1.0449171960353851,0.9598422050476074,False,0,0,0
51477_NT_AL_AA.fasta.zip,0.6074521541595459,0.6843221485614777,True,0,0,0
51479_NT_AL_AA.fasta.zip,0.396137535572052,0.529901127020518,False,0,0,0
51493_NT_AL_AA.fasta.zip,0.11553255096077919,0.9705058634281158,False,0,0,0
51497_NT_AL_AA.fasta.zip,0.17602557688951492,0.9736944735050201,False,0,0,0
51512_NT_AL_AA.fasta.zip,2.380652904510498,0.5465951859951019,True,0,0,0
51514_NT_AL_AA.fasta.zip,1.0899004638195038,0.8792393505573273,True,0,0,0
51517_NT_AL_AA.fasta.zip,1.0026993453502655,0.9586118757724762,False,0,0,0
5151_NT_AL_AA.fasta.zip,1.0640100538730621,0.8080186545848846,True,0,0,0
51520_NT_AL_AA.fasta.zip,0.5272766351699829,0.40702231725056964,True,0,0,0
5152_NT_AL_AA.fasta.zip,0.6838086247444153,0.867347002029419,False,0,0,0
51530_NT_AL_AA.fasta.zip,1.3583053350448608,0.8869519233703613,False,0,0,0
5153_NT_AL_AA.fasta.zip,0.48421114683151245,0.9456300437450409,False,0,0,0
51542_NT_AL_AA.fasta.zip,0.7269397576649984,0.9167153040568033,False,0,0,0
51555_NT_AL_AA.fasta.zip,0.6730708926916122,0.9721601605415344,True,0,0,0
51557_NT_AL_AA.fasta.zip,1.4933096766471863,0.9398573040962219,False,0,0,0
51559_NT_AL_AA.fasta.zip,0.3914076238870621,0.9278636276721954,False,0,0,0
51564_NT_AL_AA.fasta.zip,1.438170035680135,0.9688678781191508,True,0,0,0
5156_NT_AL_AA.fasta.zip,0.9719287355740865,0.7138691445191702,True,0,0,0
51574_NT_AL_AA.fasta.zip,0.5416536927223206,0.9228238761425018,False,0,0,0
51575_NT_AL_AA.fasta.zip,0.9215537309646606,0.977483332157135,False,0,0,0
51585_NT_AL_AA.fasta.zip,0.9945727437734604,0.7733785808086395,True,0,0,0
51586_NT_AL_AA.fasta.zip,0.8519888818264008,0.9372365474700928,True,0,0,0
51588_NT_AL_AA.fasta.zip,0.32852059602737427,0.9692291915416718,False,0,0,0
5158_NT_AL_AA.fasta.zip,0.47869569063186646,0.7076826095581055,False,0,0,0
51592_NT_AL_AA.fasta.zip,0.27116864422957104,0.9215703209241232,False,0,0,0
51593_NT_AL_AA.fasta.zip,0.3310205042362213,0.9716684520244598,False,0,0,0
51594_NT_AL_AA.fasta.zip,0.8567308783531189,0.5654024839401245,True,0,0,0
51599_NT_AL_AA.fasta.zip,0.895792156457901,0.9653277099132538,False,0,0,0
5159_NT_AL_AA.fasta.zip,0.7278311252593994,0.6412983785072962,True,0,0,0
51602_NT_AL_AA.fasta.zip,0.5095833241939545,0.972020834684372,False,0,0,0
51603_NT_AL_AA.fasta.zip,0.8871906399726868,0.7101750671863556,False,0,0,0
51604_NT_AL_AA.fasta.zip,0.5352880656719208,0.8028859496116638,False,0,0,0
51605_NT_AL_AA.fasta.zip,0.7118305861949921,0.9794268310070038,False,0,0,0
51654_NT_AL_AA.fasta.zip,0.6694256067276001,0.8068788051605225,False,0,0,0
51663_NT_AL_AA.fasta.zip,0.19002037743727365,0.9719744523366293,False,0,0,0
51667_NT_AL_AA.fasta.zip,0.9738035500049591,0.8136037886142731,False,0,0,0
51676_NT_AL_AA.fasta.zip,0.5364103019237518,0.41006769239902496,True,0,0,0
51678_NT_AL_AA.fasta.zip,0.2765215039253235,0.9540447294712067,False,0,0,0
5167_NT_AL_AA.fasta.zip,0.7389860451221466,0.5373312383890152,False,0,0,0
5168_NT_AL_AA.fasta.zip,0.6996060013771057,0.5732370018959045,False,0,0,0
51692_NT_AL_AA.fasta.zip,0.11484216153621674,0.9612416923046112,False,0,0,0
51696_NT_AL_AA.fasta.zip,0.4753521680831909,0.9722424745559692,False,0,0,0
5169_NT_AL_AA.fasta.zip,0.6669406592845917,0.35371018201112747,False,0,0,0
51701_NT_AL_AA.fasta.zip,0.07820501923561096,0.9734856188297272,False,0,0,0
51702_NT_AL_AA.fasta.zip,0.4964717775583267,0.3111196383833885,False,0,0,0
51703_NT_AL_AA.fasta.zip,0.5702832043170929,0.1974407322704792,False,0,0,0
5170_NT_AL_AA.fasta.zip,0.19013426452875137,0.9626235961914062,False,0,0,0
51720_NT_AL_AA.fasta.zip,2.5965583324432373,0.9075473248958588,True,0,0,0
51725_NT_AL_AA.fasta.zip,0.6187473237514496,0.8987132608890533,False,0,0,0
51729_NT_AL_AA.fasta.zip,0.2975771799683571,0.9413785934448242,False,0,0,0
5172_NT_AL_AA.fasta.zip,0.6276945173740387,0.6536730229854584,False,0,0,0
51735_NT_AL_AA.fasta.zip,0.7148473262786865,0.8165427595376968,True,0,0,0
51742_NT_AL_AA.fasta.zip,0.6064519385496775,0.9356999397277832,True,0,0,0
5174_NT_AL_AA.fasta.zip,1.193042516708374,0.48162442445755005,False,0,0,0
51750_NT_AL_AA.fasta.zip,0.9688901901245117,0.6247115631898245,True,0,0,0
51752_NT_AL_AA.fasta.zip,0.7594426572322845,0.5691718012094498,True,0,0,0
51754_NT_AL_AA.fasta.zip,0.6558206081390381,0.9712058305740356,False,0,0,0
51755_NT_AL_AA.fasta.zip,0.8368877805769444,0.9155421555042267,True,0,0,0
5175_NT_AL_AA.fasta.zip,0.9190070331096649,0.12086277268826962,False,0,0,0
51760_NT_AL_AA.fasta.zip,0.39075620472431183,0.8124925792217255,False,0,0,0
51761_NT_AL_AA.fasta.zip,0.32519058386484784,0.538115789492925,False,0,0,0
51768_NT_AL_AA.fasta.zip,0.887188583612442,0.30970291793346405,False,0,0,0
51773_NT_AL_AA.fasta.zip,0.9620736638704935,0.9692363937695821,True,0,0,0
51776_NT_AL_AA.fasta.zip,0.6519572138786316,0.8192433416843414,True,0,0,0
51780_NT_AL_AA.fasta.zip,0.8249580375850201,0.9463649243116379,True,0,0,0
5178_NT_AL_AA.fasta.zip,3.0352459847927094,0.8908161073923111,True,0,0,0
51802_NT_AL_AA.fasta.zip,1.1226886510849,0.5675009191036224,False,0,0,0
51804_NT_AL_AA.fasta.zip,1.6011466979980469,0.8891340792179108,True,0,0,0
51809_NT_AL_AA.fasta.zip,0.27247895300388336,0.5908267647027969,True,0,0,0
5187_NT_AL_AA.fasta.zip,0.8804795940717062,0.9643497665723165,False,0,0,0
5188_NT_AL_AA.fasta.zip,0.52680703997612,0.6781606078147888,False,0,0,0
5189_NT_AL_AA.fasta.zip,1.1647456884384155,0.7119917472203573,True,0,0,0
5190_NT_AL_AA.fasta.zip,1.1479673782984416,0.4851573755343755,True,0,0,0
5198_NT_AL_AA.fasta.zip,0.461594561735789,0.590339461962382,False,0,0,0
51_NT_AL_AA.fasta.zip,0.6949394345283508,0.588173121213913,False,0,0,0
5205_NT_AL_AA.fasta.zip,0.40702539682388306,0.5480562547842661,False,0,0,0
5208_NT_AL_AA.fasta.zip,0.28590990602970123,0.8044284582138062,False,0,0,0
5209_NT_AL_AA.fasta.zip,0.4447672814130783,0.31126832962036133,False,0,0,0
5211_NT_AL_AA.fasta.zip,0.32818107306957245,0.5509270578622818,False,0,0,0
5212_NT_AL_AA.fasta.zip,1.328795850276947,0.8691997826099396,True,0,0,0
5213_NT_AL_AA.fasta.zip,0.4090326130390167,0.7003985345363617,False,0,0,0
5214_NT_AL_AA.fasta.zip,0.5095861852169037,0.2407759130001068,False,0,0,0
5236_NT_AL_AA.fasta.zip,0.576038733124733,0.8761235773563385,False,0,0,0
5238_NT_AL_AA.fasta.zip,0.7687915563583374,0.657833606004715,False,0,0,0
5239_NT_AL_AA.fasta.zip,0.39855922758579254,0.9296444058418274,False,0,0,0
523_NT_AL_AA.fasta.zip,0.19645799696445465,0.9592440128326416,False,0,0,0
5241_NT_AL_AA.fasta.zip,2.818107803662618,0.8622247576713562,True,0,0,0
5243_NT_AL_AA.fasta.zip,0.6264204184214274,0.6775984068711599,False,0,0,0
5251_NT_AL_AA.fasta.zip,0.4204873740673065,0.3675154894590378,True,0,0,0
5252_NT_AL_AA.fasta.zip,0.7043939232826233,0.9719959497451782,False,0,0,0
5253_NT_AL_AA.fasta.zip,0.6667040785153707,0.843816339969635,False,0,0,0
5255_NT_AL_AA.fasta.zip,0.6909064551194509,0.8918966054916382,True,0,0,0
5256_NT_AL_AA.fasta.zip,0.5859222213427225,0.8678907752037048,False,0,0,0
5257_NT_AL_AA.fasta.zip,0.48615894714991253,0.8284623225529989,False,0,0,0
525_NT_AL_AA.fasta.zip,0.3332640081644058,0.9528657793998718,False,0,0,0
526_NT_AL_AA.fasta.zip,0.19516213983297348,0.9702793955802917,False,0,0,0
5284_NT_AL_AA.fasta.zip,1.2872072458267212,0.2589656934142113,False,0,0,0
5286_NT_AL_AA.fasta.zip,0.8151582255959511,0.8798089325428009,True,0,0,0
5287_NT_AL_AA.fasta.zip,0.6705226078629494,0.7264906316995621,True,0,0,0
5288_NT_AL_AA.fasta.zip,1.5116794407367706,0.7624306380748749,True,0,0,0
5289_NT_AL_AA.fasta.zip,0.2412106692790985,0.9705918431282043,False,0,0,0
5290_NT_AL_AA.fasta.zip,0.15031714737415314,0.9712967077891032,False,0,0,0
5291_NT_AL_AA.fasta.zip,0.4094984432061513,0.5709164589643478,True,0,0,0
5293_NT_AL_AA.fasta.zip,0.4593345026175181,0.466937392950058,True,0,0,0
5294_NT_AL_AA.fasta.zip,0.769739588101705,0.8089043498039246,True,0,0,0
5295_NT_AL_AA.fasta.zip,0.4872310012578964,0.9511179327964783,False,0,0,0
5296_NT_AL_AA.fasta.zip,0.7403140664100647,0.9448778331279755,False,0,0,0
5297_NT_AL_AA.fasta.zip,0.42984323501586913,0.8719201445579529,True,0,0,0
5298_NT_AL_AA.fasta.zip,0.3727738782763481,0.9751206934452057,True,0,0,0
5310_NT_AL_AA.fasta.zip,1.0344223711225722,0.4045194031463729,True,0,0,0
5311_NT_AL_AA.fasta.zip,1.0817602276802063,0.9138592481613159,False,0,0,0
5313_NT_AL_AA.fasta.zip,0.4122215509414673,0.3302604705095291,False,0,0,0
5314_NT_AL_AA.fasta.zip,1.5184531807899475,0.31935249144832295,True,0,0,0
5315_NT_AL_AA.fasta.zip,0.27601858973503113,0.25835660845041275,False,0,0,0
5317_NT_AL_AA.fasta.zip,0.7047459185123444,0.7094904184341431,False,0,0,0
5318_NT_AL_AA.fasta.zip,1.0893962383270264,0.8998882472515106,False,0,0,0
5321_NT_AL_AA.fasta.zip,0.3228503316640854,0.624043881893158,False,0,0,0
5324_NT_AL_AA.fasta.zip,0.4502692371606827,0.9124632477760315,False,0,0,0
5325_NT_AL_AA.fasta.zip,1.5233522653579712,0.9167143702507019,False,0,0,0
5327_NT_AL_AA.fasta.zip,0.7012659907341003,0.23749472945928574,False,0,0,0
5330_NT_AL_AA.fasta.zip,0.8330594102541605,0.8928743004798889,True,0,0,0
5331_NT_AL_AA.fasta.zip,0.617680162191391,0.9432381391525269,False,0,0,0
5332_NT_AL_AA.fasta.zip,0.22803640365600586,0.9250341653823853,False,0,0,0
53335_NT_AL_AA.fasta.zip,0.15934599936008453,0.9763056337833405,False,0,0,0
53339_NT_AL_AA.fasta.zip,0.32976551353931427,0.9784766137599945,False,0,0,0
5333_NT_AL_AA.fasta.zip,0.6488792896270752,0.6156237721443176,False,0,0,0
53347_NT_AL_AA.fasta.zip,0.6112702190876007,0.5177759230136871,False,0,0,0
53349_NT_AL_AA.fasta.zip,0.43391773104667664,0.9574017226696014,False,0,0,0
5334_NT_AL_AA.fasta.zip,0.9184868137041727,0.9027820229530334,False,0,0,0
53353_NT_AL_AA.fasta.zip,0.6864991635084152,0.5309700340032577,True,0,0,0
53354_NT_AL_AA.fasta.zip,0.48854967951774597,0.9850264489650726,False,0,0,0
53358_NT_AL_AA.fasta.zip,0.8396081924438477,0.8964784443378448,False,0,0,0
5335_NT_AL_AA.fasta.zip,0.3455607096354167,0.9032849669456482,False,0,0,0
5336_NT_AL_AA.fasta.zip,0.5427411198616028,0.4125250180562337,False,0,0,0
53371_NT_AL_AA.fasta.zip,0.9204198122024536,0.911926656961441,False,0,0,0
53373_NT_AL_AA.fasta.zip,0.5272184014320374,0.9259286224842072,False,0,0,0
5337_NT_AL_AA.fasta.zip,0.4481515089670817,0.8000340660413107,False,0,0,0
5338_NT_AL_AA.fasta.zip,0.484304815530777,0.7360519965489706,False,0,0,0
5339_NT_AL_AA.fasta.zip,0.6720514384408792,0.5448391139507294,True,0,0,0
5340_NT_AL_AA.fasta.zip,0.5465782582759857,0.1975001096725464,False,0,0,0
5345_NT_AL_AA.fasta.zip,1.128984808921814,0.5125478506088257,False,0,0,0
5346_NT_AL_AA.fasta.zip,1.2582920789718628,0.9698977470397949,False,0,0,0
5347_NT_AL_AA.fasta.zip,0.5237556993961334,0.8703617751598358,False,0,0,0
5351_NT_AL_AA.fasta.zip,0.4947105199098587,0.4048057347536087,False,0,0,0
5352_NT_AL_AA.fasta.zip,0.4320836067199707,0.6010225415229797,False,0,0,0
5356_NT_AL_AA.fasta.zip,0.1926852911710739,0.9659307897090912,False,0,0,0
5357_NT_AL_AA.fasta.zip,0.36646951735019684,0.44842052459716797,False,0,0,0
5358_NT_AL_AA.fasta.zip,0.21511221677064896,0.9713656008243561,False,0,0,0
535_NT_AL_AA.fasta.zip,0.2500937655568123,0.7260355055332184,True,0,0,0
5360_NT_AL_AA.fasta.zip,1.0113025605678558,0.19424577057361603,False,0,0,0
53616_NT_AL_AA.fasta.zip,0.9189346432685852,0.9261388182640076,False,0,0,0
5361_NT_AL_AA.fasta.zip,0.3600093685090542,0.6747516207396984,True,0,0,0
5362_NT_AL_AA.fasta.zip,0.31733397021889687,0.8696117848157883,False,0,0,0
53630_NT_AL_AA.fasta.zip,1.332415521144867,0.5003025531768799,False,0,0,0
5364_NT_AL_AA.fasta.zip,0.7742004809635026,0.7825026682444981,True,0,0,0
5365_NT_AL_AA.fasta.zip,0.8307125806808472,0.5655671030282974,True,0,0,0
5371_NT_AL_AA.fasta.zip,1.5506204962730408,0.5532302856445312,False,0,0,0
5378_NT_AL_AA.fasta.zip,1.3224762082099915,0.9543896913528442,False,0,0,0
53832_NT_AL_AA.fasta.zip,2.5022919178009033,0.8293566405773163,False,0,0,0
53834_NT_AL_AA.fasta.zip,0.5546208024024963,0.9624940156936646,False,0,0,0
53838_NT_AL_AA.fasta.zip,4.486969709396362,0.6050540208816528,True,0,0,0
53841_NT_AL_AA.fasta.zip,2.091821789741516,0.29881217579046887,True,0,0,0
538_NT_AL_AA.fasta.zip,0.894545316696167,0.9053577333688736,True,0,0,0
53904_NT_AL_AA.fasta.zip,1.082464188337326,0.763868436217308,True,0,0,0
53905_NT_AL_AA.fasta.zip,0.9083285182714462,0.7407285571098328,True,0,0,0
53919_NT_AL_AA.fasta.zip,0.7227648198604584,0.8409951329231262,False,0,0,0
53942_NT_AL_AA.fasta.zip,1.2095869779586792,0.8854138056437174,False,0,0,0
5394_NT_AL_AA.fasta.zip,0.6752557158470154,0.8297403156757355,False,0,0,0
53981_NT_AL_AA.fasta.zip,0.14314806833863258,0.9705163836479187,False,0,0,0
54014_NT_AL_AA.fasta.zip,1.1328313524524372,0.9468733966350555,True,0,0,0
54020_NT_AL_AA.fasta.zip,0.4020209163427353,0.8871958255767822,False,0,0,0
54084_NT_AL_AA.fasta.zip,0.696098655462265,0.1727742925286293,False,0,0,0
540_NT_AL_AA.fasta.zip,0.8575557172298431,0.8979954570531845,True,0,0,0
54101_NT_AL_AA.fasta.zip,0.6154300570487976,0.7758295834064484,False,0,0,0
54102_NT_AL_AA.fasta.zip,2.9654892683029175,0.6961093991994858,True,0,0,0
54103_NT_AL_AA.fasta.zip,1.564193606376648,0.5845470577478409,True,0,0,0
5411_NT_AL_AA.fasta.zip,1.0614154636859894,0.9771578311920166,True,0,0,0
54207_NT_AL_AA.fasta.zip,0.45129311084747314,0.9670177400112152,False,0,0,0
54212_NT_AL_AA.fasta.zip,0.4964652359485626,0.6706362962722778,False,0,0,0
54221_NT_AL_AA.fasta.zip,0.9787684977054596,0.4808233976364136,False,0,0,0
5422_NT_AL_AA.fasta.zip,0.9330421686172485,0.8016034563382467,False,0,0,0
5424_NT_AL_AA.fasta.zip,0.32941381136576336,0.5186780194441477,False,0,0,0
5426_NT_AL_AA.fasta.zip,0.5825863867998123,0.7575999081134797,True,0,0,0
5427_NT_AL_AA.fasta.zip,0.9973926842212677,0.5516235828399658,False,0,0,0
5428_NT_AL_AA.fasta.zip,0.6175807615121206,0.8358829816182455,True,0,0,0
5429_NT_AL_AA.fasta.zip,1.286479502916336,0.8323750495910645,True,0,0,0
5430_NT_AL_AA.fasta.zip,0.04531761109828949,0.9680210947990417,False,0,0,0
5431_NT_AL_AA.fasta.zip,0.03883903721968333,0.9662853876749674,False,0,0,0
54407_NT_AL_AA.fasta.zip,0.2896300405263901,0.7092495560646057,False,0,0,0
54413_NT_AL_AA.fasta.zip,0.13180791214108467,0.9757808446884155,False,0,0,0
54414_NT_AL_AA.fasta.zip,0.5763211846351624,0.4463843107223511,False,0,0,0
5442_NT_AL_AA.fasta.zip,1.07060311237971,0.28753603001435596,True,0,0,0
54431_NT_AL_AA.fasta.zip,0.6761232912540436,0.7002599537372589,False,0,0,0
54434_NT_AL_AA.fasta.zip,1.1709486345450084,0.9361796379089355,True,0,0,0
54436_NT_AL_AA.fasta.zip,1.2434959610303242,0.4748978118101756,True,0,0,0
54437_NT_AL_AA.fasta.zip,0.7548213998476664,0.6558520098527273,True,0,0,0
54439_NT_AL_AA.fasta.zip,0.607210636138916,0.960396428902944,False,0,0,0
54443_NT_AL_AA.fasta.zip,1.4269420107205708,0.870776375134786,True,0,0,0
54453_NT_AL_AA.fasta.zip,0.7837677896022797,0.9305322766304016,True,0,0,0
54454_NT_AL_AA.fasta.zip,0.577017068862915,0.9635252555211385,True,0,0,0
54455_NT_AL_AA.fasta.zip,0.328351266682148,0.8988241851329803,False,0,0,0
54456_NT_AL_AA.fasta.zip,0.6704920927683512,0.8316042025883993,False,0,0,0
54461_NT_AL_AA.fasta.zip,0.6406278908252716,0.9695175886154175,False,0,0,0
54462_NT_AL_AA.fasta.zip,1.3813281059265137,0.9379270076751709,True,0,0,0
54463_NT_AL_AA.fasta.zip,1.3007913827896118,0.9636565744876862,False,0,0,0
54464_NT_AL_AA.fasta.zip,1.0690832361578941,0.8491891920566559,True,0,0,0
54465_NT_AL_AA.fasta.zip,3.540277123451233,0.9413152039051056,False,0,0,0
54467_NT_AL_AA.fasta.zip,0.4296666483084361,0.9686773220698038,True,0,0,0
54468_NT_AL_AA.fasta.zip,0.27956853806972504,0.9623880386352539,False,0,0,0
54476_NT_AL_AA.fasta.zip,0.9858849197626114,0.894105076789856,True,0,0,0
54477_NT_AL_AA.fasta.zip,0.7772813936074575,0.9239133397738138,True,0,0,0
5447_NT_AL_AA.fasta.zip,0.38115018606185913,0.6409904509782791,True,0,0,0
54480_NT_AL_AA.fasta.zip,0.6079824268817902,0.7711099088191986,False,0,0,0
54487_NT_AL_AA.fasta.zip,0.4569459781050682,0.9768256843090057,True,0,0,0
54492_NT_AL_AA.fasta.zip,2.2069246768951416,0.942347377538681,False,0,0,0
54496_NT_AL_AA.fasta.zip,0.8009457290172577,0.736768513917923,False,0,0,0
54497_NT_AL_AA.fasta.zip,0.2819043144583702,0.9137483954429626,False,0,0,0
54498_NT_AL_AA.fasta.zip,0.7071717381477356,0.9152548611164093,False,0,0,0
54502_NT_AL_AA.fasta.zip,0.8122130036354065,0.8899160027503967,False,0,0,0
54503_NT_AL_AA.fasta.zip,0.9031150639057159,0.5882810056209564,True,0,0,0
54505_NT_AL_AA.fasta.zip,0.5956138968467712,0.8490872780481974,False,0,0,0
54507_NT_AL_AA.fasta.zip,1.0376919309298198,0.907893975575765,False,0,0,0
54510_NT_AL_AA.fasta.zip,0.8433698813120524,0.8425544301668803,True,0,0,0
54514_NT_AL_AA.fasta.zip,1.0184597671031952,0.9394946694374084,False,0,0,0
54517_NT_AL_AA.fasta.zip,0.6544443070888519,0.8454785645008087,False,0,0,0
54518_NT_AL_AA.fasta.zip,0.716238796710968,0.938776969909668,False,0,0,0
5451_NT_AL_AA.fasta.zip,0.6021371930837631,0.8955715000629425,False,0,0,0
54520_NT_AL_AA.fasta.zip,0.7913280129432678,0.9586809575557709,False,0,0,0
54521_NT_AL_AA.fasta.zip,0.44757477939128876,0.9753253161907196,True,0,0,0
54529_NT_AL_AA.fasta.zip,0.871237576007843,0.8003644645214081,False,0,0,0
5452_NT_AL_AA.fasta.zip,0.6731958389282227,0.9668244421482086,False,0,0,0
54531_NT_AL_AA.fasta.zip,0.8304262757301331,0.9301423132419586,False,0,0,0
54532_NT_AL_AA.fasta.zip,2.1489294370015464,0.8846626679102579,True,0,0,0
54535_NT_AL_AA.fasta.zip,1.7357844114303589,0.5094877928495407,True,0,0,0
54536_NT_AL_AA.fasta.zip,0.3810402452945709,0.9432884156703949,False,0,0,0
54537_NT_AL_AA.fasta.zip,2.5221484899520874,0.608684167265892,True,0,0,0
54538_NT_AL_AA.fasta.zip,1.2258306741714478,0.7962528864542643,False,0,0,0
54540_NT_AL_AA.fasta.zip,1.6797272562980652,0.9726662039756775,True,0,0,0
54542_NT_AL_AA.fasta.zip,0.7835311616460482,0.8880406419436137,True,0,0,0
54545_NT_AL_AA.fasta.zip,0.7949385344982147,0.7219273149967194,False,0,0,0
54549_NT_AL_AA.fasta.zip,0.44991723299026487,0.5464862823486328,False,0,0,0
54551_NT_AL_AA.fasta.zip,2.927070677280426,0.685171440243721,True,0,0,0
54552_NT_AL_AA.fasta.zip,2.399850010871887,0.8066809475421906,True,0,0,0
54558_NT_AL_AA.fasta.zip,1.2870557308197021,0.9516939222812653,False,0,0,0
5455_NT_AL_AA.fasta.zip,1.0541102886199951,0.9808218479156494,False,0,0,0
54566_NT_AL_AA.fasta.zip,0.9383614361286163,0.876469075679779,True,0,0,0
54567_NT_AL_AA.fasta.zip,0.7018527090549469,0.5414124131202698,False,0,0,0
54596_NT_AL_AA.fasta.zip,4.677704811096191,0.5630712111790975,False,0,0,0
545_NT_AL_AA.fasta.zip,0.8061222781737646,0.8663213551044464,True,0,0,0
54606_NT_AL_AA.fasta.zip,0.5882112383842468,0.8131403923034668,False,0,0,0
54617_NT_AL_AA.fasta.zip,0.3991071842610836,0.9631030261516571,False,0,0,0
54620_NT_AL_AA.fasta.zip,0.2550266459584236,0.956314742565155,False,0,0,0
54621_NT_AL_AA.fasta.zip,1.2550533413887024,0.07561878859996796,False,0,0,0
54623_NT_AL_AA.fasta.zip,0.20624039322137833,0.9650157392024994,False,0,0,0
54625_NT_AL_AA.fasta.zip,1.4588573276996613,0.26077957823872566,True,0,0,0
54627_NT_AL_AA.fasta.zip,3.2334896326065063,0.8590551316738129,True,0,0,0
54629_NT_AL_AA.fasta.zip,0.6745834052562714,0.9776757955551147,False,0,0,0
5463_NT_AL_AA.fasta.zip,1.0528837144374847,0.9635907411575317,False,0,0,0
54665_NT_AL_AA.fasta.zip,0.47954437881708145,0.9796722531318665,True,0,0,0
54674_NT_AL_AA.fasta.zip,0.5604892075061798,0.81023970246315,False,0,0,0
54676_NT_AL_AA.fasta.zip,0.15976914763450623,0.9668752253055573,False,0,0,0
54677_NT_AL_AA.fasta.zip,0.6983760595321655,0.25782328844070435,False,0,0,0
54680_NT_AL_AA.fasta.zip,1.8858490586280823,0.7941533327102661,True,0,0,0
5469_NT_AL_AA.fasta.zip,0.7189527526497841,0.9055777341127396,True,0,0,0
546_NT_AL_AA.fasta.zip,1.19574020554622,0.936754455169042,True,0,0,0
54700_NT_AL_AA.fasta.zip,0.8099566102027893,0.8626708984375,False,0,0,0
54704_NT_AL_AA.fasta.zip,0.3103017359972,0.9674392938613892,False,0,0,0
5470_NT_AL_AA.fasta.zip,0.788153350353241,0.9353396693865458,False,0,0,0
54714_NT_AL_AA.fasta.zip,1.4421010613441467,0.77805095911026,False,0,0,0
54716_NT_AL_AA.fasta.zip,0.5915044546127319,0.2423964887857437,False,0,0,0
5471_NT_AL_AA.fasta.zip,0.4325934797525406,0.8440149128437042,False,0,0,0
54726_NT_AL_AA.fasta.zip,1.1836762030919392,0.9257110555966696,True,0,0,0
54729_NT_AL_AA.fasta.zip,1.5790133476257324,0.9704622626304626,False,0,0,0
54737_NT_AL_AA.fasta.zip,1.4794748425483704,0.9012774527072906,True,0,0,0
54753_NT_AL_AA.fasta.zip,3.6097206473350525,0.97550468146801,True,0,0,0
54756_NT_AL_AA.fasta.zip,0.9797612726688385,0.9056761860847473,True,0,0,0
54757_NT_AL_AA.fasta.zip,0.5754586458206177,0.9124087691307068,False,0,0,0
54758_NT_AL_AA.fasta.zip,0.6938363015651703,0.7803912460803986,False,0,0,0
5475_NT_AL_AA.fasta.zip,0.7811147272586823,0.5330027937889099,False,0,0,0
54760_NT_AL_AA.fasta.zip,0.645294576883316,0.7444210350513458,False,0,0,0
54762_NT_AL_AA.fasta.zip,1.4703112840652466,0.9140819907188416,False,0,0,0
54764_NT_AL_AA.fasta.zip,0.28848233819007874,0.9622983634471893,False,0,0,0
54768_NT_AL_AA.fasta.zip,1.0278317440639844,0.33431687409227545,False,0,0,0
54776_NT_AL_AA.fasta.zip,0.832286536693573,0.9733643531799316,True,0,0,0
54777_NT_AL_AA.fasta.zip,1.322202076514562,0.2478067415455977,True,0,0,0
54778_NT_AL_AA.fasta.zip,1.2015567024548848,0.8406832416852316,True,0,0,0
54790_NT_AL_AA.fasta.zip,3.093588352203369,0.9277401804924011,True,0,0,0
54795_NT_AL_AA.fasta.zip,0.7314985195795695,0.7173119783401489,False,0,0,0
54796_NT_AL_AA.fasta.zip,0.5678714116414388,0.9535755713780721,True,0,0,0
54798_NT_AL_AA.fasta.zip,1.2776330198560442,0.3376423620751926,True,0,0,0
54799_NT_AL_AA.fasta.zip,0.26936523616313934,0.9586001336574554,False,0,0,0
547_NT_AL_AA.fasta.zip,0.3417783543467522,0.9591166853904725,False,0,0,0
54800_NT_AL_AA.fasta.zip,0.17521817237138748,0.9749670028686523,False,0,0,0
54801_NT_AL_AA.fasta.zip,3.0943801403045654,0.8473633825778961,True,0,0,0
54805_NT_AL_AA.fasta.zip,0.23199313133955002,0.9656064510345459,False,0,0,0
54806_NT_AL_AA.fasta.zip,1.349155863126119,0.9127873380978903,False,0,0,0
54808_NT_AL_AA.fasta.zip,0.7675032913684845,0.886557012796402,False,0,0,0
54812_NT_AL_AA.fasta.zip,1.325587809085846,0.9439955651760101,True,0,0,0
54813_NT_AL_AA.fasta.zip,0.5751513838768005,0.9705447554588318,False,0,0,0
54815_NT_AL_AA.fasta.zip,0.5191859900951385,0.8489589095115662,False,0,0,0
54816_NT_AL_AA.fasta.zip,1.4084066152572632,0.9741957187652588,True,0,0,0
54821_NT_AL_AA.fasta.zip,1.886236846446991,0.9394189914067587,True,0,0,0
54822_NT_AL_AA.fasta.zip,0.39607562124729156,0.9598536193370819,False,0,0,0
54823_NT_AL_AA.fasta.zip,2.2691070437431335,0.9067467153072357,True,0,0,0
54825_NT_AL_AA.fasta.zip,0.9482821226119995,0.051581318800648056,False,0,0,0
54826_NT_AL_AA.fasta.zip,1.3830965161323547,0.9504716992378235,False,0,0,0
54828_NT_AL_AA.fasta.zip,0.3733479380607605,0.8934737741947174,False,0,0,0
54831_NT_AL_AA.fasta.zip,0.628820538520813,0.9562724530696869,False,0,0,0
54832_NT_AL_AA.fasta.zip,0.9342592097818851,0.6612648814916611,True,0,0,0
54839_NT_AL_AA.fasta.zip,1.16233491897583,0.9581092298030853,False,0,0,0
54841_NT_AL_AA.fasta.zip,0.8861359655857086,0.9764357209205627,False,0,0,0
54842_NT_AL_AA.fasta.zip,0.3897678554058075,0.9737968444824219,False,0,0,0
54843_NT_AL_AA.fasta.zip,3.1413081169128416,0.9542778372764588,True,0,0,0
54845_NT_AL_AA.fasta.zip,0.403088241815567,0.9634857773780823,False,0,0,0
54847_NT_AL_AA.fasta.zip,1.3363901376724243,0.9265905022621155,False,0,0,0
54848_NT_AL_AA.fasta.zip,1.0026509165763855,0.9415396153926849,False,0,0,0
54854_NT_AL_AA.fasta.zip,0.9992835223674774,0.6011556088924408,False,0,0,0
54857_NT_AL_AA.fasta.zip,0.8974244594573975,0.21452752500772476,False,0,0,0
54861_NT_AL_AA.fasta.zip,0.3615111708641052,0.9608765542507172,False,0,0,0
54862_NT_AL_AA.fasta.zip,1.1214559475580852,0.9151838819185892,False,0,0,0
54867_NT_AL_AA.fasta.zip,0.8780372142791748,0.8326416313648224,False,0,0,0
54868_NT_AL_AA.fasta.zip,0.58268803358078,0.6337977647781372,False,0,0,0
54869_NT_AL_AA.fasta.zip,1.1605883240699768,0.7220277488231659,False,0,0,0
54870_NT_AL_AA.fasta.zip,0.38612110912799835,0.9800726175308228,False,0,0,0
54872_NT_AL_AA.fasta.zip,0.8297443985939026,0.3770788051187992,True,0,0,0
54873_NT_AL_AA.fasta.zip,0.8302926421165466,0.9092003703117371,False,0,0,0
54874_NT_AL_AA.fasta.zip,0.26795606315135956,0.9759760797023773,False,0,0,0
54875_NT_AL_AA.fasta.zip,2.1249094804128013,0.9169402917226156,True,0,0,0
54877_NT_AL_AA.fasta.zip,1.5387232502301533,0.8903971513112386,True,0,0,0
54878_NT_AL_AA.fasta.zip,0.4552576094865799,0.9416737854480743,False,0,0,0
54879_NT_AL_AA.fasta.zip,0.7528357207775116,0.9777480065822601,False,0,0,0
54880_NT_AL_AA.fasta.zip,1.442949891090393,0.9227976500988007,True,0,0,0
54881_NT_AL_AA.fasta.zip,1.3365875780582428,0.7537308037281036,True,0,0,0
54884_NT_AL_AA.fasta.zip,0.9370865523815155,0.19500194489955902,False,0,0,0
54885_NT_AL_AA.fasta.zip,1.021141767501831,0.9633216063181559,False,0,0,0
54887_NT_AL_AA.fasta.zip,1.2408984502156575,0.9085378646850586,True,0,0,0
54888_NT_AL_AA.fasta.zip,0.3726012855768204,0.8974644243717194,False,0,0,0
54891_NT_AL_AA.fasta.zip,0.8251886566480001,0.9413708249727885,False,0,0,0
54892_NT_AL_AA.fasta.zip,0.9006574948628744,0.4717594385147095,True,0,0,0
54893_NT_AL_AA.fasta.zip,0.6435336768627167,0.8190089464187622,False,0,0,0
54894_NT_AL_AA.fasta.zip,1.37701877951622,0.9655102789402008,True,0,0,0
54897_NT_AL_AA.fasta.zip,0.6161882728338242,0.9715707749128342,False,0,0,0
54899_NT_AL_AA.fasta.zip,1.0094877779483795,0.8500014245510101,False,0,0,0
54901_NT_AL_AA.fasta.zip,0.44541120529174805,0.7861811220645905,False,0,0,0
54903_NT_AL_AA.fasta.zip,1.0182804465293884,0.5781376361846924,False,0,0,0
54904_NT_AL_AA.fasta.zip,0.6054304440816244,0.8124797145525614,True,0,0,0
54906_NT_AL_AA.fasta.zip,3.36062882343928,0.8260464171568552,True,0,0,0
54908_NT_AL_AA.fasta.zip,1.642446756362915,0.8907241523265839,False,0,0,0
54910_NT_AL_AA.fasta.zip,0.8493657112121582,0.5023403540253639,True,0,0,0
54914_NT_AL_AA.fasta.zip,1.1452182233333588,0.5942888036370277,True,0,0,0
54916_NT_AL_AA.fasta.zip,0.6603937745094299,0.7575023174285889,False,0,0,0
54919_NT_AL_AA.fasta.zip,0.8733389377593994,0.24424390494823456,False,0,0,0
54922_NT_AL_AA.fasta.zip,0.9090037643909454,0.9475699365139008,False,0,0,0
54938_NT_AL_AA.fasta.zip,0.7867042720317841,0.699295163154602,False,0,0,0
5493_NT_AL_AA.fasta.zip,0.7941286414861679,0.493262130767107,True,0,0,0
54946_NT_AL_AA.fasta.zip,1.0507877469062805,0.5563673973083496,False,0,0,0
54947_NT_AL_AA.fasta.zip,0.5831511914730072,0.5293194651603699,False,0,0,0
54954_NT_AL_AA.fasta.zip,0.850812296072642,0.9785834352175394,False,0,0,0
54961_NT_AL_AA.fasta.zip,0.882066160440445,0.9226897954940796,False,0,0,0
54963_NT_AL_AA.fasta.zip,0.2109827846288681,0.7427648305892944,False,0,0,0
5496_NT_AL_AA.fasta.zip,0.37568962574005127,0.9752746820449829,False,0,0,0
54970_NT_AL_AA.fasta.zip,1.3360675573349,0.37867753207683563,False,0,0,0
54971_NT_AL_AA.fasta.zip,0.3352617919445038,0.959597259759903,False,0,0,0
54972_NT_AL_AA.fasta.zip,1.492429494857788,0.7926373283068339,False,0,0,0
54973_NT_AL_AA.fasta.zip,0.24240387231111526,0.8554103672504425,False,0,0,0
54980_NT_AL_AA.fasta.zip,0.8699759542942047,0.9765289127826691,False,0,0,0
54986_NT_AL_AA.fasta.zip,1.0264366269111633,0.6801520586013794,False,0,0,0
54988_NT_AL_AA.fasta.zip,1.0316261947154999,0.13862665370106697,False,0,0,0
54989_NT_AL_AA.fasta.zip,1.5102239847183228,0.9680621922016144,False,0,0,0
54993_NT_AL_AA.fasta.zip,0.6544950902462006,0.9788744449615479,False,0,0,0
55001_NT_AL_AA.fasta.zip,1.307350516319275,0.6644138991832733,False,0,0,0
55002_NT_AL_AA.fasta.zip,0.5045485943555832,0.6293338090181351,True,0,0,0
55008_NT_AL_AA.fasta.zip,1.2696318626403809,0.37008991340796155,True,0,0,0
55010_NT_AL_AA.fasta.zip,1.3870928287506104,0.7441215217113495,False,0,0,0
55015_NT_AL_AA.fasta.zip,0.4940095543861389,0.9596815705299377,False,0,0,0
55016_NT_AL_AA.fasta.zip,1.2188984155654907,0.9806198477745056,False,0,0,0
55020_NT_AL_AA.fasta.zip,0.6492643058300018,0.2147851511836052,False,0,0,0
55023_NT_AL_AA.fasta.zip,0.4399947039783001,0.8559760004281998,True,0,0,0
55024_NT_AL_AA.fasta.zip,1.7996442317962646,0.7812557220458984,True,0,0,0
55027_NT_AL_AA.fasta.zip,1.2386614680290222,0.6916903257369995,False,0,0,0
55028_NT_AL_AA.fasta.zip,4.411527156829834,0.9202412664890289,False,0,0,0
55030_NT_AL_AA.fasta.zip,1.4484005570411682,0.976200520992279,True,0,0,0
55031_NT_AL_AA.fasta.zip,0.4590861996014913,0.9069162408510844,False,0,0,0
55034_NT_AL_AA.fasta.zip,0.8158887624740601,0.7702972888946533,False,0,0,0
55035_NT_AL_AA.fasta.zip,2.615699132283529,0.8104423681894938,True,0,0,0
55036_NT_AL_AA.fasta.zip,1.7988794247309368,0.15898873656988144,True,0,0,0
55037_NT_AL_AA.fasta.zip,1.0472550988197327,0.676750659942627,False,0,0,0
55040_NT_AL_AA.fasta.zip,0.7618975341320038,0.9109849631786346,False,0,0,0
55051_NT_AL_AA.fasta.zip,0.9908789992332458,0.7156717975934347,False,0,0,0
55054_NT_AL_AA.fasta.zip,0.46219825744628906,0.8017563223838806,False,0,0,0
55055_NT_AL_AA.fasta.zip,1.377879559993744,0.5542543530464172,False,0,0,0
55057_NT_AL_AA.fasta.zip,2.8652345180511474,0.7274366438388824,True,0,0,0
55061_NT_AL_AA.fasta.zip,1.2752368450164795,0.8968105018138885,False,0,0,0
550631_NT_AL_AA.fasta.zip,1.4795376658439636,0.8395872116088867,True,0,0,0
55063_NT_AL_AA.fasta.zip,1.637131929397583,0.9232458472251892,False,0,0,0
55066_NT_AL_AA.fasta.zip,0.4261467903852463,0.6819369047880173,True,0,0,0
55068_NT_AL_AA.fasta.zip,0.3402543067932129,0.9672031700611115,False,0,0,0
5506_NT_AL_AA.fasta.zip,2.6886066993077598,0.9558329383532206,True,0,0,0
55070_NT_AL_AA.fasta.zip,0.19824179261922836,0.9726158678531647,False,0,0,0
55072_NT_AL_AA.fasta.zip,0.8096064627170563,0.7680820822715759,True,0,0,0
55074_NT_AL_AA.fasta.zip,0.6130954027175903,0.9818829298019409,False,0,0,0
55075_NT_AL_AA.fasta.zip,1.3475357294082642,0.7698782483736674,True,0,0,0
55079_NT_AL_AA.fasta.zip,0.6639752686023712,0.6856744587421417,False,0,0,0
55083_NT_AL_AA.fasta.zip,0.7265084028244019,0.9393522500991821,True,0,0,0
55084_NT_AL_AA.fasta.zip,0.8867989629507065,0.96144899725914,True,0,0,0
55086_NT_AL_AA.fasta.zip,1.4388595819473267,0.7870020270347595,False,0,0,0
55088_NT_AL_AA.fasta.zip,0.8471259772777557,0.9613141119480133,False,0,0,0
55089_NT_AL_AA.fasta.zip,0.31127993762493134,0.9573397636413574,False,0,0,0
55094_NT_AL_AA.fasta.zip,0.89729905128479,0.9454454779624939,True,0,0,0
55095_NT_AL_AA.fasta.zip,0.6388106346130371,0.9804124236106873,False,0,0,0
55100_NT_AL_AA.fasta.zip,0.5058686137199402,0.8365598022937775,False,0,0,0
55102_NT_AL_AA.fasta.zip,0.7891163229942322,0.8517416477203369,True,0,0,0
55103_NT_AL_AA.fasta.zip,0.3559989631175995,0.9714877605438232,False,0,0,0
55105_NT_AL_AA.fasta.zip,1.1606780886650085,0.8227560222148895,False,0,0,0
55107_NT_AL_AA.fasta.zip,0.5754205584526062,0.9146260023117065,False,0,0,0
55109_NT_AL_AA.fasta.zip,0.5988027602434158,0.9611935019493103,False,0,0,0
55112_NT_AL_AA.fasta.zip,1.7951411604881287,0.6308567623297373,True,0,0,0
55114_NT_AL_AA.fasta.zip,0.8848004937171936,0.7427455484867096,True,0,0,0
55117_NT_AL_AA.fasta.zip,1.7860801815986633,0.9684310257434845,True,0,0,0
55118_NT_AL_AA.fasta.zip,0.49217963218688965,0.9400003254413605,False,0,0,0
55119_NT_AL_AA.fasta.zip,0.5170621573925018,0.9633761942386627,False,0,0,0
55124_NT_AL_AA.fasta.zip,0.8073520362377167,0.8225042819976807,False,0,0,0
55125_NT_AL_AA.fasta.zip,2.5039705634117126,0.8458579083283743,True,0,0,0
55127_NT_AL_AA.fasta.zip,0.9062234997749329,0.5214733570814133,True,0,0,0
55131_NT_AL_AA.fasta.zip,0.9840652942657471,0.9557925164699554,True,0,0,0
55132_NT_AL_AA.fasta.zip,1.2834588289260864,0.9418886005878448,False,0,0,0
55133_NT_AL_AA.fasta.zip,0.9430703123410543,0.867088516553243,False,0,0,0
55135_NT_AL_AA.fasta.zip,0.7339279651641846,0.9479098618030548,False,0,0,0
55137_NT_AL_AA.fasta.zip,0.4681865870952606,0.9007784128189087,False,0,0,0
55139_NT_AL_AA.fasta.zip,1.6043105721473694,0.8091434240341187,False,0,0,0
55140_NT_AL_AA.fasta.zip,0.3686947822570801,0.8495429158210754,False,0,0,0
55144_NT_AL_AA.fasta.zip,0.18613320589065552,0.9600332677364349,False,0,0,0
55149_NT_AL_AA.fasta.zip,0.861205518245697,0.8627145290374756,False,0,0,0
5514_NT_AL_AA.fasta.zip,0.8460934360822042,0.9072739283243815,True,0,0,0
55152_NT_AL_AA.fasta.zip,0.9933688342571259,0.6571283936500549,False,0,0,0
55153_NT_AL_AA.fasta.zip,0.8433841466903687,0.8954634368419647,False,0,0,0
55154_NT_AL_AA.fasta.zip,0.8603611886501312,0.39731740951538086,False,0,0,0
55157_NT_AL_AA.fasta.zip,0.7229455709457397,0.8492970168590546,False,0,0,0
55159_NT_AL_AA.fasta.zip,2.148481031258901,0.6443226337432861,True,0,0,0
55160_NT_AL_AA.fasta.zip,0.8005552788575491,0.9699210524559021,True,0,0,0
55164_NT_AL_AA.fasta.zip,0.9776540398597717,0.9043936729431152,False,0,0,0
55167_NT_AL_AA.fasta.zip,0.5196322798728943,0.9602527022361755,False,0,0,0
55172_NT_AL_AA.fasta.zip,2.457224130630493,0.8198551833629608,True,0,0,0
55174_NT_AL_AA.fasta.zip,0.8123399317264557,0.7144780158996582,False,0,0,0
55175_NT_AL_AA.fasta.zip,0.30569109320640564,0.960677981376648,False,0,0,0
55180_NT_AL_AA.fasta.zip,2.0386752486228943,0.7064271569252014,False,0,0,0
55181_NT_AL_AA.fasta.zip,0.3841182192166646,0.9643643697102865,False,0,0,0
55182_NT_AL_AA.fasta.zip,0.3197520971298218,0.9696025550365448,False,0,0,0
55183_NT_AL_AA.fasta.zip,1.9845193922519684,0.8304073512554169,True,0,0,0
55184_NT_AL_AA.fasta.zip,1.652330458164215,0.7900561392307281,False,0,0,0
55187_NT_AL_AA.fasta.zip,0.5029518968529172,0.877463612291548,False,0,0,0
55188_NT_AL_AA.fasta.zip,0.4213016629219055,0.9766832590103149,False,0,0,0
55191_NT_AL_AA.fasta.zip,0.44439205527305603,0.3188627064228058,False,0,0,0
55193_NT_AL_AA.fasta.zip,0.2957015037536621,0.9651647061109543,False,0,0,0
55196_NT_AL_AA.fasta.zip,4.473541641235352,0.672788143157959,True,0,0,0
55198_NT_AL_AA.fasta.zip,0.531937450170517,0.8956995010375977,False,0,0,0
5519_NT_AL_AA.fasta.zip,0.5569950193166733,0.9500609338283539,False,0,0,0
55200_NT_AL_AA.fasta.zip,1.201365053653717,0.6899815797805786,False,0,0,0
55201_NT_AL_AA.fasta.zip,1.6976357102394104,0.7767897446950277,True,0,0,0
55203_NT_AL_AA.fasta.zip,0.26974450051784515,0.9469652771949768,False,0,0,0
55205_NT_AL_AA.fasta.zip,0.4434536894162496,0.8699675798416138,True,0,0,0
55206_NT_AL_AA.fasta.zip,0.3247150182723999,0.9669464230537415,False,0,0,0
55209_NT_AL_AA.fasta.zip,1.1954167857766151,0.9589633792638779,True,0,0,0
55212_NT_AL_AA.fasta.zip,0.978750467300415,0.6722189784049988,True,0,0,0
55213_NT_AL_AA.fasta.zip,0.602340817451477,0.6698749661445618,False,0,0,0
55214_NT_AL_AA.fasta.zip,1.3649166822433472,0.9097091555595398,True,0,0,0
55215_NT_AL_AA.fasta.zip,1.2948169310887654,0.6052684783935547,False,0,0,0
55218_NT_AL_AA.fasta.zip,0.7870404422283173,0.9095430970191956,False,0,0,0
55219_NT_AL_AA.fasta.zip,0.3294873535633087,0.959664911031723,False,0,0,0
55225_NT_AL_AA.fasta.zip,1.4691638946533203,0.8757330477237701,True,0,0,0
55226_NT_AL_AA.fasta.zip,0.5317251483599345,0.9444422721862793,False,0,0,0
55227_NT_AL_AA.fasta.zip,0.5002276301383972,0.6573246419429779,False,0,0,0
55229_NT_AL_AA.fasta.zip,0.2715955823659897,0.11320484429597855,False,0,0,0
55230_NT_AL_AA.fasta.zip,1.168244461218516,0.7615774075190226,False,0,0,0
55231_NT_AL_AA.fasta.zip,1.8851048350334167,0.5233881175518036,True,0,0,0
55234_NT_AL_AA.fasta.zip,0.05548839084804058,0.9705199003219604,False,0,0,0
55236_NT_AL_AA.fasta.zip,0.8050824403762817,0.8110701441764832,False,0,0,0
55237_NT_AL_AA.fasta.zip,1.4631599485874176,0.9388701617717743,True,0,0,0
55239_NT_AL_AA.fasta.zip,0.7417232394218445,0.8428327143192291,False,0,0,0
5523_NT_AL_AA.fasta.zip,1.005369484424591,0.9587182601292928,True,0,0,0
55243_NT_AL_AA.fasta.zip,0.5751867592334747,0.8866917788982391,False,0,0,0
55247_NT_AL_AA.fasta.zip,1.1281033158302307,0.7951718866825104,False,0,0,0
55250_NT_AL_AA.fasta.zip,0.9922375380992889,0.840301126241684,False,0,0,0
55252_NT_AL_AA.fasta.zip,1.159913145005703,0.9483780115842819,True,0,0,0
55259_NT_AL_AA.fasta.zip,1.49536794424057,0.31012511253356934,False,0,0,0
55262_NT_AL_AA.fasta.zip,0.5345506072044373,0.9648725390434265,False,0,0,0
55269_NT_AL_AA.fasta.zip,0.236202672123909,0.9775808155536652,False,0,0,0
5526_NT_AL_AA.fasta.zip,0.18995676934719086,0.9790017008781433,False,0,0,0
55275_NT_AL_AA.fasta.zip,0.4094007909297943,0.9515724182128906,False,0,0,0
55276_NT_AL_AA.fasta.zip,0.6333277821540833,0.6177881062030792,False,0,0,0
55277_NT_AL_AA.fasta.zip,0.48801732063293457,0.4102369099855423,False,0,0,0
55278_NT_AL_AA.fasta.zip,0.6851217448711395,0.6119728535413742,True,0,0,0
55279_NT_AL_AA.fasta.zip,0.7678496042887369,0.9608155886332194,True,0,0,0
5527_NT_AL_AA.fasta.zip,0.14794758707284927,0.9742755889892578,False,0,0,0
55280_NT_AL_AA.fasta.zip,0.8498726487159729,0.8432228863239288,False,0,0,0
55282_NT_AL_AA.fasta.zip,2.081803798675537,0.9143652319908142,True,0,0,0
55283_NT_AL_AA.fasta.zip,0.7400173246860504,0.7592489123344421,False,0,0,0
55288_NT_AL_AA.fasta.zip,0.2980276942253113,0.9615755379199982,False,0,0,0
55289_NT_AL_AA.fasta.zip,2.3615387678146362,0.5362943857908249,True,0,0,0
5528_NT_AL_AA.fasta.zip,0.12246639281511307,0.9752543568611145,False,0,0,0
55291_NT_AL_AA.fasta.zip,0.5688668191432953,0.9482122957706451,False,0,0,0
55293_NT_AL_AA.fasta.zip,1.2813780307769775,0.7559577524662018,False,0,0,0
55294_NT_AL_AA.fasta.zip,0.21590404212474823,0.9761351943016052,False,0,0,0
55295_NT_AL_AA.fasta.zip,0.5147754549980164,0.11640693247318268,False,0,0,0
55296_NT_AL_AA.fasta.zip,0.32395337522029877,0.7576274871826172,False,0,0,0
55304_NT_AL_AA.fasta.zip,0.8243228793144226,0.32567407190799713,False,0,0,0
5530_NT_AL_AA.fasta.zip,0.046408263966441154,0.9683763980865479,False,0,0,0
55320_NT_AL_AA.fasta.zip,3.8954355716705322,0.8734660943349203,True,0,0,0
55323_NT_AL_AA.fasta.zip,0.7834377288818359,0.8532899618148804,False,0,0,0
55324_NT_AL_AA.fasta.zip,0.44075821340084076,0.9270683526992798,False,0,0,0
5532_NT_AL_AA.fasta.zip,0.077434953302145,0.9728359580039978,False,0,0,0
55339_NT_AL_AA.fasta.zip,0.6401284299790859,0.843558112780253,True,0,0,0
5533_NT_AL_AA.fasta.zip,0.5369114875793457,0.8729311525821686,False,0,0,0
55341_NT_AL_AA.fasta.zip,0.6400405168533325,0.9425873458385468,False,0,0,0
55342_NT_AL_AA.fasta.zip,0.23518532514572144,0.9647730588912964,False,0,0,0
55345_NT_AL_AA.fasta.zip,2.922170126438141,0.8819441556930542,True,0,0,0
55346_NT_AL_AA.fasta.zip,1.0400355458259583,0.7881682515144348,False,0,0,0
55349_NT_AL_AA.fasta.zip,0.47204819321632385,0.27140500023961067,False,0,0,0
55355_NT_AL_AA.fasta.zip,3.956274390220642,0.531508669257164,True,0,0,0
55356_NT_AL_AA.fasta.zip,0.7857943177223206,0.8011785447597504,False,0,0,0
55357_NT_AL_AA.fasta.zip,1.0483709275722504,0.846657782793045,False,0,0,0
55362_NT_AL_AA.fasta.zip,0.41575686633586884,0.9653568267822266,False,0,0,0
55363_NT_AL_AA.fasta.zip,4.899521986643474,0.48135800659656525,False,0,0,0
55366_NT_AL_AA.fasta.zip,0.5301075577735901,0.6721458733081818,True,0,0,0
55367_NT_AL_AA.fasta.zip,0.7635099490483602,0.3305099979043007,True,0,0,0
5536_NT_AL_AA.fasta.zip,0.2727823406457901,0.8403398096561432,False,0,0,0
55374_NT_AL_AA.fasta.zip,1.1126556992530823,0.7461938261985779,False,0,0,0
55388_NT_AL_AA.fasta.zip,0.9304541051387787,0.8042403161525726,False,0,0,0
55421_NT_AL_AA.fasta.zip,0.5176438838243484,0.9431426227092743,False,0,0,0
55454_NT_AL_AA.fasta.zip,0.6066939830780029,0.7843678593635559,False,0,0,0
5546_NT_AL_AA.fasta.zip,1.318541407585144,0.9139202833175659,False,0,0,0
5547_NT_AL_AA.fasta.zip,0.6831171810626984,0.4011784493923187,False,0,0,0
55503_NT_AL_AA.fasta.zip,0.7246876358985901,0.6541709899902344,False,0,0,0
5550_NT_AL_AA.fasta.zip,0.3522524982690811,0.3469628244638443,False,0,0,0
55510_NT_AL_AA.fasta.zip,0.8436283469200134,0.7080549597740173,False,0,0,0
55512_NT_AL_AA.fasta.zip,1.1146065294742584,0.7947084605693817,True,0,0,0
55515_NT_AL_AA.fasta.zip,0.5355040431022644,0.8898634612560272,False,0,0,0
5551_NT_AL_AA.fasta.zip,0.807480663061142,0.05141406040638685,False,0,0,0
55521_NT_AL_AA.fasta.zip,1.3378704190254211,0.8784215748310089,False,0,0,0
55526_NT_AL_AA.fasta.zip,0.4785030335187912,0.48271582275629044,True,0,0,0
55527_NT_AL_AA.fasta.zip,0.5072810649871826,0.9457378089427948,False,0,0,0
55530_NT_AL_AA.fasta.zip,0.3493517190217972,0.8258121311664581,False,0,0,0
55532_NT_AL_AA.fasta.zip,0.967517763376236,0.7346043288707733,False,0,0,0
55534_NT_AL_AA.fasta.zip,1.9549470742543538,0.8035714228947958,True,0,0,0
55540_NT_AL_AA.fasta.zip,1.5243635773658752,0.5506842136383057,False,0,0,0
55553_NT_AL_AA.fasta.zip,0.5184596478939056,0.7471849620342255,False,0,0,0
55558_NT_AL_AA.fasta.zip,0.7543219178915024,0.7479612529277802,True,0,0,0
55561_NT_AL_AA.fasta.zip,0.8337266594171524,0.7872299402952194,True,0,0,0
55567_NT_AL_AA.fasta.zip,0.4975626932250129,0.370921300103267,True,0,0,0
55568_NT_AL_AA.fasta.zip,0.6262055933475494,0.7857814729213715,False,0,0,0
55571_NT_AL_AA.fasta.zip,0.275397464632988,0.9842635691165924,False,0,0,0
55572_NT_AL_AA.fasta.zip,0.6752048134803772,0.39176686108112335,False,0,0,0
55576_NT_AL_AA.fasta.zip,0.9100132783253988,0.1527545526623726,False,0,0,0
55578_NT_AL_AA.fasta.zip,1.7482399940490723,0.9413538873195648,True,0,0,0
55582_NT_AL_AA.fasta.zip,1.9789369503657024,0.9481367667516073,True,0,0,0
55589_NT_AL_AA.fasta.zip,0.9070342580477396,0.9432875911394755,True,0,0,0
5558_NT_AL_AA.fasta.zip,0.7320132255554199,0.874050498008728,False,0,0,0
55591_NT_AL_AA.fasta.zip,1.1385306119918823,0.9689182639122009,False,0,0,0
55593_NT_AL_AA.fasta.zip,0.4583078473806381,0.9598666727542877,False,0,0,0
55596_NT_AL_AA.fasta.zip,0.7962228059768677,0.9363418817520142,False,0,0,0
55599_NT_AL_AA.fasta.zip,0.7164649665355682,0.8968038856983185,False,0,0,0
55601_NT_AL_AA.fasta.zip,0.9394327700138092,0.49262575060129166,True,0,0,0
55602_NT_AL_AA.fasta.zip,1.371141791343689,0.9432413876056671,False,0,0,0
55604_NT_AL_AA.fasta.zip,0.8441674808661143,0.7256413102149963,True,0,0,0
55605_NT_AL_AA.fasta.zip,0.7102893963456154,0.9566548466682434,True,0,0,0
55607_NT_AL_AA.fasta.zip,1.1696664889653523,0.964252789815267,False,0,0,0
55609_NT_AL_AA.fasta.zip,0.8970533013343811,0.9471412599086761,False,0,0,0
55610_NT_AL_AA.fasta.zip,0.36894266307353973,0.9667396545410156,False,0,0,0
55612_NT_AL_AA.fasta.zip,0.7567786276340485,0.6882531940937042,False,0,0,0
55614_NT_AL_AA.fasta.zip,1.7274320051074028,0.8381964862346649,True,0,0,0
55616_NT_AL_AA.fasta.zip,1.1774054169654846,0.9199905097484589,True,0,0,0
55619_NT_AL_AA.fasta.zip,0.7216151058673859,0.7505595207214355,True,0,0,0
55621_NT_AL_AA.fasta.zip,0.8690466284751892,0.9359771609306335,False,0,0,0
55622_NT_AL_AA.fasta.zip,0.9193429946899414,0.7518748939037323,False,0,0,0
55624_NT_AL_AA.fasta.zip,0.7727178335189819,0.9748618304729462,False,0,0,0
55626_NT_AL_AA.fasta.zip,0.5827341775099436,0.9636350671450297,False,0,0,0
55627_NT_AL_AA.fasta.zip,0.7013502418994904,0.6698156893253326,False,0,0,0
55628_NT_AL_AA.fasta.zip,1.21721351146698,0.9337077856063842,True,0,0,0
5562_NT_AL_AA.fasta.zip,0.22238773107528687,0.9733155071735382,False,0,0,0
55630_NT_AL_AA.fasta.zip,1.0146786272525787,0.5811203271150589,False,0,0,0
55631_NT_AL_AA.fasta.zip,0.9868248105049133,0.49091558158397675,False,0,0,0
55632_NT_AL_AA.fasta.zip,1.4887811541557312,0.715658038854599,True,0,0,0
55633_NT_AL_AA.fasta.zip,0.20882608741521835,0.962030678987503,False,0,0,0
55635_NT_AL_AA.fasta.zip,1.5201889872550964,0.9066572785377502,True,0,0,0
55636_NT_AL_AA.fasta.zip,0.7999623215624264,0.8895412172589984,True,0,0,0
55638_NT_AL_AA.fasta.zip,0.8061283230781555,0.9697822332382202,False,0,0,0
5563_NT_AL_AA.fasta.zip,0.20097684860229492,0.9647378921508789,False,0,0,0
55640_NT_AL_AA.fasta.zip,0.8853662312030792,0.5275567322969437,False,0,0,0
55656_NT_AL_AA.fasta.zip,0.8425079981486002,0.8846312363942465,True,0,0,0
55657_NT_AL_AA.fasta.zip,1.3732982277870178,0.9848482310771942,False,0,0,0
55660_NT_AL_AA.fasta.zip,0.31611446663737297,0.9721502959728241,True,0,0,0
55661_NT_AL_AA.fasta.zip,0.6270739138126373,0.9091305434703827,False,0,0,0
55666_NT_AL_AA.fasta.zip,0.2915182113647461,0.9768789410591125,False,0,0,0
55667_NT_AL_AA.fasta.zip,0.9016547352075577,0.8894012272357941,True,0,0,0
55669_NT_AL_AA.fasta.zip,0.8758102059364319,0.6600507497787476,False,0,0,0
55671_NT_AL_AA.fasta.zip,0.11104131489992142,0.9654139876365662,False,0,0,0
55677_NT_AL_AA.fasta.zip,0.9762159436941147,0.8406504392623901,True,0,0,0
55680_NT_AL_AA.fasta.zip,0.9299121797084808,0.9550269246101379,False,0,0,0
55681_NT_AL_AA.fasta.zip,0.5769096165895462,0.9662596583366394,True,0,0,0
55683_NT_AL_AA.fasta.zip,0.5561125576496124,0.9231235086917877,False,0,0,0
55684_NT_AL_AA.fasta.zip,0.9789321422576904,0.8851987719535828,True,0,0,0
55689_NT_AL_AA.fasta.zip,0.75077024102211,0.9383876125017802,True,0,0,0
55690_NT_AL_AA.fasta.zip,0.531223937869072,0.784276694059372,True,0,0,0
55691_NT_AL_AA.fasta.zip,0.5181906123956045,0.9584421714146932,True,0,0,0
55697_NT_AL_AA.fasta.zip,0.4055998623371124,0.977082222700119,False,0,0,0
55699_NT_AL_AA.fasta.zip,0.7341221968332926,0.539413313070933,False,0,0,0
55700_NT_AL_AA.fasta.zip,0.7837904095649719,0.969568520784378,False,0,0,0
55701_NT_AL_AA.fasta.zip,1.1342613101005554,0.8504959344863892,True,0,0,0
55703_NT_AL_AA.fasta.zip,0.12528304755687714,0.9751424193382263,False,0,0,0
55704_NT_AL_AA.fasta.zip,0.6592827081680298,0.9213855981826782,False,0,0,0
55705_NT_AL_AA.fasta.zip,0.250283420085907,0.9672308166821798,False,0,0,0
55706_NT_AL_AA.fasta.zip,1.3415740728378296,0.8844847679138184,False,0,0,0
55709_NT_AL_AA.fasta.zip,0.7533001005649567,0.9774205982685089,False,0,0,0
55711_NT_AL_AA.fasta.zip,1.6364713311195374,0.12347695976495743,False,0,0,0
55714_NT_AL_AA.fasta.zip,0.324208269516627,0.9359842240810394,False,0,0,0
55717_NT_AL_AA.fasta.zip,0.539749542872111,0.8325717051823934,False,0,0,0
55718_NT_AL_AA.fasta.zip,0.6277861595153809,0.9529573321342468,False,0,0,0
55719_NT_AL_AA.fasta.zip,3.227083444595337,0.9313376347223917,True,0,0,0
55720_NT_AL_AA.fasta.zip,0.9640016555786133,0.7856278121471405,True,0,0,0
55721_NT_AL_AA.fasta.zip,4.546258926391602,0.9496100544929504,False,0,0,0
55722_NT_AL_AA.fasta.zip,2.1518020629882812,0.8290785253047943,True,0,0,0
55726_NT_AL_AA.fasta.zip,0.21090810000896454,0.9574979841709137,False,0,0,0
55727_NT_AL_AA.fasta.zip,0.8858372966448466,0.950455904006958,True,0,0,0
55728_NT_AL_AA.fasta.zip,1.4715418219566345,0.9762740731239319,True,0,0,0
55729_NT_AL_AA.fasta.zip,2.285093347231547,0.9100699424743652,True,0,0,0
55731_NT_AL_AA.fasta.zip,1.0107020437717438,0.925485223531723,False,0,0,0
55732_NT_AL_AA.fasta.zip,1.8126606345176697,0.5694705992937088,False,0,0,0
55733_NT_AL_AA.fasta.zip,0.7946344017982483,0.5048762261867523,False,0,0,0
55734_NT_AL_AA.fasta.zip,0.9457097053527832,0.8936190605163574,True,0,0,0
55735_NT_AL_AA.fasta.zip,0.5634157955646515,0.9168469905853271,False,0,0,0
55737_NT_AL_AA.fasta.zip,0.10790074244141579,0.9728194773197174,False,0,0,0
55740_NT_AL_AA.fasta.zip,0.9069676995277405,0.8178302645683289,False,0,0,0
55743_NT_AL_AA.fasta.zip,0.6324825882911682,0.9598849713802338,False,0,0,0
55746_NT_AL_AA.fasta.zip,0.7873874505360922,0.37887321412563324,False,0,0,0
55749_NT_AL_AA.fasta.zip,0.492971529563268,0.912977914015452,True,0,0,0
55753_NT_AL_AA.fasta.zip,0.5561496416727701,0.918540894985199,False,0,0,0
55755_NT_AL_AA.fasta.zip,2.510369396209717,0.723088550567627,True,0,0,0
55756_NT_AL_AA.fasta.zip,0.3531537652015686,0.9391059875488281,False,0,0,0
55757_NT_AL_AA.fasta.zip,0.8302495330572128,0.5837629735469818,False,0,0,0
55758_NT_AL_AA.fasta.zip,0.27106891572475433,0.9586013853549957,False,0,0,0
55760_NT_AL_AA.fasta.zip,1.1083911061286926,0.7574501931667328,False,0,0,0
55761_NT_AL_AA.fasta.zip,0.9466633200645447,0.9737735788027445,True,0,0,0
55763_NT_AL_AA.fasta.zip,0.28161191940307617,0.9615697860717773,False,0,0,0
55764_NT_AL_AA.fasta.zip,0.7638096610705057,0.6595848898092905,True,0,0,0
55765_NT_AL_AA.fasta.zip,1.4579983949661255,0.8560828864574432,False,0,0,0
55768_NT_AL_AA.fasta.zip,0.8038246631622314,0.7781459093093872,False,0,0,0
55770_NT_AL_AA.fasta.zip,0.8529365658760071,0.8075361251831055,False,0,0,0
55773_NT_AL_AA.fasta.zip,0.5539107918739319,0.9475515186786652,False,0,0,0
55775_NT_AL_AA.fasta.zip,0.6075474917888641,0.8969834744930267,False,0,0,0
55777_NT_AL_AA.fasta.zip,1.2389594316482544,0.8740055710077286,True,0,0,0
55778_NT_AL_AA.fasta.zip,2.871617555618286,0.8264245192209879,True,0,0,0
55779_NT_AL_AA.fasta.zip,0.9134579598903656,0.4093358498066664,True,0,0,0
55781_NT_AL_AA.fasta.zip,0.7134711146354675,0.978217601776123,False,0,0,0
55783_NT_AL_AA.fasta.zip,0.9734875857830048,0.6635072231292725,False,0,0,0
55784_NT_AL_AA.fasta.zip,0.6976812779903412,0.7585584223270416,False,0,0,0
55785_NT_AL_AA.fasta.zip,2.108715772628784,0.8995674252510071,True,0,0,0
55787_NT_AL_AA.fasta.zip,0.6822343170642853,0.9805105626583099,False,0,0,0
55788_NT_AL_AA.fasta.zip,0.819115936756134,0.9376687705516815,False,0,0,0
55789_NT_AL_AA.fasta.zip,2.230349540710449,0.8879955112934113,False,0,0,0
5578_NT_AL_AA.fasta.zip,0.20198998600244522,0.9742539525032043,False,0,0,0
55790_NT_AL_AA.fasta.zip,0.5415253937244415,0.9295434653759003,False,0,0,0
55791_NT_AL_AA.fasta.zip,4.0068618059158325,0.9318267107009888,True,0,0,0
55793_NT_AL_AA.fasta.zip,0.6637966632843018,0.9636246860027313,False,0,0,0
55794_NT_AL_AA.fasta.zip,0.8652642965316772,0.7051681578159332,False,0,0,0
55799_NT_AL_AA.fasta.zip,0.2802648643652598,0.9683809280395508,False,0,0,0
5579_NT_AL_AA.fasta.zip,0.1778097152709961,0.9633725881576538,False,0,0,0
55802_NT_AL_AA.fasta.zip,1.2345473766326904,0.8799943923950195,False,0,0,0
55806_NT_AL_AA.fasta.zip,1.5015680591265361,0.8203395406405131,True,0,0,0
55809_NT_AL_AA.fasta.zip,1.5809203783671062,0.8579074939092001,True,0,0,0
5580_NT_AL_AA.fasta.zip,0.28352056443691254,0.7967588603496552,False,0,0,0
55810_NT_AL_AA.fasta.zip,1.0959949493408203,0.918211817741394,True,0,0,0
55811_NT_AL_AA.fasta.zip,1.226525217294693,0.49177414551377296,True,0,0,0
55812_NT_AL_AA.fasta.zip,1.791390299797058,0.9464186728000641,True,0,0,0
55813_NT_AL_AA.fasta.zip,0.9539031982421875,0.4901551455259323,False,0,0,0
55814_NT_AL_AA.fasta.zip,3.066159245040682,0.859980218940311,True,0,0,0
55815_NT_AL_AA.fasta.zip,1.13357013463974,0.5155829042196274,False,0,0,0
55818_NT_AL_AA.fasta.zip,0.7125954131285349,0.9648400942484537,True,0,0,0
5581_NT_AL_AA.fasta.zip,0.17480027675628662,0.9685303270816803,False,0,0,0
55823_NT_AL_AA.fasta.zip,0.4448799043893814,0.9546235799789429,False,0,0,0
55827_NT_AL_AA.fasta.zip,0.35237501561641693,0.9803953468799591,False,0,0,0
5582_NT_AL_AA.fasta.zip,0.19933906942605972,0.9632231891155243,False,0,0,0
55832_NT_AL_AA.fasta.zip,0.11421535164117813,0.9750517010688782,False,0,0,0
55833_NT_AL_AA.fasta.zip,1.6980335712432861,0.8876415888468424,True,0,0,0
55835_NT_AL_AA.fasta.zip,1.5748245318730671,0.9346319039662679,False,0,0,0
5583_NT_AL_AA.fasta.zip,0.2765323370695114,0.9142779409885406,False,0,0,0
5584_NT_AL_AA.fasta.zip,0.10499876365065575,0.9732822477817535,False,0,0,0
55852_NT_AL_AA.fasta.zip,0.7411540746688843,0.9369233051935831,False,0,0,0
55857_NT_AL_AA.fasta.zip,3.3365678787231445,0.8718373775482178,False,0,0,0
5585_NT_AL_AA.fasta.zip,0.5621424615383148,0.9481384555498759,False,0,0,0
5586_NT_AL_AA.fasta.zip,0.34780772030353546,0.9763855338096619,False,0,0,0
55870_NT_AL_AA.fasta.zip,0.97491854429245,0.9202170116560799,True,0,0,0
55879_NT_AL_AA.fasta.zip,2.7267593145370483,0.7171491980552673,True,0,0,0
5587_NT_AL_AA.fasta.zip,0.5763670653104782,0.9758805334568024,True,0,0,0
55888_NT_AL_AA.fasta.zip,2.21629798412323,0.933281809091568,True,0,0,0
5588_NT_AL_AA.fasta.zip,0.4684183895587921,0.9717292785644531,False,0,0,0
55892_NT_AL_AA.fasta.zip,0.7093204259872437,0.979915052652359,False,0,0,0
55893_NT_AL_AA.fasta.zip,0.992926150560379,0.97791588306427,False,0,0,0
55898_NT_AL_AA.fasta.zip,0.6988600492477417,0.6017312109470367,False,0,0,0
5589_NT_AL_AA.fasta.zip,0.9883184432983398,0.7548542320728302,False,0,0,0
558_NT_AL_AA.fasta.zip,0.7708353400230408,0.7675832808017731,True,0,0,0
55901_NT_AL_AA.fasta.zip,1.0723244547843933,0.638843759894371,True,0,0,0
55902_NT_AL_AA.fasta.zip,0.8353366851806641,0.9098136723041534,False,0,0,0
55904_NT_AL_AA.fasta.zip,1.0506083369255066,0.8823916763067245,True,0,0,0
5590_NT_AL_AA.fasta.zip,0.32086943089962006,0.9101623296737671,False,0,0,0
55911_NT_AL_AA.fasta.zip,4.65120677947998,0.7671083211898804,True,0,0,0
55914_NT_AL_AA.fasta.zip,0.9229669173558553,0.9205328027407328,True,0,0,0
55917_NT_AL_AA.fasta.zip,0.4890469014644623,0.944195032119751,False,0,0,0
5591_NT_AL_AA.fasta.zip,0.9535315500365363,0.4613233622577455,True,0,0,0
55920_NT_AL_AA.fasta.zip,0.2589382231235504,0.965833991765976,False,0,0,0
55922_NT_AL_AA.fasta.zip,0.7874193489551544,0.8955354690551758,True,0,0,0
5592_NT_AL_AA.fasta.zip,0.1306418888270855,0.9749972820281982,False,0,0,0
55930_NT_AL_AA.fasta.zip,0.6983952596783638,0.8192015588283539,True,0,0,0
5593_NT_AL_AA.fasta.zip,0.7449783384799957,0.9483014643192291,True,0,0,0
55958_NT_AL_AA.fasta.zip,0.13739599660038948,0.9732890725135803,False,0,0,0
55959_NT_AL_AA.fasta.zip,0.6168023943901062,0.9656826555728912,False,0,0,0
5596_NT_AL_AA.fasta.zip,0.7975022792816162,0.9275487065315247,False,0,0,0
55971_NT_AL_AA.fasta.zip,0.8999736309051514,0.8332312107086182,False,0,0,0
55975_NT_AL_AA.fasta.zip,0.09498002007603645,0.9724075794219971,False,0,0,0
5597_NT_AL_AA.fasta.zip,0.5039001703262329,0.9747263491153717,False,0,0,0
5598_NT_AL_AA.fasta.zip,0.573026716709137,0.9714013040065765,True,0,0,0
56006_NT_AL_AA.fasta.zip,0.28482261300086975,0.9616774022579193,False,0,0,0
56062_NT_AL_AA.fasta.zip,1.388911485671997,0.6833946108818054,True,0,0,0
5610_NT_AL_AA.fasta.zip,1.246148705482483,0.06720174103975296,False,0,0,0
5611_NT_AL_AA.fasta.zip,0.34695273637771606,0.7797742784023285,False,0,0,0
5612_NT_AL_AA.fasta.zip,1.2701110243797302,0.9727743864059448,False,0,0,0
56135_NT_AL_AA.fasta.zip,2.9102773666381836,0.3421540781855583,True,0,0,0
56154_NT_AL_AA.fasta.zip,3.4001133271626065,0.8632837619100299,True,0,0,0
56155_NT_AL_AA.fasta.zip,2.7340848445892334,0.7755038440227509,True,0,0,0
56159_NT_AL_AA.fasta.zip,1.89742773771286,0.1819264143705368,False,0,0,0
56163_NT_AL_AA.fasta.zip,1.698912501335144,0.8534928858280182,True,0,0,0
56164_NT_AL_AA.fasta.zip,1.6715021928151448,0.6137210130691528,True,0,0,0
56165_NT_AL_AA.fasta.zip,1.6216780344645183,0.6191586256027222,True,0,0,0
56172_NT_AL_AA.fasta.zip,0.14707143604755402,0.9682183861732483,False,0,0,0
5618_NT_AL_AA.fasta.zip,1.5476008653640747,0.7778271436691284,True,0,0,0
56203_NT_AL_AA.fasta.zip,0.837320864200592,0.9836606681346893,False,0,0,0
56204_NT_AL_AA.fasta.zip,2.0381850202878318,0.9698852698008219,True,0,0,0
56241_NT_AL_AA.fasta.zip,0.6416490077972412,0.24395740777254105,False,0,0,0
56243_NT_AL_AA.fasta.zip,0.8763173460960388,0.9487454771995545,False,0,0,0
5624_NT_AL_AA.fasta.zip,0.7550821006298065,0.38016270101070404,False,0,0,0
56252_NT_AL_AA.fasta.zip,2.018840080499649,0.9223714470863342,True,0,0,0
56254_NT_AL_AA.fasta.zip,0.2665732204914093,0.8968923687934875,False,0,0,0
56257_NT_AL_AA.fasta.zip,0.9135704338550568,0.9496988952159882,False,0,0,0
56259_NT_AL_AA.fasta.zip,0.2390853762626648,0.9603987336158752,False,0,0,0
56261_NT_AL_AA.fasta.zip,1.0597169399261475,0.9626306295394897,False,0,0,0
56262_NT_AL_AA.fasta.zip,0.21245037764310837,0.9705135822296143,False,0,0,0
56265_NT_AL_AA.fasta.zip,0.5418052226305008,0.6160101145505905,True,0,0,0
5627_NT_AL_AA.fasta.zip,0.8304463028907776,0.3282615542411804,False,0,0,0
56288_NT_AL_AA.fasta.zip,0.4945279359817505,0.881645123163859,False,0,0,0
5629_NT_AL_AA.fasta.zip,0.2742270529270172,0.9450487196445465,False,0,0,0
56301_NT_AL_AA.fasta.zip,0.5510414093732834,0.6396520435810089,False,0,0,0
56302_NT_AL_AA.fasta.zip,0.6276423037052155,0.47078007459640503,False,0,0,0
5630_NT_AL_AA.fasta.zip,0.6383970379829407,0.9472846388816833,False,0,0,0
56339_NT_AL_AA.fasta.zip,0.1771799847483635,0.9464665949344635,False,0,0,0
56474_NT_AL_AA.fasta.zip,0.6950465440750122,0.7714103162288666,False,0,0,0
56478_NT_AL_AA.fasta.zip,1.461027721563975,0.9286463061968485,True,0,0,0
56479_NT_AL_AA.fasta.zip,0.4713156372308731,0.9633497297763824,False,0,0,0
5648_NT_AL_AA.fasta.zip,1.7272526621818542,0.44256579875946045,True,0,0,0
5649_NT_AL_AA.fasta.zip,0.5052853859961033,0.6040587872266769,False,0,0,0
5651_NT_AL_AA.fasta.zip,0.9787709911664327,0.2365923523902893,True,0,0,0
56548_NT_AL_AA.fasta.zip,0.7532318830490112,0.9704971015453339,False,0,0,0
56603_NT_AL_AA.fasta.zip,0.3828132748603821,0.8328085541725159,False,0,0,0
56606_NT_AL_AA.fasta.zip,0.950702041387558,0.5542650520801544,False,0,0,0
5660_NT_AL_AA.fasta.zip,1.577981173992157,0.3112022578716278,False,0,0,0
56623_NT_AL_AA.fasta.zip,0.8459419310092926,0.7918069362640381,False,0,0,0
56624_NT_AL_AA.fasta.zip,0.6296902298927307,0.19827914237976074,False,0,0,0
5662_NT_AL_AA.fasta.zip,0.7209027707576752,0.9725667238235474,True,0,0,0
56652_NT_AL_AA.fasta.zip,0.5461607724428177,0.7766011655330658,False,0,0,0
56666_NT_AL_AA.fasta.zip,0.4545694589614868,0.9171625077724457,False,0,0,0
56704_NT_AL_AA.fasta.zip,0.6422504484653473,0.9768237769603729,False,0,0,0
56776_NT_AL_AA.fasta.zip,1.5838484863440196,0.7093982448180517,True,0,0,0
56829_NT_AL_AA.fasta.zip,2.568157196044922,0.4441978434721629,True,0,0,0
56848_NT_AL_AA.fasta.zip,0.9610642790794373,0.5513740330934525,False,0,0,0
56850_NT_AL_AA.fasta.zip,0.8531556129455566,0.9280208945274353,False,0,0,0
56852_NT_AL_AA.fasta.zip,1.4226407408714294,0.9709184467792511,False,0,0,0
56853_NT_AL_AA.fasta.zip,0.2551795393228531,0.9669652879238129,False,0,0,0
56884_NT_AL_AA.fasta.zip,0.6146688163280487,0.7323053479194641,False,0,0,0
56886_NT_AL_AA.fasta.zip,0.6618150733411312,0.7980350106954575,True,0,0,0
56889_NT_AL_AA.fasta.zip,0.14099885895848274,0.9764643013477325,False,0,0,0
56890_NT_AL_AA.fasta.zip,1.2035415768623352,0.907605916261673,False,0,0,0
56893_NT_AL_AA.fasta.zip,0.5860753953456879,0.9772404432296753,False,0,0,0
56896_NT_AL_AA.fasta.zip,0.2971947342157364,0.9436793625354767,False,0,0,0
56897_NT_AL_AA.fasta.zip,1.5198964476585388,0.975184291601181,True,0,0,0
56899_NT_AL_AA.fasta.zip,0.47563306987285614,0.9652421474456787,True,0,0,0
56903_NT_AL_AA.fasta.zip,0.5376317203044891,0.9739415645599365,False,0,0,0
56905_NT_AL_AA.fasta.zip,2.2905853192011514,0.6735373735427856,True,0,0,0
56907_NT_AL_AA.fasta.zip,0.5329638421535492,0.9666752517223358,False,0,0,0
56916_NT_AL_AA.fasta.zip,0.568427582581838,0.8730144103368124,True,0,0,0
56919_NT_AL_AA.fasta.zip,0.737144336104393,0.5298038646578789,True,0,0,0
56920_NT_AL_AA.fasta.zip,0.9307661056518555,0.5588825047016144,False,0,0,0
56922_NT_AL_AA.fasta.zip,0.7406518757343292,0.7350381910800934,False,0,0,0
56926_NT_AL_AA.fasta.zip,0.30434566736221313,0.20309344679117203,False,0,0,0
56927_NT_AL_AA.fasta.zip,1.1854870915412903,0.8558585345745087,False,0,0,0
56928_NT_AL_AA.fasta.zip,0.5882017910480499,0.49302610754966736,False,0,0,0
56929_NT_AL_AA.fasta.zip,0.32676640152931213,0.9782007038593292,False,0,0,0
56931_NT_AL_AA.fasta.zip,0.5737317204475403,0.8195852637290955,False,0,0,0
56936_NT_AL_AA.fasta.zip,3.0638986825942993,0.958088755607605,True,0,0,0
56938_NT_AL_AA.fasta.zip,1.354277789592743,0.9352840185165405,False,0,0,0
56946_NT_AL_AA.fasta.zip,0.5688733657201132,0.972513755162557,True,0,0,0
56949_NT_AL_AA.fasta.zip,0.25382909675439197,0.9701233506202698,False,0,0,0
56955_NT_AL_AA.fasta.zip,3.9189308881759644,0.8895748853683472,True,0,0,0
56957_NT_AL_AA.fasta.zip,0.8143671751022339,0.8848519623279572,True,0,0,0
56964_NT_AL_AA.fasta.zip,1.6923065781593323,0.5227208584547043,False,0,0,0
56965_NT_AL_AA.fasta.zip,0.15921065211296082,0.9715066850185394,False,0,0,0
56975_NT_AL_AA.fasta.zip,0.4429095685482025,0.9253935813903809,False,0,0,0
56977_NT_AL_AA.fasta.zip,0.8783726692199707,0.9134928286075592,False,0,0,0
56978_NT_AL_AA.fasta.zip,0.9637123346328735,0.9618841707706451,False,0,0,0
56980_NT_AL_AA.fasta.zip,0.3789284825325012,0.9384088516235352,False,0,0,0
56981_NT_AL_AA.fasta.zip,0.5269316583871841,0.7551764647165934,True,0,0,0
56987_NT_AL_AA.fasta.zip,1.0324866771697998,0.9626806378364563,False,0,0,0
56992_NT_AL_AA.fasta.zip,1.2093963623046875,0.774686336517334,True,0,0,0
56995_NT_AL_AA.fasta.zip,0.7027036771178246,0.8936159759759903,True,0,0,0
56996_NT_AL_AA.fasta.zip,0.3661481440067291,0.8144457340240479,False,0,0,0
56997_NT_AL_AA.fasta.zip,0.3900974839925766,0.8289227485656738,False,0,0,0
56999_NT_AL_AA.fasta.zip,1.0295078307390213,0.6263799518346786,True,0,0,0
56_NT_AL_AA.fasta.zip,3.988862991333008,0.8053801953792572,True,0,0,0
57018_NT_AL_AA.fasta.zip,0.3042653948068619,0.9766417145729065,False,0,0,0
57020_NT_AL_AA.fasta.zip,0.9703498482704163,0.7397119998931885,True,0,0,0
57030_NT_AL_AA.fasta.zip,0.18581338971853256,0.9610619843006134,False,0,0,0
57038_NT_AL_AA.fasta.zip,0.7036782205104828,0.39591167867183685,False,0,0,0
57050_NT_AL_AA.fasta.zip,1.749297320842743,0.9689690172672272,True,0,0,0
57062_NT_AL_AA.fasta.zip,1.294027328491211,0.9567427635192871,False,0,0,0
5707_NT_AL_AA.fasta.zip,0.1597808487713337,0.9770776331424713,False,0,0,0
57082_NT_AL_AA.fasta.zip,3.2807964578270914,0.7293782204389572,True,0,0,0
57084_NT_AL_AA.fasta.zip,0.14957839995622635,0.973860889673233,False,0,0,0
57089_NT_AL_AA.fasta.zip,0.5561651289463043,0.9132433235645294,False,0,0,0
5708_NT_AL_AA.fasta.zip,0.1243635006248951,0.9759438335895538,False,0,0,0
57091_NT_AL_AA.fasta.zip,1.9475356340408325,0.661921352148056,True,0,0,0
57096_NT_AL_AA.fasta.zip,2.7322760423024497,0.7739035487174988,True,0,0,0
5709_NT_AL_AA.fasta.zip,0.2737952917814255,0.9764646887779236,False,0,0,0
57101_NT_AL_AA.fasta.zip,0.5976051688194275,0.9467692971229553,False,0,0,0
57102_NT_AL_AA.fasta.zip,0.5947830379009247,0.9609877169132233,False,0,0,0
57104_NT_AL_AA.fasta.zip,0.5347713828086853,0.9556180536746979,False,0,0,0
57113_NT_AL_AA.fasta.zip,0.277625136077404,0.9745029807090759,False,0,0,0
5711_NT_AL_AA.fasta.zip,1.2088448405265808,0.31695878505706787,False,0,0,0
57122_NT_AL_AA.fasta.zip,0.7808980047702789,0.8123777806758881,False,0,0,0
57124_NT_AL_AA.fasta.zip,2.203934629758199,0.8862924973169962,True,0,0,0
57125_NT_AL_AA.fasta.zip,1.3657734990119934,0.9131535589694977,False,0,0,0
57130_NT_AL_AA.fasta.zip,0.4081069231033325,0.87672491868337,False,0,0,0
57134_NT_AL_AA.fasta.zip,0.7876219749450684,0.7367397546768188,False,0,0,0
57139_NT_AL_AA.fasta.zip,0.904641330242157,0.8362343311309814,False,0,0,0
57140_NT_AL_AA.fasta.zip,0.6109142899513245,0.9697676599025726,False,0,0,0
57142_NT_AL_AA.fasta.zip,1.3493553400039673,0.9452162981033325,True,0,0,0
57143_NT_AL_AA.fasta.zip,0.7031310200691223,0.6221110820770264,False,0,0,0
57144_NT_AL_AA.fasta.zip,0.6748787760734558,0.8855016231536865,False,0,0,0
57147_NT_AL_AA.fasta.zip,0.8787433207035065,0.9264823794364929,False,0,0,0
57148_NT_AL_AA.fasta.zip,0.4640611261129379,0.9558343142271042,False,0,0,0
57153_NT_AL_AA.fasta.zip,0.49144211411476135,0.5636191368103027,False,0,0,0
57154_NT_AL_AA.fasta.zip,0.2041168138384819,0.9558819532394409,False,0,0,0
57156_NT_AL_AA.fasta.zip,0.7913640737533569,0.5387953966856003,False,0,0,0
57157_NT_AL_AA.fasta.zip,0.3114812672138214,0.9435908198356628,False,0,0,0
57158_NT_AL_AA.fasta.zip,0.9881348311901093,0.9637448191642761,True,0,0,0
57167_NT_AL_AA.fasta.zip,1.4072614113489788,0.9033885399500529,True,0,0,0
57169_NT_AL_AA.fasta.zip,0.7536427155137062,0.5505798012018204,True,0,0,0
57176_NT_AL_AA.fasta.zip,0.6544689734776815,0.5991103450457255,True,0,0,0
57178_NT_AL_AA.fasta.zip,0.26089327534039813,0.9558676481246948,False,0,0,0
57181_NT_AL_AA.fasta.zip,0.8600499927997589,0.9624651670455933,True,0,0,0
57182_NT_AL_AA.fasta.zip,0.5724981526533762,0.967856744925181,False,0,0,0
57186_NT_AL_AA.fasta.zip,0.6127471923828125,0.8829066008329391,False,0,0,0
57187_NT_AL_AA.fasta.zip,0.8182501122355461,0.932980477809906,True,0,0,0
57188_NT_AL_AA.fasta.zip,1.165308140218258,0.6419505476951599,True,0,0,0
57190_NT_AL_AA.fasta.zip,0.704418271780014,0.7414287328720093,False,0,0,0
57192_NT_AL_AA.fasta.zip,0.5574086010456085,0.8118365108966827,False,0,0,0
57194_NT_AL_AA.fasta.zip,0.8831858932971954,0.955139696598053,False,0,0,0
57198_NT_AL_AA.fasta.zip,0.31432635088761646,0.8887688517570496,False,0,0,0
571_NT_AL_AA.fasta.zip,1.4458123445510864,0.9653958678245544,True,0,0,0
57210_NT_AL_AA.fasta.zip,0.5970315337181091,0.8493132889270782,False,0,0,0
57211_NT_AL_AA.fasta.zip,0.7672863205273946,0.760405162970225,False,0,0,0
57214_NT_AL_AA.fasta.zip,0.475817730029424,0.43195249636967975,False,0,0,0
57216_NT_AL_AA.fasta.zip,0.28325358033180237,0.9776347577571869,False,0,0,0
57217_NT_AL_AA.fasta.zip,0.847731202840805,0.634179875254631,False,0,0,0
57221_NT_AL_AA.fasta.zip,0.6415853023529052,0.8741920351982116,False,0,0,0
57223_NT_AL_AA.fasta.zip,0.25492013245821,0.9662226438522339,False,0,0,0
57224_NT_AL_AA.fasta.zip,1.3927215188741684,0.9140838533639908,True,0,0,0
57231_NT_AL_AA.fasta.zip,0.6920605897903442,0.9405735731124878,False,0,0,0
5725_NT_AL_AA.fasta.zip,0.33345115184783936,0.9184019565582275,False,0,0,0
5727_NT_AL_AA.fasta.zip,0.6390545666217804,0.9693349997202555,False,0,0,0
57282_NT_AL_AA.fasta.zip,0.36710821588834125,0.9380164941151937,False,0,0,0
57325_NT_AL_AA.fasta.zip,0.5076752007007599,0.9035248160362244,False,0,0,0
57326_NT_AL_AA.fasta.zip,2.101226329803467,0.8918378055095673,True,0,0,0
57335_NT_AL_AA.fasta.zip,1.2806508541107178,0.979872077703476,False,0,0,0
57336_NT_AL_AA.fasta.zip,0.30571838716665906,0.9757339159647623,False,0,0,0
57337_NT_AL_AA.fasta.zip,2.321950991948446,0.9616492589314779,True,0,0,0
57338_NT_AL_AA.fasta.zip,0.48218171298503876,0.8807880878448486,False,0,0,0
5734_NT_AL_AA.fasta.zip,0.4702911525964737,0.9404758214950562,False,0,0,0
5738_NT_AL_AA.fasta.zip,1.0648631155490875,0.4244149923324585,False,0,0,0
5740_NT_AL_AA.fasta.zip,0.7508737742900848,0.37927576899528503,False,0,0,0
57410_NT_AL_AA.fasta.zip,0.6831883490085602,0.9271334111690521,False,0,0,0
57419_NT_AL_AA.fasta.zip,0.6143664717674255,0.9545594453811646,False,0,0,0
5742_NT_AL_AA.fasta.zip,0.5437619388103485,0.47536368668079376,False,0,0,0
5743_NT_AL_AA.fasta.zip,0.43857941031455994,0.279191792011261,False,0,0,0
57446_NT_AL_AA.fasta.zip,0.1827044077217579,0.6346941888332367,True,0,0,0
57448_NT_AL_AA.fasta.zip,0.38035466223955156,0.9551179826259613,False,0,0,0
57449_NT_AL_AA.fasta.zip,1.0096980532010396,0.8796101013819376,True,0,0,0
57451_NT_AL_AA.fasta.zip,0.2618383417526881,0.9633107582728068,False,0,0,0
57452_NT_AL_AA.fasta.zip,0.5253878235816956,0.7637678384780884,False,0,0,0
57453_NT_AL_AA.fasta.zip,0.4394913911819458,0.9260573744773865,False,0,0,0
57455_NT_AL_AA.fasta.zip,1.3473907113075256,0.6700594127178192,True,0,0,0
57459_NT_AL_AA.fasta.zip,0.20284394174814224,0.9593454301357269,False,0,0,0
5745_NT_AL_AA.fasta.zip,1.1275085806846619,0.9807018339633942,False,0,0,0
57460_NT_AL_AA.fasta.zip,0.42486537992954254,0.9212065041065216,False,0,0,0
57462_NT_AL_AA.fasta.zip,0.6479916870594025,0.7898269593715668,True,0,0,0
57464_NT_AL_AA.fasta.zip,0.730561375617981,0.9401880502700806,True,0,0,0
57465_NT_AL_AA.fasta.zip,0.6190170645713806,0.673183023929596,False,0,0,0
57466_NT_AL_AA.fasta.zip,0.766690989335378,0.9654236833254496,True,0,0,0
57467_NT_AL_AA.fasta.zip,0.7667292356491089,0.15857107192277908,False,0,0,0
57468_NT_AL_AA.fasta.zip,0.1702610875169436,0.9697465300559998,False,0,0,0
57469_NT_AL_AA.fasta.zip,3.952293276786804,0.8386193513870239,False,0,0,0
5746_NT_AL_AA.fasta.zip,0.8527770638465881,0.9479691982269287,False,0,0,0
57470_NT_AL_AA.fasta.zip,1.258637398481369,0.853774219751358,True,0,0,0
57472_NT_AL_AA.fasta.zip,0.4216075539588928,0.8243527710437775,False,0,0,0
57473_NT_AL_AA.fasta.zip,2.4212245543797812,0.9578793048858643,True,0,0,0
57475_NT_AL_AA.fasta.zip,1.023358404636383,0.9089711705843607,False,0,0,0
57476_NT_AL_AA.fasta.zip,0.5684104412794113,0.954416960477829,False,0,0,0
57477_NT_AL_AA.fasta.zip,2.616417020559311,0.882126122713089,True,0,0,0
57478_NT_AL_AA.fasta.zip,0.6902977327505747,0.9386059641838074,True,0,0,0
57479_NT_AL_AA.fasta.zip,0.6407455205917358,0.9519596576690674,True,0,0,0
5747_NT_AL_AA.fasta.zip,0.3341061274210612,0.9376634955406189,False,0,0,0
57480_NT_AL_AA.fasta.zip,1.0606096386909485,0.9149725039800009,True,0,0,0
57481_NT_AL_AA.fasta.zip,3.418500794097781,0.8123700879514217,True,0,0,0
57482_NT_AL_AA.fasta.zip,2.119355797767639,0.9662025421857834,True,0,0,0
57486_NT_AL_AA.fasta.zip,0.48386578261852264,0.4355708062648773,False,0,0,0
57488_NT_AL_AA.fasta.zip,0.6842855364084244,0.9311255514621735,True,0,0,0
57489_NT_AL_AA.fasta.zip,2.604188561439514,0.5303342640399933,True,0,0,0
57491_NT_AL_AA.fasta.zip,2.8747483491897583,0.5966159403324127,True,0,0,0
57492_NT_AL_AA.fasta.zip,1.1928826510906219,0.9241750359535217,True,0,0,0
57493_NT_AL_AA.fasta.zip,2.592034690082073,0.8269101083278656,True,0,0,0
57495_NT_AL_AA.fasta.zip,0.5324461087584496,0.7398933321237564,False,0,0,0
57496_NT_AL_AA.fasta.zip,0.7652163803577423,0.9043093721071879,True,0,0,0
57497_NT_AL_AA.fasta.zip,0.6983659267425537,0.9518147110939026,False,0,0,0
57498_NT_AL_AA.fasta.zip,0.5071463137865067,0.9323394149541855,False,0,0,0
57501_NT_AL_AA.fasta.zip,1.7281203667322795,0.3372827619314194,True,0,0,0
57504_NT_AL_AA.fasta.zip,0.26206347346305847,0.8312676846981049,False,0,0,0
57505_NT_AL_AA.fasta.zip,0.6481855114301046,0.23620232318838438,True,0,0,0
57506_NT_AL_AA.fasta.zip,3.3585381507873535,0.30893389880657196,True,0,0,0
57507_NT_AL_AA.fasta.zip,0.6535207405686378,0.8485554307699203,True,0,0,0
57508_NT_AL_AA.fasta.zip,0.3142102509737015,0.964695155620575,False,0,0,0
57509_NT_AL_AA.fasta.zip,3.718536297480265,0.9027369022369385,True,0,0,0
57510_NT_AL_AA.fasta.zip,1.095130205154419,0.7309319774309794,True,0,0,0
57511_NT_AL_AA.fasta.zip,0.6469653248786926,0.8549704253673553,False,0,0,0
57512_NT_AL_AA.fasta.zip,1.159460723400116,0.9566628535588583,True,0,0,0
57513_NT_AL_AA.fasta.zip,0.700885146856308,0.9604549606641134,True,0,0,0
57514_NT_AL_AA.fasta.zip,1.5732487738132477,0.9632686823606491,True,0,0,0
57519_NT_AL_AA.fasta.zip,2.791531306070586,0.9374361485242844,True,0,0,0
57520_NT_AL_AA.fasta.zip,0.5546955764293671,0.9750977456569672,True,0,0,0
57521_NT_AL_AA.fasta.zip,0.2598879138628642,0.8695180217425028,False,0,0,0
57522_NT_AL_AA.fasta.zip,0.4514341950416565,0.93646772702535,False,0,0,0
57523_NT_AL_AA.fasta.zip,2.206265354156494,0.769242262840271,True,0,0,0
57524_NT_AL_AA.fasta.zip,0.8439035192131996,0.9399578124284744,True,0,0,0
57526_NT_AL_AA.fasta.zip,1.183307449022929,0.9736364682515463,False,0,0,0
57529_NT_AL_AA.fasta.zip,2.520902954787016,0.6900015652179718,True,0,0,0
57530_NT_AL_AA.fasta.zip,1.3366021315256755,0.4435943514108658,True,0,0,0
57531_NT_AL_AA.fasta.zip,0.2556460499763489,0.9752994775772095,False,0,0,0
57532_NT_AL_AA.fasta.zip,1.212588131427765,0.6697874516248703,True,0,0,0
57533_NT_AL_AA.fasta.zip,0.696741372346878,0.9614208936691284,False,0,0,0
57534_NT_AL_AA.fasta.zip,0.07564298311869304,0.9716001749038696,False,0,0,0
57535_NT_AL_AA.fasta.zip,0.5980972647666931,0.4545465062061946,True,0,0,0
57536_NT_AL_AA.fasta.zip,1.1375284492969513,0.938037633895874,False,0,0,0
57537_NT_AL_AA.fasta.zip,0.8501028219858805,0.46390976508458454,True,0,0,0
57538_NT_AL_AA.fasta.zip,1.850277841091156,0.9328483641147614,True,0,0,0
57539_NT_AL_AA.fasta.zip,1.3848041693369548,0.5998764336109161,False,0,0,0
57540_NT_AL_AA.fasta.zip,0.4664746622244517,0.8007765710353851,True,0,0,0
57542_NT_AL_AA.fasta.zip,0.9339753985404968,0.9562236368656158,False,0,0,0
57544_NT_AL_AA.fasta.zip,1.5300750136375427,0.5593419075012207,False,0,0,0
57545_NT_AL_AA.fasta.zip,0.8954970389604568,0.6700755208730698,False,0,0,0
57546_NT_AL_AA.fasta.zip,0.9296645224094391,0.8857057988643646,False,0,0,0
57549_NT_AL_AA.fasta.zip,0.7657334208488464,0.5381297692656517,True,0,0,0
5754_NT_AL_AA.fasta.zip,0.7356854875882467,0.5821877916653951,True,0,0,0
57551_NT_AL_AA.fasta.zip,0.14560097952683768,0.9742671648661295,False,0,0,0
57553_NT_AL_AA.fasta.zip,0.8182354807853699,0.9267109274864197,True,0,0,0
57554_NT_AL_AA.fasta.zip,0.7241518571972847,0.9130993485450745,True,0,0,0
57555_NT_AL_AA.fasta.zip,0.3087007850408554,0.9786228239536285,False,0,0,0
57556_NT_AL_AA.fasta.zip,0.4891769488652547,0.769422193368276,False,0,0,0
57558_NT_AL_AA.fasta.zip,1.3139846126238506,0.974986751874288,True,0,0,0
57560_NT_AL_AA.fasta.zip,1.0176832377910614,0.9114059209823608,False,0,0,0
57562_NT_AL_AA.fasta.zip,3.762615362803141,0.8582340478897095,True,0,0,0
57563_NT_AL_AA.fasta.zip,0.43149465322494507,0.8821834027767181,False,0,0,0
57565_NT_AL_AA.fasta.zip,0.1972808912396431,0.9781415462493896,False,0,0,0
57567_NT_AL_AA.fasta.zip,0.607361763715744,0.9826719760894775,False,0,0,0
57568_NT_AL_AA.fasta.zip,0.8426209390163422,0.9174520820379257,False,0,0,0
57569_NT_AL_AA.fasta.zip,1.6223944028218586,0.8393972516059875,False,0,0,0
57571_NT_AL_AA.fasta.zip,1.1994247734546661,0.6190838515758514,True,0,0,0
57572_NT_AL_AA.fasta.zip,1.0117412686347962,0.7418913543224335,True,0,0,0
57575_NT_AL_AA.fasta.zip,0.7196515401204427,0.9807779788970947,False,0,0,0
57576_NT_AL_AA.fasta.zip,0.8355043133099874,0.9469360709190369,True,0,0,0
57577_NT_AL_AA.fasta.zip,2.1096584796905518,0.8982049822807312,False,0,0,0
57578_NT_AL_AA.fasta.zip,0.3160223290324211,0.9576393564542135,False,0,0,0
57579_NT_AL_AA.fasta.zip,1.2944331243634224,0.9205237627029419,True,0,0,0
57580_NT_AL_AA.fasta.zip,0.6145082339644432,0.8985264003276825,False,0,0,0
57582_NT_AL_AA.fasta.zip,0.3777792652448018,0.9177868962287903,False,0,0,0
57584_NT_AL_AA.fasta.zip,0.927788645029068,0.9062480568885803,True,0,0,0
57585_NT_AL_AA.fasta.zip,0.6750928660233816,0.912021537621816,True,0,0,0
57587_NT_AL_AA.fasta.zip,1.4737756252288818,0.9033059775829315,True,0,0,0
57589_NT_AL_AA.fasta.zip,0.6203225255012512,0.9573383132616679,True,0,0,0
57591_NT_AL_AA.fasta.zip,0.6462097664674123,0.9332909186681112,False,0,0,0
57592_NT_AL_AA.fasta.zip,0.72027055422465,0.9510002930959066,False,0,0,0
57593_NT_AL_AA.fasta.zip,0.7473134100437164,0.972959578037262,False,0,0,0
57594_NT_AL_AA.fasta.zip,1.9915237426757812,0.9470323920249939,True,0,0,0
57595_NT_AL_AA.fasta.zip,0.8048153817653656,0.9594687819480896,False,0,0,0
57596_NT_AL_AA.fasta.zip,2.749824643135071,0.8775297105312347,True,0,0,0
57597_NT_AL_AA.fasta.zip,1.5415140589078267,0.8520044684410095,True,0,0,0
57599_NT_AL_AA.fasta.zip,0.26291459053754807,0.9725222885608673,False,0,0,0
575_NT_AL_AA.fasta.zip,0.5153763294219971,0.885666012763977,False,0,0,0
57600_NT_AL_AA.fasta.zip,0.6889894406000773,0.9687977830568949,False,0,0,0
57602_NT_AL_AA.fasta.zip,1.6939675509929657,0.68596151471138,True,0,0,0
57605_NT_AL_AA.fasta.zip,0.6797566041350365,0.9163587093353271,True,0,0,0
57606_NT_AL_AA.fasta.zip,0.6132612824440002,0.9527360200881958,False,0,0,0
57608_NT_AL_AA.fasta.zip,2.770870248476664,0.8622730771700541,True,0,0,0
57609_NT_AL_AA.fasta.zip,0.2943253293633461,0.9626345038414001,False,0,0,0
57610_NT_AL_AA.fasta.zip,0.4831802099943161,0.9506283104419708,False,0,0,0
57611_NT_AL_AA.fasta.zip,1.2354954481124878,0.9670023024082184,False,0,0,0
57613_NT_AL_AA.fasta.zip,1.2167537808418274,0.6297248899936676,False,0,0,0
57614_NT_AL_AA.fasta.zip,0.4883330166339874,0.9724749724070231,False,0,0,0
57616_NT_AL_AA.fasta.zip,0.37099095185597736,0.9138776858647665,False,0,0,0
57617_NT_AL_AA.fasta.zip,0.8599027991294861,0.7933793067932129,True,0,0,0
57619_NT_AL_AA.fasta.zip,2.8857472062110903,0.8266420364379883,True,0,0,0
57620_NT_AL_AA.fasta.zip,0.5096186101436615,0.9744431376457214,False,0,0,0
57621_NT_AL_AA.fasta.zip,0.4154917746782303,0.9549097418785095,False,0,0,0
57622_NT_AL_AA.fasta.zip,0.33888677259286243,0.9688114722569784,False,0,0,0
57623_NT_AL_AA.fasta.zip,0.5809424817562103,0.9647619724273682,False,0,0,0
57624_NT_AL_AA.fasta.zip,0.7495263814926147,0.9734373390674591,False,0,0,0
57626_NT_AL_AA.fasta.zip,0.26190224289894104,0.9722238779067993,False,0,0,0
57628_NT_AL_AA.fasta.zip,1.2317563891410828,0.7904778122901917,False,0,0,0
57630_NT_AL_AA.fasta.zip,0.643762618303299,0.944989025592804,True,0,0,0
57631_NT_AL_AA.fasta.zip,0.9917901754379272,0.972534567117691,False,0,0,0
57633_NT_AL_AA.fasta.zip,0.36179327964782715,0.9046051800251007,False,0,0,0
57634_NT_AL_AA.fasta.zip,0.8970060093062264,0.8769319908959525,False,0,0,0
57636_NT_AL_AA.fasta.zip,0.9482778161764145,0.9471361041069031,False,0,0,0
57639_NT_AL_AA.fasta.zip,1.3658101558685303,0.25827595591545105,False,0,0,0
57642_NT_AL_AA.fasta.zip,1.6182517608006795,0.42822345718741417,True,0,0,0
57643_NT_AL_AA.fasta.zip,0.473188320795695,0.9696396191914877,False,0,0,0
57644_NT_AL_AA.fasta.zip,1.2253309786319733,0.898921400308609,True,0,0,0
57645_NT_AL_AA.fasta.zip,0.8722594082355499,0.9819495677947998,False,0,0,0
57646_NT_AL_AA.fasta.zip,0.32862366549670696,0.9671027809381485,False,0,0,0
57647_NT_AL_AA.fasta.zip,0.627980907758077,0.6484613021214803,True,0,0,0
57648_NT_AL_AA.fasta.zip,1.1826860706011455,0.8918816645940145,False,0,0,0
57649_NT_AL_AA.fasta.zip,1.1871623198191326,0.9491673707962036,True,0,0,0
57650_NT_AL_AA.fasta.zip,1.6395761370658875,0.9198104739189148,False,0,0,0
57654_NT_AL_AA.fasta.zip,1.2829107642173767,0.417143777012825,False,0,0,0
57655_NT_AL_AA.fasta.zip,1.3236321806907654,0.9743071496486664,True,0,0,0
57657_NT_AL_AA.fasta.zip,0.48987753689289093,0.9724672138690948,False,0,0,0
57658_NT_AL_AA.fasta.zip,1.474926471710205,0.9560350477695465,True,0,0,0
57659_NT_AL_AA.fasta.zip,0.8483530481656393,0.9638502796490988,True,0,0,0
57661_NT_AL_AA.fasta.zip,1.8101418912410736,0.7755103409290314,True,0,0,0
57662_NT_AL_AA.fasta.zip,0.7167846163113912,0.9305450916290283,False,0,0,0
57664_NT_AL_AA.fasta.zip,1.103481113910675,0.9226632118225098,False,0,0,0
57666_NT_AL_AA.fasta.zip,2.4552486737569175,0.7314391533533732,True,0,0,0
57669_NT_AL_AA.fasta.zip,0.658768892288208,0.9692729711532593,True,0,0,0
57670_NT_AL_AA.fasta.zip,2.3705945730209352,0.7906790733337402,True,0,0,0
57673_NT_AL_AA.fasta.zip,0.814804881811142,0.8983179926872253,False,0,0,0
57674_NT_AL_AA.fasta.zip,1.126526260917837,0.3126833774149418,True,0,0,0
57677_NT_AL_AA.fasta.zip,0.4250437617301941,0.9721289277076721,False,0,0,0
57678_NT_AL_AA.fasta.zip,0.7296156287193298,0.9315029382705688,False,0,0,0
57679_NT_AL_AA.fasta.zip,0.8997701406478882,0.8056662157177925,True,0,0,0
57680_NT_AL_AA.fasta.zip,0.413602485631903,0.9554300010204315,True,0,0,0
57683_NT_AL_AA.fasta.zip,4.823087632656097,0.6335848197340965,True,0,0,0
57685_NT_AL_AA.fasta.zip,0.278716300924619,0.9579975406328837,False,0,0,0
57688_NT_AL_AA.fasta.zip,0.2517997995018959,0.9749121069908142,False,0,0,0
57689_NT_AL_AA.fasta.zip,0.1354876160621643,0.9707450568675995,False,0,0,0
5768_NT_AL_AA.fasta.zip,1.2165253460407257,0.5091135501861572,True,0,0,0
57690_NT_AL_AA.fasta.zip,0.9322546869516373,0.7500576376914978,True,0,0,0
57693_NT_AL_AA.fasta.zip,0.6190907955169678,0.9685462117195129,False,0,0,0
57695_NT_AL_AA.fasta.zip,0.7875604629516602,0.9293846786022186,False,0,0,0
57696_NT_AL_AA.fasta.zip,0.5936213880777359,0.6726141721010208,True,0,0,0
57697_NT_AL_AA.fasta.zip,2.329416739940643,0.9157814741134643,True,0,0,0
57698_NT_AL_AA.fasta.zip,0.7671354413032532,0.9143950343132019,False,0,0,0
57699_NT_AL_AA.fasta.zip,0.26283466815948486,0.9692364037036896,False,0,0,0
576_NT_AL_AA.fasta.zip,0.6522365808486938,0.960174098610878,False,0,0,0
57700_NT_AL_AA.fasta.zip,0.4171527028083801,0.8892079293727875,False,0,0,0
57701_NT_AL_AA.fasta.zip,1.3286239306132,0.9159190456072489,False,0,0,0
57703_NT_AL_AA.fasta.zip,0.803167998790741,0.9473367929458618,True,0,0,0
57704_NT_AL_AA.fasta.zip,0.49279309809207916,0.8252125978469849,False,0,0,0
57705_NT_AL_AA.fasta.zip,0.9865562745503017,0.6960137103285108,False,0,0,0
57706_NT_AL_AA.fasta.zip,0.8672957221666971,0.9133543769518534,True,0,0,0
57708_NT_AL_AA.fasta.zip,0.48375676572322845,0.9498124420642853,False,0,0,0
57709_NT_AL_AA.fasta.zip,0.4691818356513977,0.8134365379810333,False,0,0,0
57710_NT_AL_AA.fasta.zip,3.298025925954183,0.9136064251263937,True,0,0,0
57713_NT_AL_AA.fasta.zip,0.7291196584701538,0.9111105501651764,False,0,0,0
57715_NT_AL_AA.fasta.zip,1.0350977182388306,0.8029923141002655,False,0,0,0
57716_NT_AL_AA.fasta.zip,1.9762511730194092,0.7787347167730332,True,0,0,0
57718_NT_AL_AA.fasta.zip,1.2873415648937225,0.9480412602424622,True,0,0,0
57719_NT_AL_AA.fasta.zip,1.1656479239463806,0.9715659618377686,True,0,0,0
57720_NT_AL_AA.fasta.zip,0.44807201623916626,0.9643719792366028,False,0,0,0
57722_NT_AL_AA.fasta.zip,1.0073087414105732,0.9317582448323568,True,0,0,0
57724_NT_AL_AA.fasta.zip,0.8601729770501455,0.6992382357517878,True,0,0,0
57727_NT_AL_AA.fasta.zip,0.7988774180412292,0.5388807058334351,True,0,0,0
57728_NT_AL_AA.fasta.zip,1.0105358560880024,0.762745221455892,True,0,0,0
57731_NT_AL_AA.fasta.zip,0.9459695269664129,0.8748691082000732,True,0,0,0
57732_NT_AL_AA.fasta.zip,0.86086305975914,0.9663611650466919,False,0,0,0
5774_NT_AL_AA.fasta.zip,0.9625361561775208,0.9164297580718994,False,0,0,0
57758_NT_AL_AA.fasta.zip,1.0576857129732768,0.8236910700798035,True,0,0,0
5775_NT_AL_AA.fasta.zip,0.7881770133972168,0.8677852153778076,False,0,0,0
5777_NT_AL_AA.fasta.zip,0.531027689576149,0.7521032691001892,False,0,0,0
57787_NT_AL_AA.fasta.zip,0.38129105418920517,0.9627493917942047,False,0,0,0
57794_NT_AL_AA.fasta.zip,0.4588406980037689,0.9785131514072418,False,0,0,0
57795_NT_AL_AA.fasta.zip,0.545597106218338,0.7589402198791504,False,0,0,0
577_NT_AL_AA.fasta.zip,0.24007600918412209,0.9220673888921738,False,0,0,0
57805_NT_AL_AA.fasta.zip,0.7314175516366959,0.904464602470398,True,0,0,0
5780_NT_AL_AA.fasta.zip,0.8829205334186554,0.9668552279472351,False,0,0,0
5781_NT_AL_AA.fasta.zip,0.12168910354375839,0.9700901210308075,False,0,0,0
57821_NT_AL_AA.fasta.zip,1.484129250049591,0.8865140378475189,False,0,0,0
57822_NT_AL_AA.fasta.zip,0.6404216587543488,0.9175105690956116,False,0,0,0
57828_NT_AL_AA.fasta.zip,1.0853232145309448,0.3453311125437419,False,0,0,0
5782_NT_AL_AA.fasta.zip,0.5565511286258698,0.9552893936634064,True,0,0,0
57835_NT_AL_AA.fasta.zip,0.6121091445287069,0.9672101934750875,False,0,0,0
5783_NT_AL_AA.fasta.zip,0.9780890146891276,0.9237426122029623,True,0,0,0
5784_NT_AL_AA.fasta.zip,0.5326165755589803,0.8396279017130533,False,0,0,0
5786_NT_AL_AA.fasta.zip,0.2301362082362175,0.9769052863121033,False,0,0,0
5787_NT_AL_AA.fasta.zip,1.16826234459877,0.3953494906425476,True,0,0,0
5789_NT_AL_AA.fasta.zip,0.3147194925695658,0.9692213535308838,True,0,0,0
5791_NT_AL_AA.fasta.zip,0.37818360328674316,0.8163575232028961,False,0,0,0
5792_NT_AL_AA.fasta.zip,0.5054446160793304,0.8366521447896957,True,0,0,0
5793_NT_AL_AA.fasta.zip,0.3763255998492241,0.9223330318927765,False,0,0,0
5794_NT_AL_AA.fasta.zip,1.7762848536173503,0.242769921819369,True,0,0,0
5795_NT_AL_AA.fasta.zip,1.3582831621170044,0.2784247485299905,True,0,0,0
5796_NT_AL_AA.fasta.zip,0.20955091963211694,0.9669142564137777,False,0,0,0
5797_NT_AL_AA.fasta.zip,0.4038285215695699,0.8515150348345438,True,0,0,0
5798_NT_AL_AA.fasta.zip,1.2682000398635864,0.963135838508606,True,0,0,0
5799_NT_AL_AA.fasta.zip,1.8697055131196976,0.5306626111268997,True,0,0,0
5800_NT_AL_AA.fasta.zip,0.8090697228908539,0.8270348906517029,True,0,0,0
5801_NT_AL_AA.fasta.zip,0.677528589963913,0.8304160535335541,False,0,0,0
5802_NT_AL_AA.fasta.zip,0.5578026205301285,0.8665388226509094,True,0,0,0
5803_NT_AL_AA.fasta.zip,2.0004425942897797,0.7690996110439301,True,0,0,0
580_NT_AL_AA.fasta.zip,1.5434659719467163,0.8543972671031952,True,0,0,0
58155_NT_AL_AA.fasta.zip,0.06658901087939739,0.9725005328655243,False,0,0,0
5818_NT_AL_AA.fasta.zip,1.7965600490570068,0.6744673848152161,True,0,0,0
5819_NT_AL_AA.fasta.zip,1.1842792630195618,0.6227621734142303,False,0,0,0
5822_NT_AL_AA.fasta.zip,0.7409935295581818,0.669775515794754,True,0,0,0
5825_NT_AL_AA.fasta.zip,0.3453430011868477,0.4104900509119034,False,0,0,0
5826_NT_AL_AA.fasta.zip,0.8405326008796692,0.7990839779376984,False,0,0,0
5829_NT_AL_AA.fasta.zip,1.0272968014081318,0.954128086566925,True,0,0,0
582_NT_AL_AA.fasta.zip,1.1572653651237488,0.36140790581703186,False,0,0,0
5830_NT_AL_AA.fasta.zip,0.5950438380241394,0.8631040751934052,False,0,0,0
5832_NT_AL_AA.fasta.zip,0.45909029245376587,0.9657279253005981,False,0,0,0
5834_NT_AL_AA.fasta.zip,0.4472856819629669,0.6815113723278046,False,0,0,0
5836_NT_AL_AA.fasta.zip,0.30262184888124466,0.5363762527704239,True,0,0,0
5837_NT_AL_AA.fasta.zip,0.22494837641716003,0.5481626242399216,True,0,0,0
583_NT_AL_AA.fasta.zip,0.7405079305171967,0.6367469429969788,False,0,0,0
58484_NT_AL_AA.fasta.zip,2.0084901650746665,0.1575982024272283,False,0,0,0
58499_NT_AL_AA.fasta.zip,0.40638916194438934,0.9530551334222158,False,0,0,0
58504_NT_AL_AA.fasta.zip,1.2561521530151367,0.9113441705703735,False,0,0,0
58506_NT_AL_AA.fasta.zip,1.139705499013265,0.9606725573539734,False,0,0,0
58508_NT_AL_AA.fasta.zip,0.9044124687259848,0.8403987112370405,True,0,0,0
58509_NT_AL_AA.fasta.zip,0.5035807937383652,0.9793035984039307,False,0,0,0
58512_NT_AL_AA.fasta.zip,0.6984895070393881,0.9380393822987875,True,0,0,0
58513_NT_AL_AA.fasta.zip,0.6263641715049744,0.8654337525367737,True,0,0,0
58517_NT_AL_AA.fasta.zip,0.09561757743358612,0.9740592241287231,False,0,0,0
58524_NT_AL_AA.fasta.zip,0.8459237217903137,0.9768622517585754,False,0,0,0
58525_NT_AL_AA.fasta.zip,1.7655904293060303,0.9181289970874786,True,0,0,0
58538_NT_AL_AA.fasta.zip,1.0333687663078308,0.7431160509586334,False,0,0,0
5859_NT_AL_AA.fasta.zip,0.36409203708171844,0.4218130558729172,False,0,0,0
585_NT_AL_AA.fasta.zip,0.8074381053447723,0.9190127849578857,False,0,0,0
5863_NT_AL_AA.fasta.zip,0.9426819682121277,0.930119127035141,False,0,0,0
5871_NT_AL_AA.fasta.zip,0.5483430922031403,0.9697614908218384,False,0,0,0
5875_NT_AL_AA.fasta.zip,0.6801872253417969,0.7669125199317932,False,0,0,0
5884_NT_AL_AA.fasta.zip,1.1202070116996765,0.8153904974460602,False,0,0,0
5885_NT_AL_AA.fasta.zip,0.2522409036755562,0.9605534076690674,False,0,0,0
5894_NT_AL_AA.fasta.zip,0.3188141733407974,0.9317303895950317,False,0,0,0
5896_NT_AL_AA.fasta.zip,0.6512597699960073,0.8825717568397522,True,0,0,0
5897_NT_AL_AA.fasta.zip,0.6821143925189972,0.6848558783531189,False,0,0,0
58985_NT_AL_AA.fasta.zip,2.466553807258606,0.5056001245975494,True,0,0,0
58986_NT_AL_AA.fasta.zip,1.0128352344036102,0.6478474736213684,False,0,0,0
5900_NT_AL_AA.fasta.zip,1.9440922339757283,0.8613890210787455,True,0,0,0
5903_NT_AL_AA.fasta.zip,1.1416890658438206,0.741651052609086,True,0,0,0
5905_NT_AL_AA.fasta.zip,1.141846477985382,0.9649131596088409,False,0,0,0
5909_NT_AL_AA.fasta.zip,0.4380530118942261,0.9591859877109528,False,0,0,0
590_NT_AL_AA.fasta.zip,0.9712014198303223,0.7139936983585358,False,0,0,0
5910_NT_AL_AA.fasta.zip,0.774253249168396,0.8097400367259979,False,0,0,0
5917_NT_AL_AA.fasta.zip,0.45276182889938354,0.3722345679998398,False,0,0,0
5921_NT_AL_AA.fasta.zip,0.3640117943286896,0.9788610537846884,False,0,0,0
5922_NT_AL_AA.fasta.zip,0.8536713421344757,0.5800820887088776,False,0,0,0
5923_NT_AL_AA.fasta.zip,0.7481300036112467,0.9734553098678589,False,0,0,0
5924_NT_AL_AA.fasta.zip,0.42143915593624115,0.9554457068443298,False,0,0,0
5925_NT_AL_AA.fasta.zip,1.016614556312561,0.8923380970954895,True,0,0,0
59269_NT_AL_AA.fasta.zip,1.5482253034909566,0.9300154050191244,True,0,0,0
5926_NT_AL_AA.fasta.zip,1.4173019131024678,0.920305053393046,True,0,0,0
59272_NT_AL_AA.fasta.zip,0.6463072896003723,0.18837027251720428,False,0,0,0
59277_NT_AL_AA.fasta.zip,0.678640216588974,0.6217525899410248,False,0,0,0
5927_NT_AL_AA.fasta.zip,0.44978009909391403,0.9055549502372742,False,0,0,0
5929_NT_AL_AA.fasta.zip,0.09272721409797668,0.9715095162391663,False,0,0,0
5930_NT_AL_AA.fasta.zip,0.6772953420877457,0.7799104303121567,True,0,0,0
5932_NT_AL_AA.fasta.zip,1.2237020134925842,0.8668730854988098,False,0,0,0
59336_NT_AL_AA.fasta.zip,1.5925477743148804,0.9649136662483215,True,0,0,0
5933_NT_AL_AA.fasta.zip,0.933858593304952,0.9362022876739502,False,0,0,0
59341_NT_AL_AA.fasta.zip,0.47993941605091095,0.9555278122425079,False,0,0,0
59343_NT_AL_AA.fasta.zip,1.6265544891357422,0.9480083584785461,True,0,0,0
59344_NT_AL_AA.fasta.zip,0.6264531314373016,0.17030274122953415,False,0,0,0
59349_NT_AL_AA.fasta.zip,0.2258811518549919,0.9733306765556335,False,0,0,0
5934_NT_AL_AA.fasta.zip,1.4290673931439717,0.9432844519615173,True,0,0,0
59350_NT_AL_AA.fasta.zip,0.8480830788612366,0.5542320013046265,True,0,0,0
59352_NT_AL_AA.fasta.zip,1.2427878578503926,0.6457512875398,True,0,0,0
5949_NT_AL_AA.fasta.zip,1.2789907852808635,0.5846796333789825,True,0,0,0
5962_NT_AL_AA.fasta.zip,0.24216631799936295,0.9453296065330505,False,0,0,0
5965_NT_AL_AA.fasta.zip,0.6906036734580994,0.8795576691627502,False,0,0,0
5966_NT_AL_AA.fasta.zip,1.1496029496192932,0.9703716039657593,True,0,0,0
5970_NT_AL_AA.fasta.zip,0.702649861574173,0.9770014882087708,True,0,0,0
5971_NT_AL_AA.fasta.zip,0.6422641277313232,0.9761781990528107,False,0,0,0
5976_NT_AL_AA.fasta.zip,0.09213032325108846,0.9701500137646993,False,0,0,0
5978_NT_AL_AA.fasta.zip,2.512090563774109,0.8182361721992493,True,0,0,0
5979_NT_AL_AA.fasta.zip,0.911568840344747,0.46239636341730755,True,0,0,0
5980_NT_AL_AA.fasta.zip,1.0929681999342782,0.9263574225561959,True,0,0,0
5981_NT_AL_AA.fasta.zip,0.8519432147343954,0.9710586269696554,True,0,0,0
5987_NT_AL_AA.fasta.zip,0.1650639995932579,0.9661077857017517,False,0,0,0
5989_NT_AL_AA.fasta.zip,1.0196151236693065,0.9035401344299316,True,0,0,0
5990_NT_AL_AA.fasta.zip,0.7577410340309143,0.892272412776947,True,0,0,0
5991_NT_AL_AA.fasta.zip,0.12687847390770912,0.9723916947841644,False,0,0,0
5992_NT_AL_AA.fasta.zip,0.6314005553722382,0.9313252866268158,True,0,0,0
5993_NT_AL_AA.fasta.zip,1.3037191331386566,0.9437043368816376,True,0,0,0
5998_NT_AL_AA.fasta.zip,0.8154521187146505,0.9271659255027771,False,0,0,0
6002_NT_AL_AA.fasta.zip,0.6802972157796224,0.9179494778315226,False,0,0,0
6011_NT_AL_AA.fasta.zip,0.5127077996730804,0.6653349995613098,False,0,0,0
6018_NT_AL_AA.fasta.zip,0.9387769103050232,0.9660072922706604,True,0,0,0
60312_NT_AL_AA.fasta.zip,0.5567719042301178,0.7353984415531158,False,0,0,0
60385_NT_AL_AA.fasta.zip,1.1756168007850647,0.9147611856460571,False,0,0,0
60412_NT_AL_AA.fasta.zip,0.4708491414785385,0.9374565184116364,False,0,0,0
6041_NT_AL_AA.fasta.zip,1.1277767419815063,0.20237120240926743,False,0,0,0
60437_NT_AL_AA.fasta.zip,1.749235212802887,0.06395092979073524,False,0,0,0
60468_NT_AL_AA.fasta.zip,0.7628313601016998,0.951537549495697,False,0,0,0
6046_NT_AL_AA.fasta.zip,0.27036166191101074,0.9625015556812286,False,0,0,0
60482_NT_AL_AA.fasta.zip,0.3703964054584503,0.6139134764671326,False,0,0,0
60493_NT_AL_AA.fasta.zip,1.0455287396907806,0.784685879945755,True,0,0,0
60494_NT_AL_AA.fasta.zip,1.9492161273956299,0.716180145740509,False,0,0,0
60495_NT_AL_AA.fasta.zip,0.3570365309715271,0.9778054058551788,False,0,0,0
6049_NT_AL_AA.fasta.zip,1.114344984292984,0.9606838524341583,False,0,0,0
604_NT_AL_AA.fasta.zip,0.6039656102657318,0.8370917439460754,False,0,0,0
60509_NT_AL_AA.fasta.zip,0.7649607956409454,0.9677701890468597,True,0,0,0
6051_NT_AL_AA.fasta.zip,0.5494565665721893,0.597766250371933,False,0,0,0
60528_NT_AL_AA.fasta.zip,0.6299431920051575,0.7162853479385376,False,0,0,0
60558_NT_AL_AA.fasta.zip,0.7588770687580109,0.778302788734436,False,0,0,0
60560_NT_AL_AA.fasta.zip,0.2442939355969429,0.967322051525116,False,0,0,0
60561_NT_AL_AA.fasta.zip,0.9703976809978485,0.8416637778282166,False,0,0,0
6059_NT_AL_AA.fasta.zip,0.06741457059979439,0.9719173312187195,False,0,0,0
60625_NT_AL_AA.fasta.zip,0.44895385205745697,0.6792540848255157,False,0,0,0
60626_NT_AL_AA.fasta.zip,0.5992908775806427,0.6828474998474121,False,0,0,0
60676_NT_AL_AA.fasta.zip,0.9576199501752853,0.6702798455953598,True,0,0,0
60678_NT_AL_AA.fasta.zip,0.5689002871513367,0.9502268731594086,False,0,0,0
60681_NT_AL_AA.fasta.zip,0.5237697213888168,0.4631531238555908,True,0,0,0
60684_NT_AL_AA.fasta.zip,0.46168404817581177,0.5997299750645956,True,0,0,0
60686_NT_AL_AA.fasta.zip,0.7054876685142517,0.9734081923961639,False,0,0,0
607_NT_AL_AA.fasta.zip,1.056788941224416,0.877064049243927,True,0,0,0
6091_NT_AL_AA.fasta.zip,0.5447220280766487,0.9390302449464798,False,0,0,0
6092_NT_AL_AA.fasta.zip,0.7523233890533447,0.9164620786905289,True,0,0,0
6093_NT_AL_AA.fasta.zip,0.5395016769568125,0.9005275170008341,True,0,0,0
6097_NT_AL_AA.fasta.zip,0.7616403102874756,0.965869128704071,False,0,0,0
6098_NT_AL_AA.fasta.zip,1.7230568170547484,0.6204438626766204,True,0,0,0
6103_NT_AL_AA.fasta.zip,2.6226890981197357,0.8154489994049072,True,0,0,0
610_NT_AL_AA.fasta.zip,0.3726572170853615,0.9788168370723724,False,0,0,0
6117_NT_AL_AA.fasta.zip,0.7671234905719757,0.8676071763038635,False,0,0,0
6121_NT_AL_AA.fasta.zip,0.8230462074279785,0.7808581292629242,False,0,0,0
613_NT_AL_AA.fasta.zip,0.6876148581504822,0.8876928289731344,True,0,0,0
6184_NT_AL_AA.fasta.zip,1.1036388576030731,0.9683364629745483,False,0,0,0
6185_NT_AL_AA.fasta.zip,1.8973156809806824,0.9110438227653503,True,0,0,0
619189_NT_AL_AA.fasta.zip,2.2350045442581177,0.8777226209640503,False,0,0,0
6195_NT_AL_AA.fasta.zip,0.4397248774766922,0.9738242328166962,False,0,0,0
6197_NT_AL_AA.fasta.zip,0.08518274128437042,0.9737812876701355,False,0,0,0
6198_NT_AL_AA.fasta.zip,0.15496084839105606,0.975806474685669,False,0,0,0
6238_NT_AL_AA.fasta.zip,1.126578430334727,0.44094373285770416,True,0,0,0
6239_NT_AL_AA.fasta.zip,1.185486987233162,0.8111782670021057,True,0,0,0
6240_NT_AL_AA.fasta.zip,0.19323990494012833,0.8090887665748596,False,0,0,0
6242_NT_AL_AA.fasta.zip,0.9427538514137268,0.8730005919933319,False,0,0,0
6249_NT_AL_AA.fasta.zip,1.2354746639728547,0.5238254353404045,True,0,0,0
6252_NT_AL_AA.fasta.zip,1.0854405760765076,0.9548680782318115,True,0,0,0
6253_NT_AL_AA.fasta.zip,1.2450038194656372,0.9595666825771332,False,0,0,0
6257_NT_AL_AA.fasta.zip,0.35188595950603485,0.9682090580463409,False,0,0,0
6259_NT_AL_AA.fasta.zip,0.22760480642318726,0.959138035774231,False,0,0,0
6261_NT_AL_AA.fasta.zip,0.3855716816403649,0.7870433086698706,True,0,0,0
6262_NT_AL_AA.fasta.zip,0.32425525513562287,0.932725191116333,False,0,0,0
6263_NT_AL_AA.fasta.zip,0.7463885247707367,0.8923361241817475,True,0,0,0
6272_NT_AL_AA.fasta.zip,0.5865989476442337,0.6836625784635544,True,0,0,0
6293_NT_AL_AA.fasta.zip,0.4972592294216156,0.9699817001819611,False,0,0,0
6294_NT_AL_AA.fasta.zip,0.6254000827670098,0.9511590838432312,True,0,0,0
6296_NT_AL_AA.fasta.zip,0.9463608860969543,0.2547468841075897,False,0,0,0
6297_NT_AL_AA.fasta.zip,0.8528197010358175,0.9464699029922485,True,0,0,0
6299_NT_AL_AA.fasta.zip,0.7613170643647512,0.9772365689277649,True,0,0,0
629_NT_AL_AA.fasta.zip,0.5623235702514648,0.4069420099258423,False,0,0,0
6301_NT_AL_AA.fasta.zip,0.40717844665050507,0.9410443902015686,False,0,0,0
63027_NT_AL_AA.fasta.zip,0.8510303199291229,0.9031514525413513,False,0,0,0
63035_NT_AL_AA.fasta.zip,1.7896277606487274,0.9537207931280136,True,0,0,0
6304_NT_AL_AA.fasta.zip,0.3048606142401695,0.971319317817688,False,0,0,0
6305_NT_AL_AA.fasta.zip,0.770317330956459,0.8963654190301895,True,0,0,0
6310_NT_AL_AA.fasta.zip,0.8235207895437876,0.8686501979827881,True,0,0,0
6311_NT_AL_AA.fasta.zip,0.6623389919598898,0.9553210139274597,False,0,0,0
6314_NT_AL_AA.fasta.zip,1.691407839457194,0.9198132753372192,False,0,0,0
631_NT_AL_AA.fasta.zip,2.5798736810684204,0.8589913547039032,False,0,0,0
6329_NT_AL_AA.fasta.zip,0.3899465575814247,0.7955887615680695,True,0,0,0
6331_NT_AL_AA.fasta.zip,0.46965874433517457,0.9059753298759461,False,0,0,0
6332_NT_AL_AA.fasta.zip,1.267601639032364,0.6638220101594925,True,0,0,0
6334_NT_AL_AA.fasta.zip,0.16752751618623735,0.9611456394195557,False,0,0,0
6336_NT_AL_AA.fasta.zip,0.8111439287662506,0.875437343120575,True,0,0,0
6337_NT_AL_AA.fasta.zip,0.746313601732254,0.7850674092769623,False,0,0,0
6338_NT_AL_AA.fasta.zip,0.5617901384830475,0.40228720009326935,False,0,0,0
6340_NT_AL_AA.fasta.zip,0.63332399725914,0.6588990688323975,False,0,0,0
6342_NT_AL_AA.fasta.zip,0.4288547486066818,0.5386387258768082,False,0,0,0
636_NT_AL_AA.fasta.zip,0.83758544921875,0.8971580266952515,False,0,0,0
6376_NT_AL_AA.fasta.zip,3.277036428451538,0.5607969164848328,True,0,0,0
63827_NT_AL_AA.fasta.zip,1.0721186995506287,0.9611203372478485,True,0,0,0
63891_NT_AL_AA.fasta.zip,0.5638057589530945,0.8408682346343994,False,0,0,0
63892_NT_AL_AA.fasta.zip,1.2939394414424896,0.6306716203689575,True,0,0,0
63893_NT_AL_AA.fasta.zip,0.41653886437416077,0.9710638721783956,False,0,0,0
63894_NT_AL_AA.fasta.zip,1.236217200756073,0.7713038325309753,False,0,0,0
63895_NT_AL_AA.fasta.zip,0.4638419772187869,0.9213675459225973,False,0,0,0
63897_NT_AL_AA.fasta.zip,0.8257302045822144,0.9120241403579712,True,0,0,0
6389_NT_AL_AA.fasta.zip,0.2483915388584137,0.7267961800098419,True,0,0,0
63901_NT_AL_AA.fasta.zip,2.122841775417328,0.2460268810391426,True,0,0,0
63906_NT_AL_AA.fasta.zip,0.5961238145828247,0.9239144027233124,False,0,0,0
63916_NT_AL_AA.fasta.zip,0.17772849649190903,0.9707922041416168,False,0,0,0
63917_NT_AL_AA.fasta.zip,0.4193693697452545,0.6212384104728699,False,0,0,0
63922_NT_AL_AA.fasta.zip,1.0578185518582661,0.7927253643671671,False,0,0,0
63923_NT_AL_AA.fasta.zip,0.7974214355150858,0.30023075826466084,True,0,0,0
63925_NT_AL_AA.fasta.zip,0.8398452599843343,0.948366661866506,False,0,0,0
63926_NT_AL_AA.fasta.zip,0.7228868007659912,0.2500229775905609,False,0,0,0
63929_NT_AL_AA.fasta.zip,0.8079818487167358,0.9263888001441956,False,0,0,0
63934_NT_AL_AA.fasta.zip,1.370728850364685,0.9767895340919495,True,0,0,0
63935_NT_AL_AA.fasta.zip,0.6483525335788727,0.9592515528202057,False,0,0,0
63950_NT_AL_AA.fasta.zip,0.8259845972061157,0.9715900123119354,False,0,0,0
63951_NT_AL_AA.fasta.zip,1.9874792098999023,0.978984147310257,False,0,0,0
63967_NT_AL_AA.fasta.zip,1.1072893589735031,0.9217140674591064,True,0,0,0
63971_NT_AL_AA.fasta.zip,0.5144641622900963,0.8852507621049881,True,0,0,0
63976_NT_AL_AA.fasta.zip,0.8438777128855387,0.8930637836456299,False,0,0,0
63977_NT_AL_AA.fasta.zip,0.4250944604476293,0.9103062351544698,False,0,0,0
63978_NT_AL_AA.fasta.zip,1.378805160522461,0.8923507332801819,True,0,0,0
63979_NT_AL_AA.fasta.zip,0.7526935935020447,0.9654130935668945,True,0,0,0
6397_NT_AL_AA.fasta.zip,0.2914917916059494,0.9767860174179077,False,0,0,0
63982_NT_AL_AA.fasta.zip,0.5687554627656937,0.676673024892807,True,0,0,0
639_NT_AL_AA.fasta.zip,1.4222038984298706,0.90140101313591,False,0,0,0
64005_NT_AL_AA.fasta.zip,0.4300428827603658,0.46000613272190094,False,0,0,0
6400_NT_AL_AA.fasta.zip,0.3091989532113075,0.9727763235569,False,0,0,0
6401_NT_AL_AA.fasta.zip,1.0059921443462372,0.022749532014131546,True,0,0,0
6403_NT_AL_AA.fasta.zip,1.186804989973704,0.07255866937339306,False,0,0,0
6404_NT_AL_AA.fasta.zip,3.640369415283203,0.5915645658969879,True,0,0,0
6405_NT_AL_AA.fasta.zip,0.48008696734905243,0.951403945684433,False,0,0,0
64061_NT_AL_AA.fasta.zip,1.7843359112739563,0.962328314781189,True,0,0,0
64062_NT_AL_AA.fasta.zip,0.23805234829584757,0.9477121233940125,False,0,0,0
64066_NT_AL_AA.fasta.zip,0.9281955659389496,0.7112520635128021,False,0,0,0
64067_NT_AL_AA.fasta.zip,0.5147256478667259,0.9741007089614868,True,0,0,0
64072_NT_AL_AA.fasta.zip,0.729867330619267,0.4216641326035772,True,0,0,0
64078_NT_AL_AA.fasta.zip,0.7772765457630157,0.47450076788663864,True,0,0,0
64084_NT_AL_AA.fasta.zip,0.7425145655870438,0.9395954608917236,True,0,0,0
64087_NT_AL_AA.fasta.zip,0.45273832976818085,0.1341495718806982,False,0,0,0
64094_NT_AL_AA.fasta.zip,0.42070600390434265,0.8928276598453522,False,0,0,0
64097_NT_AL_AA.fasta.zip,0.9390529096126556,0.9279486238956451,False,0,0,0
640_NT_AL_AA.fasta.zip,0.6792753636837006,0.49683067202568054,False,0,0,0
64101_NT_AL_AA.fasta.zip,0.30036507546901703,0.9761252701282501,False,0,0,0
64123_NT_AL_AA.fasta.zip,0.9610267579555511,0.5814510732889175,True,0,0,0
64127_NT_AL_AA.fasta.zip,0.8393099506696066,0.4889487326145172,False,0,0,0
64131_NT_AL_AA.fasta.zip,0.5951922535896301,0.9573473930358887,False,0,0,0
64132_NT_AL_AA.fasta.zip,0.5250745415687561,0.77876016497612,False,0,0,0
64135_NT_AL_AA.fasta.zip,0.7165775895118713,0.6409350832303365,False,0,0,0
64137_NT_AL_AA.fasta.zip,0.8277188241481781,0.9526108503341675,False,0,0,0
64145_NT_AL_AA.fasta.zip,1.1835405826568604,0.9138593971729279,False,0,0,0
64147_NT_AL_AA.fasta.zip,1.8337289690971375,0.8520384430885315,True,0,0,0
6416_NT_AL_AA.fasta.zip,0.10530954226851463,0.9712755978107452,False,0,0,0
64170_NT_AL_AA.fasta.zip,1.2097143530845642,0.757169246673584,False,0,0,0
64175_NT_AL_AA.fasta.zip,0.7974633276462555,0.950098067522049,False,0,0,0
641_NT_AL_AA.fasta.zip,1.4063834349314372,0.8337764143943787,True,0,0,0
64207_NT_AL_AA.fasta.zip,0.6723200082778931,0.9787767827510834,True,0,0,0
64210_NT_AL_AA.fasta.zip,1.019631266593933,0.8205797672271729,True,0,0,0
64215_NT_AL_AA.fasta.zip,0.4998796731233597,0.9425685703754425,False,0,0,0
64218_NT_AL_AA.fasta.zip,0.8272295892238617,0.5368809700012207,False,0,0,0
64219_NT_AL_AA.fasta.zip,1.7845094203948975,0.9349867105484009,True,0,0,0
6421_NT_AL_AA.fasta.zip,0.47366636246442795,0.979509562253952,True,0,0,0
64220_NT_AL_AA.fasta.zip,1.4606870412826538,0.5215293318033218,False,0,0,0
64221_NT_AL_AA.fasta.zip,1.4078790942827861,0.7973727385203043,True,0,0,0
64225_NT_AL_AA.fasta.zip,0.40399158000946045,0.9495454430580139,False,0,0,0
64240_NT_AL_AA.fasta.zip,0.9250453412532806,0.41842371970415115,False,0,0,0
64241_NT_AL_AA.fasta.zip,0.9117572903633118,0.782691091299057,False,0,0,0
642475_NT_AL_AA.fasta.zip,0.972897857427597,0.7783499956130981,False,0,0,0
642574_NT_AL_AA.fasta.zip,1.5239413380622864,0.39100196957588196,False,0,0,0
642636_NT_AL_AA.fasta.zip,1.7294093370437622,0.9352937936782837,True,0,0,0
64282_NT_AL_AA.fasta.zip,0.40018755197525024,0.9772392511367798,False,0,0,0
64283_NT_AL_AA.fasta.zip,1.2343616336584091,0.8860238343477249,True,0,0,0
64285_NT_AL_AA.fasta.zip,0.36117732524871826,0.8292825520038605,False,0,0,0
642938_NT_AL_AA.fasta.zip,1.00420480966568,0.9520189464092255,False,0,0,0
642987_NT_AL_AA.fasta.zip,2.035490334033966,0.37311236560344696,True,0,0,0
6429_NT_AL_AA.fasta.zip,0.519167073071003,0.9496342539787292,True,0,0,0
64318_NT_AL_AA.fasta.zip,0.7914817035198212,0.9088394641876221,False,0,0,0
64319_NT_AL_AA.fasta.zip,0.8422009547551473,0.8838232358296713,True,0,0,0
64324_NT_AL_AA.fasta.zip,2.0440763756632805,0.896879772345225,True,0,0,0
64326_NT_AL_AA.fasta.zip,0.32459282875061035,0.9789395034313202,True,0,0,0
64328_NT_AL_AA.fasta.zip,0.3234160840511322,0.9466118216514587,False,0,0,0
64332_NT_AL_AA.fasta.zip,0.8464689552783966,0.9368118047714233,True,0,0,0
64333_NT_AL_AA.fasta.zip,1.2234154641628265,0.9456977248191833,True,0,0,0
643376_NT_AL_AA.fasta.zip,1.715679109096527,0.9157677292823792,True,0,0,0
6433_NT_AL_AA.fasta.zip,0.42041097581386566,0.9198251068592072,False,0,0,0
64344_NT_AL_AA.fasta.zip,0.7416865229606628,0.9456433057785034,True,0,0,0
643677_NT_AL_AA.fasta.zip,3.9971028247475626,0.7908042746037245,True,0,0,0
64375_NT_AL_AA.fasta.zip,0.8170887529850006,0.957625538110733,False,0,0,0
643836_NT_AL_AA.fasta.zip,0.3430873602628708,0.9849742949008942,False,0,0,0
64386_NT_AL_AA.fasta.zip,0.6103613078594208,0.42768608033657074,False,0,0,0
64395_NT_AL_AA.fasta.zip,0.8842538893222809,0.9694847464561462,False,0,0,0
64397_NT_AL_AA.fasta.zip,1.4082709550857544,0.9244762301445008,True,0,0,0
64398_NT_AL_AA.fasta.zip,0.3714887797832489,0.9446631371974945,False,0,0,0
64399_NT_AL_AA.fasta.zip,0.9895123243331909,0.8665572106838226,True,0,0,0
64403_NT_AL_AA.fasta.zip,0.6084355413913727,0.4941307455301285,True,0,0,0
644041_NT_AL_AA.fasta.zip,2.554669499397278,0.7874925136566162,True,0,0,0
64405_NT_AL_AA.fasta.zip,0.9798990190029144,0.9764768481254578,False,0,0,0
64409_NT_AL_AA.fasta.zip,0.2739139497280121,0.9694381654262543,False,0,0,0
64410_NT_AL_AA.fasta.zip,0.6787715256214142,0.9344301521778107,False,0,0,0
64411_NT_AL_AA.fasta.zip,1.0063201487064362,0.903863251209259,False,0,0,0
64412_NT_AL_AA.fasta.zip,0.6052676141262054,0.9702973961830139,False,0,0,0
644150_NT_AL_AA.fasta.zip,1.177433967590332,0.8851360380649567,False,0,0,0
64418_NT_AL_AA.fasta.zip,0.7531839311122894,0.7993179857730865,False,0,0,0
64419_NT_AL_AA.fasta.zip,0.5949741899967194,0.6995708644390106,False,0,0,0
64420_NT_AL_AA.fasta.zip,1.394399344921112,0.150834321975708,False,0,0,0
64421_NT_AL_AA.fasta.zip,0.831403374671936,0.8962779641151428,False,0,0,0
64423_NT_AL_AA.fasta.zip,1.007783830165863,0.7764426320791245,True,0,0,0
64430_NT_AL_AA.fasta.zip,1.3224122126897175,0.7222657004992167,False,0,0,0
64434_NT_AL_AA.fasta.zip,1.2672670185565948,0.7296089828014374,True,0,0,0
64446_NT_AL_AA.fasta.zip,0.5666497051715851,0.5776096731424332,True,0,0,0
6446_NT_AL_AA.fasta.zip,0.3144901245832443,0.9761938452720642,False,0,0,0
64478_NT_AL_AA.fasta.zip,0.3701014555990696,0.4021428721025586,True,0,0,0
644815_NT_AL_AA.fasta.zip,1.3090669214725494,0.8909689486026764,True,0,0,0
6448_NT_AL_AA.fasta.zip,0.35933586955070496,0.20969706028699875,False,0,0,0
644943_NT_AL_AA.fasta.zip,0.9661946296691895,0.9737888872623444,False,0,0,0
64506_NT_AL_AA.fasta.zip,1.0027397871017456,0.9718317985534668,False,0,0,0
645191_NT_AL_AA.fasta.zip,0.675158679485321,0.5055410265922546,False,0,0,0
6452_NT_AL_AA.fasta.zip,0.8514610528945923,0.8232845962047577,False,0,0,0
645369_NT_AL_AA.fasta.zip,1.6855069398880005,0.9380432367324829,True,0,0,0
6453_NT_AL_AA.fasta.zip,0.40844957157969475,0.9621945321559906,False,0,0,0
645811_NT_AL_AA.fasta.zip,2.8765342235565186,0.11782487109303474,True,0,0,0
64582_NT_AL_AA.fasta.zip,1.9645625948905945,0.9598976969718933,False,0,0,0
64599_NT_AL_AA.fasta.zip,0.6424233516057333,0.9553652803103129,False,0,0,0
64601_NT_AL_AA.fasta.zip,1.0594481527805328,0.9366332292556763,True,0,0,0
6461_NT_AL_AA.fasta.zip,0.5521210730075836,0.9124564528465271,False,0,0,0
646262_NT_AL_AA.fasta.zip,1.2402722835540771,0.7522326111793518,False,0,0,0
64641_NT_AL_AA.fasta.zip,0.07243753969669342,0.9725313782691956,False,0,0,0
6464_NT_AL_AA.fasta.zip,0.3719841092824936,0.9542926251888275,False,0,0,0
64651_NT_AL_AA.fasta.zip,1.922422468662262,0.8867369294166565,False,0,0,0
64682_NT_AL_AA.fasta.zip,0.6297960057854652,0.8155587464570999,True,0,0,0
646851_NT_AL_AA.fasta.zip,1.7063159346580505,0.4857849031686783,False,0,0,0
64689_NT_AL_AA.fasta.zip,1.1824845671653748,0.9761195778846741,False,0,0,0
6468_NT_AL_AA.fasta.zip,1.2629929184913635,0.97177854180336,False,0,0,0
646960_NT_AL_AA.fasta.zip,1.2855073809623718,0.8759391009807587,False,0,0,0
646_NT_AL_AA.fasta.zip,1.2796993056933086,0.9443023006121317,True,0,0,0
647024_NT_AL_AA.fasta.zip,3.1150758504867553,0.7044036746025085,True,0,0,0
64711_NT_AL_AA.fasta.zip,0.4770352691411972,0.965309351682663,False,0,0,0
64714_NT_AL_AA.fasta.zip,1.0281530320644379,0.3850514739751816,False,0,0,0
64718_NT_AL_AA.fasta.zip,1.0291358530521393,0.9251152276992798,True,0,0,0
6472_NT_AL_AA.fasta.zip,0.38868778944015503,0.8267078697681427,False,0,0,0
64746_NT_AL_AA.fasta.zip,0.8086929023265839,0.9354381561279297,False,0,0,0
64750_NT_AL_AA.fasta.zip,0.12130062654614449,0.9735897481441498,False,0,0,0
64753_NT_AL_AA.fasta.zip,1.7458935777346294,0.5151388148466746,True,0,0,0
64759_NT_AL_AA.fasta.zip,1.3228634744882584,0.7869743406772614,True,0,0,0
64760_NT_AL_AA.fasta.zip,0.6152255833148956,0.8060862720012665,False,0,0,0
64761_NT_AL_AA.fasta.zip,1.102620929479599,0.5270274877548218,False,0,0,0
64762_NT_AL_AA.fasta.zip,0.4980243742465973,0.9147526025772095,False,0,0,0
64763_NT_AL_AA.fasta.zip,0.5784254819154739,0.9726408123970032,True,0,0,0
64764_NT_AL_AA.fasta.zip,0.6553113162517548,0.8701151311397552,False,0,0,0
64768_NT_AL_AA.fasta.zip,0.6103322207927704,0.8460123836994171,False,0,0,0
6476_NT_AL_AA.fasta.zip,0.5376936420798302,0.4034705087542534,False,0,0,0
64770_NT_AL_AA.fasta.zip,2.6717352867126465,0.9096315205097198,True,0,0,0
64772_NT_AL_AA.fasta.zip,0.747091144323349,0.34847548604011536,False,0,0,0
64778_NT_AL_AA.fasta.zip,1.1288469235102336,0.8712983330090841,False,0,0,0
64780_NT_AL_AA.fasta.zip,1.1457353432973225,0.6917901635169983,True,0,0,0
64781_NT_AL_AA.fasta.zip,0.7114527821540833,0.4842033088207245,False,0,0,0
64783_NT_AL_AA.fasta.zip,0.4852379709482193,0.9602780938148499,False,0,0,0
64784_NT_AL_AA.fasta.zip,1.3115162253379822,0.817689061164856,True,0,0,0
64786_NT_AL_AA.fasta.zip,0.8664188385009766,0.8936978578567505,True,0,0,0
64787_NT_AL_AA.fasta.zip,0.9318967759609222,0.8259741365909576,False,0,0,0
64788_NT_AL_AA.fasta.zip,0.584713339805603,0.49230314791202545,False,0,0,0
64793_NT_AL_AA.fasta.zip,1.1277057528495789,0.9271004796028137,False,0,0,0
64794_NT_AL_AA.fasta.zip,0.6336119472980499,0.8766071796417236,False,0,0,0
64799_NT_AL_AA.fasta.zip,1.0002848505973816,0.44740747412045795,False,0,0,0
64800_NT_AL_AA.fasta.zip,1.8985561728477478,0.5301091521978378,True,0,0,0
64837_NT_AL_AA.fasta.zip,0.3357894718647003,0.9618913531303406,False,0,0,0
64839_NT_AL_AA.fasta.zip,1.0410178899765015,0.9806474149227142,True,0,0,0
64844_NT_AL_AA.fasta.zip,1.2724691331386566,0.948352575302124,True,0,0,0
64847_NT_AL_AA.fasta.zip,1.2826111912727356,0.7134802341461182,True,0,0,0
64848_NT_AL_AA.fasta.zip,1.0003262758255005,0.9682149887084961,True,0,0,0
64849_NT_AL_AA.fasta.zip,0.832298070192337,0.8834068477153778,False,0,0,0
64850_NT_AL_AA.fasta.zip,0.5281499624252319,0.6729545295238495,False,0,0,0
64852_NT_AL_AA.fasta.zip,1.4016080796718597,0.8401078879833221,True,0,0,0
64855_NT_AL_AA.fasta.zip,0.9377256035804749,0.926517128944397,True,0,0,0
64857_NT_AL_AA.fasta.zip,1.4961722046136856,0.9540121853351593,True,0,0,0
64858_NT_AL_AA.fasta.zip,0.9101029932498932,0.934532642364502,False,0,0,0
64860_NT_AL_AA.fasta.zip,1.6319785118103027,0.89424929022789,False,0,0,0
64864_NT_AL_AA.fasta.zip,0.8457271531224251,0.8784713000059128,True,0,0,0
64866_NT_AL_AA.fasta.zip,0.9925000965595245,0.49531541764736176,False,0,0,0
64881_NT_AL_AA.fasta.zip,0.9205175340175629,0.8539786040782928,False,0,0,0
64895_NT_AL_AA.fasta.zip,0.32845477759838104,0.974787026643753,False,0,0,0
64900_NT_AL_AA.fasta.zip,1.1306995153427124,0.8433716595172882,True,0,0,0
64901_NT_AL_AA.fasta.zip,1.1382726430892944,0.8768432140350342,True,0,0,0
64902_NT_AL_AA.fasta.zip,0.7554104924201965,0.6491931080818176,False,0,0,0
6490_NT_AL_AA.fasta.zip,1.4736186265945435,0.6700825244188309,True,0,0,0
64919_NT_AL_AA.fasta.zip,0.41308221220970154,0.8917170166969299,False,0,0,0
6491_NT_AL_AA.fasta.zip,1.7297564347585042,0.9293089509010315,False,0,0,0
64921_NT_AL_AA.fasta.zip,1.0440946817398071,0.9490274488925934,False,0,0,0
64924_NT_AL_AA.fasta.zip,0.851451188325882,0.7060096561908722,True,0,0,0
64925_NT_AL_AA.fasta.zip,2.711008846759796,0.7840447723865509,True,0,0,0
64926_NT_AL_AA.fasta.zip,1.3039982914924622,0.7196607887744904,True,0,0,0
6492_NT_AL_AA.fasta.zip,0.6137648820877075,0.876116931438446,True,0,0,0
6493_NT_AL_AA.fasta.zip,0.8224478662014008,0.9704960286617279,True,0,0,0
64943_NT_AL_AA.fasta.zip,0.5566140115261078,0.649714320898056,True,0,0,0
6494_NT_AL_AA.fasta.zip,0.9491135080655416,0.8720057408014933,True,0,0,0
6497_NT_AL_AA.fasta.zip,0.41743069887161255,0.9517721831798553,False,0,0,0
6498_NT_AL_AA.fasta.zip,0.6256146728992462,0.975905179977417,False,0,0,0
6499_NT_AL_AA.fasta.zip,0.5966729323069254,0.935506264368693,False,0,0,0
649_NT_AL_AA.fasta.zip,0.3035842925310135,0.9619134068489075,False,0,0,0
65018_NT_AL_AA.fasta.zip,0.6435975134372711,0.6913529336452484,False,0,0,0
65059_NT_AL_AA.fasta.zip,0.5656321744124094,0.9389015833536783,False,0,0,0
6505_NT_AL_AA.fasta.zip,0.5557180643081665,0.8359965085983276,False,0,0,0
65065_NT_AL_AA.fasta.zip,0.8492493331432343,0.7737020552158356,False,0,0,0
6506_NT_AL_AA.fasta.zip,0.22095350921154022,0.9634846448898315,False,0,0,0
65078_NT_AL_AA.fasta.zip,0.5162094980478287,0.7604226469993591,True,0,0,0
6507_NT_AL_AA.fasta.zip,0.3599502146244049,0.945938378572464,False,0,0,0
65082_NT_AL_AA.fasta.zip,0.4322911202907562,0.9474572241306305,False,0,0,0
65083_NT_AL_AA.fasta.zip,1.0484354098637898,0.46164413789908093,True,0,0,0
6508_NT_AL_AA.fasta.zip,0.7356518705685934,0.9654091795285543,False,0,0,0
65095_NT_AL_AA.fasta.zip,0.9319787621498108,0.8636806309223175,False,0,0,0
6509_NT_AL_AA.fasta.zip,0.4506451487541199,0.7901296317577362,False,0,0,0
65109_NT_AL_AA.fasta.zip,0.9696640968322754,0.9653663039207458,False,0,0,0
6510_NT_AL_AA.fasta.zip,0.6123108863830566,0.8221689164638519,False,0,0,0
6511_NT_AL_AA.fasta.zip,0.45068463683128357,0.9802527725696564,False,0,0,0
65124_NT_AL_AA.fasta.zip,1.6852166652679443,0.962338387966156,False,0,0,0
65125_NT_AL_AA.fasta.zip,1.4630798002084096,0.9136334260304769,True,0,0,0
6512_NT_AL_AA.fasta.zip,0.45313937962055206,0.9043166935443878,False,0,0,0
6514_NT_AL_AA.fasta.zip,0.751403421163559,0.5730075240135193,False,0,0,0
651746_NT_AL_AA.fasta.zip,1.0331765413284302,0.8560086190700531,False,0,0,0
6517_NT_AL_AA.fasta.zip,0.32923437654972076,0.14395827800035477,False,0,0,0
6519_NT_AL_AA.fasta.zip,0.640085756778717,0.5795091986656189,False,0,0,0
6520_NT_AL_AA.fasta.zip,0.8439710140228271,0.5642911344766617,False,0,0,0
65217_NT_AL_AA.fasta.zip,1.3477261513471603,0.7281195670366287,True,0,0,0
6521_NT_AL_AA.fasta.zip,0.6389579474925995,0.36845095455646515,True,0,0,0
6522_NT_AL_AA.fasta.zip,0.3489946623643239,0.9261878530184428,False,0,0,0
6523_NT_AL_AA.fasta.zip,0.425713911652565,0.3741980791091919,False,0,0,0
65244_NT_AL_AA.fasta.zip,0.815069705247879,0.9695152938365936,False,0,0,0
65249_NT_AL_AA.fasta.zip,0.6789357463518778,0.7992995977401733,False,0,0,0
6524_NT_AL_AA.fasta.zip,0.43406614661216736,0.8636786043643951,False,0,0,0
65250_NT_AL_AA.fasta.zip,2.6296714884894237,0.6784437554223197,True,0,0,0
6525_NT_AL_AA.fasta.zip,1.9703522523244221,0.9272756179173788,True,0,0,0
65266_NT_AL_AA.fasta.zip,0.844256748755773,0.981595496336619,True,0,0,0
65267_NT_AL_AA.fasta.zip,1.09969512373209,0.9669528007507324,True,0,0,0
65268_NT_AL_AA.fasta.zip,1.1552871108055114,0.873341155052185,True,0,0,0
6526_NT_AL_AA.fasta.zip,0.346517451107502,0.8635077774524689,False,0,0,0
6528_NT_AL_AA.fasta.zip,0.5910923182964325,0.5966248661279678,False,0,0,0
652991_NT_AL_AA.fasta.zip,0.9908574024836222,0.9599725405375162,True,0,0,0
6529_NT_AL_AA.fasta.zip,0.22556323558092117,0.9474290013313293,False,0,0,0
6530_NT_AL_AA.fasta.zip,0.27197519689798355,0.5526320040225983,True,0,0,0
6531_NT_AL_AA.fasta.zip,0.31923921406269073,0.41030164062976837,True,0,0,0
6532_NT_AL_AA.fasta.zip,0.40239113569259644,0.520032525062561,True,0,0,0
6533_NT_AL_AA.fasta.zip,0.27098245918750763,0.5040262341499329,False,0,0,0
6534_NT_AL_AA.fasta.zip,0.5483652353286743,0.9019937515258789,False,0,0,0
653583_NT_AL_AA.fasta.zip,1.4165319800376892,0.9432715773582458,False,0,0,0
6535_NT_AL_AA.fasta.zip,0.31645330786705017,0.7311734855175018,True,0,0,0
6536_NT_AL_AA.fasta.zip,0.4249942749738693,0.9344988167285919,False,0,0,0
6538_NT_AL_AA.fasta.zip,0.3060271590948105,0.8705090880393982,False,0,0,0
6539_NT_AL_AA.fasta.zip,0.4248087704181671,0.5828274190425873,False,0,0,0
6540_NT_AL_AA.fasta.zip,0.4951205849647522,0.7266246378421783,False,0,0,0
6541_NT_AL_AA.fasta.zip,0.3994186967611313,0.7194725871086121,False,0,0,0
6542_NT_AL_AA.fasta.zip,0.6848313808441162,0.9648737609386444,False,0,0,0
6543_NT_AL_AA.fasta.zip,0.46462418138980865,0.9769800007343292,False,0,0,0
654463_NT_AL_AA.fasta.zip,0.7838019281625748,0.7841042056679726,True,0,0,0
6545_NT_AL_AA.fasta.zip,0.8287581205368042,0.5470851063728333,False,0,0,0
6546_NT_AL_AA.fasta.zip,0.35746122896671295,0.9720031321048737,False,0,0,0
6547_NT_AL_AA.fasta.zip,0.6934157311916351,0.952330470085144,False,0,0,0
6548_NT_AL_AA.fasta.zip,0.3299184888601303,0.9646411836147308,False,0,0,0
6549_NT_AL_AA.fasta.zip,0.3627294898033142,0.9663512110710144,False,0,0,0
654_NT_AL_AA.fasta.zip,0.6118433475494385,0.9727684855461121,False,0,0,0
6550_NT_AL_AA.fasta.zip,0.40236102044582367,0.7730936706066132,False,0,0,0
6553_NT_AL_AA.fasta.zip,0.39124998450279236,0.9672967195510864,False,0,0,0
6556_NT_AL_AA.fasta.zip,0.5258428752422333,0.7665819823741913,False,0,0,0
6557_NT_AL_AA.fasta.zip,0.5401195188363394,0.841895341873169,True,0,0,0
6558_NT_AL_AA.fasta.zip,0.3297965129216512,0.9456175565719604,False,0,0,0
6559_NT_AL_AA.fasta.zip,0.5821428000926971,0.6769706507523855,True,0,0,0
6560_NT_AL_AA.fasta.zip,0.3439336319764455,0.9351513385772705,False,0,0,0
6561_NT_AL_AA.fasta.zip,0.7586643993854523,0.6643945872783661,False,0,0,0
6563_NT_AL_AA.fasta.zip,0.7378363758325577,0.7762308120727539,True,0,0,0
6564_NT_AL_AA.fasta.zip,0.575691819190979,0.7552655339241028,False,0,0,0
6565_NT_AL_AA.fasta.zip,1.127759337425232,0.8398312628269196,False,0,0,0
6567_NT_AL_AA.fasta.zip,1.2342820167541504,0.9609507918357849,False,0,0,0
6569_NT_AL_AA.fasta.zip,0.5620344877243042,0.871476948261261,False,0,0,0
6570_NT_AL_AA.fasta.zip,0.8744038939476013,0.9195504784584045,False,0,0,0
6571_NT_AL_AA.fasta.zip,0.5419911742210388,0.9653545022010803,False,0,0,0
6572_NT_AL_AA.fasta.zip,0.6963665783405304,0.975049614906311,False,0,0,0
6573_NT_AL_AA.fasta.zip,0.8132371306419373,0.5574237108230591,False,0,0,0
6574_NT_AL_AA.fasta.zip,0.579417884349823,0.9536125659942627,False,0,0,0
6575_NT_AL_AA.fasta.zip,0.38976477086544037,0.837117463350296,False,0,0,0
6578_NT_AL_AA.fasta.zip,0.37194325029850006,0.8313050866127014,False,0,0,0
657_NT_AL_AA.fasta.zip,0.3111754059791565,0.9731591641902924,False,0,0,0
6581_NT_AL_AA.fasta.zip,0.7168276607990265,0.6649147868156433,False,0,0,0
6582_NT_AL_AA.fasta.zip,0.6488491594791412,0.20134101063013077,False,0,0,0
6583_NT_AL_AA.fasta.zip,0.5433389842510223,0.2828545421361923,False,0,0,0
6584_NT_AL_AA.fasta.zip,0.5043943971395493,0.28643038868904114,False,0,0,0
6585_NT_AL_AA.fasta.zip,0.5016375631093979,0.5558935776352882,True,0,0,0
6586_NT_AL_AA.fasta.zip,0.5094566494226456,0.4192661643028259,True,0,0,0
658_NT_AL_AA.fasta.zip,0.4394965022802353,0.9676859974861145,False,0,0,0
6594_NT_AL_AA.fasta.zip,0.5892511407534281,0.9534583886464437,True,0,0,0
6595_NT_AL_AA.fasta.zip,0.2712186435237527,0.9541225135326385,True,0,0,0
6596_NT_AL_AA.fasta.zip,1.0610202352205913,0.9241222341855367,True,0,0,0
65975_NT_AL_AA.fasta.zip,0.8279692828655243,0.9210177958011627,False,0,0,0
65979_NT_AL_AA.fasta.zip,1.020683765411377,0.9097495675086975,True,0,0,0
6597_NT_AL_AA.fasta.zip,0.17173916287720203,0.9636975973844528,False,0,0,0
65980_NT_AL_AA.fasta.zip,0.5319322198629379,0.7003204226493835,False,0,0,0
65981_NT_AL_AA.fasta.zip,2.4282734394073486,0.9652104576428732,True,0,0,0
65982_NT_AL_AA.fasta.zip,4.622261047363281,0.7894326746463776,False,0,0,0
65985_NT_AL_AA.fasta.zip,0.5524674654006958,0.360291063785553,False,0,0,0
65986_NT_AL_AA.fasta.zip,1.890160322189331,0.9531124234199524,False,0,0,0
65998_NT_AL_AA.fasta.zip,1.7209099531173706,0.968237966299057,True,0,0,0
6599_NT_AL_AA.fasta.zip,0.6095044612884521,0.8897950251897176,True,0,0,0
659_NT_AL_AA.fasta.zip,0.4475018580754598,0.9715763727823893,False,0,0,0
66000_NT_AL_AA.fasta.zip,2.5286970138549805,0.8654656410217285,True,0,0,0
66008_NT_AL_AA.fasta.zip,0.8282074729601542,0.9559913873672485,False,0,0,0
6601_NT_AL_AA.fasta.zip,0.5658224523067474,0.9468766252199808,True,0,0,0
6602_NT_AL_AA.fasta.zip,0.10058892145752907,0.9753498136997223,False,0,0,0
66036_NT_AL_AA.fasta.zip,1.1687926054000854,0.7977953851222992,False,0,0,0
6603_NT_AL_AA.fasta.zip,0.2138434574007988,0.9677403569221497,False,0,0,0
6608_NT_AL_AA.fasta.zip,0.29833924770355225,0.9800229966640472,False,0,0,0
6609_NT_AL_AA.fasta.zip,0.46290379762649536,0.6003339290618896,True,0,0,0
660_NT_AL_AA.fasta.zip,0.5064673870801926,0.9077707231044769,False,0,0,0
6614_NT_AL_AA.fasta.zip,1.3769213557243347,0.07361552165821195,False,0,0,0
6621_NT_AL_AA.fasta.zip,2.4421553909778595,0.6845619305968285,True,0,0,0
6640_NT_AL_AA.fasta.zip,1.1578198671340942,0.8826250433921814,False,0,0,0
6641_NT_AL_AA.fasta.zip,1.232679307460785,0.9537275433540344,False,0,0,0
6642_NT_AL_AA.fasta.zip,0.5323203504085541,0.9726854860782623,False,0,0,0
6643_NT_AL_AA.fasta.zip,0.32553885877132416,0.9705328345298767,False,0,0,0
6645_NT_AL_AA.fasta.zip,0.5143089443445206,0.9746373891830444,False,0,0,0
6646_NT_AL_AA.fasta.zip,0.8017992675304413,0.456713542342186,True,0,0,0
6650_NT_AL_AA.fasta.zip,0.697665810585022,0.8623755971590678,True,0,0,0
6651_NT_AL_AA.fasta.zip,1.6548050343990326,0.9161328417914254,True,0,0,0
6653_NT_AL_AA.fasta.zip,0.6486995398998261,0.5146582961082459,True,0,0,0
6654_NT_AL_AA.fasta.zip,0.2984629174073537,0.9651119709014893,False,0,0,0
6655_NT_AL_AA.fasta.zip,0.7798929711182913,0.8792172074317932,True,0,0,0
6659_NT_AL_AA.fasta.zip,1.432507038116455,0.9788129031658173,False,0,0,0
6660_NT_AL_AA.fasta.zip,0.4616726338863373,0.9665997326374054,False,0,0,0
6662_NT_AL_AA.fasta.zip,0.5271384716033936,0.9837275147438049,False,0,0,0
6664_NT_AL_AA.fasta.zip,1.7327346801757812,0.9774046242237091,False,0,0,0
6667_NT_AL_AA.fasta.zip,0.5994487553834915,0.8335109949111938,False,0,0,0
6668_NT_AL_AA.fasta.zip,0.6545291244983673,0.9627560377120972,False,0,0,0
6670_NT_AL_AA.fasta.zip,0.465823233127594,0.9272104501724243,True,0,0,0
6671_NT_AL_AA.fasta.zip,0.38097793608903885,0.964948296546936,False,0,0,0
6672_NT_AL_AA.fasta.zip,2.8036956787109375,0.3979131728410721,True,0,0,0
6674_NT_AL_AA.fasta.zip,1.191536784172058,0.6622424721717834,False,0,0,0
6675_NT_AL_AA.fasta.zip,0.5690702199935913,0.8692445456981659,False,0,0,0
667_NT_AL_AA.fasta.zip,1.6261735334992409,0.715559758245945,True,0,0,0
6683_NT_AL_AA.fasta.zip,0.5642404854297638,0.9647193253040314,False,0,0,0
6687_NT_AL_AA.fasta.zip,0.4201011508703232,0.8387108445167542,False,0,0,0
6692_NT_AL_AA.fasta.zip,0.9072848558425903,0.4481561779975891,False,0,0,0
6693_NT_AL_AA.fasta.zip,4.464784940083821,0.9296232859293619,True,0,0,0
6708_NT_AL_AA.fasta.zip,1.128642749786377,0.14542974755167962,False,0,0,0
6709_NT_AL_AA.fasta.zip,0.16325577348470688,0.9393259982268015,False,0,0,0
6710_NT_AL_AA.fasta.zip,0.6376013696193695,0.49600779414176943,True,0,0,0
6711_NT_AL_AA.fasta.zip,0.19114660173654557,0.953250789642334,False,0,0,0
6712_NT_AL_AA.fasta.zip,0.5174841403961181,0.6936177313327789,True,0,0,0
6713_NT_AL_AA.fasta.zip,0.8762468695640564,0.5216731876134872,False,0,0,0
6714_NT_AL_AA.fasta.zip,0.21533402800559998,0.9746807813644409,False,0,0,0
6720_NT_AL_AA.fasta.zip,1.3418535192807515,0.8877590696016947,True,0,0,0
6722_NT_AL_AA.fasta.zip,0.6184190809726715,0.9674864113330841,False,0,0,0
6729_NT_AL_AA.fasta.zip,0.04000158980488777,0.9669725596904755,False,0,0,0
672_NT_AL_AA.fasta.zip,3.291884869337082,0.8630455285310745,True,0,0,0
6730_NT_AL_AA.fasta.zip,0.7934234440326691,0.9733486473560333,False,0,0,0
6731_NT_AL_AA.fasta.zip,0.6015546917915344,0.750760406255722,False,0,0,0
6732_NT_AL_AA.fasta.zip,0.6020353138446808,0.9791817367076874,False,0,0,0
6733_NT_AL_AA.fasta.zip,0.44479145109653473,0.9779545366764069,False,0,0,0
6734_NT_AL_AA.fasta.zip,0.4379665404558182,0.9512862861156464,False,0,0,0
6738_NT_AL_AA.fasta.zip,1.5558363199234009,0.7248620092868805,False,0,0,0
673_NT_AL_AA.fasta.zip,0.2939227893948555,0.9720562398433685,False,0,0,0
6744_NT_AL_AA.fasta.zip,0.8926862279574076,0.9627031286557516,True,0,0,0
6749_NT_AL_AA.fasta.zip,0.23668716847896576,0.9673149287700653,False,0,0,0
675_NT_AL_AA.fasta.zip,3.3317089527845383,0.8865404278039932,True,0,0,0
6764_NT_AL_AA.fasta.zip,0.566295271118482,0.9723020792007446,True,0,0,0
6768_NT_AL_AA.fasta.zip,0.5581917315721512,0.24451477825641632,False,0,0,0
676_NT_AL_AA.fasta.zip,1.702254295349121,0.9333546757698059,True,0,0,0
6772_NT_AL_AA.fasta.zip,0.31085172295570374,0.6648507416248322,False,0,0,0
6773_NT_AL_AA.fasta.zip,1.1787932912508647,0.5850695768992106,False,0,0,0
6774_NT_AL_AA.fasta.zip,0.13407878577709198,0.9776363670825958,False,0,0,0
6775_NT_AL_AA.fasta.zip,0.6495717465877533,0.6384478211402893,False,0,0,0
6778_NT_AL_AA.fasta.zip,0.8189832866191864,0.8917842209339142,False,0,0,0
6780_NT_AL_AA.fasta.zip,0.8478922545909882,0.8818143904209137,False,0,0,0
6786_NT_AL_AA.fasta.zip,0.5858175903558731,0.9615402519702911,True,0,0,0
6787_NT_AL_AA.fasta.zip,1.4533715546131134,0.9394844770431519,True,0,0,0
678_NT_AL_AA.fasta.zip,1.2382128834724426,0.9552571773529053,False,0,0,0
6792_NT_AL_AA.fasta.zip,0.565188392996788,0.8325841426849365,True,0,0,0
6793_NT_AL_AA.fasta.zip,0.5638978034257889,0.8999139368534088,False,0,0,0
6801_NT_AL_AA.fasta.zip,0.5764525830745697,0.9472174942493439,True,0,0,0
6812_NT_AL_AA.fasta.zip,0.11993567645549774,0.9764951765537262,False,0,0,0
6813_NT_AL_AA.fasta.zip,0.6887958496809006,0.6531136929988861,True,0,0,0
6814_NT_AL_AA.fasta.zip,0.5360173583030701,0.30150462687015533,False,0,0,0
6821_NT_AL_AA.fasta.zip,0.6180344820022583,0.7167367935180664,False,0,0,0
6829_NT_AL_AA.fasta.zip,0.2382302780946096,0.9671226938565572,False,0,0,0
6830_NT_AL_AA.fasta.zip,0.23506134375929832,0.9715098589658737,False,0,0,0
6832_NT_AL_AA.fasta.zip,0.5152763873338699,0.8757150173187256,False,0,0,0
6833_NT_AL_AA.fasta.zip,0.39815934747457504,0.8155279159545898,False,0,0,0
6840_NT_AL_AA.fasta.zip,0.9801081478595733,0.749817842245102,True,0,0,0
6847_NT_AL_AA.fasta.zip,2.804749011993408,0.6641735831896464,True,0,0,0
6850_NT_AL_AA.fasta.zip,0.3698195815086365,0.9390859007835388,False,0,0,0
6853_NT_AL_AA.fasta.zip,0.5939651280641556,0.9610117375850677,False,0,0,0
6854_NT_AL_AA.fasta.zip,1.2378931045532227,0.9777582883834839,False,0,0,0
6857_NT_AL_AA.fasta.zip,0.06547633558511734,0.9689903855323792,False,0,0,0
6867_NT_AL_AA.fasta.zip,0.906598687171936,0.9659663438796997,True,0,0,0
6868_NT_AL_AA.fasta.zip,0.4942697435617447,0.8133286237716675,False,0,0,0
686_NT_AL_AA.fasta.zip,0.6729361712932587,0.5395120680332184,False,0,0,0
6872_NT_AL_AA.fasta.zip,0.4798632636666298,0.9683767110109329,True,0,0,0
6873_NT_AL_AA.fasta.zip,0.23131650189558664,0.9699414571126302,False,0,0,0
6874_NT_AL_AA.fasta.zip,0.7269974648952484,0.9540546238422394,False,0,0,0
6875_NT_AL_AA.fasta.zip,2.048970023790995,0.9244218468666077,True,0,0,0
6877_NT_AL_AA.fasta.zip,0.3232014775276184,0.9770198464393616,False,0,0,0
6878_NT_AL_AA.fasta.zip,0.4596760421991348,0.9724646806716919,False,0,0,0
6885_NT_AL_AA.fasta.zip,0.23484529554843903,0.9530001878738403,False,0,0,0
6890_NT_AL_AA.fasta.zip,0.9520811438560486,0.23144683241844177,True,0,0,0
6891_NT_AL_AA.fasta.zip,0.8651231229305267,0.05557760410010815,False,0,0,0
6894_NT_AL_AA.fasta.zip,1.2438794821500778,0.4410000666975975,True,0,0,0
6897_NT_AL_AA.fasta.zip,0.4146466702222824,0.8176281750202179,False,0,0,0
6900_NT_AL_AA.fasta.zip,0.6623289485772451,0.6709679563840231,True,0,0,0
6904_NT_AL_AA.fasta.zip,0.7002394398053488,0.40002069373925525,True,0,0,0
6905_NT_AL_AA.fasta.zip,0.9094441831111908,0.2672615498304367,False,0,0,0
6909_NT_AL_AA.fasta.zip,0.708722785115242,0.9387563169002533,True,0,0,0
6910_NT_AL_AA.fasta.zip,0.8911102116107941,0.905110627412796,False,0,0,0
6913_NT_AL_AA.fasta.zip,0.35707955062389374,0.9697863459587097,False,0,0,0
6916_NT_AL_AA.fasta.zip,0.8856393098831177,0.3736574947834015,False,0,0,0
6924_NT_AL_AA.fasta.zip,1.3336618840694427,0.7566697001457214,True,0,0,0
6925_NT_AL_AA.fasta.zip,0.24457141757011414,0.9660873115062714,False,0,0,0
6926_NT_AL_AA.fasta.zip,0.9714013934135437,0.9815869629383087,True,0,0,0
6927_NT_AL_AA.fasta.zip,0.8719568848609924,0.9008435010910034,False,0,0,0
6928_NT_AL_AA.fasta.zip,0.3465816527605057,0.6221611201763153,False,0,0,0
6929_NT_AL_AA.fasta.zip,1.209084391593933,0.7722359299659729,False,0,0,0
6934_NT_AL_AA.fasta.zip,0.18887325376272202,0.9464437365531921,False,0,0,0
6935_NT_AL_AA.fasta.zip,0.5828226804733276,0.966834306716919,False,0,0,0
6936_NT_AL_AA.fasta.zip,2.5538376569747925,0.6359944641590118,True,0,0,0
6938_NT_AL_AA.fasta.zip,0.67992103099823,0.8466229140758514,False,0,0,0
6940_NT_AL_AA.fasta.zip,0.3431655764579773,0.9800519347190857,False,0,0,0
6942_NT_AL_AA.fasta.zip,1.042016041278839,0.8349181652069092,True,0,0,0
6949_NT_AL_AA.fasta.zip,3.6986707846323648,0.7695491115252177,True,0,0,0
6950_NT_AL_AA.fasta.zip,0.22292014956474304,0.6701911985874176,False,0,0,0
6954_NT_AL_AA.fasta.zip,1.9120504260063171,0.8718955814838409,False,0,0,0
695_NT_AL_AA.fasta.zip,0.3481906056404114,0.9518632888793945,False,0,0,0
696_NT_AL_AA.fasta.zip,1.3523455262184143,0.749541848897934,False,0,0,0
699_NT_AL_AA.fasta.zip,1.767193873723348,0.8888711929321289,True,0,0,0
7006_NT_AL_AA.fasta.zip,0.4027194678783417,0.4052519053220749,False,0,0,0
7010_NT_AL_AA.fasta.zip,0.596774697303772,0.756244977315267,True,0,0,0
7011_NT_AL_AA.fasta.zip,1.3892772495746613,0.5792286942402521,True,0,0,0
7014_NT_AL_AA.fasta.zip,0.7946309447288513,0.9375208616256714,False,0,0,0
7015_NT_AL_AA.fasta.zip,1.2892478505770366,0.33180345594882965,True,0,0,0
7016_NT_AL_AA.fasta.zip,0.6828065514564514,0.9401458501815796,False,0,0,0
7018_NT_AL_AA.fasta.zip,0.8748484551906586,0.25309421122074127,False,0,0,0
701_NT_AL_AA.fasta.zip,1.535284439722697,0.8279677033424377,True,0,0,0
7024_NT_AL_AA.fasta.zip,0.2579183056950569,0.968831330537796,False,0,0,0
7030_NT_AL_AA.fasta.zip,0.9678578972816467,0.9627701938152313,False,0,0,0
7036_NT_AL_AA.fasta.zip,0.787702739238739,0.7176998555660248,True,0,0,0
7037_NT_AL_AA.fasta.zip,0.7398137450218201,0.6164996325969696,False,0,0,0
7038_NT_AL_AA.fasta.zip,1.1937114766665868,0.3752284145780972,True,0,0,0
7045_NT_AL_AA.fasta.zip,0.4322391599416733,0.5040871053934097,False,0,0,0
7048_NT_AL_AA.fasta.zip,0.3398746848106384,0.77702796459198,False,0,0,0
7049_NT_AL_AA.fasta.zip,0.944318413734436,0.8228196501731873,False,0,0,0
7051_NT_AL_AA.fasta.zip,0.5158969163894653,0.7617032527923584,False,0,0,0
7052_NT_AL_AA.fasta.zip,0.6942020654678345,0.3579423800110817,False,0,0,0
7053_NT_AL_AA.fasta.zip,0.5971634089946747,0.449844554066658,False,0,0,0
7054_NT_AL_AA.fasta.zip,0.6902153491973877,0.9324036836624146,False,0,0,0
7056_NT_AL_AA.fasta.zip,0.9508643746376038,0.3400428295135498,False,0,0,0
7057_NT_AL_AA.fasta.zip,0.7509183883666992,0.8497846523920695,True,0,0,0
7058_NT_AL_AA.fasta.zip,0.3545833428700765,0.2072508161266645,True,0,0,0
7059_NT_AL_AA.fasta.zip,0.416513592004776,0.7670226395130157,True,0,0,0
7060_NT_AL_AA.fasta.zip,0.6054763570427895,0.5621622949838638,True,0,0,0
7062_NT_AL_AA.fasta.zip,4.364775584294246,0.849757198530894,True,0,0,0
7064_NT_AL_AA.fasta.zip,0.2853560596704483,0.28042022138834,False,0,0,0
7071_NT_AL_AA.fasta.zip,1.1983963251113892,0.955590546131134,False,0,0,0
7074_NT_AL_AA.fasta.zip,0.7561974376440048,0.9486308395862579,True,0,0,0
7075_NT_AL_AA.fasta.zip,0.872999906539917,0.6810486813386282,True,0,0,0
7082_NT_AL_AA.fasta.zip,1.0924267061054707,0.775570772588253,True,0,0,0
7086_NT_AL_AA.fasta.zip,0.41068123281002045,0.4190772622823715,False,0,0,0
7089_NT_AL_AA.fasta.zip,0.9927151799201965,0.9505330324172974,True,0,0,0
7090_NT_AL_AA.fasta.zip,0.3150922358036041,0.9719958305358887,False,0,0,0
7092_NT_AL_AA.fasta.zip,0.45758649706840515,0.6847990254561106,True,0,0,0
7093_NT_AL_AA.fasta.zip,0.6055550773938497,0.6215298076470693,True,0,0,0
7094_NT_AL_AA.fasta.zip,0.2615895966688792,0.9677104651927948,False,0,0,0
7097_NT_AL_AA.fasta.zip,0.9543363451957703,0.12560170143842697,True,0,0,0
7098_NT_AL_AA.fasta.zip,0.7676260471343994,0.10392454266548157,False,0,0,0
7099_NT_AL_AA.fasta.zip,0.8597434163093567,0.28289908170700073,False,0,0,0
7100_NT_AL_AA.fasta.zip,0.861933559179306,0.12490877509117126,False,0,0,0
7109_NT_AL_AA.fasta.zip,0.5297152896722158,0.6213296055793762,False,0,0,0
710_NT_AL_AA.fasta.zip,1.098655253648758,0.2942236512899399,False,0,0,0
7110_NT_AL_AA.fasta.zip,1.439919114112854,0.9050799409548441,True,0,0,0
7112_NT_AL_AA.fasta.zip,2.128346860408783,0.8203048706054688,True,0,0,0
7113_NT_AL_AA.fasta.zip,0.6607976257801056,0.4807291179895401,False,0,0,0
7127_NT_AL_AA.fasta.zip,1.6049338579177856,0.3394562751054764,True,0,0,0
7128_NT_AL_AA.fasta.zip,0.6734123229980469,0.934336394071579,False,0,0,0
7132_NT_AL_AA.fasta.zip,1.3274530172348022,0.1822931468486786,False,0,0,0
7143_NT_AL_AA.fasta.zip,0.7262233098347982,0.6639559666315714,True,0,0,0
7145_NT_AL_AA.fasta.zip,0.9541655480861664,0.914381206035614,True,0,0,0
7148_NT_AL_AA.fasta.zip,1.1963754209379356,0.590328281538354,True,0,0,0
7150_NT_AL_AA.fasta.zip,0.29807157814502716,0.8751806914806366,False,0,0,0
7153_NT_AL_AA.fasta.zip,0.9952888637781143,0.7496413215994835,True,0,0,0
7155_NT_AL_AA.fasta.zip,0.29499484971165657,0.9162527471780777,True,0,0,0
7156_NT_AL_AA.fasta.zip,0.5952578584353129,0.5167798499266306,True,0,0,0
7158_NT_AL_AA.fasta.zip,1.170656967163086,0.9555485606193542,True,0,0,0
7159_NT_AL_AA.fasta.zip,0.6013176441192627,0.9392797748247782,True,0,0,0
7161_NT_AL_AA.fasta.zip,0.5568801313638687,0.8768037557601929,False,0,0,0
716_NT_AL_AA.fasta.zip,0.6855874955654144,0.3746219724416733,False,0,0,0
7173_NT_AL_AA.fasta.zip,0.7423382103443146,0.4078948274254799,True,0,0,0
7174_NT_AL_AA.fasta.zip,0.3900618056456248,0.8730977574984232,False,0,0,0
7175_NT_AL_AA.fasta.zip,0.7783940434455872,0.8598272204399109,False,0,0,0
717_NT_AL_AA.fasta.zip,0.5986879169940948,0.4375613182783127,False,0,0,0
7181_NT_AL_AA.fasta.zip,0.7997556030750275,0.9782199263572693,False,0,0,0
7182_NT_AL_AA.fasta.zip,0.2065407559275627,0.9528364837169647,False,0,0,0
7184_NT_AL_AA.fasta.zip,0.2525327578186989,0.9695699214935303,False,0,0,0
7186_NT_AL_AA.fasta.zip,0.631182849407196,0.6819996535778046,False,0,0,0
7187_NT_AL_AA.fasta.zip,0.32626838982105255,0.8033003211021423,False,0,0,0
7188_NT_AL_AA.fasta.zip,0.9436962008476257,0.27897296845912933,False,0,0,0
7189_NT_AL_AA.fasta.zip,0.49902932345867157,0.9129093587398529,False,0,0,0
718_NT_AL_AA.fasta.zip,0.713923767209053,0.4491480439901352,False,0,0,0
7203_NT_AL_AA.fasta.zip,0.4130713641643524,0.9067850410938263,False,0,0,0
7204_NT_AL_AA.fasta.zip,0.3222036361694336,0.9065393720354352,True,0,0,0
7205_NT_AL_AA.fasta.zip,0.7775289118289948,0.974204957485199,False,0,0,0
7216_NT_AL_AA.fasta.zip,3.6160202026367188,0.5699567064642906,True,0,0,0
7220_NT_AL_AA.fasta.zip,0.32198700308799744,0.9754463732242584,False,0,0,0
7222_NT_AL_AA.fasta.zip,0.34689491987228394,0.9716899991035461,False,0,0,0
7223_NT_AL_AA.fasta.zip,0.30411412566900253,0.9761135280132294,False,0,0,0
7224_NT_AL_AA.fasta.zip,0.8748011291027069,0.9746192991733551,True,0,0,0
7225_NT_AL_AA.fasta.zip,0.314606174826622,0.9710284769535065,False,0,0,0
7226_NT_AL_AA.fasta.zip,0.7370107918977737,0.6449793577194214,True,0,0,0
7227_NT_AL_AA.fasta.zip,0.8340774178504944,0.8634496529897054,True,0,0,0
7248_NT_AL_AA.fasta.zip,0.7991653084754944,0.9043428103129069,False,0,0,0
7249_NT_AL_AA.fasta.zip,0.4727983772754669,0.6010459307581186,True,0,0,0
7253_NT_AL_AA.fasta.zip,0.8490026891231537,0.8992617428302765,False,0,0,0
7267_NT_AL_AA.fasta.zip,3.302977752685547,0.8184040188789368,True,0,0,0
726_NT_AL_AA.fasta.zip,0.7526625245809555,0.51694156229496,True,0,0,0
7270_NT_AL_AA.fasta.zip,2.9216097593307495,0.8149695694446564,True,0,0,0
7272_NT_AL_AA.fasta.zip,1.1709034144878387,0.897981196641922,True,0,0,0
7275_NT_AL_AA.fasta.zip,0.9294156730175018,0.9581998586654663,False,0,0,0
727897_NT_AL_AA.fasta.zip,2.6700327303902855,0.754921018178093,True,0,0,0
727957_NT_AL_AA.fasta.zip,1.0357299000024796,0.2966766841709614,True,0,0,0
727_NT_AL_AA.fasta.zip,0.8240543007850647,0.488925501704216,False,0,0,0
728116_NT_AL_AA.fasta.zip,0.8325398564338684,0.9755326509475708,False,0,0,0
728215_NT_AL_AA.fasta.zip,1.1717349886894226,0.9778436422348022,False,0,0,0
728763_NT_AL_AA.fasta.zip,2.605799674987793,0.22741343453526497,True,0,0,0
7287_NT_AL_AA.fasta.zip,0.8561933636665344,0.895919144153595,False,0,0,0
7288_NT_AL_AA.fasta.zip,1.8979775309562683,0.8150535821914673,False,0,0,0
729025_NT_AL_AA.fasta.zip,3.2264153957366943,0.49731001257896423,False,0,0,0
729085_NT_AL_AA.fasta.zip,1.361114501953125,0.8629938066005707,True,0,0,0
7290_NT_AL_AA.fasta.zip,0.6041183223327001,0.9579064249992371,True,0,0,0
729359_NT_AL_AA.fasta.zip,2.0783981918715515,0.5220648372689118,True,0,0,0
729440_NT_AL_AA.fasta.zip,0.9754630625247955,0.8546127080917358,False,0,0,0
729475_NT_AL_AA.fasta.zip,4.42688512802124,0.9392671386400858,True,0,0,0
7294_NT_AL_AA.fasta.zip,0.6997937560081482,0.6697186827659607,False,0,0,0
729665_NT_AL_AA.fasta.zip,1.6739396452903748,0.14802727662026882,False,0,0,0
7296_NT_AL_AA.fasta.zip,0.38834430277347565,0.2633844017982483,False,0,0,0
7297_NT_AL_AA.fasta.zip,0.8564884662628174,0.6520363787810007,True,0,0,0
729830_NT_AL_AA.fasta.zip,0.5276786088943481,0.9442635575930277,False,0,0,0
729956_NT_AL_AA.fasta.zip,0.8072882890701294,0.8813824951648712,False,0,0,0
7299_NT_AL_AA.fasta.zip,0.7402550578117371,0.26020659506320953,False,0,0,0
729_NT_AL_AA.fasta.zip,1.024190604686737,0.2604454271495342,True,0,0,0
7301_NT_AL_AA.fasta.zip,0.6096651405096054,0.7153196185827255,True,0,0,0
7306_NT_AL_AA.fasta.zip,0.5528649687767029,0.4973537176847458,False,0,0,0
730_NT_AL_AA.fasta.zip,0.9877704679965973,0.3472487460821867,True,0,0,0
731220_NT_AL_AA.fasta.zip,2.0575588941574097,0.9193577170372009,False,0,0,0
7316_NT_AL_AA.fasta.zip,0.14707840234041214,0.9801070690155029,False,0,0,0
7317_NT_AL_AA.fasta.zip,0.5168858965237936,0.8981754581133524,False,0,0,0
7318_NT_AL_AA.fasta.zip,1.0614415208498638,0.1677329664429029,False,0,0,0
731_NT_AL_AA.fasta.zip,0.8293691873550415,0.4405261278152466,False,0,0,0
732_NT_AL_AA.fasta.zip,0.879529744386673,0.6207106709480286,False,0,0,0
7337_NT_AL_AA.fasta.zip,0.30550093203783035,0.8670339286327362,False,0,0,0
7342_NT_AL_AA.fasta.zip,0.6227337419986725,0.9724615216255188,False,0,0,0
7343_NT_AL_AA.fasta.zip,0.27616072446107864,0.9721522033214569,False,0,0,0
734_NT_AL_AA.fasta.zip,0.9973092973232269,0.8593296110630035,False,0,0,0
735_NT_AL_AA.fasta.zip,1.21369069814682,0.20074739307165146,False,0,0,0
7360_NT_AL_AA.fasta.zip,0.20956560224294662,0.9575346410274506,False,0,0,0
7368_NT_AL_AA.fasta.zip,0.892448753118515,0.8834562599658966,False,0,0,0
7369_NT_AL_AA.fasta.zip,0.7519388496875763,0.1773522011935711,False,0,0,0
7373_NT_AL_AA.fasta.zip,0.7985111176967621,0.46603960171341896,True,0,0,0
7375_NT_AL_AA.fasta.zip,0.7919056117534637,0.9311628043651581,False,0,0,0
738_NT_AL_AA.fasta.zip,0.8359314203262329,0.928103893995285,True,0,0,0
7398_NT_AL_AA.fasta.zip,0.7701246738433838,0.9772098064422607,False,0,0,0
7399_NT_AL_AA.fasta.zip,1.4710450714284724,0.18841942044144327,False,0,0,0
7402_NT_AL_AA.fasta.zip,1.204783320426941,0.8357221074402332,True,0,0,0
7403_NT_AL_AA.fasta.zip,0.5832576602697372,0.9549914201100668,True,0,0,0
7405_NT_AL_AA.fasta.zip,0.6255928874015808,0.9512022435665131,False,0,0,0
7407_NT_AL_AA.fasta.zip,0.6086715956528982,0.4191945691903432,False,0,0,0
7409_NT_AL_AA.fasta.zip,0.5105061382055283,0.734009861946106,False,0,0,0
7410_NT_AL_AA.fasta.zip,0.501383051276207,0.3891804665327072,False,0,0,0
7412_NT_AL_AA.fasta.zip,1.797238290309906,0.08191550895571709,False,0,0,0
7414_NT_AL_AA.fasta.zip,0.21352278937896094,0.9696764945983887,False,0,0,0
7415_NT_AL_AA.fasta.zip,0.02820438425987959,0.961387425661087,False,0,0,0
7425_NT_AL_AA.fasta.zip,1.3454231023788452,0.9775606095790863,False,0,0,0
7429_NT_AL_AA.fasta.zip,0.6444622278213501,0.3264204114675522,False,0,0,0
7430_NT_AL_AA.fasta.zip,0.279380202293396,0.6911725997924805,False,0,0,0
7436_NT_AL_AA.fasta.zip,0.5995909869670868,0.8186301589012146,False,0,0,0
7439_NT_AL_AA.fasta.zip,1.2069523334503174,0.8550184369087219,False,0,0,0
7442_NT_AL_AA.fasta.zip,0.4860316067934036,0.9294320940971375,False,0,0,0
7444_NT_AL_AA.fasta.zip,1.3884413838386536,0.9317428171634674,True,0,0,0
7448_NT_AL_AA.fasta.zip,0.7517549097537994,0.804830014705658,False,0,0,0
7450_NT_AL_AA.fasta.zip,0.8986068069934845,0.1792349430421988,False,0,0,0
7453_NT_AL_AA.fasta.zip,0.4460495412349701,0.9261609315872192,False,0,0,0
7454_NT_AL_AA.fasta.zip,0.9807155728340149,0.8981354236602783,False,0,0,0
7455_NT_AL_AA.fasta.zip,2.109065805783584,0.4688860621480715,True,0,0,0
7456_NT_AL_AA.fasta.zip,1.0704350471496582,0.7285755276679993,False,0,0,0
745_NT_AL_AA.fasta.zip,0.7102445960044861,0.890952487786611,True,0,0,0
7461_NT_AL_AA.fasta.zip,1.2022142310937245,0.9463144342104594,True,0,0,0
7464_NT_AL_AA.fasta.zip,0.5637408494949341,0.7904385626316071,False,0,0,0
7465_NT_AL_AA.fasta.zip,0.6615384221076965,0.9121221303939819,False,0,0,0
7466_NT_AL_AA.fasta.zip,0.4845140874385834,0.5643989443778992,True,0,0,0
7468_NT_AL_AA.fasta.zip,0.5963351428508759,0.8124298652013143,True,0,0,0
7469_NT_AL_AA.fasta.zip,0.709834098815918,0.8741251230239868,False,0,0,0
7479_NT_AL_AA.fasta.zip,0.11744480207562447,0.9748922288417816,False,0,0,0
747_NT_AL_AA.fasta.zip,0.3599766542514165,0.9743300875027975,True,0,0,0
7486_NT_AL_AA.fasta.zip,1.2225704491138458,0.6048407107591629,True,0,0,0
7498_NT_AL_AA.fasta.zip,0.5263894399007162,0.281500664850076,False,0,0,0
7508_NT_AL_AA.fasta.zip,1.39782053232193,0.837794820467631,True,0,0,0
7511_NT_AL_AA.fasta.zip,0.5157527923583984,0.7271259427070618,False,0,0,0
7512_NT_AL_AA.fasta.zip,0.6692738234996796,0.5767343640327454,False,0,0,0
7514_NT_AL_AA.fasta.zip,0.09306707729895909,0.9717336694399515,False,0,0,0
7515_NT_AL_AA.fasta.zip,0.9277962148189545,0.9650744795799255,False,0,0,0
7520_NT_AL_AA.fasta.zip,0.8774124681949615,0.45549827814102173,False,0,0,0
7525_NT_AL_AA.fasta.zip,0.19344691932201385,0.9764834046363831,False,0,0,0
752_NT_AL_AA.fasta.zip,0.9510064919789633,0.9575698375701904,False,0,0,0
7535_NT_AL_AA.fasta.zip,0.3963608890771866,0.873449295759201,False,0,0,0
7536_NT_AL_AA.fasta.zip,0.10645018517971039,0.975212424993515,False,0,0,0
7539_NT_AL_AA.fasta.zip,1.4679467380046844,0.9704365730285645,True,0,0,0
7543_NT_AL_AA.fasta.zip,0.4910474270582199,0.9408996999263763,True,0,0,0
7546_NT_AL_AA.fasta.zip,0.3125741630792618,0.9810242354869843,False,0,0,0
7552_NT_AL_AA.fasta.zip,1.6809322237968445,0.9768027067184448,True,0,0,0
7553_NT_AL_AA.fasta.zip,0.25342603027820587,0.9753105839093527,False,0,0,0
7554_NT_AL_AA.fasta.zip,0.8064105212688446,0.9855434000492096,False,0,0,0
7559_NT_AL_AA.fasta.zip,0.4001372158527374,0.968472808599472,False,0,0,0
7566_NT_AL_AA.fasta.zip,1.9991407990455627,0.9564599394798279,True,0,0,0
7569_NT_AL_AA.fasta.zip,0.5704278349876404,0.975006103515625,False,0,0,0
7571_NT_AL_AA.fasta.zip,0.7356511950492859,0.981515904267629,True,0,0,0
7579_NT_AL_AA.fasta.zip,1.1483184695243835,0.9765951236089071,True,0,0,0
7584_NT_AL_AA.fasta.zip,0.44368480145931244,0.9805175065994263,False,0,0,0
7586_NT_AL_AA.fasta.zip,0.5198236405849457,0.9701341092586517,False,0,0,0
7593_NT_AL_AA.fasta.zip,1.3821399807929993,0.964171826839447,False,0,0,0
7629_NT_AL_AA.fasta.zip,0.5242851078510284,0.9471740126609802,False,0,0,0
7681_NT_AL_AA.fasta.zip,1.3196609020233154,0.3686218559741974,False,0,0,0
768_NT_AL_AA.fasta.zip,1.4117472171783447,0.8501359522342682,False,0,0,0
7690_NT_AL_AA.fasta.zip,0.4724727123975754,0.9773538708686829,False,0,0,0
7701_NT_AL_AA.fasta.zip,0.9300422668457031,0.9681594222784042,False,0,0,0
7702_NT_AL_AA.fasta.zip,0.22728248685598373,0.9246469438076019,False,0,0,0
7704_NT_AL_AA.fasta.zip,0.4278777539730072,0.9628694355487823,False,0,0,0
7706_NT_AL_AA.fasta.zip,1.1707496047019958,0.39768970012664795,False,0,0,0
7707_NT_AL_AA.fasta.zip,0.40308892726898193,0.9547984898090363,False,0,0,0
7709_NT_AL_AA.fasta.zip,0.2882411852478981,0.9720953106880188,False,0,0,0
7716_NT_AL_AA.fasta.zip,0.18428660184144974,0.9643392860889435,False,0,0,0
7732_NT_AL_AA.fasta.zip,1.4134217500686646,0.8229909241199493,False,0,0,0
7733_NT_AL_AA.fasta.zip,2.4894665628671646,0.9085793793201447,True,0,0,0
7738_NT_AL_AA.fasta.zip,0.45039796829223633,0.9804871678352356,False,0,0,0
7739_NT_AL_AA.fasta.zip,3.1869064569473267,0.9528500735759735,True,0,0,0
773_NT_AL_AA.fasta.zip,0.755757120748361,0.9650335510571798,True,0,0,0
7741_NT_AL_AA.fasta.zip,0.9533185660839081,0.9645414054393768,False,0,0,0
7743_NT_AL_AA.fasta.zip,0.38547399640083313,0.9654128849506378,False,0,0,0
7745_NT_AL_AA.fasta.zip,0.6167894005775452,0.9808115065097809,False,0,0,0
774_NT_AL_AA.fasta.zip,0.4926727622747421,0.9288116693496704,True,0,0,0
7750_NT_AL_AA.fasta.zip,0.6149178544680277,0.9537068804105123,False,0,0,0
7753_NT_AL_AA.fasta.zip,0.820460170507431,0.9665677547454834,False,0,0,0
7755_NT_AL_AA.fasta.zip,1.0140230059623718,0.9842610359191895,True,0,0,0
775_NT_AL_AA.fasta.zip,0.3270201176404953,0.96066255569458,True,0,0,0
7764_NT_AL_AA.fasta.zip,1.4250264167785645,0.7584298849105835,True,0,0,0
776_NT_AL_AA.fasta.zip,0.2906971246004105,0.9431946396827697,False,0,0,0
7771_NT_AL_AA.fasta.zip,3.1896669268608093,0.9317615926265717,True,0,0,0
7776_NT_AL_AA.fasta.zip,0.5552825406193733,0.9395815879106522,False,0,0,0
7779_NT_AL_AA.fasta.zip,0.49220967292785645,0.8873408138751984,False,0,0,0
777_NT_AL_AA.fasta.zip,0.307396337389946,0.9720955133438111,False,0,0,0
7783_NT_AL_AA.fasta.zip,1.768218994140625,0.43230557441711426,False,0,0,0
7786_NT_AL_AA.fasta.zip,0.3516463413834572,0.9721454977989197,True,0,0,0
778_NT_AL_AA.fasta.zip,0.6183563828468323,0.9596887588500976,False,0,0,0
7791_NT_AL_AA.fasta.zip,1.9642637372016907,0.9492700695991516,False,0,0,0
7798_NT_AL_AA.fasta.zip,1.4742242495218914,0.8323793808619181,True,0,0,0
7799_NT_AL_AA.fasta.zip,0.7649332731962204,0.9201641380786896,False,0,0,0
779_NT_AL_AA.fasta.zip,0.5001242458820343,0.5137461088597775,True,0,0,0
7804_NT_AL_AA.fasta.zip,0.9130725065867106,0.6048260629177094,True,0,0,0
780_NT_AL_AA.fasta.zip,0.5945328176021576,0.9348577260971069,True,0,0,0
7812_NT_AL_AA.fasta.zip,0.40736377239227295,0.9687317311763763,False,0,0,0
7813_NT_AL_AA.fasta.zip,0.6041292101144791,0.9596484005451202,False,0,0,0
781_NT_AL_AA.fasta.zip,0.38781241575876874,0.8704266746838888,False,0,0,0
782_NT_AL_AA.fasta.zip,0.6786649376153946,0.972322940826416,True,0,0,0
7837_NT_AL_AA.fasta.zip,0.325873464345932,0.5492346286773682,True,0,0,0
783_NT_AL_AA.fasta.zip,0.3716697245836258,0.9724234342575073,False,0,0,0
7840_NT_AL_AA.fasta.zip,3.2408522639423607,0.857522913813591,True,0,0,0
7841_NT_AL_AA.fasta.zip,0.8080016374588013,0.5176889151334763,True,0,0,0
7844_NT_AL_AA.fasta.zip,0.5362023264169693,0.9654984474182129,False,0,0,0
7855_NT_AL_AA.fasta.zip,0.6389181911945343,0.9816468358039856,False,0,0,0
7857_NT_AL_AA.fasta.zip,2.123029351234436,0.8860001862049103,False,0,0,0
785_NT_AL_AA.fasta.zip,0.12946441769599915,0.9698494374752045,False,0,0,0
7862_NT_AL_AA.fasta.zip,0.3109828631083171,0.97140504916509,False,0,0,0
7869_NT_AL_AA.fasta.zip,0.5668953657150269,0.6542301774024963,False,0,0,0
7871_NT_AL_AA.fasta.zip,1.5337592661380768,0.869917243719101,True,0,0,0
7874_NT_AL_AA.fasta.zip,0.1239303747812907,0.971186618010203,False,0,0,0
78991_NT_AL_AA.fasta.zip,0.5718811452388763,0.6729338467121124,False,0,0,0
78994_NT_AL_AA.fasta.zip,1.0473684072494507,0.8972192108631134,False,0,0,0
78995_NT_AL_AA.fasta.zip,2.6513606309890747,0.9575484693050385,True,0,0,0
78999_NT_AL_AA.fasta.zip,0.27764569222927094,0.4642203152179718,False,0,0,0
79009_NT_AL_AA.fasta.zip,0.7666283249855042,0.9715821444988251,False,0,0,0
79012_NT_AL_AA.fasta.zip,0.2227608934044838,0.9814066588878632,False,0,0,0
79026_NT_AL_AA.fasta.zip,1.4826597046107053,0.752146672138146,True,0,0,0
79027_NT_AL_AA.fasta.zip,1.360667109489441,0.7223044335842133,False,0,0,0
79029_NT_AL_AA.fasta.zip,1.0517757534980774,0.7246298789978027,False,0,0,0
79039_NT_AL_AA.fasta.zip,0.6248748699824015,0.8440875808397929,False,0,0,0
79048_NT_AL_AA.fasta.zip,1.9062786996364594,0.898278534412384,True,0,0,0
79050_NT_AL_AA.fasta.zip,0.6511869132518768,0.3277110606431961,False,0,0,0
79053_NT_AL_AA.fasta.zip,1.085361510515213,0.7203612923622131,False,0,0,0
79054_NT_AL_AA.fasta.zip,0.5114575823148092,0.7527393102645874,False,0,0,0
79058_NT_AL_AA.fasta.zip,1.0125731229782104,0.8931844234466553,False,0,0,0
79065_NT_AL_AA.fasta.zip,0.2218879982829094,0.9685854911804199,False,0,0,0
79066_NT_AL_AA.fasta.zip,0.42761120200157166,0.9823589026927948,False,0,0,0
79068_NT_AL_AA.fasta.zip,1.0894566178321838,0.839631587266922,False,0,0,0
79070_NT_AL_AA.fasta.zip,0.568896472454071,0.8700487911701202,False,0,0,0
79072_NT_AL_AA.fasta.zip,1.6292113065719604,0.1494087502360344,True,0,0,0
79080_NT_AL_AA.fasta.zip,1.6577122211456299,0.9397484064102173,True,0,0,0
79083_NT_AL_AA.fasta.zip,2.7090030908584595,0.8615861237049103,False,0,0,0
79092_NT_AL_AA.fasta.zip,1.4089510838190715,0.5114439427852631,False,0,0,0
79098_NT_AL_AA.fasta.zip,1.7617446780204773,0.8911673724651337,False,0,0,0
790_NT_AL_AA.fasta.zip,0.3030224770307541,0.7967509925365448,False,0,0,0
79109_NT_AL_AA.fasta.zip,0.4032686650753021,0.9628230929374695,False,0,0,0
79132_NT_AL_AA.fasta.zip,0.6689408719539642,0.3274542912840843,False,0,0,0
79137_NT_AL_AA.fasta.zip,0.8212378919124603,0.9692597091197968,False,0,0,0
79143_NT_AL_AA.fasta.zip,1.0154565870761871,0.9550250768661499,False,0,0,0
79147_NT_AL_AA.fasta.zip,1.07919842004776,0.9161545932292938,False,0,0,0
79148_NT_AL_AA.fasta.zip,0.7544143199920654,0.7419582307338715,False,0,0,0
79158_NT_AL_AA.fasta.zip,0.68523308634758,0.9348997076352438,True,0,0,0
7915_NT_AL_AA.fasta.zip,0.462532177567482,0.37274862825870514,False,0,0,0
7916_NT_AL_AA.fasta.zip,1.3788777947425843,0.9543217062950134,True,0,0,0
79173_NT_AL_AA.fasta.zip,4.7779223918914795,0.7156873643398285,False,0,0,0
7917_NT_AL_AA.fasta.zip,0.6080766518910726,0.9624050458272299,False,0,0,0
79187_NT_AL_AA.fasta.zip,0.6602442860603333,0.24612560123205185,False,0,0,0
79190_NT_AL_AA.fasta.zip,1.8617074489593506,0.9252884387969971,False,0,0,0
79191_NT_AL_AA.fasta.zip,1.1128331422805786,0.9798393845558167,False,0,0,0
79192_NT_AL_AA.fasta.zip,0.7795729637145996,0.9741252958774567,False,0,0,0
7920_NT_AL_AA.fasta.zip,0.9548300206661224,0.7911552488803864,False,0,0,0
7922_NT_AL_AA.fasta.zip,1.0256587266921997,0.9762582182884216,False,0,0,0
79258_NT_AL_AA.fasta.zip,0.6569782793521881,0.4255353957414627,False,0,0,0
79269_NT_AL_AA.fasta.zip,0.40639728307724,0.9822171628475189,False,0,0,0
79364_NT_AL_AA.fasta.zip,1.742762804031372,0.9556221961975098,True,0,0,0
79365_NT_AL_AA.fasta.zip,0.8546274304389954,0.9725581407546997,False,0,0,0
79411_NT_AL_AA.fasta.zip,0.5511506795883179,0.4266950637102127,False,0,0,0
79414_NT_AL_AA.fasta.zip,0.9282913208007812,0.9659082293510437,False,0,0,0
7942_NT_AL_AA.fasta.zip,1.1255604028701782,0.977820873260498,False,0,0,0
79441_NT_AL_AA.fasta.zip,2.687484622001648,0.819322019815445,True,0,0,0
79443_NT_AL_AA.fasta.zip,1.6975954622030258,0.650945171713829,True,0,0,0
79446_NT_AL_AA.fasta.zip,1.0717840790748596,0.8573853075504303,False,0,0,0
79567_NT_AL_AA.fasta.zip,2.4534492194652557,0.9135368019342422,True,0,0,0
79571_NT_AL_AA.fasta.zip,1.065403014421463,0.8158999979496002,False,0,0,0
79572_NT_AL_AA.fasta.zip,0.5691953897476196,0.9077142874399821,False,0,0,0
79573_NT_AL_AA.fasta.zip,0.7426666021347046,0.9685463309288025,False,0,0,0
79574_NT_AL_AA.fasta.zip,1.5016606450080872,0.48624370992183685,False,0,0,0
79577_NT_AL_AA.fasta.zip,0.12858783826231956,0.9769046604633331,False,0,0,0
79582_NT_AL_AA.fasta.zip,0.9992965161800385,0.6108238250017166,False,0,0,0
79586_NT_AL_AA.fasta.zip,1.8401625156402588,0.7862347960472107,True,0,0,0
79587_NT_AL_AA.fasta.zip,0.6563451290130615,0.4704686254262924,False,0,0,0
79591_NT_AL_AA.fasta.zip,0.25794145464897156,0.9777585864067078,False,0,0,0
79595_NT_AL_AA.fasta.zip,0.70435498158137,0.9362271825472513,False,0,0,0
79596_NT_AL_AA.fasta.zip,2.1841378808021545,0.939334511756897,True,0,0,0
79598_NT_AL_AA.fasta.zip,1.0286657512187958,0.9691093564033508,True,0,0,0
79600_NT_AL_AA.fasta.zip,1.382469356060028,0.39955903589725494,False,0,0,0
79605_NT_AL_AA.fasta.zip,0.5068980157375336,0.35862092673778534,False,0,0,0
79611_NT_AL_AA.fasta.zip,0.5887275636196136,0.8637731075286865,False,0,0,0
79612_NT_AL_AA.fasta.zip,2.1277596950531006,0.9465955495834351,True,0,0,0
79613_NT_AL_AA.fasta.zip,1.2619081735610962,0.8108745217323303,False,0,0,0
79623_NT_AL_AA.fasta.zip,0.5567484200000763,0.4470331519842148,False,0,0,0
79625_NT_AL_AA.fasta.zip,1.5117089748382568,0.8312572240829468,False,0,0,0
79628_NT_AL_AA.fasta.zip,1.419677734375,0.6012385189533234,False,0,0,0
79631_NT_AL_AA.fasta.zip,0.7646137376626333,0.9704028566678365,True,0,0,0
79632_NT_AL_AA.fasta.zip,2.2720110019048056,0.8433794975280762,True,0,0,0
79633_NT_AL_AA.fasta.zip,0.9479839205741882,0.4573609700257128,True,0,0,0
79642_NT_AL_AA.fasta.zip,0.5844413042068481,0.9740490615367889,False,0,0,0
79648_NT_AL_AA.fasta.zip,1.877071499824524,0.7579745054244995,True,0,0,0
79649_NT_AL_AA.fasta.zip,4.309175888697307,0.901755134264628,True,0,0,0
79651_NT_AL_AA.fasta.zip,0.8344361782073975,0.7952982783317566,True,0,0,0
79654_NT_AL_AA.fasta.zip,0.7228568643331528,0.9426358342170715,True,0,0,0
79657_NT_AL_AA.fasta.zip,1.6687785387039185,0.9766535460948944,True,0,0,0
79658_NT_AL_AA.fasta.zip,0.5261654257774353,0.867877185344696,False,0,0,0
79659_NT_AL_AA.fasta.zip,0.7886548638343811,0.6876662539111243,True,0,0,0
79663_NT_AL_AA.fasta.zip,0.8754670917987823,0.9347780048847198,False,0,0,0
79664_NT_AL_AA.fasta.zip,1.2830990552902222,0.922607958316803,False,0,0,0
79665_NT_AL_AA.fasta.zip,0.9996068179607391,0.9736160933971405,False,0,0,0
79668_NT_AL_AA.fasta.zip,0.48667870461940765,0.8802332878112793,False,0,0,0
79670_NT_AL_AA.fasta.zip,0.9740186929702759,0.9555892199277878,True,0,0,0
79671_NT_AL_AA.fasta.zip,0.6954823434352875,0.6380832642316818,True,0,0,0
79673_NT_AL_AA.fasta.zip,0.4879385977983475,0.9872205257415771,False,0,0,0
79674_NT_AL_AA.fasta.zip,1.0173434913158417,0.9366693496704102,False,0,0,0
79675_NT_AL_AA.fasta.zip,2.0355998873710632,0.33422233909368515,False,0,0,0
79677_NT_AL_AA.fasta.zip,1.5802709261576335,0.9386656085650126,True,0,0,0
79684_NT_AL_AA.fasta.zip,0.32690104842185974,0.9719047248363495,False,0,0,0
79695_NT_AL_AA.fasta.zip,0.37762752175331116,0.56846784055233,False,0,0,0
79696_NT_AL_AA.fasta.zip,2.228626310825348,0.9721714854240417,True,0,0,0
79697_NT_AL_AA.fasta.zip,1.5541779398918152,0.9426345825195312,False,0,0,0
79699_NT_AL_AA.fasta.zip,0.21911826729774475,0.9705891311168671,False,0,0,0
79703_NT_AL_AA.fasta.zip,3.1222984790802,0.4724738746881485,False,0,0,0
79705_NT_AL_AA.fasta.zip,0.6589526653289794,0.6154475688934327,True,0,0,0
79707_NT_AL_AA.fasta.zip,1.5885844230651855,0.34613560140132904,True,0,0,0
79709_NT_AL_AA.fasta.zip,0.5880617946386337,0.6159217357635498,False,0,0,0
79710_NT_AL_AA.fasta.zip,1.3671091198921204,0.9453341364860535,True,0,0,0
79711_NT_AL_AA.fasta.zip,1.1263192892074585,0.6009028752644857,False,0,0,0
79716_NT_AL_AA.fasta.zip,0.37681150436401367,0.45339035987854004,False,0,0,0
79718_NT_AL_AA.fasta.zip,0.0887693464756012,0.9735666215419769,False,0,0,0
79722_NT_AL_AA.fasta.zip,1.0601527392864227,0.9270073175430298,False,0,0,0
79724_NT_AL_AA.fasta.zip,0.6250750124454498,0.978320449590683,True,0,0,0
79726_NT_AL_AA.fasta.zip,0.41075508793195087,0.9286164045333862,False,0,0,0
79728_NT_AL_AA.fasta.zip,3.2891832987467446,0.8862755298614502,True,0,0,0
79729_NT_AL_AA.fasta.zip,3.9302549362182617,0.5985702673594157,True,0,0,0
79730_NT_AL_AA.fasta.zip,1.0121334195137024,0.8784207999706268,False,0,0,0
79733_NT_AL_AA.fasta.zip,0.8867238163948059,0.9209906756877899,True,0,0,0
79735_NT_AL_AA.fasta.zip,0.5144663155078888,0.8711690306663513,False,0,0,0
79738_NT_AL_AA.fasta.zip,2.014270305633545,0.8056429922580719,False,0,0,0
79739_NT_AL_AA.fasta.zip,0.7170011401176453,0.8487277626991272,True,0,0,0
79740_NT_AL_AA.fasta.zip,3.377181053161621,0.8848320841789246,True,0,0,0
79741_NT_AL_AA.fasta.zip,3.4495866298675537,0.44622085988521576,False,0,0,0
79745_NT_AL_AA.fasta.zip,0.6394216120243073,0.9486969411373138,False,0,0,0
79747_NT_AL_AA.fasta.zip,1.0783808380365372,0.4955717623233795,True,0,0,0
79748_NT_AL_AA.fasta.zip,2.087915778160095,0.6068408489227295,False,0,0,0
79755_NT_AL_AA.fasta.zip,1.598935842514038,0.85108882188797,False,0,0,0
79759_NT_AL_AA.fasta.zip,0.38476553559303284,0.9750113487243652,False,0,0,0
79767_NT_AL_AA.fasta.zip,0.5834977626800537,0.4882804900407791,False,0,0,0
7976_NT_AL_AA.fasta.zip,0.1329689435660839,0.9730734527111053,False,0,0,0
79772_NT_AL_AA.fasta.zip,0.9313332637151083,0.9540581504503886,True,0,0,0
79776_NT_AL_AA.fasta.zip,0.7619146890938282,0.9611193537712097,True,0,0,0
79778_NT_AL_AA.fasta.zip,3.19907275835673,0.8170595367749532,True,0,0,0
79780_NT_AL_AA.fasta.zip,2.8486839532852173,0.7900994718074799,True,0,0,0
79781_NT_AL_AA.fasta.zip,0.74879190325737,0.5861438810825348,False,0,0,0
79782_NT_AL_AA.fasta.zip,2.0220964550971985,0.4477381259202957,False,0,0,0
79784_NT_AL_AA.fasta.zip,0.6606616318225861,0.6281692326068878,True,0,0,0
79786_NT_AL_AA.fasta.zip,0.5677154362201691,0.5525685846805573,False,0,0,0
79789_NT_AL_AA.fasta.zip,1.851129154364268,0.8886518677075704,True,0,0,0
79791_NT_AL_AA.fasta.zip,0.48426130414009094,0.9682252705097198,False,0,0,0
79792_NT_AL_AA.fasta.zip,1.4960886240005493,0.12417090684175491,False,0,0,0
79796_NT_AL_AA.fasta.zip,1.1613240242004395,0.9062718749046326,False,0,0,0
79797_NT_AL_AA.fasta.zip,1.4827289581298828,0.9778876602649689,False,0,0,0
79798_NT_AL_AA.fasta.zip,0.9186126887798309,0.936659574508667,False,0,0,0
79800_NT_AL_AA.fasta.zip,0.9357097446918488,0.9597682058811188,False,0,0,0
79801_NT_AL_AA.fasta.zip,0.8946255743503571,0.9567195177078247,False,0,0,0
79802_NT_AL_AA.fasta.zip,0.8632501661777496,0.763324499130249,False,0,0,0
79803_NT_AL_AA.fasta.zip,1.6101987957954407,0.4892078638076782,False,0,0,0
79807_NT_AL_AA.fasta.zip,0.8103979825973511,0.864513099193573,False,0,0,0
79809_NT_AL_AA.fasta.zip,1.4345246156056721,0.35584914435942966,True,0,0,0
79811_NT_AL_AA.fasta.zip,1.433704177538554,0.9102551738421122,False,0,0,0
79812_NT_AL_AA.fasta.zip,2.35028076171875,0.7214154601097107,False,0,0,0
79813_NT_AL_AA.fasta.zip,0.602307011683782,0.7242777546246847,True,0,0,0
79819_NT_AL_AA.fasta.zip,0.9819222688674927,0.7528498768806458,False,0,0,0
79820_NT_AL_AA.fasta.zip,1.1596852540969849,0.4426052471001943,False,0,0,0
79822_NT_AL_AA.fasta.zip,1.6349107027053833,0.9389495551586151,False,0,0,0
79825_NT_AL_AA.fasta.zip,1.4473119974136353,0.9483644366264343,True,0,0,0
7982_NT_AL_AA.fasta.zip,0.12855927646160126,0.9742876589298248,False,0,0,0
79830_NT_AL_AA.fasta.zip,2.4523008664449057,0.693580428759257,True,0,0,0
79831_NT_AL_AA.fasta.zip,0.6042082607746124,0.540513664484024,False,0,0,0
79832_NT_AL_AA.fasta.zip,2.7887807339429855,0.9266891479492188,True,0,0,0
79834_NT_AL_AA.fasta.zip,1.0580634400248528,0.9636754095554352,True,0,0,0
79836_NT_AL_AA.fasta.zip,1.0171237587928772,0.9671138525009155,True,0,0,0
79838_NT_AL_AA.fasta.zip,2.228994448979696,0.7216209173202515,True,0,0,0
79841_NT_AL_AA.fasta.zip,1.0023305614789326,0.8758562803268433,True,0,0,0
79842_NT_AL_AA.fasta.zip,1.8026790022850037,0.8399384617805481,True,0,0,0
79846_NT_AL_AA.fasta.zip,1.0602558255195618,0.7125121653079987,False,0,0,0
79847_NT_AL_AA.fasta.zip,0.8234905302524567,0.9571665525436401,False,0,0,0
79848_NT_AL_AA.fasta.zip,1.2248016198476155,0.8860966165860494,False,0,0,0
79849_NT_AL_AA.fasta.zip,0.8168680667877197,0.6861816942691803,False,0,0,0
7984_NT_AL_AA.fasta.zip,2.74251502007246,0.7514606192708015,True,0,0,0
79858_NT_AL_AA.fasta.zip,1.3653318285942078,0.8934027850627899,False,0,0,0
79864_NT_AL_AA.fasta.zip,2.2211506962776184,0.8670873641967773,True,0,0,0
79866_NT_AL_AA.fasta.zip,1.273764193058014,0.8849764466285706,False,0,0,0
79867_NT_AL_AA.fasta.zip,1.8256304264068604,0.3877946734428406,False,0,0,0
79868_NT_AL_AA.fasta.zip,2.6605498790740967,0.9388814568519592,True,0,0,0
79871_NT_AL_AA.fasta.zip,2.15201872587204,0.9597519338130951,False,0,0,0
79874_NT_AL_AA.fasta.zip,0.8281036019325256,0.8987692594528198,False,0,0,0
79875_NT_AL_AA.fasta.zip,1.012258529663086,0.9788998961448669,True,0,0,0
79882_NT_AL_AA.fasta.zip,0.8273563086986542,0.9509521424770355,False,0,0,0
79883_NT_AL_AA.fasta.zip,0.6757372915744781,0.05775650776922703,False,0,0,0
79884_NT_AL_AA.fasta.zip,2.2504929304122925,0.9742019772529602,False,0,0,0
79887_NT_AL_AA.fasta.zip,0.5249679088592529,0.4583469480276108,False,0,0,0
79888_NT_AL_AA.fasta.zip,0.5883163809776306,0.6898095011711121,False,0,0,0
79890_NT_AL_AA.fasta.zip,1.5911269783973694,0.8906094233194987,True,0,0,0
79892_NT_AL_AA.fasta.zip,0.6927533745765686,0.8506162166595459,False,0,0,0
79893_NT_AL_AA.fasta.zip,0.31125834584236145,0.9552741944789886,False,0,0,0
79895_NT_AL_AA.fasta.zip,0.81040491660436,0.9230625232060751,False,0,0,0
79896_NT_AL_AA.fasta.zip,1.0026437640190125,0.6733829975128174,True,0,0,0
79902_NT_AL_AA.fasta.zip,0.9872311055660248,0.9290090501308441,False,0,0,0
79905_NT_AL_AA.fasta.zip,1.1022410988807678,0.7667766511440277,True,0,0,0
79912_NT_AL_AA.fasta.zip,0.6861971020698547,0.7662007808685303,False,0,0,0
79913_NT_AL_AA.fasta.zip,0.523274376988411,0.6594979465007782,False,0,0,0
79915_NT_AL_AA.fasta.zip,1.7888918966054916,0.8782147169113159,True,0,0,0
79925_NT_AL_AA.fasta.zip,1.318413883447647,0.6519875228404999,True,0,0,0
79932_NT_AL_AA.fasta.zip,1.3533109029134114,0.8887179891268412,False,0,0,0
79933_NT_AL_AA.fasta.zip,1.0591457684834797,0.9614971081415812,False,0,0,0
79934_NT_AL_AA.fasta.zip,0.8673893213272095,0.8910912275314331,False,0,0,0
79948_NT_AL_AA.fasta.zip,1.0604903399944305,0.9531318843364716,False,0,0,0
7994_NT_AL_AA.fasta.zip,0.719324392080307,0.9212157130241394,True,0,0,0
79954_NT_AL_AA.fasta.zip,0.7599360644817352,0.9124699234962463,True,0,0,0
79955_NT_AL_AA.fasta.zip,0.9271612366040548,0.9461394349733988,False,0,0,0
79956_NT_AL_AA.fasta.zip,0.7079123556613922,0.5987886041402817,True,0,0,0
79958_NT_AL_AA.fasta.zip,1.5071387887001038,0.8943711817264557,True,0,0,0
79959_NT_AL_AA.fasta.zip,0.36866071820259094,0.9268527030944824,False,0,0,0
79960_NT_AL_AA.fasta.zip,0.6744634509086609,0.9553142786026001,True,0,0,0
79968_NT_AL_AA.fasta.zip,1.6849327683448792,0.6769914627075195,True,0,0,0
79971_NT_AL_AA.fasta.zip,0.4429027736186981,0.8350316882133484,False,0,0,0
79974_NT_AL_AA.fasta.zip,1.3341521223386128,0.8067836960156759,True,0,0,0
79977_NT_AL_AA.fasta.zip,0.33167846500873566,0.9452753663063049,False,0,0,0
79983_NT_AL_AA.fasta.zip,1.7465152144432068,0.9430234134197235,False,0,0,0
79987_NT_AL_AA.fasta.zip,0.8590920120477676,0.15578801999799907,True,0,0,0
79989_NT_AL_AA.fasta.zip,0.4559437036514282,0.9681877195835114,False,0,0,0
79990_NT_AL_AA.fasta.zip,1.48521089553833,0.9209960699081421,True,0,0,0
799_NT_AL_AA.fasta.zip,1.1592581868171692,0.4634861946105957,False,0,0,0
80000_NT_AL_AA.fasta.zip,0.6780114099383354,0.9088106900453568,False,0,0,0
80003_NT_AL_AA.fasta.zip,0.8252270817756653,0.7503548562526703,True,0,0,0
80004_NT_AL_AA.fasta.zip,1.1863407492637634,0.9077915847301483,True,0,0,0
80005_NT_AL_AA.fasta.zip,0.4887513816356659,0.5859250277280807,False,0,0,0
80010_NT_AL_AA.fasta.zip,1.4555919170379639,0.9642237424850464,False,0,0,0
80012_NT_AL_AA.fasta.zip,1.0271359880765278,0.9503798286120096,False,0,0,0
80014_NT_AL_AA.fasta.zip,0.8335777719815572,0.8804912169774374,True,0,0,0
80018_NT_AL_AA.fasta.zip,0.8083683848381042,0.6907249987125397,True,0,0,0
80020_NT_AL_AA.fasta.zip,0.5483579933643341,0.6845442354679108,False,0,0,0
80021_NT_AL_AA.fasta.zip,0.8930911123752594,0.38898083567619324,False,0,0,0
80022_NT_AL_AA.fasta.zip,1.7872761743409293,0.5924329033919743,True,0,0,0
80024_NT_AL_AA.fasta.zip,0.676649659872055,0.5603486150503159,False,0,0,0
80028_NT_AL_AA.fasta.zip,0.5634512305259705,0.6389893591403961,False,0,0,0
80031_NT_AL_AA.fasta.zip,0.8789383371671041,0.865959644317627,False,0,0,0
80034_NT_AL_AA.fasta.zip,0.8660906851291656,0.9600634276866913,False,0,0,0
80055_NT_AL_AA.fasta.zip,2.265454649925232,0.7589831352233887,False,0,0,0
80059_NT_AL_AA.fasta.zip,0.385262593626976,0.9709499478340149,False,0,0,0
80063_NT_AL_AA.fasta.zip,3.4017040729522705,0.8678286969661713,True,0,0,0
80067_NT_AL_AA.fasta.zip,0.5377804040908813,0.7213412225246429,False,0,0,0
80070_NT_AL_AA.fasta.zip,1.2697061896324158,0.39058395102620125,True,0,0,0
80071_NT_AL_AA.fasta.zip,3.5445775985717773,0.8569932381312052,True,0,0,0
80095_NT_AL_AA.fasta.zip,0.7868769864241282,0.9629410902659098,True,0,0,0
800_NT_AL_AA.fasta.zip,2.2089332938194275,0.8584334850311279,True,0,0,0
80114_NT_AL_AA.fasta.zip,0.4831412434577942,0.9255482256412506,False,0,0,0
80115_NT_AL_AA.fasta.zip,1.2137901782989502,0.9202160537242889,False,0,0,0
80119_NT_AL_AA.fasta.zip,0.6787432134151459,0.85566246509552,False,0,0,0
80122_NT_AL_AA.fasta.zip,3.1562681794166565,0.9270133972167969,True,0,0,0
80124_NT_AL_AA.fasta.zip,0.5682766437530518,0.948658267656962,True,0,0,0
80125_NT_AL_AA.fasta.zip,2.1456204652786255,0.6637939512729645,False,0,0,0
80127_NT_AL_AA.fasta.zip,1.2511654496192932,0.3006604164838791,False,0,0,0
80128_NT_AL_AA.fasta.zip,0.9413975477218628,0.9191445708274841,False,0,0,0
80129_NT_AL_AA.fasta.zip,1.887015700340271,0.76780766248703,False,0,0,0
80131_NT_AL_AA.fasta.zip,0.4307895451784134,0.5074853450059891,True,0,0,0
80133_NT_AL_AA.fasta.zip,1.5971086025238037,0.33906593918800354,False,0,0,0
80139_NT_AL_AA.fasta.zip,0.9273329079151154,0.9727132618427277,False,0,0,0
8013_NT_AL_AA.fasta.zip,1.7634318470954895,0.9448889791965485,True,0,0,0
80144_NT_AL_AA.fasta.zip,0.9879840910434723,0.43140410217973924,True,0,0,0
80149_NT_AL_AA.fasta.zip,0.6169250905513763,0.9685930013656616,False,0,0,0
80152_NT_AL_AA.fasta.zip,2.6948442459106445,0.8059019148349762,True,0,0,0
80153_NT_AL_AA.fasta.zip,0.4641716033220291,0.959071159362793,False,0,0,0
80155_NT_AL_AA.fasta.zip,0.2221228927373886,0.9650541841983795,False,0,0,0
80157_NT_AL_AA.fasta.zip,1.005326509475708,0.7076610028743744,False,0,0,0
80162_NT_AL_AA.fasta.zip,0.6213402450084686,0.3829515129327774,False,0,0,0
80164_NT_AL_AA.fasta.zip,2.3392772138118745,0.8786526441574096,True,0,0,0
80169_NT_AL_AA.fasta.zip,1.5207290252049763,0.3882507433493932,False,0,0,0
80173_NT_AL_AA.fasta.zip,2.206158220767975,0.8980673551559448,True,0,0,0
80179_NT_AL_AA.fasta.zip,0.7821522951126099,0.7271977365016937,False,0,0,0
80183_NT_AL_AA.fasta.zip,2.245478630065918,0.8022189736366272,True,0,0,0
80184_NT_AL_AA.fasta.zip,1.3273301005363465,0.735253530740738,True,0,0,0
80185_NT_AL_AA.fasta.zip,1.4969666600227356,0.7661086320877075,False,0,0,0
80198_NT_AL_AA.fasta.zip,1.0221978724002838,0.8978944420814514,False,0,0,0
8019_NT_AL_AA.fasta.zip,0.4617418199777603,0.9611157178878784,False,0,0,0
80201_NT_AL_AA.fasta.zip,0.5180129855871201,0.6351182758808136,False,0,0,0
80204_NT_AL_AA.fasta.zip,0.03168447036296129,0.9628878831863403,False,0,0,0
80205_NT_AL_AA.fasta.zip,0.9452879950404167,0.9471661845842997,True,0,0,0
80206_NT_AL_AA.fasta.zip,0.8333999067544937,0.9725982546806335,True,0,0,0
80208_NT_AL_AA.fasta.zip,1.398848009109497,0.6191187560558319,True,0,0,0
80209_NT_AL_AA.fasta.zip,1.975707729657491,0.9276380737622579,True,0,0,0
80210_NT_AL_AA.fasta.zip,0.7779048979282379,0.8495226204395294,False,0,0,0
80216_NT_AL_AA.fasta.zip,2.1164260109265647,0.749117930730184,True,0,0,0
80217_NT_AL_AA.fasta.zip,1.0161411315202713,0.4617821015417576,False,0,0,0
8021_NT_AL_AA.fasta.zip,1.81044944524765,0.8568435192108155,True,0,0,0
80221_NT_AL_AA.fasta.zip,0.7254509925842285,0.5770227611064911,False,0,0,0
80222_NT_AL_AA.fasta.zip,0.9077763855457306,0.7308842241764069,False,0,0,0
80223_NT_AL_AA.fasta.zip,2.230166018009186,0.8986910382906595,True,0,0,0
80230_NT_AL_AA.fasta.zip,0.7508198320865631,0.9316573441028595,False,0,0,0
80232_NT_AL_AA.fasta.zip,0.2020198330283165,0.9758691191673279,False,0,0,0
80233_NT_AL_AA.fasta.zip,1.5710448622703552,0.4283040165901184,False,0,0,0
80235_NT_AL_AA.fasta.zip,0.8359884321689606,0.6841031610965729,False,0,0,0
80243_NT_AL_AA.fasta.zip,0.7883837297558784,0.8014163449406624,True,0,0,0
80254_NT_AL_AA.fasta.zip,1.2204928994178772,0.9385014176368713,False,0,0,0
80255_NT_AL_AA.fasta.zip,0.540149986743927,0.9678540527820587,False,0,0,0
80256_NT_AL_AA.fasta.zip,1.3093154430389404,0.8921206295490265,False,0,0,0
80258_NT_AL_AA.fasta.zip,1.4523627161979675,0.13671551644802094,False,0,0,0
80263_NT_AL_AA.fasta.zip,1.5253703594207764,0.6158468425273895,False,0,0,0
80267_NT_AL_AA.fasta.zip,0.36151133477687836,0.9796565771102905,False,0,0,0
80271_NT_AL_AA.fasta.zip,1.951774001121521,0.9775656461715698,True,0,0,0
80274_NT_AL_AA.fasta.zip,0.6263137658437093,0.8530979553858439,False,0,0,0
80279_NT_AL_AA.fasta.zip,1.2121451497077942,0.8463141918182373,False,0,0,0
8027_NT_AL_AA.fasta.zip,0.5764227509498596,0.9728766083717346,False,0,0,0
8028_NT_AL_AA.fasta.zip,0.9163086215655009,0.9185699025789896,True,0,0,0
8029_NT_AL_AA.fasta.zip,0.9392906054854393,0.1256040339358151,False,0,0,0
80301_NT_AL_AA.fasta.zip,1.1187201142311096,0.9559072256088257,False,0,0,0
80309_NT_AL_AA.fasta.zip,1.0131329745054245,0.9446414262056351,True,0,0,0
80311_NT_AL_AA.fasta.zip,0.20471790432929993,0.9631569683551788,False,0,0,0
80312_NT_AL_AA.fasta.zip,3.959430980682373,0.9405625343322754,True,0,0,0
80314_NT_AL_AA.fasta.zip,0.8421418070793152,0.9356093108654022,True,0,0,0
80315_NT_AL_AA.fasta.zip,0.2248459905385971,0.9731509685516357,False,0,0,0
8031_NT_AL_AA.fasta.zip,1.2643155455589294,0.8836928606033325,False,0,0,0
80321_NT_AL_AA.fasta.zip,2.5010417699813843,0.8387592732906342,False,0,0,0
80332_NT_AL_AA.fasta.zip,0.9621338546276093,0.567497044801712,False,0,0,0
80336_NT_AL_AA.fasta.zip,0.8188857138156891,0.8817254304885864,False,0,0,0
80339_NT_AL_AA.fasta.zip,1.584800362586975,0.36124783754348755,False,0,0,0
80342_NT_AL_AA.fasta.zip,1.7373684644699097,0.9407602548599243,False,0,0,0
80343_NT_AL_AA.fasta.zip,1.6301416754722595,0.9087722301483154,True,0,0,0
80344_NT_AL_AA.fasta.zip,0.8008780181407928,0.9656758308410645,False,0,0,0
80347_NT_AL_AA.fasta.zip,0.774269163608551,0.5304741263389587,False,0,0,0
80351_NT_AL_AA.fasta.zip,0.25683829188346863,0.973964254061381,False,0,0,0
8036_NT_AL_AA.fasta.zip,0.3362714797258377,0.977858155965805,False,0,0,0
80381_NT_AL_AA.fasta.zip,3.303011178970337,0.5060655809938908,True,0,0,0
8038_NT_AL_AA.fasta.zip,0.5798285603523254,0.8632965981960297,False,0,0,0
8050_NT_AL_AA.fasta.zip,0.7129376530647278,0.9040718972682953,False,0,0,0
8065_NT_AL_AA.fasta.zip,0.08013344556093216,0.9731792509555817,False,0,0,0
80705_NT_AL_AA.fasta.zip,1.6640681624412537,0.9767023026943207,False,0,0,0
80709_NT_AL_AA.fasta.zip,2.8965547382831573,0.8736641258001328,True,0,0,0
80724_NT_AL_AA.fasta.zip,1.565930167833964,0.5673350691795349,True,0,0,0
80725_NT_AL_AA.fasta.zip,0.7096663614114126,0.9462510943412781,True,0,0,0
80726_NT_AL_AA.fasta.zip,4.004047393798828,0.5624742388725281,True,0,0,0
80727_NT_AL_AA.fasta.zip,0.8186792135238647,0.8360254764556885,False,0,0,0
80728_NT_AL_AA.fasta.zip,0.5738736589749655,0.7728615800539652,True,0,0,0
80731_NT_AL_AA.fasta.zip,0.9877405017614365,0.2792535796761513,False,0,0,0
80736_NT_AL_AA.fasta.zip,0.6750420033931732,0.49034483730793,False,0,0,0
80737_NT_AL_AA.fasta.zip,1.7573273181915283,0.6850680410861969,False,0,0,0
80745_NT_AL_AA.fasta.zip,1.1174514889717102,0.8567832410335541,False,0,0,0
80760_NT_AL_AA.fasta.zip,0.7764892876148224,0.7332697510719299,False,0,0,0
80781_NT_AL_AA.fasta.zip,0.9124705493450165,0.47892311215400696,True,0,0,0
80789_NT_AL_AA.fasta.zip,0.7962674697240194,0.9584798614184061,False,0,0,0
8078_NT_AL_AA.fasta.zip,0.3547584265470505,0.951551616191864,False,0,0,0
80790_NT_AL_AA.fasta.zip,0.26150378584861755,0.9688982665538788,False,0,0,0
80816_NT_AL_AA.fasta.zip,1.695371824502945,0.9153252005577087,True,0,0,0
80820_NT_AL_AA.fasta.zip,0.7449008226394653,0.9214107692241669,False,0,0,0
80821_NT_AL_AA.fasta.zip,0.7540608048439026,0.9737662672996521,True,0,0,0
80823_NT_AL_AA.fasta.zip,1.6394136548042297,0.950562059879303,True,0,0,0
80824_NT_AL_AA.fasta.zip,0.6024699956178665,0.9363013207912445,False,0,0,0
80829_NT_AL_AA.fasta.zip,0.3987498879432678,0.9710322916507721,False,0,0,0
80834_NT_AL_AA.fasta.zip,1.4726572632789612,0.2674259841442108,False,0,0,0
80835_NT_AL_AA.fasta.zip,1.5375930070877075,0.2018083557486534,False,0,0,0
80852_NT_AL_AA.fasta.zip,1.1528993447621663,0.9445282419522604,False,0,0,0
80853_NT_AL_AA.fasta.zip,0.6663747876882553,0.8577165901660919,True,0,0,0
8085_NT_AL_AA.fasta.zip,1.1690039421830858,0.8407038412988186,True,0,0,0
8086_NT_AL_AA.fasta.zip,1.7066444158554077,0.8306312561035156,True,0,0,0
8087_NT_AL_AA.fasta.zip,0.13086361438035965,0.9740849137306213,False,0,0,0
8100_NT_AL_AA.fasta.zip,1.3200812935829163,0.6642026305198669,True,0,0,0
81031_NT_AL_AA.fasta.zip,0.8906024992465973,0.8721670210361481,False,0,0,0
81033_NT_AL_AA.fasta.zip,0.497264564037323,0.9655396640300751,False,0,0,0
81035_NT_AL_AA.fasta.zip,0.8121896982192993,0.4659978747367859,True,0,0,0
81037_NT_AL_AA.fasta.zip,0.37505628168582916,0.6617161929607391,False,0,0,0
8120_NT_AL_AA.fasta.zip,0.5183980464935303,0.9643356800079346,True,0,0,0
8131_NT_AL_AA.fasta.zip,0.5896183550357819,0.7357881665229797,False,0,0,0
8139_NT_AL_AA.fasta.zip,0.2841894328594208,0.968042403459549,False,0,0,0
8140_NT_AL_AA.fasta.zip,0.33068080246448517,0.7218173146247864,False,0,0,0
8148_NT_AL_AA.fasta.zip,0.7261325418949127,0.9591490030288696,False,0,0,0
81492_NT_AL_AA.fasta.zip,0.9331119656562805,0.5800473839044571,True,0,0,0
81493_NT_AL_AA.fasta.zip,2.277679145336151,0.9442368447780609,True,0,0,0
81533_NT_AL_AA.fasta.zip,0.5025570094585419,0.7508362233638763,False,0,0,0
81544_NT_AL_AA.fasta.zip,1.1068713068962097,0.5946881622076035,True,0,0,0
81545_NT_AL_AA.fasta.zip,0.8461119085550308,0.969951351483663,True,0,0,0
81550_NT_AL_AA.fasta.zip,0.993276983499527,0.8717090785503387,True,0,0,0
81556_NT_AL_AA.fasta.zip,0.2672500014305115,0.9731419682502747,False,0,0,0
81566_NT_AL_AA.fasta.zip,0.47996796667575836,0.9756678640842438,False,0,0,0
81570_NT_AL_AA.fasta.zip,0.42586690187454224,0.9595201313495636,False,0,0,0
81573_NT_AL_AA.fasta.zip,0.5485152751207352,0.9869009852409363,False,0,0,0
81602_NT_AL_AA.fasta.zip,0.5227315425872803,0.9137884080410004,False,0,0,0
81603_NT_AL_AA.fasta.zip,0.4999435991048813,0.9538451433181763,False,0,0,0
81607_NT_AL_AA.fasta.zip,0.7106240391731262,0.6906293034553528,False,0,0,0
81608_NT_AL_AA.fasta.zip,0.34671828150749207,0.9506767690181732,False,0,0,0
81609_NT_AL_AA.fasta.zip,0.21430326253175735,0.9742942452430725,False,0,0,0
81610_NT_AL_AA.fasta.zip,0.6826625466346741,0.8957855999469757,False,0,0,0
8161_NT_AL_AA.fasta.zip,1.6173892617225647,0.8626461625099182,False,0,0,0
81620_NT_AL_AA.fasta.zip,1.2655323147773743,0.6699898838996887,False,0,0,0
81622_NT_AL_AA.fasta.zip,0.603472113609314,0.6479519009590149,False,0,0,0
81624_NT_AL_AA.fasta.zip,0.9935665925343832,0.8885550300280253,True,0,0,0
81626_NT_AL_AA.fasta.zip,1.357327938079834,0.9240834712982178,True,0,0,0
81627_NT_AL_AA.fasta.zip,0.8638626337051392,0.9708589911460876,True,0,0,0
8165_NT_AL_AA.fasta.zip,2.177797108888626,0.903730571269989,True,0,0,0
81669_NT_AL_AA.fasta.zip,0.6304475963115692,0.9641625881195068,False,0,0,0
81691_NT_AL_AA.fasta.zip,3.0769137144088745,0.8197516798973083,False,0,0,0
816_NT_AL_AA.fasta.zip,0.3816468268632889,0.9778348207473755,False,0,0,0
81704_NT_AL_AA.fasta.zip,0.8414641618728638,0.8140378952026367,True,0,0,0
8174_NT_AL_AA.fasta.zip,1.834834337234497,0.173149473965168,False,0,0,0
8175_NT_AL_AA.fasta.zip,0.36876094341278076,0.6290442943572998,True,0,0,0
81786_NT_AL_AA.fasta.zip,0.8655859231948853,0.8523139357566833,False,0,0,0
81788_NT_AL_AA.fasta.zip,0.33154084781805676,0.9680403669675192,False,0,0,0
8178_NT_AL_AA.fasta.zip,1.1227511167526245,0.9013717770576477,False,0,0,0
81792_NT_AL_AA.fasta.zip,0.9122401475906372,0.823279857635498,True,0,0,0
81794_NT_AL_AA.fasta.zip,0.7602135141690572,0.8804572423299154,False,0,0,0
81796_NT_AL_AA.fasta.zip,0.4023851901292801,0.964573085308075,False,0,0,0
817_NT_AL_AA.fasta.zip,0.12371381372213364,0.9729738533496857,False,0,0,0
81831_NT_AL_AA.fasta.zip,0.32303662598133087,0.8027237355709076,False,0,0,0
81832_NT_AL_AA.fasta.zip,0.6173523366451263,0.8844639360904694,False,0,0,0
81839_NT_AL_AA.fasta.zip,0.8677855432033539,0.7100051641464233,False,0,0,0
81844_NT_AL_AA.fasta.zip,1.0749447643756866,0.95804363489151,False,0,0,0
81846_NT_AL_AA.fasta.zip,0.7103598415851593,0.917720764875412,True,0,0,0
81857_NT_AL_AA.fasta.zip,0.5738193988800049,0.8928774297237396,False,0,0,0
81887_NT_AL_AA.fasta.zip,3.2010104656219482,0.9384594261646271,True,0,0,0
8189_NT_AL_AA.fasta.zip,0.48827991882960003,0.9562705556551615,False,0,0,0
818_NT_AL_AA.fasta.zip,0.18533414602279663,0.9749101400375366,False,0,0,0
81930_NT_AL_AA.fasta.zip,1.6501142382621765,0.883946418762207,True,0,0,0
8195_NT_AL_AA.fasta.zip,1.2211709022521973,0.4056675434112549,False,0,0,0
81_NT_AL_AA.fasta.zip,0.2742897719144821,0.9703767597675323,False,0,0,0
8200_NT_AL_AA.fasta.zip,0.8590759932994843,0.959598958492279,False,0,0,0
8202_NT_AL_AA.fasta.zip,1.375263750553131,0.8637923200925192,True,0,0,0
8204_NT_AL_AA.fasta.zip,1.2501062949498494,0.8341232538223267,True,0,0,0
8208_NT_AL_AA.fasta.zip,0.47673438489437103,0.920685201883316,False,0,0,0
8216_NT_AL_AA.fasta.zip,0.3506283015012741,0.973193496465683,False,0,0,0
821_NT_AL_AA.fasta.zip,0.8430598676204681,0.8278144001960754,False,0,0,0
8224_NT_AL_AA.fasta.zip,0.7144027650356293,0.9522781372070312,False,0,0,0
8225_NT_AL_AA.fasta.zip,1.1267706751823425,0.25833089649677277,False,0,0,0
8227_NT_AL_AA.fasta.zip,1.0865037739276886,0.9182319641113281,True,0,0,0
8233_NT_AL_AA.fasta.zip,0.8995735943317413,0.9010908603668213,False,0,0,0
8237_NT_AL_AA.fasta.zip,0.882100373506546,0.9097910523414612,False,0,0,0
8239_NT_AL_AA.fasta.zip,0.23139307896296182,0.967909703652064,False,0,0,0
823_NT_AL_AA.fasta.zip,0.45469482243061066,0.277131088078022,False,0,0,0
8241_NT_AL_AA.fasta.zip,0.5346161127090454,0.9507592519124349,False,0,0,0
8242_NT_AL_AA.fasta.zip,0.6395194195210934,0.9693541526794434,True,0,0,0
8243_NT_AL_AA.fasta.zip,0.10964980348944664,0.9749018351236979,False,0,0,0
824_NT_AL_AA.fasta.zip,0.32758110761642456,0.3004137873649597,False,0,0,0
825_NT_AL_AA.fasta.zip,0.4793297350406647,0.8723640143871307,False,0,0,0
8277_NT_AL_AA.fasta.zip,1.5987024903297424,0.28748103976249695,False,0,0,0
827_NT_AL_AA.fasta.zip,3.961970567703247,0.7412704527378082,True,0,0,0
8288_NT_AL_AA.fasta.zip,0.8477872014045715,0.3279680758714676,False,0,0,0
8289_NT_AL_AA.fasta.zip,0.7743544816970825,0.9418669223785401,True,0,0,0
8291_NT_AL_AA.fasta.zip,0.8829718708992005,0.7992617726325989,True,0,0,0
8295_NT_AL_AA.fasta.zip,0.18898242060095072,0.9532295241951942,False,0,0,0
8301_NT_AL_AA.fasta.zip,0.2534887492656708,0.9630893468856812,False,0,0,0
8309_NT_AL_AA.fasta.zip,0.7504802048206329,0.37994273006916046,False,0,0,0
8310_NT_AL_AA.fasta.zip,0.7664585709571838,0.6309891045093536,False,0,0,0
8312_NT_AL_AA.fasta.zip,0.6277391910552979,0.7812906205654144,False,0,0,0
8313_NT_AL_AA.fasta.zip,1.1199851036071777,0.959983617067337,False,0,0,0
8314_NT_AL_AA.fasta.zip,0.4190421551465988,0.9705049097537994,False,0,0,0
8315_NT_AL_AA.fasta.zip,0.2811896353960037,0.9745775759220123,False,0,0,0
8317_NT_AL_AA.fasta.zip,0.6713728904724121,0.9727865159511566,False,0,0,0
8318_NT_AL_AA.fasta.zip,0.629104733467102,0.44236956536769867,False,0,0,0
831_NT_AL_AA.fasta.zip,2.979563295841217,0.7068509161472321,True,0,0,0
8320_NT_AL_AA.fasta.zip,1.150941401720047,0.9608483016490936,True,0,0,0
8321_NT_AL_AA.fasta.zip,0.33551518619060516,0.9853803813457489,False,0,0,0
8322_NT_AL_AA.fasta.zip,0.2594054192304611,0.9737834632396698,False,0,0,0
8323_NT_AL_AA.fasta.zip,0.4932410418987274,0.9093590974807739,False,0,0,0
8324_NT_AL_AA.fasta.zip,0.16243502497673035,0.9760183393955231,False,0,0,0
8325_NT_AL_AA.fasta.zip,0.6086279153823853,0.9862276911735535,True,0,0,0
8326_NT_AL_AA.fasta.zip,0.5905659198760986,0.9462149441242218,False,0,0,0
83394_NT_AL_AA.fasta.zip,0.7205885648727417,0.8898869752883911,True,0,0,0
833_NT_AL_AA.fasta.zip,0.5640191733837128,0.6236252039670944,True,0,0,0
83439_NT_AL_AA.fasta.zip,0.7349159121513367,0.961094856262207,False,0,0,0
83440_NT_AL_AA.fasta.zip,0.6633054614067078,0.5413405299186707,False,0,0,0
83448_NT_AL_AA.fasta.zip,1.296093463897705,0.8602688014507294,False,0,0,0
83449_NT_AL_AA.fasta.zip,2.1674424409866333,0.6149549384911855,True,0,0,0
83450_NT_AL_AA.fasta.zip,0.8323529958724976,0.47311127185821533,False,0,0,0
83473_NT_AL_AA.fasta.zip,0.4343285709619522,0.9558753669261932,False,0,0,0
83478_NT_AL_AA.fasta.zip,1.1116235852241516,0.9437252581119537,False,0,0,0
83479_NT_AL_AA.fasta.zip,0.5348859429359436,0.7955015897750854,False,0,0,0
83481_NT_AL_AA.fasta.zip,0.969084061216563,0.5412637554109097,True,0,0,0
83538_NT_AL_AA.fasta.zip,0.8283383846282959,0.8456355333328247,False,0,0,0
83548_NT_AL_AA.fasta.zip,0.9601216316223145,0.9677887856960297,True,0,0,0
83550_NT_AL_AA.fasta.zip,1.7148916721343994,0.9029417037963867,False,0,0,0
83552_NT_AL_AA.fasta.zip,1.3135437369346619,0.35061316192150116,False,0,0,0
83605_NT_AL_AA.fasta.zip,0.5265335142612457,0.9406809508800507,False,0,0,0
83637_NT_AL_AA.fasta.zip,1.0043552815914154,0.8749642670154572,True,0,0,0
83642_NT_AL_AA.fasta.zip,0.5720789730548859,0.643937736749649,False,0,0,0
83660_NT_AL_AA.fasta.zip,0.1918438399831454,0.9704843958218893,False,0,0,0
83666_NT_AL_AA.fasta.zip,1.1626040935516357,0.3692178428173065,True,0,0,0
83690_NT_AL_AA.fasta.zip,1.0928221344947815,0.9377585351467133,False,0,0,0
83694_NT_AL_AA.fasta.zip,0.9017734229564667,0.9376164376735687,False,0,0,0
83696_NT_AL_AA.fasta.zip,0.606731096903483,0.7203455567359924,True,0,0,0
83697_NT_AL_AA.fasta.zip,1.1902327239513397,0.763914942741394,True,0,0,0
83706_NT_AL_AA.fasta.zip,0.4887048751115799,0.637900322675705,False,0,0,0
83715_NT_AL_AA.fasta.zip,0.7912592589855194,0.8217651844024658,False,0,0,0
83716_NT_AL_AA.fasta.zip,0.6182312667369843,0.3473534882068634,False,0,0,0
83732_NT_AL_AA.fasta.zip,0.5625743269920349,0.8991800248622894,False,0,0,0
83737_NT_AL_AA.fasta.zip,0.3903588801622391,0.9699688255786896,False,0,0,0
83744_NT_AL_AA.fasta.zip,1.7349087595939636,0.9806952476501465,True,0,0,0
83746_NT_AL_AA.fasta.zip,0.4299292266368866,0.9654432535171509,False,0,0,0
83752_NT_AL_AA.fasta.zip,0.2946671172976494,0.9591431021690369,False,0,0,0
83756_NT_AL_AA.fasta.zip,1.1998193264007568,0.21520955115556717,False,0,0,0
8379_NT_AL_AA.fasta.zip,0.995018482208252,0.23900068551301956,False,0,0,0
83844_NT_AL_AA.fasta.zip,3.914052367210388,0.32960934937000275,True,0,0,0
83850_NT_AL_AA.fasta.zip,1.2201481461524963,0.8036908209323883,False,0,0,0
83851_NT_AL_AA.fasta.zip,2.2483463287353516,0.9494143426418304,True,0,0,0
83854_NT_AL_AA.fasta.zip,1.483721137046814,0.9720985591411591,False,0,0,0
83856_NT_AL_AA.fasta.zip,0.45116929709911346,0.2847142219543457,False,0,0,0
83857_NT_AL_AA.fasta.zip,0.795595109462738,0.6481134444475174,True,0,0,0
83860_NT_AL_AA.fasta.zip,0.6627034544944763,0.942798376083374,False,0,0,0
83872_NT_AL_AA.fasta.zip,1.0080645183722179,0.3587648003983001,True,0,0,0
83874_NT_AL_AA.fasta.zip,0.3948074281215668,0.9715239107608795,False,0,0,0
83875_NT_AL_AA.fasta.zip,0.9247533082962036,0.4844479411840439,False,0,0,0
83878_NT_AL_AA.fasta.zip,3.775074005126953,0.7333459258079529,True,0,0,0
83887_NT_AL_AA.fasta.zip,1.7816444635391235,0.7171133756637573,False,0,0,0
83889_NT_AL_AA.fasta.zip,2.6580849289894104,0.5000959625467658,True,0,0,0
83891_NT_AL_AA.fasta.zip,0.957410991191864,0.9311470985412598,False,0,0,0
83893_NT_AL_AA.fasta.zip,0.9196506142616272,0.8584776520729065,False,0,0,0
83903_NT_AL_AA.fasta.zip,2.7939623594284058,0.7760991454124451,True,0,0,0
83932_NT_AL_AA.fasta.zip,1.073839545249939,0.9065262675285339,False,0,0,0
83933_NT_AL_AA.fasta.zip,1.2890479862689972,0.5885481685400009,True,0,0,0
83939_NT_AL_AA.fasta.zip,0.760189414024353,0.8198467195034027,False,0,0,0
8394_NT_AL_AA.fasta.zip,0.27697089314460754,0.9650299549102783,False,0,0,0
83953_NT_AL_AA.fasta.zip,3.9704174995422363,0.3860121890902519,True,0,0,0
83959_NT_AL_AA.fasta.zip,0.7382050454616547,0.7819086015224457,False,0,0,0
8395_NT_AL_AA.fasta.zip,0.41703981161117554,0.9589092135429382,False,0,0,0
83985_NT_AL_AA.fasta.zip,0.2744549661874771,0.7126025855541229,False,0,0,0
83986_NT_AL_AA.fasta.zip,1.429062306880951,0.2503629997372627,False,0,0,0
83987_NT_AL_AA.fasta.zip,3.4919933080673218,0.8178239266077677,True,0,0,0
8398_NT_AL_AA.fasta.zip,0.5813830494880676,0.7519570291042328,False,0,0,0
83990_NT_AL_AA.fasta.zip,0.9363563656806946,0.8242639303207397,True,0,0,0
83992_NT_AL_AA.fasta.zip,1.2052849531173706,0.9183816164731979,True,0,0,0
84000_NT_AL_AA.fasta.zip,0.9614509344100952,0.6157242357730865,False,0,0,0
84033_NT_AL_AA.fasta.zip,0.9880562816416064,0.450392828593331,True,0,0,0
84034_NT_AL_AA.fasta.zip,1.2609748840332031,0.8822152813275655,False,0,0,0
8404_NT_AL_AA.fasta.zip,2.729832410812378,0.6492147296667099,True,0,0,0
84059_NT_AL_AA.fasta.zip,1.244031039568094,0.28711618740971273,True,0,0,0
84063_NT_AL_AA.fasta.zip,1.7316014170646667,0.4836120754480362,True,0,0,0
84067_NT_AL_AA.fasta.zip,0.6273463765780131,0.9385100801785787,False,0,0,0
84069_NT_AL_AA.fasta.zip,1.7436224818229675,0.8269336223602295,True,0,0,0
8406_NT_AL_AA.fasta.zip,1.0757928490638733,0.5856834799051285,True,0,0,0
84070_NT_AL_AA.fasta.zip,3.144962787628174,0.5029636099934578,True,0,0,0
84071_NT_AL_AA.fasta.zip,1.3185953795909882,0.6549074649810791,True,0,0,0
84073_NT_AL_AA.fasta.zip,1.393805742263794,0.4880153685808182,False,0,0,0
84074_NT_AL_AA.fasta.zip,3.722672598702567,0.781492641461747,True,0,0,0
84075_NT_AL_AA.fasta.zip,4.525617678960164,0.9163614412148794,True,0,0,0
84077_NT_AL_AA.fasta.zip,1.6392133831977844,0.622368723154068,False,0,0,0
84079_NT_AL_AA.fasta.zip,0.8898680210113525,0.6696998278299967,True,0,0,0
84081_NT_AL_AA.fasta.zip,1.2826817631721497,0.9729231595993042,True,0,0,0
84083_NT_AL_AA.fasta.zip,0.8743741512298584,0.928016742070516,False,0,0,0
84085_NT_AL_AA.fasta.zip,0.6072987616062164,0.9652470052242279,False,0,0,0
8408_NT_AL_AA.fasta.zip,0.8580275177955627,0.7831202149391174,True,0,0,0
84101_NT_AL_AA.fasta.zip,1.118229627609253,0.9648737609386444,False,0,0,0
84102_NT_AL_AA.fasta.zip,0.31253424286842346,0.9388407766819,False,0,0,0
84106_NT_AL_AA.fasta.zip,3.4175941944122314,0.5992313722769419,True,0,0,0
8411_NT_AL_AA.fasta.zip,0.857461412747701,0.9354250232378641,False,0,0,0
84124_NT_AL_AA.fasta.zip,1.4595982283353806,0.6537965685129166,True,0,0,0
84125_NT_AL_AA.fasta.zip,3.2209956884384154,0.8156181633472442,True,0,0,0
84126_NT_AL_AA.fasta.zip,1.52703058719635,0.7753243148326874,False,0,0,0
84128_NT_AL_AA.fasta.zip,0.8018575012683868,0.5073814988136292,True,0,0,0
84129_NT_AL_AA.fasta.zip,0.6936793625354767,0.40666645765304565,False,0,0,0
8412_NT_AL_AA.fasta.zip,0.8598224818706512,0.8925515115261078,False,0,0,0
84131_NT_AL_AA.fasta.zip,1.4312325716018677,0.6359608322381973,True,0,0,0
84132_NT_AL_AA.fasta.zip,2.1096423467000327,0.8276029229164124,True,0,0,0
84133_NT_AL_AA.fasta.zip,1.1714896857738495,0.9368666410446167,True,0,0,0
84135_NT_AL_AA.fasta.zip,1.096560537815094,0.8412716686725616,False,0,0,0
84140_NT_AL_AA.fasta.zip,2.704990863800049,0.7516983151435852,True,0,0,0
84144_NT_AL_AA.fasta.zip,1.077873428662618,0.9668156703313192,True,0,0,0
84146_NT_AL_AA.fasta.zip,1.6228299140930176,0.8663454651832581,True,0,0,0
84159_NT_AL_AA.fasta.zip,0.9069951971371969,0.918998658657074,True,0,0,0
84162_NT_AL_AA.fasta.zip,0.4000216072255915,0.9256894805214622,True,0,0,0
84164_NT_AL_AA.fasta.zip,1.027996003627777,0.9112116992473602,False,0,0,0
84166_NT_AL_AA.fasta.zip,1.6755502223968506,0.14641476795077324,True,0,0,0
84167_NT_AL_AA.fasta.zip,3.1659252643585205,0.7189108431339264,True,0,0,0
84168_NT_AL_AA.fasta.zip,0.5526916086673737,0.9626003503799438,False,0,0,0
84171_NT_AL_AA.fasta.zip,0.580082893371582,0.24376007914543152,False,0,0,0
84172_NT_AL_AA.fasta.zip,0.47319846351941425,0.36928026874860126,False,0,0,0
84181_NT_AL_AA.fasta.zip,0.7469983361661434,0.9555911322434744,True,0,0,0
84182_NT_AL_AA.fasta.zip,1.2427105903625488,0.8458045423030853,True,0,0,0
84186_NT_AL_AA.fasta.zip,1.83698570728302,0.9170116782188416,False,0,0,0
84188_NT_AL_AA.fasta.zip,0.8252373337745667,0.9718922674655914,False,0,0,0
84189_NT_AL_AA.fasta.zip,0.8348962366580963,0.8436037302017212,False,0,0,0
84190_NT_AL_AA.fasta.zip,1.0917077660560608,0.9288846552371979,False,0,0,0
84193_NT_AL_AA.fasta.zip,0.3214138001203537,0.9060477316379547,False,0,0,0
84196_NT_AL_AA.fasta.zip,0.31633637348810834,0.8872782190640768,False,0,0,0
841_NT_AL_AA.fasta.zip,0.8504878282546997,0.25208137929439545,False,0,0,0
84203_NT_AL_AA.fasta.zip,3.900080442428589,0.7665910422801971,True,0,0,0
84206_NT_AL_AA.fasta.zip,0.6233984231948853,0.9797360301017761,False,0,0,0
84215_NT_AL_AA.fasta.zip,2.060495932896932,0.9308234850565592,True,0,0,0
84216_NT_AL_AA.fasta.zip,0.7183275818824768,0.9642381370067596,False,0,0,0
84219_NT_AL_AA.fasta.zip,0.7024001628160477,0.8585183024406433,True,0,0,0
84225_NT_AL_AA.fasta.zip,1.3258916735649109,0.9768552482128143,False,0,0,0
84226_NT_AL_AA.fasta.zip,4.046941916147868,0.7591863721609116,True,0,0,0
84229_NT_AL_AA.fasta.zip,0.9140073359012604,0.4902268797159195,True,0,0,0
84230_NT_AL_AA.fasta.zip,0.36935703456401825,0.9043962955474854,False,0,0,0
84231_NT_AL_AA.fasta.zip,0.23494191467761993,0.9458776712417603,False,0,0,0
84239_NT_AL_AA.fasta.zip,0.8048240939776102,0.8443225820859274,False,0,0,0
84249_NT_AL_AA.fasta.zip,0.7894165217876434,0.9727079272270203,False,0,0,0
84250_NT_AL_AA.fasta.zip,2.0920735597610474,0.9599153995513916,True,0,0,0
84251_NT_AL_AA.fasta.zip,0.7036073356866837,0.9675584733486176,True,0,0,0
84253_NT_AL_AA.fasta.zip,0.4525550703207652,0.9170853098233541,False,0,0,0
84254_NT_AL_AA.fasta.zip,0.694786787033081,0.8531567752361298,False,0,0,0
84256_NT_AL_AA.fasta.zip,1.1632504761219025,0.8778069019317627,True,0,0,0
84258_NT_AL_AA.fasta.zip,0.7356858849525452,0.9415557086467743,False,0,0,0
8425_NT_AL_AA.fasta.zip,1.215488076210022,0.9403085708618164,True,0,0,0
84260_NT_AL_AA.fasta.zip,1.4832894802093506,0.27570074796676636,False,0,0,0
84273_NT_AL_AA.fasta.zip,1.0658963918685913,0.8054843842983246,False,0,0,0
84286_NT_AL_AA.fasta.zip,0.5962651669979095,0.6045098304748535,False,0,0,0
84307_NT_AL_AA.fasta.zip,0.57171431183815,0.9823306500911713,False,0,0,0
84315_NT_AL_AA.fasta.zip,0.4987027198076248,0.9770070612430573,False,0,0,0
84318_NT_AL_AA.fasta.zip,1.6076467633247375,0.8594096302986145,False,0,0,0
84340_NT_AL_AA.fasta.zip,0.5994482338428497,0.8583645522594452,False,0,0,0
84342_NT_AL_AA.fasta.zip,0.6086853742599487,0.8982588648796082,False,0,0,0
84343_NT_AL_AA.fasta.zip,1.2104041973749797,0.7147872050603231,False,0,0,0
8434_NT_AL_AA.fasta.zip,0.7871465086936951,0.9430859386920929,False,0,0,0
8435_NT_AL_AA.fasta.zip,0.6458877623081207,0.8830807209014893,False,0,0,0
84364_NT_AL_AA.fasta.zip,1.003718614578247,0.9561211466789246,False,0,0,0
84376_NT_AL_AA.fasta.zip,0.2858866751194,0.9463935196399689,False,0,0,0
8437_NT_AL_AA.fasta.zip,0.761615514755249,0.6494901180267334,True,0,0,0
8438_NT_AL_AA.fasta.zip,0.6876195073127747,0.7101573199033737,True,0,0,0
8439_NT_AL_AA.fasta.zip,0.5211761146783829,0.7295902967453003,False,0,0,0
84433_NT_AL_AA.fasta.zip,0.9036566416422526,0.7131745517253876,True,0,0,0
84435_NT_AL_AA.fasta.zip,1.2452148795127869,0.8671035170555115,False,0,0,0
84439_NT_AL_AA.fasta.zip,0.5267364978790283,0.40536393225193024,False,0,0,0
8443_NT_AL_AA.fasta.zip,0.9411949217319489,0.7541856169700623,False,0,0,0
84440_NT_AL_AA.fasta.zip,0.8374267816543579,0.9626051485538483,False,0,0,0
84441_NT_AL_AA.fasta.zip,2.2513271371523538,0.8747522830963135,True,0,0,0
84443_NT_AL_AA.fasta.zip,1.4321001768112183,0.9590569019317627,True,0,0,0
84444_NT_AL_AA.fasta.zip,1.157208427786827,0.7631421387195587,True,0,0,0
84445_NT_AL_AA.fasta.zip,1.0117926895618439,0.94374018907547,False,0,0,0
84446_NT_AL_AA.fasta.zip,0.26019734144210815,0.977215051651001,False,0,0,0
84447_NT_AL_AA.fasta.zip,0.4265842139720917,0.9847202003002167,False,0,0,0
84448_NT_AL_AA.fasta.zip,0.7865418195724487,0.7997817993164062,False,0,0,0
8444_NT_AL_AA.fasta.zip,0.5786226987838745,0.9649978876113892,False,0,0,0
84450_NT_AL_AA.fasta.zip,1.7120932936668396,0.9795806407928467,False,0,0,0
84451_NT_AL_AA.fasta.zip,1.4060662388801575,0.9526541233062744,True,0,0,0
84455_NT_AL_AA.fasta.zip,1.9753925800323486,0.8918069899082184,True,0,0,0
84456_NT_AL_AA.fasta.zip,0.7258475720882416,0.9477341771125793,False,0,0,0
84458_NT_AL_AA.fasta.zip,1.8484290093183517,0.9420331865549088,True,0,0,0
8445_NT_AL_AA.fasta.zip,0.32104184478521347,0.9506112635135651,False,0,0,0
84460_NT_AL_AA.fasta.zip,3.893747925758362,0.7901023924350739,False,0,0,0
84461_NT_AL_AA.fasta.zip,0.570127721875906,0.945548415184021,True,0,0,0
84464_NT_AL_AA.fasta.zip,2.401474118232727,0.8173941969871521,True,0,0,0
84465_NT_AL_AA.fasta.zip,1.3170648415883381,0.5942315869033337,True,0,0,0
84466_NT_AL_AA.fasta.zip,0.48476290702819824,0.49750039478143054,True,0,0,0
84498_NT_AL_AA.fasta.zip,2.6238776445388794,0.6772059996922811,True,0,0,0
8449_NT_AL_AA.fasta.zip,0.5318523248036703,0.9713883002599081,True,0,0,0
84501_NT_AL_AA.fasta.zip,0.5767243206501007,0.9089650213718414,False,0,0,0
84502_NT_AL_AA.fasta.zip,0.5764201283454895,0.973644345998764,False,0,0,0
8450_NT_AL_AA.fasta.zip,0.3557990839083989,0.9746155937512716,True,0,0,0
84514_NT_AL_AA.fasta.zip,1.0580317974090576,0.3424253910779953,False,0,0,0
84515_NT_AL_AA.fasta.zip,0.7116955816745758,0.8724648654460907,False,0,0,0
84519_NT_AL_AA.fasta.zip,1.331737995147705,0.6754366904497147,True,0,0,0
8452_NT_AL_AA.fasta.zip,0.0347804706543684,0.9648131728172302,False,0,0,0
84530_NT_AL_AA.fasta.zip,1.6860029101371765,0.89847332239151,True,0,0,0
84532_NT_AL_AA.fasta.zip,0.51393061876297,0.49001574516296387,False,0,0,0
8453_NT_AL_AA.fasta.zip,0.31117376685142517,0.9650139510631561,False,0,0,0
84541_NT_AL_AA.fasta.zip,0.5952232182025909,0.9101437628269196,False,0,0,0
84542_NT_AL_AA.fasta.zip,0.7543661594390869,0.9112055003643036,True,0,0,0
84547_NT_AL_AA.fasta.zip,2.4018805027008057,0.9056988656520844,True,0,0,0
8454_NT_AL_AA.fasta.zip,0.054568616673350334,0.9701182544231415,False,0,0,0
8455_NT_AL_AA.fasta.zip,0.561226358016332,0.8384732802708944,False,0,0,0
84561_NT_AL_AA.fasta.zip,0.8668036758899689,0.9500985145568848,False,0,0,0
8456_NT_AL_AA.fasta.zip,3.052805542945862,0.7005747258663177,True,0,0,0
84570_NT_AL_AA.fasta.zip,0.550973191857338,0.5245578847825527,True,0,0,0
8458_NT_AL_AA.fasta.zip,1.6492958068847656,0.7422340114911398,True,0,0,0
84614_NT_AL_AA.fasta.zip,0.33519166707992554,0.8423525989055634,False,0,0,0
84619_NT_AL_AA.fasta.zip,1.0865091681480408,0.8741863071918488,False,0,0,0
84620_NT_AL_AA.fasta.zip,0.9729616343975067,0.9383420646190643,False,0,0,0
84623_NT_AL_AA.fasta.zip,0.42082536220550537,0.9505885243415833,False,0,0,0
84624_NT_AL_AA.fasta.zip,2.5238985657691955,0.7096396863460541,True,0,0,0
84626_NT_AL_AA.fasta.zip,4.060609817504883,0.6779637734095255,True,0,0,0
84627_NT_AL_AA.fasta.zip,2.69443370614733,0.7626607226473945,True,0,0,0
84628_NT_AL_AA.fasta.zip,0.652261883020401,0.9784279763698578,False,0,0,0
84629_NT_AL_AA.fasta.zip,1.2044350973197393,0.9200830374445234,True,0,0,0
8462_NT_AL_AA.fasta.zip,1.5072043538093567,0.8871484398841858,False,0,0,0
84630_NT_AL_AA.fasta.zip,0.8688961913188299,0.9557414253552755,True,0,0,0
84631_NT_AL_AA.fasta.zip,0.6418767869472504,0.9520526230335236,False,0,0,0
84632_NT_AL_AA.fasta.zip,0.7505690157413483,0.9063272178173065,False,0,0,0
84640_NT_AL_AA.fasta.zip,0.9271392623583475,0.968919575214386,True,0,0,0
84643_NT_AL_AA.fasta.zip,1.1366650462150574,0.9387064576148987,False,0,0,0
84656_NT_AL_AA.fasta.zip,0.22339896112680435,0.9635852575302124,False,0,0,0
84658_NT_AL_AA.fasta.zip,1.1521940231323242,0.352671854197979,False,0,0,0
84660_NT_AL_AA.fasta.zip,1.247138261795044,0.9209543168544769,False,0,0,0
84662_NT_AL_AA.fasta.zip,0.7262991666793823,0.9095200896263123,False,0,0,0
84665_NT_AL_AA.fasta.zip,0.7422366340955099,0.9628391265869141,False,0,0,0
84668_NT_AL_AA.fasta.zip,1.0025741755962372,0.9394077360630035,False,0,0,0
84669_NT_AL_AA.fasta.zip,0.34071173518896103,0.9645486176013947,False,0,0,0
84674_NT_AL_AA.fasta.zip,2.5727064296603204,0.848266851902008,True,0,0,0
84675_NT_AL_AA.fasta.zip,1.3478794693946838,0.9827447533607483,True,0,0,0
84678_NT_AL_AA.fasta.zip,0.4655930995941162,0.9350951512654623,False,0,0,0
84679_NT_AL_AA.fasta.zip,0.4141893833875656,0.9684626162052155,False,0,0,0
8467_NT_AL_AA.fasta.zip,0.07346351568897565,0.9724984566370646,False,0,0,0
84680_NT_AL_AA.fasta.zip,1.1395788192749023,0.7602649927139282,False,0,0,0
84684_NT_AL_AA.fasta.zip,1.5333793759346008,0.9518484473228455,True,0,0,0
84687_NT_AL_AA.fasta.zip,0.7233477532863617,0.9825026392936707,True,0,0,0
84689_NT_AL_AA.fasta.zip,4.196145713329315,0.6278106682002544,True,0,0,0
84695_NT_AL_AA.fasta.zip,0.6397992223501205,0.7852013409137726,False,0,0,0
84698_NT_AL_AA.fasta.zip,1.7292688488960266,0.8134801685810089,True,0,0,0
84699_NT_AL_AA.fasta.zip,1.0477861166000366,0.9241343438625336,False,0,0,0
846_NT_AL_AA.fasta.zip,0.4424515465895335,0.9791181683540344,False,0,0,0
84700_NT_AL_AA.fasta.zip,1.7833714286486309,0.7235729297002157,True,0,0,0
84706_NT_AL_AA.fasta.zip,0.7299608886241913,0.7855264246463776,False,0,0,0
84708_NT_AL_AA.fasta.zip,1.1278902888298035,0.920291930437088,False,0,0,0
8470_NT_AL_AA.fasta.zip,0.7115591764450073,0.9207173585891724,False,0,0,0
84717_NT_AL_AA.fasta.zip,1.1173850297927856,0.9439490735530853,False,0,0,0
8471_NT_AL_AA.fasta.zip,2.350367228190104,0.927798350652059,True,0,0,0
84720_NT_AL_AA.fasta.zip,1.281199852625529,0.7536125779151917,True,0,0,0
84725_NT_AL_AA.fasta.zip,0.45425084233283997,0.9791117906570435,False,0,0,0
84726_NT_AL_AA.fasta.zip,0.9673053026199341,0.8135457396507263,False,0,0,0
84733_NT_AL_AA.fasta.zip,1.0619765520095825,0.9162676632404327,False,0,0,0
8473_NT_AL_AA.fasta.zip,0.07120150762299697,0.9699622193972269,False,0,0,0
84749_NT_AL_AA.fasta.zip,0.4885570555925369,0.9644276201725006,False,0,0,0
84766_NT_AL_AA.fasta.zip,0.8962448537349701,0.7157919406890869,False,0,0,0
8476_NT_AL_AA.fasta.zip,0.7357126511633396,0.8321371376514435,True,0,0,0
84787_NT_AL_AA.fasta.zip,0.751617044210434,0.9684822857379913,False,0,0,0
84795_NT_AL_AA.fasta.zip,0.7464336454868317,0.4369311034679413,False,0,0,0
8479_NT_AL_AA.fasta.zip,3.2143545150756836,0.895879477262497,True,0,0,0
847_NT_AL_AA.fasta.zip,0.375201091170311,0.6788700520992279,False,0,0,0
84808_NT_AL_AA.fasta.zip,3.6642091870307922,0.9106130599975586,True,0,0,0
84811_NT_AL_AA.fasta.zip,1.8594613671302795,0.807232528924942,True,0,0,0
84812_NT_AL_AA.fasta.zip,0.8771912455558777,0.3075062483549118,False,0,0,0
84818_NT_AL_AA.fasta.zip,1.6740790009498596,0.36046506464481354,False,0,0,0
8481_NT_AL_AA.fasta.zip,2.880829691886902,0.6079074243704478,True,0,0,0
84823_NT_AL_AA.fasta.zip,1.2916795015335083,0.9507808685302734,False,0,0,0
8482_NT_AL_AA.fasta.zip,0.7752744555473328,0.7457665205001831,False,0,0,0
84838_NT_AL_AA.fasta.zip,1.3036799430847168,0.9416442513465881,False,0,0,0
8483_NT_AL_AA.fasta.zip,0.6999093294143677,0.4894907772541046,True,0,0,0
84858_NT_AL_AA.fasta.zip,0.4869510233402252,0.9775204658508301,False,0,0,0
84859_NT_AL_AA.fasta.zip,1.064951479434967,0.955627828836441,False,0,0,0
84861_NT_AL_AA.fasta.zip,0.9422316253185272,0.740451991558075,False,0,0,0
84865_NT_AL_AA.fasta.zip,1.9944179058074951,0.7011479437351227,True,0,0,0
84867_NT_AL_AA.fasta.zip,0.543717548251152,0.9576865136623383,False,0,0,0
84873_NT_AL_AA.fasta.zip,0.9130647778511047,0.48195044199625653,True,0,0,0
84878_NT_AL_AA.fasta.zip,1.2196868658065796,0.9757092893123627,False,0,0,0
84879_NT_AL_AA.fasta.zip,0.485961377620697,0.7583345174789429,False,0,0,0
84888_NT_AL_AA.fasta.zip,0.9278337359428406,0.6179905831813812,False,0,0,0
84889_NT_AL_AA.fasta.zip,0.5830219686031342,0.7641172111034393,False,0,0,0
84891_NT_AL_AA.fasta.zip,1.5085238814353943,0.7087298035621643,True,0,0,0
84892_NT_AL_AA.fasta.zip,0.7777180075645447,0.5428338795900345,True,0,0,0
84893_NT_AL_AA.fasta.zip,1.410436789194743,0.807161808013916,True,0,0,0
84894_NT_AL_AA.fasta.zip,0.4216196686029434,0.9667670428752899,False,0,0,0
84895_NT_AL_AA.fasta.zip,0.6262070536613464,0.9233854115009308,False,0,0,0
84898_NT_AL_AA.fasta.zip,0.3296806812286377,0.97190922498703,False,0,0,0
84899_NT_AL_AA.fasta.zip,0.4965006858110428,0.7015012502670288,False,0,0,0
84902_NT_AL_AA.fasta.zip,1.5661459565162659,0.5207171440124512,True,0,0,0
84905_NT_AL_AA.fasta.zip,1.049081176519394,0.9465309977531433,False,0,0,0
84909_NT_AL_AA.fasta.zip,0.8015761375427246,0.6620779931545258,True,0,0,0
84910_NT_AL_AA.fasta.zip,0.8696127235889435,0.9519176185131073,False,0,0,0
84911_NT_AL_AA.fasta.zip,0.7941834330558777,0.9695473909378052,False,0,0,0
84916_NT_AL_AA.fasta.zip,1.6959017515182495,0.8360157907009125,True,0,0,0
84918_NT_AL_AA.fasta.zip,1.6542938351631165,0.8442182242870331,True,0,0,0
84919_NT_AL_AA.fasta.zip,2.9031684398651123,0.8534753024578094,True,0,0,0
8491_NT_AL_AA.fasta.zip,0.3020029366016388,0.9538107812404633,False,0,0,0
84922_NT_AL_AA.fasta.zip,0.8737534284591675,0.9842326045036316,False,0,0,0
84928_NT_AL_AA.fasta.zip,1.182246208190918,0.9593894779682159,False,0,0,0
8492_NT_AL_AA.fasta.zip,1.1913761794567108,0.6457467079162598,True,0,0,0
84930_NT_AL_AA.fasta.zip,0.9345373213291168,0.9206890165805817,False,0,0,0
84939_NT_AL_AA.fasta.zip,1.938134253025055,0.886574387550354,True,0,0,0
8493_NT_AL_AA.fasta.zip,0.8710151314735413,0.97736656665802,True,0,0,0
84940_NT_AL_AA.fasta.zip,0.6404122114181519,0.5317969024181366,False,0,0,0
84947_NT_AL_AA.fasta.zip,0.6060682833194733,0.5053296089172363,False,0,0,0
84948_NT_AL_AA.fasta.zip,0.8437971472740173,0.9562218189239502,False,0,0,0
84951_NT_AL_AA.fasta.zip,1.4389798641204834,0.9395461082458496,True,0,0,0
84952_NT_AL_AA.fasta.zip,0.7735046545664469,0.899569014708201,False,0,0,0
84954_NT_AL_AA.fasta.zip,1.0566471815109253,0.9497861862182617,False,0,0,0
84955_NT_AL_AA.fasta.zip,0.7631852328777313,0.8802243769168854,False,0,0,0
84958_NT_AL_AA.fasta.zip,1.2940404415130615,0.8984596729278564,False,0,0,0
84959_NT_AL_AA.fasta.zip,0.4806222915649414,0.962534636259079,False,0,0,0
8495_NT_AL_AA.fasta.zip,0.7291524708271027,0.9737264513969421,False,0,0,0
84960_NT_AL_AA.fasta.zip,1.6704274415969849,0.13886427879333496,False,0,0,0
84962_NT_AL_AA.fasta.zip,0.8012117743492126,0.9683665931224823,False,0,0,0
8496_NT_AL_AA.fasta.zip,0.6761072178681692,0.9589602748552958,False,0,0,0
84970_NT_AL_AA.fasta.zip,2.689088463783264,0.8498246967792511,True,0,0,0
84976_NT_AL_AA.fasta.zip,0.863184466958046,0.915805384516716,True,0,0,0
84978_NT_AL_AA.fasta.zip,0.2947046458721161,0.9682990610599518,False,0,0,0
8497_NT_AL_AA.fasta.zip,1.0011143684387207,0.9617495536804199,True,0,0,0
84986_NT_AL_AA.fasta.zip,0.4575730562210083,0.9155014455318451,False,0,0,0
84988_NT_AL_AA.fasta.zip,0.7214949429035187,0.8004482388496399,False,0,0,0
8498_NT_AL_AA.fasta.zip,0.6042937934398651,0.9574198126792908,False,0,0,0
8499_NT_AL_AA.fasta.zip,0.20275204380353293,0.9638605316480001,False,0,0,0
8500_NT_AL_AA.fasta.zip,0.5039322475592295,0.9221582810084025,False,0,0,0
85015_NT_AL_AA.fasta.zip,0.8632254898548126,0.9173085689544678,False,0,0,0
8501_NT_AL_AA.fasta.zip,0.7141257226467133,0.6585438549518585,False,0,0,0
85021_NT_AL_AA.fasta.zip,0.41521507501602173,0.9193460643291473,False,0,0,0
8502_NT_AL_AA.fasta.zip,0.6148794293403625,0.9516393542289734,True,0,0,0
8505_NT_AL_AA.fasta.zip,1.3587918281555176,0.9062187969684601,True,0,0,0
8506_NT_AL_AA.fasta.zip,0.8540419340133667,0.8378231326738993,True,0,0,0
8507_NT_AL_AA.fasta.zip,0.08541376143693924,0.9739624261856079,False,0,0,0
8509_NT_AL_AA.fasta.zip,0.48993535339832306,0.8527015447616577,False,0,0,0
8515_NT_AL_AA.fasta.zip,0.8240343332290649,0.5028769075870514,True,0,0,0
8516_NT_AL_AA.fasta.zip,0.7274203697840372,0.6099177201588949,False,0,0,0
8518_NT_AL_AA.fasta.zip,1.064994752407074,0.7204557557900747,False,0,0,0
8525_NT_AL_AA.fasta.zip,0.4876302977403005,0.9470258355140686,False,0,0,0
8526_NT_AL_AA.fasta.zip,0.7287117540836334,0.811412900686264,False,0,0,0
8527_NT_AL_AA.fasta.zip,0.36663280924161273,0.9447070558865865,False,0,0,0
85301_NT_AL_AA.fasta.zip,0.9506687670946121,0.5488308891654015,True,0,0,0
85302_NT_AL_AA.fasta.zip,1.786176085472107,0.7837315996487936,True,0,0,0
8532_NT_AL_AA.fasta.zip,0.6494385600090027,0.6185267567634583,True,0,0,0
85358_NT_AL_AA.fasta.zip,0.62199617177248,0.9514897912740707,False,0,0,0
8535_NT_AL_AA.fasta.zip,1.0348657667636871,0.9807707965373993,False,0,0,0
85360_NT_AL_AA.fasta.zip,0.6470732688903809,0.9344033002853394,False,0,0,0
85366_NT_AL_AA.fasta.zip,3.0126853585243225,0.5075738181670507,True,0,0,0
85369_NT_AL_AA.fasta.zip,0.31587493419647217,0.9611208736896515,False,0,0,0
85377_NT_AL_AA.fasta.zip,0.986535906791687,0.9179444015026093,True,0,0,0
85378_NT_AL_AA.fasta.zip,1.7683265485933848,0.7717885375022888,True,0,0,0
85379_NT_AL_AA.fasta.zip,3.823684024810791,0.7728513956069947,True,0,0,0
8537_NT_AL_AA.fasta.zip,2.087130308151245,0.78573939204216,False,0,0,0
8539_NT_AL_AA.fasta.zip,0.13686993718147278,0.9556846916675568,False,0,0,0
85406_NT_AL_AA.fasta.zip,2.255229353904724,0.9515115916728973,True,0,0,0
8540_NT_AL_AA.fasta.zip,0.5557478666305542,0.6909833699464798,True,0,0,0
85413_NT_AL_AA.fasta.zip,1.6359067559242249,0.09107781574130058,False,0,0,0
85414_NT_AL_AA.fasta.zip,0.6963753700256348,0.9645857512950897,False,0,0,0
85415_NT_AL_AA.fasta.zip,0.6385762691497803,0.38092873990535736,False,0,0,0
85416_NT_AL_AA.fasta.zip,1.2223316431045532,0.9567798674106598,False,0,0,0
85417_NT_AL_AA.fasta.zip,2.8184873653309688,0.8602696401732308,True,0,0,0
8541_NT_AL_AA.fasta.zip,0.3288552910089493,0.9669182697931925,False,0,0,0
85438_NT_AL_AA.fasta.zip,3.7267825603485107,0.7686089277267456,True,0,0,0
85439_NT_AL_AA.fasta.zip,0.8515557050704956,0.7541783154010773,True,0,0,0
85440_NT_AL_AA.fasta.zip,0.30288433134555814,0.9257593631744385,False,0,0,0
85442_NT_AL_AA.fasta.zip,1.2844897955656052,0.892044723033905,True,0,0,0
85443_NT_AL_AA.fasta.zip,1.5059666633605957,0.8647532165050507,True,0,0,0
85444_NT_AL_AA.fasta.zip,1.5084697008132935,0.3918401499589284,True,0,0,0
85445_NT_AL_AA.fasta.zip,0.7440378665924072,0.5775661369164785,False,0,0,0
85446_NT_AL_AA.fasta.zip,1.2692592144012451,0.9061485330263773,True,0,0,0
85449_NT_AL_AA.fasta.zip,2.235364397366842,0.8628655473391215,True,0,0,0
85450_NT_AL_AA.fasta.zip,0.9799306392669678,0.6814623475074768,False,0,0,0
85451_NT_AL_AA.fasta.zip,0.8709107637405396,0.9351435005664825,True,0,0,0
85452_NT_AL_AA.fasta.zip,1.5096381306648254,0.4052847698330879,True,0,0,0
85455_NT_AL_AA.fasta.zip,1.4213173786799114,0.6928751866022745,True,0,0,0
85456_NT_AL_AA.fasta.zip,2.7653424541155496,0.8399125635623932,True,0,0,0
85458_NT_AL_AA.fasta.zip,1.8902623653411865,0.9679429531097412,True,0,0,0
85459_NT_AL_AA.fasta.zip,3.9238522251447043,0.7980532050132751,True,0,0,0
85460_NT_AL_AA.fasta.zip,1.1919873158137004,0.9570093154907227,True,0,0,0
85461_NT_AL_AA.fasta.zip,0.7334197759628296,0.7602463364601135,True,0,0,0
85462_NT_AL_AA.fasta.zip,1.7386240561803181,0.7434338728586832,True,0,0,0
85463_NT_AL_AA.fasta.zip,0.641672357916832,0.7691050171852112,True,0,0,0
85464_NT_AL_AA.fasta.zip,1.2091139443218708,0.9420635551214218,True,0,0,0
8546_NT_AL_AA.fasta.zip,0.689215083916982,0.9752025604248047,True,0,0,0
85476_NT_AL_AA.fasta.zip,0.6623740792274475,0.6031011492013931,True,0,0,0
85477_NT_AL_AA.fasta.zip,0.47703588008880615,0.337666779756546,False,0,0,0
85478_NT_AL_AA.fasta.zip,1.0089297890663147,0.7510726153850555,False,0,0,0
8549_NT_AL_AA.fasta.zip,1.1987045109272003,0.7324950695037842,True,0,0,0
8554_NT_AL_AA.fasta.zip,0.22867849469184875,0.9644895195960999,False,0,0,0
8556_NT_AL_AA.fasta.zip,0.7237110733985901,0.9728688895702362,False,0,0,0
8563_NT_AL_AA.fasta.zip,0.5503021776676178,0.7657468616962433,False,0,0,0
8565_NT_AL_AA.fasta.zip,0.4092298299074173,0.5419698357582092,False,0,0,0
8567_NT_AL_AA.fasta.zip,0.6637415736913681,0.9704417437314987,True,0,0,0
8570_NT_AL_AA.fasta.zip,0.23367179185152054,0.9750203788280487,False,0,0,0
8573_NT_AL_AA.fasta.zip,0.054052114486694336,0.9697478115558624,False,0,0,0
8578_NT_AL_AA.fasta.zip,1.507599651813507,0.466601082123816,True,0,0,0
8602_NT_AL_AA.fasta.zip,0.7761780619621277,0.7278925478458405,False,0,0,0
8603_NT_AL_AA.fasta.zip,1.0589564045270283,0.8850353558858236,False,0,0,0
8604_NT_AL_AA.fasta.zip,0.22280114889144897,0.9274733066558838,False,0,0,0
860_NT_AL_AA.fasta.zip,0.26461879909038544,0.9772390127182007,False,0,0,0
8615_NT_AL_AA.fasta.zip,0.5539579391479492,0.9633685946464539,False,0,0,0
8618_NT_AL_AA.fasta.zip,0.15918839971224466,0.9757451415061951,False,0,0,0
8621_NT_AL_AA.fasta.zip,0.9032572284340858,0.8956315219402313,True,0,0,0
8622_NT_AL_AA.fasta.zip,0.4891323298215866,0.8649348020553589,False,0,0,0
8626_NT_AL_AA.fasta.zip,0.1969430148601532,0.9594849050045013,False,0,0,0
8629_NT_AL_AA.fasta.zip,1.0258040726184845,0.7549412548542023,False,0,0,0
862_NT_AL_AA.fasta.zip,0.1257380060851574,0.9765284657478333,False,0,0,0
8632_NT_AL_AA.fasta.zip,0.43913343697786333,0.41393030285835264,True,0,0,0
8633_NT_AL_AA.fasta.zip,0.4101773053407669,0.6780443042516708,True,0,0,0
8638_NT_AL_AA.fasta.zip,1.4807904362678528,0.4842667281627655,False,0,0,0
8639_NT_AL_AA.fasta.zip,0.8610244691371918,0.154907688498497,False,0,0,0
863_NT_AL_AA.fasta.zip,0.8283438384532928,0.9644161462783813,False,0,0,0
8642_NT_AL_AA.fasta.zip,1.2937470163617815,0.46918375311153276,True,0,0,0
8643_NT_AL_AA.fasta.zip,0.8813485701878866,0.8114964763323466,False,0,0,0
8645_NT_AL_AA.fasta.zip,0.6232261955738068,0.9695262312889099,False,0,0,0
8646_NT_AL_AA.fasta.zip,0.9404910206794739,0.8289856314659119,False,0,0,0
8647_NT_AL_AA.fasta.zip,0.8110661705334982,0.39255434026320773,True,0,0,0
8648_NT_AL_AA.fasta.zip,1.1606440047423046,0.874882976214091,True,0,0,0
8650_NT_AL_AA.fasta.zip,0.5714543908834457,0.9115898609161377,True,0,0,0
8654_NT_AL_AA.fasta.zip,0.5393535643815994,0.964958131313324,False,0,0,0
8658_NT_AL_AA.fasta.zip,0.24750781059265137,0.9777881503105164,False,0,0,0
8659_NT_AL_AA.fasta.zip,0.5408115386962891,0.40828219056129456,False,0,0,0
8660_NT_AL_AA.fasta.zip,0.9669342786073685,0.9646931290626526,False,0,0,0
8661_NT_AL_AA.fasta.zip,0.4782422948628664,0.5880385972559452,True,0,0,0
8662_NT_AL_AA.fasta.zip,0.36311761289834976,0.9720487296581268,False,0,0,0
8664_NT_AL_AA.fasta.zip,0.1944599598646164,0.9766950905323029,False,0,0,0
8671_NT_AL_AA.fasta.zip,0.3259955843289693,0.9695831338564554,False,0,0,0
8672_NT_AL_AA.fasta.zip,0.7400437742471695,0.9608037769794464,True,0,0,0
867_NT_AL_AA.fasta.zip,0.45352474600076675,0.945263147354126,True,0,0,0
8685_NT_AL_AA.fasta.zip,0.6784049868583679,0.022664190270006657,False,0,0,0
8689_NT_AL_AA.fasta.zip,1.291752815246582,0.6214011758565903,True,0,0,0
868_NT_AL_AA.fasta.zip,0.7283589243888855,0.9087753593921661,True,0,0,0
8690_NT_AL_AA.fasta.zip,0.5382996499538422,0.8676651418209076,False,0,0,0
8692_NT_AL_AA.fasta.zip,0.6617060601711273,0.6141945123672485,False,0,0,0
8694_NT_AL_AA.fasta.zip,0.5935321748256683,0.9176991879940033,False,0,0,0
8697_NT_AL_AA.fasta.zip,0.16809280961751938,0.975018709897995,False,0,0,0
8701_NT_AL_AA.fasta.zip,0.9054845243692398,0.2826031744480133,True,0,0,0
8711_NT_AL_AA.fasta.zip,1.0582285225391388,0.8666333556175232,False,0,0,0
8714_NT_AL_AA.fasta.zip,0.9052349925041199,0.5891120731830597,False,0,0,0
8715_NT_AL_AA.fasta.zip,0.4675355404615402,0.9604749083518982,False,0,0,0
87178_NT_AL_AA.fasta.zip,0.8200710117816925,0.8619000017642975,False,0,0,0
8720_NT_AL_AA.fasta.zip,0.3353783190250397,0.7304747502009074,True,0,0,0
8725_NT_AL_AA.fasta.zip,0.9452612996101379,0.9751218259334564,False,0,0,0
8727_NT_AL_AA.fasta.zip,1.1558169722557068,0.8457701206207275,True,0,0,0
8728_NT_AL_AA.fasta.zip,0.6987884640693665,0.7148118615150452,False,0,0,0
8729_NT_AL_AA.fasta.zip,0.5004841461777687,0.9766031801700592,False,0,0,0
8731_NT_AL_AA.fasta.zip,1.083919107913971,0.9790533483028412,False,0,0,0
8732_NT_AL_AA.fasta.zip,0.3464778810739517,0.8796258270740509,False,0,0,0
8733_NT_AL_AA.fasta.zip,1.0800546407699585,0.9668843746185303,False,0,0,0
8736_NT_AL_AA.fasta.zip,0.8353202193975449,0.6812158077955246,True,0,0,0
8737_NT_AL_AA.fasta.zip,0.892693430185318,0.6229294836521149,False,0,0,0
8745_NT_AL_AA.fasta.zip,0.6617284268140793,0.8666137456893921,True,0,0,0
8751_NT_AL_AA.fasta.zip,1.1001986265182495,0.5509485602378845,False,0,0,0
8754_NT_AL_AA.fasta.zip,0.6972541809082031,0.7088609635829926,False,0,0,0
8756_NT_AL_AA.fasta.zip,1.5344288349151611,0.3979795426130295,True,0,0,0
875_NT_AL_AA.fasta.zip,0.46036267280578613,0.6770900189876556,False,0,0,0
8761_NT_AL_AA.fasta.zip,0.26581718027591705,0.959792971611023,False,0,0,0
8767_NT_AL_AA.fasta.zip,0.574568122625351,0.9654203653335571,False,0,0,0
8776_NT_AL_AA.fasta.zip,0.8222854435443878,0.6104899197816849,False,0,0,0
8777_NT_AL_AA.fasta.zip,0.7555190801620484,0.9676762700080872,False,0,0,0
8780_NT_AL_AA.fasta.zip,0.5057889521121979,0.8912984728813171,False,0,0,0
8785_NT_AL_AA.fasta.zip,0.923227995634079,0.7911220490932465,False,0,0,0
8787_NT_AL_AA.fasta.zip,0.5636361241340637,0.8490535318851471,False,0,0,0
8790_NT_AL_AA.fasta.zip,0.8511781394481659,0.7495788633823395,False,0,0,0
8792_NT_AL_AA.fasta.zip,1.6190251111984253,0.6631911396980286,False,0,0,0
8796_NT_AL_AA.fasta.zip,2.374183773994446,0.919953316450119,False,0,0,0
8798_NT_AL_AA.fasta.zip,0.7455355226993561,0.9491352736949921,False,0,0,0
87_NT_AL_AA.fasta.zip,0.13833891227841377,0.9704722166061401,False,0,0,0
8805_NT_AL_AA.fasta.zip,0.47748210032780963,0.945209821065267,False,0,0,0
8807_NT_AL_AA.fasta.zip,1.535485029220581,0.4890657216310501,True,0,0,0
8808_NT_AL_AA.fasta.zip,1.0653376281261444,0.45604152977466583,False,0,0,0
8809_NT_AL_AA.fasta.zip,1.0709203481674194,0.5421515703201294,False,0,0,0
8812_NT_AL_AA.fasta.zip,0.37423184514045715,0.9701016545295715,False,0,0,0
8816_NT_AL_AA.fasta.zip,0.6890373528003693,0.9377804398536682,True,0,0,0
881_NT_AL_AA.fasta.zip,1.7642026543617249,0.9057964086532593,True,0,0,0
8821_NT_AL_AA.fasta.zip,1.186981052160263,0.9412637650966644,True,0,0,0
8826_NT_AL_AA.fasta.zip,0.3545524552464485,0.8652299493551254,False,0,0,0
8828_NT_AL_AA.fasta.zip,0.9936979711055756,0.7587828636169434,True,0,0,0
8829_NT_AL_AA.fasta.zip,0.7458817660808563,0.7679549157619476,False,0,0,0
8831_NT_AL_AA.fasta.zip,0.1800899108250936,0.9746363759040833,False,0,0,0
8833_NT_AL_AA.fasta.zip,0.33583731949329376,0.9364808797836304,False,0,0,0
8837_NT_AL_AA.fasta.zip,1.2259782552719116,0.4990261048078537,False,0,0,0
8842_NT_AL_AA.fasta.zip,1.6473453044891357,0.11101485416293144,False,0,0,0
8844_NT_AL_AA.fasta.zip,0.661851555109024,0.9345191717147827,False,0,0,0
88455_NT_AL_AA.fasta.zip,0.44501326978206635,0.9018599987030029,False,0,0,0
8848_NT_AL_AA.fasta.zip,2.0169891516367593,0.9070886572202047,True,0,0,0
8850_NT_AL_AA.fasta.zip,0.3550424426794052,0.9496552348136902,False,0,0,0
8852_NT_AL_AA.fasta.zip,1.8875698447227478,0.9377209842205048,False,0,0,0
8853_NT_AL_AA.fasta.zip,0.42043323318163556,0.9115478793780009,False,0,0,0
8854_NT_AL_AA.fasta.zip,0.3193392753601074,0.9732688069343567,False,0,0,0
8863_NT_AL_AA.fasta.zip,2.520155906677246,0.8350343108177185,True,0,0,0
8864_NT_AL_AA.fasta.zip,1.2627486785252888,0.7772709925969442,True,0,0,0
8867_NT_AL_AA.fasta.zip,0.8848835825920105,0.8519512116909027,True,0,0,0
8871_NT_AL_AA.fasta.zip,0.8441412597894669,0.7647631615400314,True,0,0,0
8874_NT_AL_AA.fasta.zip,0.27578291296958923,0.36577121913433075,False,0,0,0
8879_NT_AL_AA.fasta.zip,0.7599887549877167,0.21020348370075226,False,0,0,0
8880_NT_AL_AA.fasta.zip,0.10403897985816002,0.9749948978424072,False,0,0,0
8881_NT_AL_AA.fasta.zip,0.201457217335701,0.9410122931003571,False,0,0,0
8883_NT_AL_AA.fasta.zip,2.0641573071479797,0.6964545249938965,False,0,0,0
8884_NT_AL_AA.fasta.zip,0.5108232647180557,0.8648591041564941,False,0,0,0
8886_NT_AL_AA.fasta.zip,0.921733021736145,0.8308068811893463,True,0,0,0
8887_NT_AL_AA.fasta.zip,0.9345622956752777,0.9491620659828186,False,0,0,0
8888_NT_AL_AA.fasta.zip,1.2280516982078553,0.7203891396522522,True,0,0,0
8890_NT_AL_AA.fasta.zip,0.5404331237077713,0.9298164546489716,False,0,0,0
8893_NT_AL_AA.fasta.zip,0.8589774072170258,0.8203877210617065,False,0,0,0
8895_NT_AL_AA.fasta.zip,0.3785925507545471,0.10100012645125389,False,0,0,0
8897_NT_AL_AA.fasta.zip,0.5046875774860382,0.9775104522705078,True,0,0,0
8898_NT_AL_AA.fasta.zip,0.4898853600025177,0.9199687838554382,False,0,0,0
8899_NT_AL_AA.fasta.zip,0.2942265123128891,0.8243245283762614,False,0,0,0
889_NT_AL_AA.fasta.zip,0.5697364956140518,0.8004347681999207,False,0,0,0
88_NT_AL_AA.fasta.zip,0.15093853324651718,0.9667039513587952,False,0,0,0
8904_NT_AL_AA.fasta.zip,0.45306289196014404,0.1834903173148632,False,0,0,0
8906_NT_AL_AA.fasta.zip,0.8488366305828094,0.5528398752212524,True,0,0,0
8911_NT_AL_AA.fasta.zip,0.548703384399414,0.961886978149414,True,0,0,0
8912_NT_AL_AA.fasta.zip,1.0958620071411134,0.8071331560611725,True,0,0,0
8913_NT_AL_AA.fasta.zip,0.6158033758401871,0.9582535147666931,True,0,0,0
8914_NT_AL_AA.fasta.zip,1.2618407607078552,0.8515919248263041,True,0,0,0
8916_NT_AL_AA.fasta.zip,0.5099192361036936,0.5661909778912863,False,0,0,0
8924_NT_AL_AA.fasta.zip,0.556465682387352,0.9064294517040252,True,0,0,0
8925_NT_AL_AA.fasta.zip,0.2965743884444237,0.9544709682464599,False,0,0,0
8927_NT_AL_AA.fasta.zip,1.363572233253055,0.9134617845217387,True,0,0,0
8930_NT_AL_AA.fasta.zip,1.2072104215621948,0.9743223786354065,True,0,0,0
8936_NT_AL_AA.fasta.zip,0.4033030867576599,0.8740133345127106,False,0,0,0
8938_NT_AL_AA.fasta.zip,1.3516794045766194,0.4319542199373245,True,0,0,0
8939_NT_AL_AA.fasta.zip,0.4409301280975342,0.6635945737361908,False,0,0,0
8940_NT_AL_AA.fasta.zip,0.31524769961833954,0.4429934471845627,False,0,0,0
8943_NT_AL_AA.fasta.zip,0.545620322227478,0.9586522976557413,True,0,0,0
8945_NT_AL_AA.fasta.zip,0.13492611423134804,0.9693986773490906,False,0,0,0
8972_NT_AL_AA.fasta.zip,0.3236335046589375,0.6359644263982773,True,0,0,0
8973_NT_AL_AA.fasta.zip,0.6631845831871033,0.9783950448036194,False,0,0,0
8974_NT_AL_AA.fasta.zip,0.426215797662735,0.8167360424995422,False,0,0,0
8975_NT_AL_AA.fasta.zip,0.7392297983169556,0.9099648594856262,False,0,0,0
89766_NT_AL_AA.fasta.zip,2.102658748626709,0.29376256962617237,True,0,0,0
8976_NT_AL_AA.fasta.zip,0.4138280898332596,0.9602648317813873,False,0,0,0
89781_NT_AL_AA.fasta.zip,1.57888263463974,0.8434975147247314,True,0,0,0
89782_NT_AL_AA.fasta.zip,0.6893842220306396,0.6383993625640869,True,0,0,0
89795_NT_AL_AA.fasta.zip,0.6605526983737946,0.9452179074287415,True,0,0,0
89796_NT_AL_AA.fasta.zip,0.7396492660045624,0.908908462524414,True,0,0,0
89797_NT_AL_AA.fasta.zip,0.5019853437940279,0.8363087077935537,True,0,0,0
89801_NT_AL_AA.fasta.zip,1.5828713774681091,0.9557733833789825,True,0,0,0
89845_NT_AL_AA.fasta.zip,0.7003073841333389,0.4708831310272217,True,0,0,0
89846_NT_AL_AA.fasta.zip,0.6584901809692383,0.9289489686489105,False,0,0,0
89848_NT_AL_AA.fasta.zip,1.041722059249878,0.7503317296504974,False,0,0,0
89849_NT_AL_AA.fasta.zip,1.332427442073822,0.9328339993953705,False,0,0,0
89857_NT_AL_AA.fasta.zip,0.34608855843544006,0.6196950078010559,True,0,0,0
8985_NT_AL_AA.fasta.zip,0.5346041172742844,0.5913769006729126,False,0,0,0
89869_NT_AL_AA.fasta.zip,0.5457881093025208,0.49484682083129883,False,0,0,0
8986_NT_AL_AA.fasta.zip,0.3990100026130676,0.6722533255815506,True,0,0,0
89876_NT_AL_AA.fasta.zip,1.1120263934135437,0.7069533467292786,False,0,0,0
89887_NT_AL_AA.fasta.zip,0.6963109374046326,0.97077476978302,False,0,0,0
89891_NT_AL_AA.fasta.zip,0.8156875967979431,0.4347631484270096,False,0,0,0
8989_NT_AL_AA.fasta.zip,0.686951736609141,0.3898538847764333,False,0,0,0
89910_NT_AL_AA.fasta.zip,0.7573676606019338,0.7059877316157023,True,0,0,0
89932_NT_AL_AA.fasta.zip,1.4662412405014038,0.5014876884718736,True,0,0,0
89941_NT_AL_AA.fasta.zip,0.575231596827507,0.5648894608020782,False,0,0,0
8994_NT_AL_AA.fasta.zip,1.2073820531368256,0.9575692415237427,True,0,0,0
89953_NT_AL_AA.fasta.zip,0.5157152861356735,0.9229102432727814,False,0,0,0
89970_NT_AL_AA.fasta.zip,0.31229133903980255,0.9462065994739532,False,0,0,0
8999_NT_AL_AA.fasta.zip,1.1889140605926514,0.9669033288955688,False,0,0,0
899_NT_AL_AA.fasta.zip,0.7545540630817413,0.7366139590740204,True,0,0,0
89_NT_AL_AA.fasta.zip,0.6276706159114838,0.834276407957077,False,0,0,0
90007_NT_AL_AA.fasta.zip,0.6795348823070526,0.9640112221240997,False,0,0,0
9001_NT_AL_AA.fasta.zip,3.808763027191162,0.862585037946701,False,0,0,0
90060_NT_AL_AA.fasta.zip,2.0565019249916077,0.9297688901424408,False,0,0,0
90102_NT_AL_AA.fasta.zip,0.8282080491383871,0.9408167401949564,False,0,0,0
90113_NT_AL_AA.fasta.zip,1.135798494021098,0.8721549908320109,False,0,0,0
90134_NT_AL_AA.fasta.zip,0.281002402305603,0.9577640692392985,True,0,0,0
9014_NT_AL_AA.fasta.zip,0.7967042028903961,0.5016462206840515,False,0,0,0
90161_NT_AL_AA.fasta.zip,0.7443006038665771,0.9786575436592102,False,0,0,0
90167_NT_AL_AA.fasta.zip,1.1821085810661316,0.9634621739387512,False,0,0,0
90187_NT_AL_AA.fasta.zip,2.011269688606262,0.8398418724536896,False,0,0,0
9020_NT_AL_AA.fasta.zip,0.9360382954279581,0.9119103948275248,False,0,0,0
90231_NT_AL_AA.fasta.zip,0.9883058369159698,0.6884817779064178,True,0,0,0
90249_NT_AL_AA.fasta.zip,0.5820862054824829,0.5282481163740158,False,0,0,0
9024_NT_AL_AA.fasta.zip,0.55002461373806,0.9783137440681458,True,0,0,0
9026_NT_AL_AA.fasta.zip,0.6919235090414683,0.7297625541687012,False,0,0,0
90293_NT_AL_AA.fasta.zip,0.4886050671339035,0.9553184509277344,False,0,0,0
9031_NT_AL_AA.fasta.zip,0.6784805804491043,0.8663196116685867,False,0,0,0
90332_NT_AL_AA.fasta.zip,1.1539977192878723,0.7800291478633881,False,0,0,0
9033_NT_AL_AA.fasta.zip,1.1691471338272095,0.9415034055709839,False,0,0,0
90342_NT_AL_AA.fasta.zip,1.0023012995719909,0.44886710941791536,False,0,0,0
90378_NT_AL_AA.fasta.zip,2.1959333419799805,0.9780420362949371,False,0,0,0
90379_NT_AL_AA.fasta.zip,0.43863731622695923,0.9706161618232727,False,0,0,0
9037_NT_AL_AA.fasta.zip,0.44523067275683087,0.5976253847281138,False,0,0,0
90381_NT_AL_AA.fasta.zip,2.312322807312012,0.6836293697357178,True,0,0,0
9043_NT_AL_AA.fasta.zip,0.3285149733225505,0.9617941578229269,False,0,0,0
90441_NT_AL_AA.fasta.zip,1.0008717775344849,0.9600204825401306,False,0,0,0
9044_NT_AL_AA.fasta.zip,0.614763043820858,0.9462366253137589,True,0,0,0
904_NT_AL_AA.fasta.zip,1.2254146337509155,0.7550962567329407,True,0,0,0
90523_NT_AL_AA.fasta.zip,2.362977067629496,0.9279593229293823,True,0,0,0
90525_NT_AL_AA.fasta.zip,0.46298569440841675,0.9588963389396667,False,0,0,0
9053_NT_AL_AA.fasta.zip,1.108127385377884,0.9300729930400848,True,0,0,0
9055_NT_AL_AA.fasta.zip,1.2648311257362366,0.40717700123786926,False,0,0,0
9056_NT_AL_AA.fasta.zip,0.5809201598167419,0.781857818365097,False,0,0,0
9057_NT_AL_AA.fasta.zip,0.4763408452272415,0.8133505284786224,False,0,0,0
9058_NT_AL_AA.fasta.zip,0.6013453602790833,0.4788203239440918,False,0,0,0
905_NT_AL_AA.fasta.zip,1.4191381931304932,0.8897386491298676,True,0,0,0
9060_NT_AL_AA.fasta.zip,0.5046872794628143,0.6605837047100067,False,0,0,0
9061_NT_AL_AA.fasta.zip,0.3127423822879791,0.928542286157608,False,0,0,0
90627_NT_AL_AA.fasta.zip,0.9135887622833252,0.8396910826365153,False,0,0,0
9063_NT_AL_AA.fasta.zip,0.41321195662021637,0.9668915569782257,False,0,0,0
9064_NT_AL_AA.fasta.zip,0.9998879830042521,0.8794441421826681,True,0,0,0
90668_NT_AL_AA.fasta.zip,0.6059341728687286,0.9345900019009908,True,0,0,0
9066_NT_AL_AA.fasta.zip,0.6623927503824234,0.9666611552238464,True,0,0,0
90678_NT_AL_AA.fasta.zip,0.8530861139297485,0.7502018511295319,False,0,0,0
9070_NT_AL_AA.fasta.zip,0.21989107877016068,0.9655693769454956,False,0,0,0
90799_NT_AL_AA.fasta.zip,1.5230365991592407,0.8995881676673889,True,0,0,0
90806_NT_AL_AA.fasta.zip,0.7734372317790985,0.9499696791172028,False,0,0,0
90826_NT_AL_AA.fasta.zip,0.6721504330635071,0.7914023101329803,False,0,0,0
90850_NT_AL_AA.fasta.zip,1.0612779557704926,0.8968014419078827,True,0,0,0
90853_NT_AL_AA.fasta.zip,3.02979576587677,0.6795697063207626,True,0,0,0
90874_NT_AL_AA.fasta.zip,1.0160439014434814,0.9854929149150848,False,0,0,0
908_NT_AL_AA.fasta.zip,0.4782369136810303,0.8591185510158539,False,0,0,0
9091_NT_AL_AA.fasta.zip,0.6948861479759216,0.8070907592773438,False,0,0,0
9092_NT_AL_AA.fasta.zip,0.32591281831264496,0.8817562858263651,False,0,0,0
90933_NT_AL_AA.fasta.zip,1.0309136509895325,0.9733234345912933,False,0,0,0
90956_NT_AL_AA.fasta.zip,0.8305740654468536,0.8533159494400024,False,0,0,0
90957_NT_AL_AA.fasta.zip,0.7753909031550089,0.7815945446491241,True,0,0,0
9096_NT_AL_AA.fasta.zip,0.48723307251930237,0.9610258340835571,False,0,0,0
90990_NT_AL_AA.fasta.zip,1.2471683025360107,0.887239396572113,True,0,0,0
90993_NT_AL_AA.fasta.zip,1.1064435839653015,0.95235475897789,False,0,0,0
9099_NT_AL_AA.fasta.zip,0.7759893834590912,0.9571050405502319,False,0,0,0
90_NT_AL_AA.fasta.zip,0.3466590791940689,0.9721605181694031,False,0,0,0
9100_NT_AL_AA.fasta.zip,0.5646556466817856,0.9418738782405853,False,0,0,0
91010_NT_AL_AA.fasta.zip,0.2579212536414464,0.9740799268086752,False,0,0,0
9101_NT_AL_AA.fasta.zip,1.0507271885871887,0.9498629570007324,True,0,0,0
91039_NT_AL_AA.fasta.zip,0.3680326119065285,0.8277134299278259,False,0,0,0
91050_NT_AL_AA.fasta.zip,0.6639648675918579,0.9843084216117859,False,0,0,0
91056_NT_AL_AA.fasta.zip,1.4634110927581787,0.3640621490776539,True,0,0,0
9107_NT_AL_AA.fasta.zip,0.7382592856884003,0.74772509932518,False,0,0,0
9108_NT_AL_AA.fasta.zip,0.785906195640564,0.7564289271831512,True,0,0,0
91107_NT_AL_AA.fasta.zip,0.8760932683944702,0.901045560836792,False,0,0,0
9110_NT_AL_AA.fasta.zip,0.5060425301392873,0.983588457107544,False,0,0,0
9112_NT_AL_AA.fasta.zip,0.2497309222817421,0.8828383982181549,False,0,0,0
91133_NT_AL_AA.fasta.zip,2.475804924964905,0.9208354651927948,False,0,0,0
9113_NT_AL_AA.fasta.zip,0.4914020895957947,0.8685528039932251,True,0,0,0
91147_NT_AL_AA.fasta.zip,0.9803471863269806,0.5603109151124954,False,0,0,0
91156_NT_AL_AA.fasta.zip,3.293407594615763,0.695274377411062,True,0,0,0
91179_NT_AL_AA.fasta.zip,0.833732008934021,0.9089593589305878,False,0,0,0
91181_NT_AL_AA.fasta.zip,1.597621738910675,0.4754180982708931,True,0,0,0
9118_NT_AL_AA.fasta.zip,0.6323491632938385,0.9752589464187622,False,0,0,0
9120_NT_AL_AA.fasta.zip,0.690525621175766,0.6843633651733398,False,0,0,0
9126_NT_AL_AA.fasta.zip,0.05375819901625315,0.9697546362876892,False,0,0,0
91289_NT_AL_AA.fasta.zip,0.5616587400436401,0.7348568737506866,False,0,0,0
9128_NT_AL_AA.fasta.zip,0.28532181680202484,0.9752119481563568,False,0,0,0
9129_NT_AL_AA.fasta.zip,0.14717279374599457,0.9725825190544128,False,0,0,0
91304_NT_AL_AA.fasta.zip,0.4365556389093399,0.9770779311656952,False,0,0,0
9131_NT_AL_AA.fasta.zip,0.6490391343832016,0.9573683142662048,False,0,0,0
9132_NT_AL_AA.fasta.zip,0.6775863170623779,0.9026547074317932,False,0,0,0
9135_NT_AL_AA.fasta.zip,0.5713130384683609,0.9189575612545013,False,0,0,0
9136_NT_AL_AA.fasta.zip,1.1133424639701843,0.953416645526886,False,0,0,0
9138_NT_AL_AA.fasta.zip,0.8743573427200317,0.8293853998184204,False,0,0,0
9139_NT_AL_AA.fasta.zip,0.5279248058795929,0.9101603031158447,False,0,0,0
91404_NT_AL_AA.fasta.zip,0.1660747230052948,0.9736098051071167,False,0,0,0
91452_NT_AL_AA.fasta.zip,0.83416947722435,0.9666916728019714,False,0,0,0
91461_NT_AL_AA.fasta.zip,0.6987858712673187,0.9531032145023346,False,0,0,0
9146_NT_AL_AA.fasta.zip,0.4357929676771164,0.9263933897018433,False,0,0,0
9147_NT_AL_AA.fasta.zip,0.7060838937759399,0.9692811965942383,False,0,0,0
9148_NT_AL_AA.fasta.zip,1.0443966090679169,0.9039793014526367,False,0,0,0
9149_NT_AL_AA.fasta.zip,0.44508297741413116,0.9715033769607544,False,0,0,0
9150_NT_AL_AA.fasta.zip,0.9070604840914408,0.9137251774470011,True,0,0,0
91522_NT_AL_AA.fasta.zip,0.5362185090780258,0.08474582061171532,False,0,0,0
91526_NT_AL_AA.fasta.zip,0.959594190120697,0.9201667110125223,True,0,0,0
9152_NT_AL_AA.fasta.zip,0.3798942491412163,0.9728193879127502,False,0,0,0
9154_NT_AL_AA.fasta.zip,0.8130973279476166,0.5069360658526421,True,0,0,0
9156_NT_AL_AA.fasta.zip,1.262561857700348,0.9221245348453522,True,0,0,0
91584_NT_AL_AA.fasta.zip,0.3271356336772442,0.8158583641052246,False,0,0,0
9159_NT_AL_AA.fasta.zip,0.3958645313978195,0.9656754434108734,False,0,0,0
91614_NT_AL_AA.fasta.zip,1.4691913723945618,0.9396975338459015,False,0,0,0
91624_NT_AL_AA.fasta.zip,1.3221208453178406,0.9386192858219147,False,0,0,0
9162_NT_AL_AA.fasta.zip,0.4247092306613922,0.9506565630435944,False,0,0,0
91646_NT_AL_AA.fasta.zip,1.186197817325592,0.6205417116483053,True,0,0,0
91653_NT_AL_AA.fasta.zip,0.6516102949778239,0.9764501849810282,False,0,0,0
91662_NT_AL_AA.fasta.zip,1.1604487895965576,0.3555995039641857,True,0,0,0
91694_NT_AL_AA.fasta.zip,0.775628462433815,0.9653296172618866,True,0,0,0
9169_NT_AL_AA.fasta.zip,2.9537159502506256,0.8902242034673691,True,0,0,0
9172_NT_AL_AA.fasta.zip,0.663985013961792,0.3392583578824997,True,0,0,0
9173_NT_AL_AA.fasta.zip,1.3245402574539185,0.27347659319639206,False,0,0,0
91746_NT_AL_AA.fasta.zip,0.3717879578471184,0.8237322270870209,True,0,0,0
91748_NT_AL_AA.fasta.zip,1.5225881338119507,0.746902714172999,True,0,0,0
91749_NT_AL_AA.fasta.zip,1.1512225270271301,0.6658062934875488,False,0,0,0
91752_NT_AL_AA.fasta.zip,1.6700979073842366,0.934442142645518,True,0,0,0
91754_NT_AL_AA.fasta.zip,0.5229771286249161,0.9704075157642365,True,0,0,0
9175_NT_AL_AA.fasta.zip,0.4365305155515671,0.9634823203086853,True,0,0,0
91768_NT_AL_AA.fasta.zip,0.8977137356996536,0.9744802713394165,True,0,0,0
91775_NT_AL_AA.fasta.zip,1.0648643970489502,0.7661350667476654,False,0,0,0
91801_NT_AL_AA.fasta.zip,0.9025553464889526,0.5873657315969467,True,0,0,0
91807_NT_AL_AA.fasta.zip,2.4956233203411102,0.9109908640384674,True,0,0,0
9180_NT_AL_AA.fasta.zip,1.9676923751831055,0.2179066687822342,True,0,0,0
9181_NT_AL_AA.fasta.zip,1.0367479523022969,0.9192007780075073,False,0,0,0
91828_NT_AL_AA.fasta.zip,1.9477201104164124,0.2819632329046726,True,0,0,0
91833_NT_AL_AA.fasta.zip,0.3357136696577072,0.9540176093578339,False,0,0,0
9183_NT_AL_AA.fasta.zip,1.0835445523262024,0.9436770677566528,False,0,0,0
9185_NT_AL_AA.fasta.zip,0.9476986825466156,0.9565686285495758,False,0,0,0
91862_NT_AL_AA.fasta.zip,3.3211090564727783,0.8393198847770691,True,0,0,0
91869_NT_AL_AA.fasta.zip,0.6697492003440857,0.27648937702178955,False,0,0,0
9187_NT_AL_AA.fasta.zip,2.9063065946102142,0.9576894640922546,True,0,0,0
9188_NT_AL_AA.fasta.zip,0.6391186714172363,0.6906827787558237,True,0,0,0
91893_NT_AL_AA.fasta.zip,1.5528834462165833,0.832877904176712,True,0,0,0
91949_NT_AL_AA.fasta.zip,0.6195804476737976,0.5500651001930237,False,0,0,0
9197_NT_AL_AA.fasta.zip,0.48840296268463135,0.8059520721435547,False,0,0,0
91_NT_AL_AA.fasta.zip,0.2111232802271843,0.9637191891670227,False,0,0,0
92017_NT_AL_AA.fasta.zip,0.737448662519455,0.9453075528144836,False,0,0,0
9201_NT_AL_AA.fasta.zip,0.16159380972385406,0.9638159275054932,False,0,0,0
9202_NT_AL_AA.fasta.zip,0.7560110837221146,0.8933994024991989,True,0,0,0
9203_NT_AL_AA.fasta.zip,0.7195320526758829,0.9726585547129313,True,0,0,0
9204_NT_AL_AA.fasta.zip,2.145393490791321,0.8234361012776693,False,0,0,0
9208_NT_AL_AA.fasta.zip,2.330120245615641,0.8608560363451639,True,0,0,0
9209_NT_AL_AA.fasta.zip,0.8489154577255249,0.9594422578811646,False,0,0,0
92105_NT_AL_AA.fasta.zip,0.5328151285648346,0.9643649260203043,True,0,0,0
9211_NT_AL_AA.fasta.zip,0.4016011208295822,0.9579244554042816,False,0,0,0
92126_NT_AL_AA.fasta.zip,0.8928699890772501,0.9191303650538126,False,0,0,0
9213_NT_AL_AA.fasta.zip,0.32636286318302155,0.9367753863334656,False,0,0,0
92140_NT_AL_AA.fasta.zip,1.5792073011398315,0.8865933418273926,True,0,0,0
9214_NT_AL_AA.fasta.zip,2.5694849491119385,0.3683346062898636,False,0,0,0
92154_NT_AL_AA.fasta.zip,0.3244265168905258,0.9566580951213837,False,0,0,0
9215_NT_AL_AA.fasta.zip,0.19962067902088165,0.9507441520690918,False,0,0,0
9219_NT_AL_AA.fasta.zip,0.15485243871808052,0.9729502201080322,False,0,0,0
921_NT_AL_AA.fasta.zip,1.1946325898170471,0.2649100348353386,False,0,0,0
92211_NT_AL_AA.fasta.zip,1.0669771432876587,0.7234743237495422,False,0,0,0
9221_NT_AL_AA.fasta.zip,1.5921950936317444,0.9242286682128906,False,0,0,0
92235_NT_AL_AA.fasta.zip,1.592542290687561,0.9039572874704996,True,0,0,0
9223_NT_AL_AA.fasta.zip,0.5719343796372414,0.9639165252447128,False,0,0,0
92255_NT_AL_AA.fasta.zip,0.2485051155090332,0.9410270750522614,False,0,0,0
9228_NT_AL_AA.fasta.zip,0.5149916857481003,0.8247109949588776,False,0,0,0
92291_NT_AL_AA.fasta.zip,1.3923299908638,0.41521352529525757,False,0,0,0
92293_NT_AL_AA.fasta.zip,1.3707611560821533,0.6515529751777649,True,0,0,0
9229_NT_AL_AA.fasta.zip,0.37772202491760254,0.8230212728182474,True,0,0,0
922_NT_AL_AA.fasta.zip,2.4478725492954254,0.037268141284585,True,0,0,0
92312_NT_AL_AA.fasta.zip,0.8750743865966797,0.979712039232254,False,0,0,0
9231_NT_AL_AA.fasta.zip,1.2411988824605942,0.9134710133075714,True,0,0,0
92345_NT_AL_AA.fasta.zip,1.2360743880271912,0.9588668942451477,False,0,0,0
9236_NT_AL_AA.fasta.zip,1.6746100783348083,0.8994674980640411,False,0,0,0
9238_NT_AL_AA.fasta.zip,1.028497189283371,0.30445006489753723,False,0,0,0
923_NT_AL_AA.fasta.zip,1.1671240329742432,0.34168196469545364,True,0,0,0
9247_NT_AL_AA.fasta.zip,1.162993848323822,0.9385317265987396,False,0,0,0
9248_NT_AL_AA.fasta.zip,4.286679148674011,0.7418394982814789,True,0,0,0
92521_NT_AL_AA.fasta.zip,0.6728927493095398,0.9026889204978943,False,0,0,0
9252_NT_AL_AA.fasta.zip,0.5775919258594513,0.9611221551895142,False,0,0,0
9253_NT_AL_AA.fasta.zip,0.44190461933612823,0.9590522348880768,False,0,0,0
9254_NT_AL_AA.fasta.zip,0.4976998567581177,0.9436144034067789,True,0,0,0
92558_NT_AL_AA.fasta.zip,0.7120696902275085,0.9693187177181244,False,0,0,0
9256_NT_AL_AA.fasta.zip,1.3417116403579712,0.9409168660640717,False,0,0,0
9258_NT_AL_AA.fasta.zip,0.5788810551166534,0.9461783965428671,False,0,0,0
92689_NT_AL_AA.fasta.zip,0.8355998992919922,0.9727285206317902,False,0,0,0
9271_NT_AL_AA.fasta.zip,1.1554440259933472,0.9703183472156525,False,0,0,0
92736_NT_AL_AA.fasta.zip,0.9681085050106049,0.9474810361862183,False,0,0,0
92737_NT_AL_AA.fasta.zip,0.7212502360343933,0.22249503806233406,False,0,0,0
92749_NT_AL_AA.fasta.zip,0.921175092458725,0.41155675053596497,False,0,0,0
9276_NT_AL_AA.fasta.zip,0.19444938004016876,0.9757393002510071,False,0,0,0
9277_NT_AL_AA.fasta.zip,0.9878191351890564,0.7042407095432281,True,0,0,0
9278_NT_AL_AA.fasta.zip,1.3489589095115662,0.9417959749698639,False,0,0,0
92797_NT_AL_AA.fasta.zip,1.0481164654095967,0.5287673970063528,True,0,0,0
92799_NT_AL_AA.fasta.zip,0.5839136093854904,0.940095454454422,False,0,0,0
92822_NT_AL_AA.fasta.zip,0.9169030785560608,0.9256544411182404,False,0,0,0
9282_NT_AL_AA.fasta.zip,0.3964812407890956,0.9643536607424418,False,0,0,0
9283_NT_AL_AA.fasta.zip,1.3588714003562927,0.9641292691230774,False,0,0,0
9289_NT_AL_AA.fasta.zip,0.811606764793396,0.5946637094020844,False,0,0,0
92906_NT_AL_AA.fasta.zip,0.12128755077719688,0.97483891248703,False,0,0,0
92922_NT_AL_AA.fasta.zip,0.9200142323970795,0.9799701273441315,False,0,0,0
92935_NT_AL_AA.fasta.zip,0.5761571228504181,0.54904505610466,False,0,0,0
92949_NT_AL_AA.fasta.zip,1.020721048116684,0.8314858376979828,True,0,0,0
9295_NT_AL_AA.fasta.zip,0.1330351084470749,0.9621368646621704,False,0,0,0
92999_NT_AL_AA.fasta.zip,1.0400537252426147,0.9838484823703766,True,0,0,0
92_NT_AL_AA.fasta.zip,0.22089415043592453,0.9722261726856232,False,0,0,0
93035_NT_AL_AA.fasta.zip,1.0560018221537273,0.31309783789846635,True,0,0,0
9306_NT_AL_AA.fasta.zip,0.3616803139448166,0.8538064658641815,False,0,0,0
93099_NT_AL_AA.fasta.zip,4.125359535217285,0.5598957166075706,True,0,0,0
930_NT_AL_AA.fasta.zip,1.9312323927879333,0.712615430355072,False,0,0,0
93100_NT_AL_AA.fasta.zip,0.6563756465911865,0.3511640876531601,False,0,0,0
93107_NT_AL_AA.fasta.zip,0.6196878552436829,0.8801635801792145,False,0,0,0
9310_NT_AL_AA.fasta.zip,0.5930428504943848,0.9826556444168091,True,0,0,0
9311_NT_AL_AA.fasta.zip,1.0268638134002686,0.4023144543170929,False,0,0,0
9312_NT_AL_AA.fasta.zip,0.5650598630309105,0.9523060321807861,True,0,0,0
9314_NT_AL_AA.fasta.zip,1.5800794959068298,0.9344521164894104,False,0,0,0
93166_NT_AL_AA.fasta.zip,0.5369729250669479,0.9570118486881256,True,0,0,0
93185_NT_AL_AA.fasta.zip,0.625457376241684,0.25008853524923325,False,0,0,0
9320_NT_AL_AA.fasta.zip,0.3365167647600174,0.9636260867118835,True,0,0,0
9321_NT_AL_AA.fasta.zip,1.4152861952781677,0.6470638081431389,True,0,0,0
9322_NT_AL_AA.fasta.zip,0.9043968617916107,0.6500625610351562,True,0,0,0
93233_NT_AL_AA.fasta.zip,1.8312548995018005,0.3359234184026718,True,0,0,0
9325_NT_AL_AA.fasta.zip,1.116703987121582,0.9482956826686859,False,0,0,0
9328_NT_AL_AA.fasta.zip,0.5364726781845093,0.7581107020378113,False,0,0,0
9329_NT_AL_AA.fasta.zip,0.647381067276001,0.9776357114315033,False,0,0,0
9330_NT_AL_AA.fasta.zip,0.533506840467453,0.6530694514513016,True,0,0,0
9333_NT_AL_AA.fasta.zip,0.9549028277397156,0.8301975429058075,False,0,0,0
933_NT_AL_AA.fasta.zip,0.9477911293506622,0.03715352900326252,False,0,0,0
9340_NT_AL_AA.fasta.zip,1.062576949596405,0.7378645241260529,False,0,0,0
9343_NT_AL_AA.fasta.zip,0.07204476371407509,0.970607578754425,False,0,0,0
9344_NT_AL_AA.fasta.zip,0.5169520030419031,0.9629797140757242,True,0,0,0
9348_NT_AL_AA.fasta.zip,0.642330214381218,0.9043887555599213,True,0,0,0
9353_NT_AL_AA.fasta.zip,0.48892126977443695,0.779966376721859,True,0,0,0
9354_NT_AL_AA.fasta.zip,0.6951129138469696,0.7275477051734924,True,0,0,0
93550_NT_AL_AA.fasta.zip,2.082662880420685,0.9730240106582642,True,0,0,0
9356_NT_AL_AA.fasta.zip,1.0260881781578064,0.29946238547563553,False,0,0,0
93589_NT_AL_AA.fasta.zip,0.6730547944704691,0.6248447795708975,False,0,0,0
9358_NT_AL_AA.fasta.zip,0.44223690032958984,0.15350765734910965,False,0,0,0
93594_NT_AL_AA.fasta.zip,1.3123222589492798,0.8323505918184916,True,0,0,0
9360_NT_AL_AA.fasta.zip,1.0274063646793365,0.5561253875494003,True,0,0,0
9361_NT_AL_AA.fasta.zip,0.36134275297323865,0.896935760974884,False,0,0,0
93627_NT_AL_AA.fasta.zip,0.46219152212142944,0.8836243152618408,False,0,0,0
9362_NT_AL_AA.fasta.zip,0.43754029273986816,0.8197322487831116,False,0,0,0
93643_NT_AL_AA.fasta.zip,0.6060477197170258,0.9610856771469116,False,0,0,0
93649_NT_AL_AA.fasta.zip,1.0186890562375386,0.9204094409942627,False,0,0,0
9365_NT_AL_AA.fasta.zip,0.8428821166356405,0.4131685545047124,True,0,0,0
93663_NT_AL_AA.fasta.zip,0.8669394850730896,0.8996236622333527,False,0,0,0
93664_NT_AL_AA.fasta.zip,0.5265858968098959,0.8968718647956848,False,0,0,0
9369_NT_AL_AA.fasta.zip,0.264833215624094,0.9655914604663849,False,0,0,0
9371_NT_AL_AA.fasta.zip,0.44364848732948303,0.9703859984874725,False,0,0,0
9372_NT_AL_AA.fasta.zip,1.2466925581296284,0.9498641888300577,True,0,0,0
9373_NT_AL_AA.fasta.zip,0.6480592489242554,0.7289637327194214,False,0,0,0
9375_NT_AL_AA.fasta.zip,0.20883537083864212,0.9552848935127258,False,0,0,0
9376_NT_AL_AA.fasta.zip,0.9572920799255371,0.25478915125131607,False,0,0,0
9378_NT_AL_AA.fasta.zip,0.16924020275473595,0.9712656587362289,False,0,0,0
9381_NT_AL_AA.fasta.zip,0.6303307950496674,0.8890564203262329,False,0,0,0
9382_NT_AL_AA.fasta.zip,1.017297049363454,0.6094518899917603,False,0,0,0
9388_NT_AL_AA.fasta.zip,0.6476486325263977,0.8024189174175262,False,0,0,0
9389_NT_AL_AA.fasta.zip,1.8190972805023193,0.4385537803173065,False,0,0,0
9390_NT_AL_AA.fasta.zip,1.2965033215781052,0.5327867070833842,True,0,0,0
9392_NT_AL_AA.fasta.zip,0.5853783488273621,0.42592544853687286,False,0,0,0
93973_NT_AL_AA.fasta.zip,0.48268643021583557,0.9662909507751465,False,0,0,0
93986_NT_AL_AA.fasta.zip,0.28916817158460617,0.9690185189247131,False,0,0,0
9398_NT_AL_AA.fasta.zip,1.7710483868916829,0.06724996492266655,True,0,0,0
94005_NT_AL_AA.fasta.zip,1.2905725836753845,0.8432577550411224,False,0,0,0
9400_NT_AL_AA.fasta.zip,1.1986398100852966,0.817898154258728,True,0,0,0
94015_NT_AL_AA.fasta.zip,0.7708074152469635,0.16839750856161118,False,0,0,0
9401_NT_AL_AA.fasta.zip,1.9112338423728943,0.7546597520510355,True,0,0,0
94025_NT_AL_AA.fasta.zip,2.439537758938968,0.4357048168312758,True,0,0,0
94026_NT_AL_AA.fasta.zip,4.594491481781006,0.8437613844871521,False,0,0,0
94030_NT_AL_AA.fasta.zip,0.19863586872816086,0.9700148105621338,False,0,0,0
94059_NT_AL_AA.fasta.zip,1.4432730674743652,0.5114980489015579,False,0,0,0
94104_NT_AL_AA.fasta.zip,0.5951610952615738,0.8878980576992035,True,0,0,0
9411_NT_AL_AA.fasta.zip,1.955206076304118,0.85051957766215,True,0,0,0
94120_NT_AL_AA.fasta.zip,0.9086425602436066,0.6772927641868591,False,0,0,0
94121_NT_AL_AA.fasta.zip,1.2829447984695435,0.8129007518291473,False,0,0,0
94122_NT_AL_AA.fasta.zip,0.9264859259128571,0.9514951705932617,False,0,0,0
94134_NT_AL_AA.fasta.zip,0.6681190729141235,0.8727923929691315,False,0,0,0
94137_NT_AL_AA.fasta.zip,3.3621490399042764,0.677413821220398,True,0,0,0
9413_NT_AL_AA.fasta.zip,0.42618292570114136,0.9729542136192322,False,0,0,0
9414_NT_AL_AA.fasta.zip,0.8616017500559489,0.9679472049077352,True,0,0,0
9416_NT_AL_AA.fasta.zip,0.13023380003869534,0.9650623500347137,False,0,0,0
94234_NT_AL_AA.fasta.zip,1.576724350452423,0.9790366888046265,False,0,0,0
9423_NT_AL_AA.fasta.zip,0.5047892481088638,0.9735125601291656,False,0,0,0
9425_NT_AL_AA.fasta.zip,0.5069986581802368,0.9341423809528351,False,0,0,0
9427_NT_AL_AA.fasta.zip,0.626672625541687,0.8180948197841644,False,0,0,0
9429_NT_AL_AA.fasta.zip,0.5647316873073578,0.86959108710289,False,0,0,0
9435_NT_AL_AA.fasta.zip,0.45646440982818604,0.9819705486297607,False,0,0,0
9439_NT_AL_AA.fasta.zip,0.1720071385304133,0.9331496953964233,False,0,0,0
943_NT_AL_AA.fasta.zip,3.42875599861145,0.523053765296936,True,0,0,0
9440_NT_AL_AA.fasta.zip,0.39127615094184875,0.9581155478954315,False,0,0,0
9441_NT_AL_AA.fasta.zip,1.2952686548233032,0.9177020490169525,False,0,0,0
9448_NT_AL_AA.fasta.zip,0.4548871573060751,0.9671097546815872,True,0,0,0
9451_NT_AL_AA.fasta.zip,0.5598388910293579,0.8498629728953043,False,0,0,0
9459_NT_AL_AA.fasta.zip,0.7403108179569244,0.8606889843940735,False,0,0,0
9462_NT_AL_AA.fasta.zip,0.602881520986557,0.9635547995567322,True,0,0,0
9466_NT_AL_AA.fasta.zip,1.9753695726394653,0.10051963850855827,False,0,0,0
9472_NT_AL_AA.fasta.zip,1.2194048166275024,0.958800196647644,True,0,0,0
9473_NT_AL_AA.fasta.zip,1.106856882572174,0.4813976436853409,False,0,0,0
9475_NT_AL_AA.fasta.zip,0.35044771432876587,0.7412800391515096,True,0,0,0
9479_NT_AL_AA.fasta.zip,0.6592070162296295,0.9700985252857208,False,0,0,0
9480_NT_AL_AA.fasta.zip,0.57639941573143,0.9622684121131897,False,0,0,0
9488_NT_AL_AA.fasta.zip,0.8213430345058441,0.5420060604810715,True,0,0,0
9489_NT_AL_AA.fasta.zip,0.5802299678325653,0.5711533427238464,False,0,0,0
9493_NT_AL_AA.fasta.zip,0.6643421451250712,0.8120737075805664,False,0,0,0
9495_NT_AL_AA.fasta.zip,2.427129805088043,0.9220957159996033,True,0,0,0
9496_NT_AL_AA.fasta.zip,0.434991255402565,0.8435776829719543,False,0,0,0
9497_NT_AL_AA.fasta.zip,0.27688202758630115,0.8246062795321146,False,0,0,0
9498_NT_AL_AA.fasta.zip,0.46505557497342426,0.9289180437723795,False,0,0,0
9499_NT_AL_AA.fasta.zip,0.9002954065799713,0.9494818150997162,False,0,0,0
94_NT_AL_AA.fasta.zip,0.5953047871589661,0.9731069505214691,False,0,0,0
9500_NT_AL_AA.fasta.zip,1.3869300484657288,0.9672207236289978,True,0,0,0
9507_NT_AL_AA.fasta.zip,0.6300866007804871,0.7345349788665771,True,0,0,0
9508_NT_AL_AA.fasta.zip,0.6330176591873169,0.9451844294865926,True,0,0,0
9509_NT_AL_AA.fasta.zip,0.6264090339342753,0.7958613435427347,True,0,0,0
9510_NT_AL_AA.fasta.zip,0.7616535425186157,0.5602545663714409,True,0,0,0
9513_NT_AL_AA.fasta.zip,0.26106369495391846,0.9429450929164886,False,0,0,0
9515_NT_AL_AA.fasta.zip,0.7039119402567545,0.8190009593963623,False,0,0,0
9517_NT_AL_AA.fasta.zip,0.20349646359682083,0.27864840626716614,False,0,0,0
9520_NT_AL_AA.fasta.zip,0.4517710655927658,0.9714836776256561,False,0,0,0
9531_NT_AL_AA.fasta.zip,1.8515928387641907,0.9101034104824066,False,0,0,0
953_NT_AL_AA.fasta.zip,0.7143905460834503,0.5621776878833771,False,0,0,0
9541_NT_AL_AA.fasta.zip,0.9258202910423279,0.9759432375431061,True,0,0,0
9542_NT_AL_AA.fasta.zip,0.9317621886730194,0.9710167348384857,False,0,0,0
9543_NT_AL_AA.fasta.zip,0.7094389200210571,0.9390441179275513,False,0,0,0
9546_NT_AL_AA.fasta.zip,1.09695965051651,0.8187791109085083,False,0,0,0
954_NT_AL_AA.fasta.zip,0.8460993468761444,0.4154830574989319,False,0,0,0
9557_NT_AL_AA.fasta.zip,0.778943657875061,0.775937557220459,False,0,0,0
9563_NT_AL_AA.fasta.zip,0.6374767422676086,0.17185138165950775,False,0,0,0
9564_NT_AL_AA.fasta.zip,0.755986213684082,0.8136456608772278,False,0,0,0
9567_NT_AL_AA.fasta.zip,0.1856231614947319,0.9757702350616455,False,0,0,0
9568_NT_AL_AA.fasta.zip,0.2533021345734596,0.9648413360118866,False,0,0,0
9569_NT_AL_AA.fasta.zip,0.5018093337615331,0.9600698749224345,True,0,0,0
956_NT_AL_AA.fasta.zip,0.7903254628181458,0.5269260108470917,False,0,0,0
9572_NT_AL_AA.fasta.zip,0.5258013010025024,0.9743258655071259,False,0,0,0
9575_NT_AL_AA.fasta.zip,0.8032283931970596,0.9589645564556122,True,0,0,0
9576_NT_AL_AA.fasta.zip,4.441442012786865,0.5568021237850189,False,0,0,0
9578_NT_AL_AA.fasta.zip,0.5669741779565811,0.698386162519455,True,0,0,0
9580_NT_AL_AA.fasta.zip,0.5987505316734314,0.9288553595542908,False,0,0,0
9581_NT_AL_AA.fasta.zip,3.1507508754730225,0.8113106787204742,False,0,0,0
9584_NT_AL_AA.fasta.zip,0.0513653215020895,0.9698055684566498,False,0,0,0
9585_NT_AL_AA.fasta.zip,1.66946442425251,0.7393135130405426,True,0,0,0
9586_NT_AL_AA.fasta.zip,0.4497520327568054,0.8205054700374603,False,0,0,0
9590_NT_AL_AA.fasta.zip,1.8856039429083467,0.842694491147995,True,0,0,0
9600_NT_AL_AA.fasta.zip,0.46718651056289673,0.921352485815684,False,0,0,0
9601_NT_AL_AA.fasta.zip,0.873738169670105,0.6722539663314819,False,0,0,0
9603_NT_AL_AA.fasta.zip,3.8417967557907104,0.8844064176082611,True,0,0,0
9605_NT_AL_AA.fasta.zip,0.8603470623493195,0.9367408454418182,False,0,0,0
960_NT_AL_AA.fasta.zip,1.8939300775527954,0.8359549939632416,False,0,0,0
9610_NT_AL_AA.fasta.zip,1.0721651315689087,0.8859911859035492,False,0,0,0
9611_NT_AL_AA.fasta.zip,0.5899938891331354,0.896431436141332,True,0,0,0
9612_NT_AL_AA.fasta.zip,1.0972105860710144,0.8826636473337809,True,0,0,0
9619_NT_AL_AA.fasta.zip,0.4728662669658661,0.949667364358902,False,0,0,0
9620_NT_AL_AA.fasta.zip,1.0080279878207616,0.44980294576713015,True,0,0,0
9625_NT_AL_AA.fasta.zip,1.9146059453487396,0.9095068722963333,True,0,0,0
9627_NT_AL_AA.fasta.zip,0.8102120459079742,0.9101937711238861,False,0,0,0
9631_NT_AL_AA.fasta.zip,0.5914657115936279,0.7880159715811411,True,0,0,0
9632_NT_AL_AA.fasta.zip,1.049175997575124,0.9185490012168884,True,0,0,0
9633_NT_AL_AA.fasta.zip,2.110401213169098,0.9143781065940857,False,0,0,0
9635_NT_AL_AA.fasta.zip,1.8722787499427795,0.3109266348183155,False,0,0,0
9639_NT_AL_AA.fasta.zip,0.7980094949404398,0.7955503066380819,False,0,0,0
9640_NT_AL_AA.fasta.zip,0.9394446412722269,0.9285208980242411,True,0,0,0
9641_NT_AL_AA.fasta.zip,1.0097735822200775,0.680074155330658,True,0,0,0
9644_NT_AL_AA.fasta.zip,0.7115973730882009,0.9532217383384705,False,0,0,0
96459_NT_AL_AA.fasta.zip,0.4620882074038188,0.9567376971244812,False,0,0,0
9645_NT_AL_AA.fasta.zip,0.7068657676378886,0.7415092488129934,True,0,0,0
9646_NT_AL_AA.fasta.zip,0.19503551969925562,0.9419389367103577,False,0,0,0
9648_NT_AL_AA.fasta.zip,1.7103977501392365,0.7375845015048981,True,0,0,0
9649_NT_AL_AA.fasta.zip,0.3292916864156723,0.9664177298545837,False,0,0,0
9651_NT_AL_AA.fasta.zip,0.7917105108499527,0.7751614600419998,True,0,0,0
9652_NT_AL_AA.fasta.zip,1.1655229777097702,0.7087953984737396,True,0,0,0
9654_NT_AL_AA.fasta.zip,1.3444757461547852,0.9181264440218607,True,0,0,0
9655_NT_AL_AA.fasta.zip,0.32380470633506775,0.9635597169399261,False,0,0,0
9656_NT_AL_AA.fasta.zip,3.4571224536214555,0.6730708288294929,True,0,0,0
9657_NT_AL_AA.fasta.zip,2.3423300981521606,0.6545690894126892,False,0,0,0
9658_NT_AL_AA.fasta.zip,1.6357666651407878,0.789777934551239,True,0,0,0
9662_NT_AL_AA.fasta.zip,1.358075459798177,0.622159500916799,True,0,0,0
9663_NT_AL_AA.fasta.zip,0.4052048325538635,0.9617966711521149,False,0,0,0
9665_NT_AL_AA.fasta.zip,0.8991680592298508,0.9012115746736526,True,0,0,0
9666_NT_AL_AA.fasta.zip,2.3935519456863403,0.973143478234609,True,0,0,0
9667_NT_AL_AA.fasta.zip,1.6394104957580566,0.9157116611798605,True,0,0,0
9669_NT_AL_AA.fasta.zip,0.4798308213551839,0.964568575223287,True,0,0,0
9670_NT_AL_AA.fasta.zip,0.32470133900642395,0.9665888547897339,False,0,0,0
9671_NT_AL_AA.fasta.zip,0.6040102690458298,0.7403190433979034,True,0,0,0
9675_NT_AL_AA.fasta.zip,1.2223090728123982,0.7108459075291952,False,0,0,0
96764_NT_AL_AA.fasta.zip,1.0912660360336304,0.9073395729064941,True,0,0,0
9677_NT_AL_AA.fasta.zip,0.7018464654684067,0.9175895303487778,True,0,0,0
9678_NT_AL_AA.fasta.zip,0.30267130583524704,0.9731086492538452,False,0,0,0
9681_NT_AL_AA.fasta.zip,0.43298569321632385,0.9268824458122253,False,0,0,0
9682_NT_AL_AA.fasta.zip,0.5504880448182424,0.9515869617462158,False,0,0,0
9683_NT_AL_AA.fasta.zip,1.1259813010692596,0.9628168940544128,True,0,0,0
9684_NT_AL_AA.fasta.zip,1.7456395626068115,0.9640326797962189,False,0,0,0
9685_NT_AL_AA.fasta.zip,0.6978221237659454,0.9671187400817871,False,0,0,0
9687_NT_AL_AA.fasta.zip,0.7300451248884201,0.8932519108057022,False,0,0,0
9688_NT_AL_AA.fasta.zip,0.34008945524692535,0.9582507014274597,False,0,0,0
968_NT_AL_AA.fasta.zip,1.3930559158325195,0.10032524541020393,False,0,0,0
9690_NT_AL_AA.fasta.zip,0.41386809448401135,0.7205920020739237,True,0,0,0
9692_NT_AL_AA.fasta.zip,1.206954300403595,0.5596456825733185,True,0,0,0
9693_NT_AL_AA.fasta.zip,0.41689183190464973,0.9707191288471222,True,0,0,0
9695_NT_AL_AA.fasta.zip,0.46350184082984924,0.9801639318466187,False,0,0,0
9696_NT_AL_AA.fasta.zip,1.7850427627563477,0.49040910601615906,True,0,0,0
9698_NT_AL_AA.fasta.zip,0.1652199625968933,0.971601684888204,False,0,0,0
9699_NT_AL_AA.fasta.zip,0.7814605236053467,0.9523584842681885,False,0,0,0
9700_NT_AL_AA.fasta.zip,1.4094387531280517,0.5312855303287506,True,0,0,0
9701_NT_AL_AA.fasta.zip,1.049447476863861,0.807411789894104,True,0,0,0
9702_NT_AL_AA.fasta.zip,0.9639119803905487,0.9650144577026367,False,0,0,0
9703_NT_AL_AA.fasta.zip,0.5487622201442719,0.8640426993370056,True,0,0,0
9704_NT_AL_AA.fasta.zip,0.7138140400250753,0.8109027942021688,True,0,0,0
9705_NT_AL_AA.fasta.zip,1.0801459749539692,0.904854436715444,True,0,0,0
9706_NT_AL_AA.fasta.zip,0.997751514116923,0.9247864286104838,False,0,0,0
9710_NT_AL_AA.fasta.zip,0.8763576745986938,0.9442056020100912,True,0,0,0
9711_NT_AL_AA.fasta.zip,0.8758591413497925,0.9393691221872965,False,0,0,0
9712_NT_AL_AA.fasta.zip,1.0625765174627304,0.73770871758461,True,0,0,0
9716_NT_AL_AA.fasta.zip,0.30351774021983147,0.9628775715827942,False,0,0,0
9717_NT_AL_AA.fasta.zip,1.1823917627334595,0.9331673383712769,False,0,0,0
9719_NT_AL_AA.fasta.zip,0.672924280166626,0.9525662958621979,False,0,0,0
9723_NT_AL_AA.fasta.zip,0.8564469218254089,0.7452647984027863,False,0,0,0
9725_NT_AL_AA.fasta.zip,0.6784540414810181,0.5315879434347153,True,0,0,0
9726_NT_AL_AA.fasta.zip,1.0367832332849503,0.9708088040351868,True,0,0,0
9727_NT_AL_AA.fasta.zip,0.9503467381000519,0.9266451299190521,False,0,0,0
9728_NT_AL_AA.fasta.zip,0.8107052048047384,0.9590823650360107,True,0,0,0
9729_NT_AL_AA.fasta.zip,1.9214208722114563,0.9722025990486145,False,0,0,0
9730_NT_AL_AA.fasta.zip,0.2030182108283043,0.9725221991539001,False,0,0,0
9731_NT_AL_AA.fasta.zip,0.6501368582248688,0.643283799290657,True,0,0,0
9732_NT_AL_AA.fasta.zip,0.30229057744145393,0.9669012427330017,False,0,0,0
9733_NT_AL_AA.fasta.zip,1.1354562143484752,0.9513961871465048,True,0,0,0
9734_NT_AL_AA.fasta.zip,0.7006089091300964,0.9702496329943339,False,0,0,0
9735_NT_AL_AA.fasta.zip,1.4296709060668946,0.6107093811035156,False,0,0,0
9736_NT_AL_AA.fasta.zip,0.2925810869783163,0.9699222669005394,True,0,0,0
9737_NT_AL_AA.fasta.zip,4.354629933834076,0.7901596575975418,True,0,0,0
9738_NT_AL_AA.fasta.zip,1.7755027214686077,0.9363852739334106,True,0,0,0
9739_NT_AL_AA.fasta.zip,0.9250630587339401,0.9481082111597061,True,0,0,0
9742_NT_AL_AA.fasta.zip,0.8448648254076639,0.5917317022879919,True,0,0,0
9743_NT_AL_AA.fasta.zip,1.1212258517742157,0.8543146967887878,True,0,0,0
9744_NT_AL_AA.fasta.zip,0.6086094230413437,0.829992413520813,False,0,0,0
9745_NT_AL_AA.fasta.zip,0.8440196315447489,0.9031229615211487,True,0,0,0
9746_NT_AL_AA.fasta.zip,0.6723511815071106,0.9659884870052338,True,0,0,0
9747_NT_AL_AA.fasta.zip,0.5756153166294098,0.8377393484115601,False,0,0,0
9748_NT_AL_AA.fasta.zip,0.8416581054528555,0.9729854067166647,True,0,0,0
9749_NT_AL_AA.fasta.zip,1.2331526279449463,0.9730713665485382,True,0,0,0
9750_NT_AL_AA.fasta.zip,0.8804917931556702,0.8501440087954203,False,0,0,0
9751_NT_AL_AA.fasta.zip,0.6165111362934113,0.9548977017402649,False,0,0,0
9753_NT_AL_AA.fasta.zip,2.1676929593086243,0.982896625995636,True,0,0,0
9754_NT_AL_AA.fasta.zip,1.6701006491978962,0.9200612505276998,True,0,0,0
9755_NT_AL_AA.fasta.zip,1.5426099300384521,0.9585033357143402,False,0,0,0
9757_NT_AL_AA.fasta.zip,0.9536043235233852,0.9563360554831368,True,0,0,0
9758_NT_AL_AA.fasta.zip,1.0094710513949394,0.9250141829252243,True,0,0,0
9759_NT_AL_AA.fasta.zip,0.4627312123775482,0.6662793755531311,True,0,0,0
9760_NT_AL_AA.fasta.zip,0.6911278367042542,0.8684698343276978,False,0,0,0
9762_NT_AL_AA.fasta.zip,1.436002492904663,0.9742412865161896,False,0,0,0
9765_NT_AL_AA.fasta.zip,1.729539468884468,0.9113510847091675,True,0,0,0
9767_NT_AL_AA.fasta.zip,1.5922504663467407,0.8238047957420349,True,0,0,0
976_NT_AL_AA.fasta.zip,0.9911186397075653,0.3229514230042696,True,0,0,0
9771_NT_AL_AA.fasta.zip,0.9633452892303467,0.9589743316173553,False,0,0,0
9772_NT_AL_AA.fasta.zip,0.6381047368049622,0.8252119620641073,False,0,0,0
9774_NT_AL_AA.fasta.zip,0.2927611470222473,0.6381459832191467,False,0,0,0
9776_NT_AL_AA.fasta.zip,0.8046870529651642,0.9355393052101135,False,0,0,0
9777_NT_AL_AA.fasta.zip,0.1848825216293335,0.9638574719429016,False,0,0,0
9778_NT_AL_AA.fasta.zip,0.7643820643424988,0.934828519821167,False,0,0,0
9779_NT_AL_AA.fasta.zip,0.727297842502594,0.9519871771335602,False,0,0,0
9780_NT_AL_AA.fasta.zip,0.6125680903593699,0.7974504033724467,False,0,0,0
9782_NT_AL_AA.fasta.zip,0.4519250839948654,0.9732152223587036,True,0,0,0
9785_NT_AL_AA.fasta.zip,0.21891713639100394,0.9562032024065653,False,0,0,0
9786_NT_AL_AA.fasta.zip,2.0327692329883575,0.8672871291637421,True,0,0,0
9787_NT_AL_AA.fasta.zip,3.5194005966186523,0.8924917876720428,True,0,0,0
9788_NT_AL_AA.fasta.zip,0.3819551169872284,0.9471915066242218,False,0,0,0
9790_NT_AL_AA.fasta.zip,0.8368796904881796,0.9248027801513672,True,0,0,0
9793_NT_AL_AA.fasta.zip,0.4978506028652191,0.9635822653770447,False,0,0,0
9794_NT_AL_AA.fasta.zip,1.8066733578840892,0.7610620458920797,True,0,0,0
9797_NT_AL_AA.fasta.zip,1.9136029183864594,0.9112687706947327,True,0,0,0
9810_NT_AL_AA.fasta.zip,0.2935620496670405,0.9811607797940572,False,0,0,0
9811_NT_AL_AA.fasta.zip,0.558066800236702,0.9585863351821899,False,0,0,0
9812_NT_AL_AA.fasta.zip,1.7121246457099915,0.8012578189373016,False,0,0,0
9813_NT_AL_AA.fasta.zip,1.8845477104187012,0.955655425786972,False,0,0,0
9814_NT_AL_AA.fasta.zip,2.0441444714864097,0.2522782639910777,True,0,0,0
9815_NT_AL_AA.fasta.zip,0.45887571573257446,0.9379982054233551,False,0,0,0
9816_NT_AL_AA.fasta.zip,1.361605942249298,0.3845903053879738,True,0,0,0
9817_NT_AL_AA.fasta.zip,0.3647286593914032,0.8096196949481964,False,0,0,0
9818_NT_AL_AA.fasta.zip,0.7018017768859863,0.9119073748588562,False,0,0,0
9819_NT_AL_AA.fasta.zip,1.4715237617492676,0.9736961424350739,True,0,0,0
9820_NT_AL_AA.fasta.zip,1.61284539103508,0.8280276730656624,True,0,0,0
9821_NT_AL_AA.fasta.zip,0.6340666487812996,0.8066402599215508,True,0,0,0
9823_NT_AL_AA.fasta.zip,1.9433482885360718,0.9657769203186035,True,0,0,0
9825_NT_AL_AA.fasta.zip,1.4585757851600647,0.6282423138618469,False,0,0,0
9826_NT_AL_AA.fasta.zip,1.2693799138069153,0.8971186876296997,True,0,0,0
9828_NT_AL_AA.fasta.zip,1.068376934528351,0.937536644935608,True,0,0,0
9829_NT_AL_AA.fasta.zip,1.1040050983428955,0.9301746487617493,True,0,0,0
9831_NT_AL_AA.fasta.zip,0.8160277009010315,0.9803896546363831,False,0,0,0
9832_NT_AL_AA.fasta.zip,0.23517560958862305,0.9707428514957428,False,0,0,0
9833_NT_AL_AA.fasta.zip,1.0108604729175568,0.9626065194606781,False,0,0,0
9836_NT_AL_AA.fasta.zip,0.8442220091819763,0.5956378877162933,False,0,0,0
9839_NT_AL_AA.fasta.zip,0.41517849763234455,0.9421163400014242,False,0,0,0
9840_NT_AL_AA.fasta.zip,1.1347899436950684,0.9655369520187378,False,0,0,0
9841_NT_AL_AA.fasta.zip,0.8998627066612244,0.9689868092536926,False,0,0,0
9842_NT_AL_AA.fasta.zip,1.0309635599454243,0.9438252449035645,False,0,0,0
9843_NT_AL_AA.fasta.zip,0.8958295981089274,0.5134018262227377,True,0,0,0
9844_NT_AL_AA.fasta.zip,0.29156071692705154,0.9704010188579559,False,0,0,0
9846_NT_AL_AA.fasta.zip,0.795763224363327,0.910748153924942,False,0,0,0
9847_NT_AL_AA.fasta.zip,0.4584665695826213,0.9668030540148417,False,0,0,0
9849_NT_AL_AA.fasta.zip,3.267508566379547,0.9007630348205566,True,0,0,0
9851_NT_AL_AA.fasta.zip,1.9183512528737385,0.8812555273373922,False,0,0,0
9852_NT_AL_AA.fasta.zip,2.467949390411377,0.6883902549743652,True,0,0,0
9853_NT_AL_AA.fasta.zip,1.059563934803009,0.9516615867614746,False,0,0,0
9854_NT_AL_AA.fasta.zip,0.9174732565879822,0.8670654594898224,False,0,0,0
9855_NT_AL_AA.fasta.zip,0.8317804535230001,0.8026084105173746,False,0,0,0
9856_NT_AL_AA.fasta.zip,2.322740991910299,0.2219891200462977,True,0,0,0
9857_NT_AL_AA.fasta.zip,1.31965400491442,0.9408036555562701,True,0,0,0
9858_NT_AL_AA.fasta.zip,2.8385804096857705,0.8562578360239664,True,0,0,0
9859_NT_AL_AA.fasta.zip,0.7288438826799393,0.9425865411758423,True,0,0,0
9860_NT_AL_AA.fasta.zip,0.897952119509379,0.9119342962900797,True,0,0,0
9862_NT_AL_AA.fasta.zip,0.5774802565574646,0.8272624413172404,False,0,0,0
9863_NT_AL_AA.fasta.zip,0.6793269515037537,0.9668497840563456,True,0,0,0
9865_NT_AL_AA.fasta.zip,0.8243040442466736,0.9727000296115875,False,0,0,0
9866_NT_AL_AA.fasta.zip,1.53080548842748,0.9151097933451334,True,0,0,0
9867_NT_AL_AA.fasta.zip,0.9729446470737457,0.9761798679828644,False,0,0,0
9868_NT_AL_AA.fasta.zip,0.4965246021747589,0.9577735066413879,True,0,0,0
9869_NT_AL_AA.fasta.zip,0.524089902639389,0.9559938510258993,False,0,0,0
9870_NT_AL_AA.fasta.zip,0.5355400741100311,0.9520530700683594,False,0,0,0
9871_NT_AL_AA.fasta.zip,1.0025056997934978,0.5665037333965302,True,0,0,0
9873_NT_AL_AA.fasta.zip,0.8053749203681946,0.9568254947662354,False,0,0,0
9874_NT_AL_AA.fasta.zip,0.1711099036037922,0.9606877267360687,False,0,0,0
9875_NT_AL_AA.fasta.zip,1.1919725060462951,0.3601196572184563,True,0,0,0
9877_NT_AL_AA.fasta.zip,1.2464551031589508,0.8873708546161652,True,0,0,0
9878_NT_AL_AA.fasta.zip,0.5577695369720459,0.8709747195243835,False,0,0,0
9879_NT_AL_AA.fasta.zip,0.1286576216419538,0.9684397578239441,False,0,0,0
987_NT_AL_AA.fasta.zip,0.5504421244064966,0.8833656708399454,False,0,0,0
9880_NT_AL_AA.fasta.zip,0.8504763841629028,0.9698100388050079,False,0,0,0
9881_NT_AL_AA.fasta.zip,1.1106092461517878,0.586032339504787,True,0,0,0
9882_NT_AL_AA.fasta.zip,0.5119831760724386,0.9141486684481303,False,0,0,0
9886_NT_AL_AA.fasta.zip,0.42093445360660553,0.9809857606887817,False,0,0,0
9887_NT_AL_AA.fasta.zip,0.6432231118281683,0.9080246885617574,True,0,0,0
9889_NT_AL_AA.fasta.zip,0.9458633065223694,0.7140905956427256,True,0,0,0
988_NT_AL_AA.fasta.zip,0.18743164464831352,0.9595186114311218,False,0,0,0
9890_NT_AL_AA.fasta.zip,0.42144665122032166,0.9430592358112335,False,0,0,0
9891_NT_AL_AA.fasta.zip,0.4691881835460663,0.9703742265701294,False,0,0,0
9892_NT_AL_AA.fasta.zip,0.6144658625125885,0.9668983221054077,True,0,0,0
9894_NT_AL_AA.fasta.zip,1.0970920622348785,0.29029787331819534,False,0,0,0
9895_NT_AL_AA.fasta.zip,0.6842888196309408,0.753565380970637,True,0,0,0
9896_NT_AL_AA.fasta.zip,0.468980997800827,0.9248999059200287,False,0,0,0
9897_NT_AL_AA.fasta.zip,0.6142939428488413,0.9429148634274801,False,0,0,0
9898_NT_AL_AA.fasta.zip,0.6349249382813772,0.9176456133524576,True,0,0,0
9899_NT_AL_AA.fasta.zip,1.0725614726543427,0.6244434714317322,True,0,0,0
9900_NT_AL_AA.fasta.zip,0.3209545165300369,0.9719324111938477,False,0,0,0
9901_NT_AL_AA.fasta.zip,0.22638649741808572,0.9803215662638346,False,0,0,0
9902_NT_AL_AA.fasta.zip,0.9117448627948761,0.6993707418441772,True,0,0,0
9903_NT_AL_AA.fasta.zip,0.3502870798110962,0.9719379246234894,False,0,0,0
9904_NT_AL_AA.fasta.zip,0.8339595198631287,0.9512770970662435,False,0,0,0
9905_NT_AL_AA.fasta.zip,0.6662118037541708,0.9648396770159403,False,0,0,0
9907_NT_AL_AA.fasta.zip,1.0774720311164856,0.3913559317588806,False,0,0,0
9909_NT_AL_AA.fasta.zip,0.9135922491550446,0.9082319140434265,False,0,0,0
990_NT_AL_AA.fasta.zip,1.038693517446518,0.9163322448730469,False,0,0,0
9910_NT_AL_AA.fasta.zip,0.4382055699825287,0.8545022010803223,False,0,0,0
9911_NT_AL_AA.fasta.zip,0.5853071212768555,0.9609193503856659,False,0,0,0
9912_NT_AL_AA.fasta.zip,0.5281475484371185,0.9524728357791901,False,0,0,0
9914_NT_AL_AA.fasta.zip,0.5572136342525482,0.529746875166893,False,0,0,0
9915_NT_AL_AA.fasta.zip,0.5169330015778542,0.8490933775901794,True,0,0,0
9918_NT_AL_AA.fasta.zip,1.0431830883026123,0.867114802201589,False,0,0,0
9919_NT_AL_AA.fasta.zip,1.9820747077465057,0.844628632068634,True,0,0,0
991_NT_AL_AA.fasta.zip,0.36728130280971527,0.5253175497055054,False,0,0,0
9920_NT_AL_AA.fasta.zip,1.947465419769287,0.8092807829380035,True,0,0,0
9921_NT_AL_AA.fasta.zip,1.1548472046852112,0.9752393364906311,False,0,0,0
9922_NT_AL_AA.fasta.zip,0.550585945447286,0.9622904459635416,False,0,0,0
9923_NT_AL_AA.fasta.zip,1.147338330745697,0.8524956703186035,True,0,0,0
9924_NT_AL_AA.fasta.zip,0.7826385696729025,0.9645723700523376,False,0,0,0
9925_NT_AL_AA.fasta.zip,1.0212610363960266,0.9320895075798035,False,0,0,0
9927_NT_AL_AA.fasta.zip,0.2267337292432785,0.6134436130523682,True,0,0,0
9928_NT_AL_AA.fasta.zip,2.0460476875305176,0.570419043302536,True,0,0,0
9931_NT_AL_AA.fasta.zip,0.8533668279647827,0.8741165280342102,True,0,0,0
9933_NT_AL_AA.fasta.zip,0.8214994668960571,0.8441909551620483,False,0,0,0
9937_NT_AL_AA.fasta.zip,1.9579742550849915,0.8908099333445231,True,0,0,0
9938_NT_AL_AA.fasta.zip,0.7243231534957886,0.9140335023403168,False,0,0,0
993_NT_AL_AA.fasta.zip,0.8943325281143188,0.9673524796962738,False,0,0,0
9940_NT_AL_AA.fasta.zip,1.2289588302373886,0.2812903691083193,True,0,0,0
9942_NT_AL_AA.fasta.zip,0.5599115490913391,0.30951057374477386,False,0,0,0
9943_NT_AL_AA.fasta.zip,0.21753288060426712,0.9681098759174347,False,0,0,0
9945_NT_AL_AA.fasta.zip,0.3298744335770607,0.9313009977340698,False,0,0,0
9948_NT_AL_AA.fasta.zip,0.4780062288045883,0.47419509291648865,False,0,0,0
994_NT_AL_AA.fasta.zip,1.0163658559322357,0.8787422478199005,False,0,0,0
9950_NT_AL_AA.fasta.zip,0.8561622202396393,0.8431892991065979,False,0,0,0
9958_NT_AL_AA.fasta.zip,0.31079165637493134,0.9638308584690094,False,0,0,0
995_NT_AL_AA.fasta.zip,1.845103681087494,0.8691307604312897,False,0,0,0
9960_NT_AL_AA.fasta.zip,0.29132452607154846,0.9006682634353638,False,0,0,0
9961_NT_AL_AA.fasta.zip,0.4655369818210602,0.7310298383235931,True,0,0,0
9962_NT_AL_AA.fasta.zip,0.22785070538520813,0.9553578495979309,False,0,0,0
9963_NT_AL_AA.fasta.zip,0.4332503080368042,0.9094843566417694,False,0,0,0
9967_NT_AL_AA.fasta.zip,0.5932928025722504,0.5804319605231285,True,0,0,0
9968_NT_AL_AA.fasta.zip,0.5716232925653457,0.9560914874076843,True,0,0,0
9969_NT_AL_AA.fasta.zip,0.6691718935966492,0.844186520576477,True,0,0,0
996_NT_AL_AA.fasta.zip,0.3171245902776718,0.9597678184509277,False,0,0,0
9972_NT_AL_AA.fasta.zip,1.8085953295230865,0.7673073261976242,True,0,0,0
9975_NT_AL_AA.fasta.zip,0.6371195912361145,0.9779776632785797,False,0,0,0
9980_NT_AL_AA.fasta.zip,0.7895108819007873,0.8364864587783813,True,0,0,0
9984_NT_AL_AA.fasta.zip,0.23358376324176788,0.874657392501831,False,0,0,0
9985_NT_AL_AA.fasta.zip,0.9543625116348267,0.20900488644838333,False,0,0,0
9988_NT_AL_AA.fasta.zip,0.6256798058748245,0.9472974240779877,True,0,0,0
9989_NT_AL_AA.fasta.zip,0.4029342234134674,0.9771348834037781,False,0,0,0
9990_NT_AL_AA.fasta.zip,0.39303449789683026,0.9020355741182963,False,0,0,0
9991_NT_AL_AA.fasta.zip,0.4753970503807068,0.8780068755149841,False,0,0,0
9993_NT_AL_AA.fasta.zip,0.7844986021518707,0.973450243473053,False,0,0,0
9994_NT_AL_AA.fasta.zip,2.24153128862381,0.8762774705886841,True,0,0,0
999_NT_AL_AA.fasta.zip,0.42610230669379234,0.5015982147306204,True,0,0,0
