tree,simulation,inferred_alpha,inferred_rho
BBS11002_8,sim_001_a1.239_r0.067,1.21265,0.06186
BBS11002_8,sim_002_a1.004_r0.292,1.11486,0.30197
BBS11002_8,sim_003_a1.094_r0.064,1.14019,0.05671
BBS11002_8,sim_004_a1.515_r0.201,1.58206,0.20776
BBS11002_8,sim_005_a0.799_r0.041,0.78597,0.0615
BBS11002_8,sim_006_a1.921_r0.396,1.80669,0.42442
BBS11002_8,sim_007_a0.241_r0.455,0.24676,0.45798
BBS11002_8,sim_008_a1.606_r0.942,1.52104,0.9457
BBS11002_8,sim_009_a0.711_r0.214,0.71857,0.18397
BBS11002_8,sim_010_a1.884_r0.305,1.78682,0.23047
BBS11002_8,sim_011_a1.363_r0.518,1.4955,0.55563
BBS11002_8,sim_012_a1.293_r0.941,1.30168,0.94631
BBS11002_8,sim_013_a1.144_r0.914,1.21751,0.91492
BBS11002_8,sim_014_a0.482_r0.48,0.4796,0.48273
BBS11002_8,sim_015_a0.509_r0.293,0.49381,0.30375
BBS11002_8,sim_016_a1.557_r0.142,1.5872,0.20604
BBS11002_8,sim_017_a1.627_r0.694,1.58865,0.68509
BBS11002_8,sim_018_a1.822_r0.448,1.76253,0.48476
BBS11002_8,sim_019_a0.191_r0.419,0.18523,0.42459
BBS11002_8,sim_020_a1.795_r0.123,1.75224,0.14186
BBS11002_8,sim_021_a0.848_r0.804,0.94753,0.80771
BBS11002_8,sim_022_a0.284_r0.416,0.25129,0.41156
BBS11002_8,sim_023_a0.402_r0.824,0.41332,0.80314
BBS11002_8,sim_024_a0.631_r0.603,0.6409,0.60605
BBS11002_8,sim_025_a1.249_r0.898,1.15495,0.88837
BBS11002_8,sim_026_a1.807_r0.551,2.04694,0.54458
BBS11002_8,sim_027_a1.715_r0.641,1.70792,0.64529
BBS11002_8,sim_028_a0.994_r0.753,1.02878,0.7612
BBS11002_8,sim_029_a0.415_r0.901,0.41465,0.90432
BBS11002_8,sim_030_a1.642_r0.133,1.69267,0.0574
BBS11002_8,sim_031_a1.996_r0.105,1.90303,0.12912
BBS11002_8,sim_032_a1.488_r0.096,1.47248,0.09332
BBS11002_8,sim_033_a0.463_r0.939,0.48507,0.93745
BBS11002_8,sim_034_a1.486_r0.27,1.38251,0.28315
BBS11002_8,sim_035_a1.581_r0.335,1.57816,0.29818
BBS11002_8,sim_036_a0.303_r0.256,0.32662,0.22059
BBS11002_8,sim_037_a1.09_r0.267,1.04247,0.28503
BBS11002_8,sim_038_a0.762_r0.903,0.82073,0.90108
BBS11002_8,sim_039_a1.67_r0.102,1.70778,0.02972
BBS11002_8,sim_040_a0.63_r0.827,0.64813,0.83675
BBS11002_8,sim_041_a0.386_r0.614,0.37886,0.61897
BBS11002_8,sim_042_a0.403_r0.333,0.41452,0.35265
BBS11002_8,sim_043_a1.684_r0.079,1.66087,0.08131
BBS11002_8,sim_044_a0.592_r0.047,0.55739,0.06866
BBS11002_8,sim_045_a1.03_r0.449,0.97232,0.45249
BBS11002_8,sim_046_a0.603_r0.375,0.61184,0.37379
BBS11002_8,sim_047_a0.336_r0.353,0.33447,0.34294
BBS11002_8,sim_048_a1.242_r0.207,1.26652,0.21337
BBS11002_8,sim_049_a0.764_r0.141,0.7937,0.12917
BBS11002_8,sim_050_a0.126_r0.551,0.12145,0.5466
BBS11005_14,sim_001_a1.252_r0.676,1.2628,0.66413
BBS11005_14,sim_002_a1.307_r0.537,1.32857,0.55639
BBS11005_14,sim_003_a1.442_r0.194,1.37155,0.23852
BBS11005_14,sim_004_a0.896_r0.741,0.85062,0.7487
BBS11005_14,sim_005_a0.856_r0.398,0.87018,0.41463
BBS11005_14,sim_006_a0.712_r0.564,0.72443,0.57837
BBS11005_14,sim_007_a1.057_r0.488,1.11713,0.49615
BBS11005_14,sim_008_a0.696_r0.865,0.6627,0.86605
BBS11005_14,sim_009_a1.109_r0.446,1.12161,0.45153
BBS11005_14,sim_010_a1.103_r0.01,1.12774,0.01
BBS11005_14,sim_011_a1.244_r0.374,1.20116,0.38932
BBS11005_14,sim_012_a0.564_r0.564,0.57593,0.5149
BBS11005_14,sim_013_a1.994_r0.479,2.15768,0.49096
BBS11005_14,sim_014_a0.385_r0.516,0.38947,0.51253
BBS11005_14,sim_015_a0.756_r0.207,0.78182,0.22
BBS11005_14,sim_016_a0.703_r0.617,0.68909,0.61816
BBS11005_14,sim_017_a0.616_r0.833,0.62829,0.82618
BBS11005_14,sim_018_a1.076_r0.933,1.07829,0.93258
BBS11005_14,sim_019_a1.747_r0.508,1.56881,0.45643
BBS11005_14,sim_020_a1.305_r0.92,1.22763,0.9236
BBS11005_14,sim_021_a1.448_r0.011,1.51995,0.01443
BBS11005_14,sim_022_a0.959_r0.403,0.91456,0.45797
BBS11005_14,sim_023_a1.55_r0.833,1.64224,0.84077
BBS11005_14,sim_024_a1.789_r0.872,1.89265,0.8675
BBS11005_14,sim_025_a1.439_r0.873,1.34644,0.86465
BBS11005_14,sim_026_a0.681_r0.249,0.68005,0.25198
BBS11005_14,sim_027_a1.27_r0.549,1.2435,0.53963
BBS11005_14,sim_028_a0.746_r0.508,0.77991,0.50821
BBS11005_14,sim_029_a1.534_r0.172,1.45422,0.19585
BBS11005_14,sim_030_a0.388_r0.381,0.42423,0.39039
BBS11005_14,sim_031_a1.156_r0.854,1.15944,0.85041
BBS11005_14,sim_032_a0.993_r0.113,1.02081,0.07825
BBS11005_14,sim_033_a1.868_r0.525,1.73852,0.489
BBS11005_14,sim_034_a0.768_r0.524,0.73626,0.52954
BBS11005_14,sim_035_a1.533_r0.125,1.5067,0.15725
BBS11005_14,sim_036_a0.736_r0.715,0.76451,0.71846
BBS11005_14,sim_037_a0.542_r0.903,0.51477,0.90095
BBS11005_14,sim_038_a1.016_r0.599,1.01194,0.59295
BBS11005_14,sim_039_a1.366_r0.904,1.28666,0.90498
BBS11005_14,sim_040_a0.412_r0.665,0.40766,0.68564
BBS11005_14,sim_041_a0.877_r0.241,0.87603,0.23149
BBS11005_14,sim_042_a0.859_r0.36,0.91376,0.35589
BBS11005_14,sim_043_a0.981_r0.939,0.9698,0.93125
BBS11005_14,sim_044_a0.576_r0.161,0.56358,0.13454
BBS11005_14,sim_045_a0.877_r0.877,0.89061,0.88329
BBS11005_14,sim_046_a1.3_r0.923,1.28916,0.92059
BBS11005_14,sim_047_a0.755_r0.456,0.80077,0.46682
BBS11005_14,sim_048_a0.632_r0.313,0.63351,0.31102
BBS11005_14,sim_049_a0.858_r0.528,0.88042,0.5208
BBS11005_14,sim_050_a0.409_r0.917,0.4339,0.9097
BBS11006_8,sim_001_a0.112_r0.655,0.1115,0.64952
BBS11006_8,sim_002_a1.771_r0.46,1.82232,0.4316
BBS11006_8,sim_003_a1.8_r0.401,1.86829,0.37558
BBS11006_8,sim_004_a0.805_r0.064,0.82582,0.06172
BBS11006_8,sim_005_a0.486_r0.413,0.48381,0.4276
BBS11006_8,sim_006_a0.222_r0.181,0.2106,0.19783
BBS11006_8,sim_007_a0.298_r0.736,0.29104,0.71223
BBS11006_8,sim_008_a1.889_r0.742,2.01556,0.7757
BBS11006_8,sim_009_a0.505_r0.705,0.4947,0.70922
BBS11006_8,sim_010_a1.153_r0.474,1.21335,0.45517
BBS11006_8,sim_011_a1.522_r0.184,1.56986,0.21874
BBS11006_8,sim_012_a1.135_r0.569,1.19767,0.5503
BBS11006_8,sim_013_a0.319_r0.516,0.31572,0.50719
BBS11006_8,sim_014_a0.295_r0.605,0.31339,0.60171
BBS11006_8,sim_015_a1.724_r0.14,1.71769,0.15193
BBS11006_8,sim_016_a1.293_r0.935,1.36397,0.92545
BBS11006_8,sim_017_a1.9_r0.083,1.80528,0.06662
BBS11006_8,sim_018_a0.608_r0.833,0.58099,0.85422
BBS11006_8,sim_019_a0.377_r0.126,0.35988,0.11179
BBS11006_8,sim_020_a1.133_r0.292,1.07962,0.29704
BBS11006_8,sim_021_a1.692_r0.706,1.76189,0.70349
BBS11006_8,sim_022_a0.227_r0.882,0.23227,0.88209
BBS11006_8,sim_023_a0.258_r0.021,0.25639,0.01
BBS11006_8,sim_024_a1.759_r0.865,1.89696,0.87478
BBS11006_8,sim_025_a0.628_r0.532,0.60581,0.52489
BBS11006_8,sim_026_a0.305_r0.217,0.31985,0.22381
BBS11006_8,sim_027_a0.138_r0.728,0.14722,0.72711
BBS11006_8,sim_028_a0.584_r0.503,0.58921,0.47344
BBS11006_8,sim_029_a1.329_r0.487,1.35882,0.53583
BBS11006_8,sim_030_a0.996_r0.623,1.06992,0.59644
BBS11006_8,sim_031_a0.629_r0.778,0.64137,0.78619
BBS11006_8,sim_032_a0.431_r0.112,0.42827,0.14836
BBS11006_8,sim_033_a0.137_r0.797,0.14423,0.81143
BBS11006_8,sim_034_a0.52_r0.138,0.51082,0.12931
BBS11006_8,sim_035_a1.838_r0.883,1.78929,0.88643
BBS11006_8,sim_036_a0.997_r0.623,0.97071,0.62376
BBS11006_8,sim_037_a1.478_r0.194,1.38285,0.18142
BBS11006_8,sim_038_a1.258_r0.923,1.40759,0.91077
BBS11006_8,sim_039_a0.433_r0.031,0.45753,0.01
BBS11006_8,sim_040_a1.691_r0.298,1.60748,0.30741
BBS11006_8,sim_041_a1.572_r0.787,1.56786,0.77454
BBS11006_8,sim_042_a1.305_r0.129,1.34827,0.10161
BBS11006_8,sim_043_a0.581_r0.416,0.54392,0.42727
BBS11006_8,sim_044_a0.819_r0.065,0.7874,0.0982
BBS11006_8,sim_045_a0.188_r0.132,0.18181,0.13019
BBS11006_8,sim_046_a0.833_r0.763,0.8541,0.7349
BBS11006_8,sim_047_a0.11_r0.847,0.11728,0.83211
BBS11006_8,sim_048_a1.525_r0.328,1.59787,0.36545
BBS11006_8,sim_049_a0.859_r0.666,0.89802,0.66371
BBS11006_8,sim_050_a1.575_r0.181,1.60341,0.13466
BBS11007_9,sim_001_a1.119_r0.364,1.10434,0.35179
BBS11007_9,sim_002_a0.756_r0.357,0.81744,0.32475
BBS11007_9,sim_003_a1.8_r0.795,1.95882,0.79284
BBS11007_9,sim_004_a1.819_r0.156,1.71242,0.1668
BBS11007_9,sim_005_a0.889_r0.75,0.86475,0.73976
BBS11007_9,sim_006_a1.73_r0.088,1.72426,0.03225
BBS11007_9,sim_007_a0.752_r0.051,0.73894,0.02407
BBS11007_9,sim_008_a0.794_r0.073,0.7722,0.08084
BBS11007_9,sim_009_a1.901_r0.398,1.91994,0.34003
BBS11007_9,sim_010_a1.001_r0.606,1.01732,0.60885
BBS11007_9,sim_011_a0.673_r0.667,0.68127,0.65562
BBS11007_9,sim_012_a1.14_r0.447,1.14989,0.45045
BBS11007_9,sim_013_a1.016_r0.91,1.03355,0.88776
BBS11007_9,sim_014_a1.031_r0.8,1.08109,0.79661
BBS11007_9,sim_015_a0.604_r0.438,0.60595,0.46103
BBS11007_9,sim_016_a1.584_r0.301,1.50295,0.30769
BBS11007_9,sim_017_a0.373_r0.474,0.39621,0.46616
BBS11007_9,sim_018_a0.147_r0.305,0.13697,0.33389
BBS11007_9,sim_019_a0.83_r0.328,0.82989,0.31134
BBS11007_9,sim_020_a1.357_r0.847,1.35143,0.82193
BBS11007_9,sim_021_a1.049_r0.452,1.03086,0.43939
BBS11007_9,sim_022_a1.863_r0.121,1.83704,0.12835
BBS11007_9,sim_023_a0.409_r0.813,0.40622,0.78534
BBS11007_9,sim_024_a0.34_r0.698,0.34439,0.69854
BBS11007_9,sim_025_a1.125_r0.3,1.07063,0.30353
BBS11007_9,sim_026_a1.831_r0.024,1.80802,0.04191
BBS11007_9,sim_027_a1.571_r0.59,1.51311,0.58155
BBS11007_9,sim_028_a1.571_r0.817,1.54191,0.83305
BBS11007_9,sim_029_a0.168_r0.45,0.15927,0.4546
BBS11007_9,sim_030_a0.86_r0.938,0.8098,0.94243
BBS11007_9,sim_031_a1.745_r0.377,1.74947,0.36994
BBS11007_9,sim_032_a0.643_r0.301,0.65493,0.29997
BBS11007_9,sim_033_a1.665_r0.675,1.65676,0.66668
BBS11007_9,sim_034_a1.124_r0.843,1.03305,0.84308
BBS11007_9,sim_035_a1.943_r0.426,2.12437,0.4275
BBS11007_9,sim_036_a0.226_r0.105,0.2261,0.09891
BBS11007_9,sim_037_a1.225_r0.261,1.26465,0.25587
BBS11007_9,sim_038_a0.169_r0.865,0.17966,0.85428
BBS11007_9,sim_039_a1.039_r0.062,1.00658,0.08192
BBS11007_9,sim_040_a1.247_r0.366,1.2369,0.37064
BBS11007_9,sim_041_a1.818_r0.201,1.70462,0.22145
BBS11007_9,sim_042_a0.147_r0.414,0.14815,0.41965
BBS11007_9,sim_043_a0.942_r0.031,0.95419,0.06881
BBS11007_9,sim_044_a0.355_r0.554,0.36358,0.57423
BBS11007_9,sim_045_a0.699_r0.747,0.66631,0.73324
BBS11007_9,sim_046_a0.734_r0.576,0.74823,0.60709
BBS11007_9,sim_047_a1.664_r0.249,1.72753,0.27819
BBS11007_9,sim_048_a0.607_r0.522,0.62636,0.51206
BBS11007_9,sim_049_a0.801_r0.771,0.83516,0.75264
BBS11007_9,sim_050_a0.34_r0.399,0.3224,0.39805
BBS11011_5,sim_001_a0.261_r0.611,0.25675,0.59645
BBS11011_5,sim_002_a1.41_r0.916,1.34252,0.89736
BBS11011_5,sim_003_a1.122_r0.273,1.15219,0.29585
BBS11011_5,sim_004_a1.952_r0.309,2.03185,0.28713
BBS11011_5,sim_005_a0.152_r0.024,0.15208,0.04064
BBS11011_5,sim_006_a1.943_r0.931,1.95168,0.92912
BBS11011_5,sim_007_a1.25_r0.634,1.21257,0.59221
BBS11011_5,sim_008_a0.164_r0.532,0.17078,0.51775
BBS11011_5,sim_009_a0.294_r0.933,0.3075,0.9276
BBS11011_5,sim_010_a0.256_r0.833,0.23419,0.83727
BBS11011_5,sim_011_a1.131_r0.675,1.15401,0.66114
BBS11011_5,sim_012_a1.641_r0.406,1.59544,0.4521
BBS11011_5,sim_013_a1.701_r0.407,1.80859,0.46223
BBS11011_5,sim_014_a1.308_r0.507,1.35755,0.4732
BBS11011_5,sim_015_a1.716_r0.819,1.61454,0.81941
BBS11011_5,sim_016_a0.788_r0.788,0.75211,0.81343
BBS11011_5,sim_017_a1.74_r0.608,1.74596,0.62242
BBS11011_5,sim_018_a1.916_r0.126,2.00745,0.19158
BBS11011_5,sim_019_a0.215_r0.236,0.21213,0.24097
BBS11011_5,sim_020_a1.385_r0.555,1.34275,0.57987
BBS11011_5,sim_021_a1.57_r0.025,1.54128,0.0494
BBS11011_5,sim_022_a0.362_r0.334,0.36417,0.35917
BBS11011_5,sim_023_a1.111_r0.914,1.0505,0.91983
BBS11011_5,sim_024_a1.796_r0.311,1.8249,0.35988
BBS11011_5,sim_025_a1.858_r0.893,1.70679,0.90859
BBS11011_5,sim_026_a1.363_r0.639,1.30905,0.63556
BBS11011_5,sim_027_a0.113_r0.473,0.11135,0.50351
BBS11011_5,sim_028_a1.769_r0.818,1.73458,0.80062
BBS11011_5,sim_029_a1.078_r0.656,1.03761,0.63184
BBS11011_5,sim_030_a0.178_r0.079,0.17884,0.04667
BBS11011_5,sim_031_a0.371_r0.097,0.35344,0.06571
BBS11011_5,sim_032_a1.077_r0.931,1.04969,0.91256
BBS11011_5,sim_033_a1.078_r0.281,1.05587,0.29412
BBS11011_5,sim_034_a1.577_r0.47,1.51888,0.45423
BBS11011_5,sim_035_a1.431_r0.409,1.39602,0.42433
BBS11011_5,sim_036_a1.703_r0.922,1.76295,0.92884
BBS11011_5,sim_037_a1.756_r0.479,1.77193,0.48872
BBS11011_5,sim_038_a0.507_r0.386,0.50492,0.40549
BBS11011_5,sim_039_a1.518_r0.905,1.53126,0.88073
BBS11011_5,sim_040_a0.588_r0.459,0.58798,0.46664
BBS11011_5,sim_041_a1.308_r0.234,1.29066,0.23287
BBS11011_5,sim_042_a0.867_r0.083,0.86939,0.04123
BBS11011_5,sim_043_a1.469_r0.674,1.53967,0.69485
BBS11011_5,sim_044_a1.014_r0.193,1.07708,0.18584
BBS11011_5,sim_045_a0.917_r0.681,0.93397,0.70029
BBS11011_5,sim_046_a1.775_r0.753,1.66325,0.74267
BBS11011_5,sim_047_a1.946_r0.406,1.88359,0.44164
BBS11011_5,sim_048_a0.772_r0.438,0.81153,0.43998
BBS11011_5,sim_049_a1.604_r0.466,1.71743,0.40064
BBS11011_5,sim_050_a1.898_r0.321,2.03588,0.32442
BBS11013_5,sim_001_a0.599_r0.537,0.61704,0.53092
BBS11013_5,sim_002_a0.527_r0.474,0.51163,0.46009
BBS11013_5,sim_003_a1.423_r0.872,1.48599,0.87158
BBS11013_5,sim_004_a0.41_r0.031,0.41318,0.01
BBS11013_5,sim_005_a0.787_r0.196,0.7818,0.18739
BBS11013_5,sim_006_a1.774_r0.587,1.93203,0.62461
BBS11013_5,sim_007_a1.01_r0.171,1.02657,0.17396
BBS11013_5,sim_008_a1.843_r0.842,1.85756,0.83027
BBS11013_5,sim_009_a0.215_r0.094,0.21654,0.10233
BBS11013_5,sim_010_a0.862_r0.407,0.88251,0.42224
BBS11013_5,sim_011_a1.358_r0.719,1.44173,0.71381
BBS11013_5,sim_012_a0.125_r0.521,0.12722,0.50889
BBS11013_5,sim_013_a0.779_r0.673,0.83081,0.6456
BBS11013_5,sim_014_a0.865_r0.724,0.88971,0.7108
BBS11013_5,sim_015_a0.349_r0.616,0.36628,0.59128
BBS11013_5,sim_016_a1.987_r0.91,2.17069,0.90947
BBS11013_5,sim_017_a1.63_r0.64,1.52382,0.67471
BBS11013_5,sim_018_a0.993_r0.227,0.99733,0.2653
BBS11013_5,sim_019_a1.358_r0.356,1.27719,0.33323
BBS11013_5,sim_020_a1.82_r0.806,1.96567,0.80806
BBS11013_5,sim_021_a0.955_r0.801,0.96084,0.79518
BBS11013_5,sim_022_a0.709_r0.786,0.71975,0.78648
BBS11013_5,sim_023_a1.27_r0.121,1.22682,0.10164
BBS11013_5,sim_024_a0.406_r0.291,0.41322,0.28096
BBS11013_5,sim_025_a1.851_r0.106,1.72219,0.11062
BBS11013_5,sim_026_a1.569_r0.733,1.54109,0.72613
BBS11013_5,sim_027_a0.957_r0.898,0.94254,0.89042
BBS11013_5,sim_028_a1.414_r0.899,1.32349,0.89299
BBS11013_5,sim_029_a0.4_r0.644,0.41297,0.63226
BBS11013_5,sim_030_a1.817_r0.15,1.8825,0.11673
BBS11013_5,sim_031_a1.283_r0.216,1.35377,0.20817
BBS11013_5,sim_032_a1.448_r0.238,1.52947,0.24987
BBS11013_5,sim_033_a0.358_r0.595,0.3505,0.57156
BBS11013_5,sim_034_a0.926_r0.282,0.86172,0.25724
BBS11013_5,sim_035_a1.082_r0.747,1.03459,0.71154
BBS11013_5,sim_036_a0.199_r0.24,0.18925,0.22721
BBS11013_5,sim_037_a1.774_r0.807,1.7877,0.79387
BBS11013_5,sim_038_a1.229_r0.404,1.19451,0.42122
BBS11013_5,sim_039_a0.667_r0.649,0.65992,0.62262
BBS11013_5,sim_040_a1.105_r0.123,1.09291,0.1126
BBS11013_5,sim_041_a0.946_r0.114,0.9153,0.0861
BBS11013_5,sim_042_a1.272_r0.761,1.35659,0.74667
BBS11013_5,sim_043_a1.023_r0.925,1.07045,0.92766
BBS11013_5,sim_044_a1.539_r0.403,1.64972,0.34615
BBS11013_5,sim_045_a1.811_r0.34,1.83432,0.34718
BBS11013_5,sim_046_a1.825_r0.45,1.73104,0.44189
BBS11013_5,sim_047_a0.154_r0.092,0.1581,0.11315
BBS11013_5,sim_048_a0.492_r0.937,0.42539,0.93886
BBS11013_5,sim_049_a1.282_r0.673,1.32539,0.63643
BBS11013_5,sim_050_a1.359_r0.419,1.43632,0.41346
BBS11014_6,sim_001_a1.793_r0.488,1.69378,0.47451
BBS11014_6,sim_002_a0.793_r0.504,0.78041,0.4781
BBS11014_6,sim_003_a0.252_r0.781,0.26024,0.78057
BBS11014_6,sim_004_a0.439_r0.167,0.4465,0.164
BBS11014_6,sim_005_a1.023_r0.597,1.1835,0.58933
BBS11014_6,sim_006_a1.236_r0.831,1.40201,0.80308
BBS11014_6,sim_007_a1.319_r0.29,1.42464,0.2334
BBS11014_6,sim_008_a1.087_r0.776,1.1377,0.75831
BBS11014_6,sim_009_a0.703_r0.487,0.70288,0.51893
BBS11014_6,sim_010_a1.737_r0.619,1.84924,0.65283
BBS11014_6,sim_011_a1.001_r0.297,1.00373,0.26665
BBS11014_6,sim_012_a0.636_r0.552,0.64488,0.51506
BBS11014_6,sim_013_a1.114_r0.112,1.15296,0.12972
BBS11014_6,sim_014_a1.803_r0.602,1.84658,0.63941
BBS11014_6,sim_015_a1.175_r0.579,1.23759,0.55331
BBS11014_6,sim_016_a1.049_r0.459,1.01104,0.47263
BBS11014_6,sim_017_a0.252_r0.82,0.27484,0.84087
BBS11014_6,sim_018_a0.164_r0.905,0.17958,0.90175
BBS11014_6,sim_019_a0.951_r0.63,0.94562,0.6195
BBS11014_6,sim_020_a1.708_r0.248,1.81835,0.27926
BBS11014_6,sim_021_a1.575_r0.672,1.75708,0.70244
BBS11014_6,sim_022_a0.727_r0.94,0.66536,0.94641
BBS11014_6,sim_023_a1.831_r0.156,2.11437,0.20514
BBS11014_6,sim_024_a1.871_r0.829,1.6508,0.8253
BBS11014_6,sim_025_a0.882_r0.406,0.94153,0.45363
BBS11014_6,sim_026_a0.202_r0.077,0.19889,0.08323
BBS11014_6,sim_027_a1.194_r0.42,1.15909,0.4528
BBS11014_6,sim_028_a0.326_r0.737,0.33193,0.71155
BBS11014_6,sim_029_a1.608_r0.801,1.90078,0.81919
BBS11014_6,sim_030_a0.733_r0.793,0.77599,0.81806
BBS11014_6,sim_031_a0.336_r0.182,0.34957,0.21439
BBS11014_6,sim_032_a0.967_r0.398,1.00517,0.44292
BBS11014_6,sim_033_a0.164_r0.432,0.16409,0.42577
BBS11014_6,sim_034_a1.592_r0.4,1.54128,0.39826
BBS11014_6,sim_035_a1.889_r0.918,1.951,0.91633
BBS11014_6,sim_036_a0.462_r0.135,0.46168,0.17469
BBS11014_6,sim_037_a0.165_r0.665,0.16553,0.6262
BBS11014_6,sim_038_a1.734_r0.65,1.76504,0.67631
BBS11014_6,sim_039_a0.643_r0.513,0.63299,0.4933
BBS11014_6,sim_040_a0.574_r0.183,0.59722,0.15122
BBS11014_6,sim_041_a1.852_r0.862,2.18011,0.88635
BBS11014_6,sim_042_a0.56_r0.478,0.55379,0.51378
BBS11014_6,sim_043_a0.883_r0.039,0.85673,0.05194
BBS11014_6,sim_044_a0.101_r0.171,0.09734,0.18551
BBS11014_6,sim_045_a0.858_r0.197,0.82677,0.20414
BBS11014_6,sim_046_a0.751_r0.278,0.78263,0.26902
BBS11014_6,sim_047_a1.51_r0.867,1.63023,0.85591
BBS11014_6,sim_048_a1.756_r0.18,1.54597,0.16635
BBS11014_6,sim_049_a0.225_r0.578,0.2415,0.54537
BBS11014_6,sim_050_a1.659_r0.221,1.85717,0.27214
BBS11016_8,sim_001_a1.56_r0.89,1.64588,0.88366
BBS11016_8,sim_002_a0.567_r0.551,0.55474,0.54986
BBS11016_8,sim_003_a0.175_r0.151,0.16909,0.13314
BBS11016_8,sim_004_a0.713_r0.386,0.71998,0.3391
BBS11016_8,sim_005_a1.521_r0.136,1.4273,0.16755
BBS11016_8,sim_006_a1.579_r0.249,1.55511,0.24418
BBS11016_8,sim_007_a0.251_r0.127,0.25576,0.09453
BBS11016_8,sim_008_a0.667_r0.684,0.68849,0.67563
BBS11016_8,sim_009_a0.674_r0.492,0.63995,0.49266
BBS11016_8,sim_010_a1.254_r0.69,1.25593,0.6811
BBS11016_8,sim_011_a1.475_r0.321,1.59091,0.31951
BBS11016_8,sim_012_a0.14_r0.465,0.139,0.4864
BBS11016_8,sim_013_a0.791_r0.159,0.81328,0.1503
BBS11016_8,sim_014_a1.104_r0.677,1.14595,0.68083
BBS11016_8,sim_015_a1.478_r0.304,1.36607,0.31607
BBS11016_8,sim_016_a1.929_r0.047,1.84851,0.07293
BBS11016_8,sim_017_a0.484_r0.218,0.46685,0.19429
BBS11016_8,sim_018_a0.694_r0.156,0.70653,0.19136
BBS11016_8,sim_019_a0.643_r0.323,0.65312,0.2874
BBS11016_8,sim_020_a1.362_r0.875,1.45082,0.86855
BBS11016_8,sim_021_a0.37_r0.523,0.4035,0.52966
BBS11016_8,sim_022_a1.792_r0.862,1.80087,0.86136
BBS11016_8,sim_023_a0.811_r0.804,0.81177,0.79304
BBS11016_8,sim_024_a1.674_r0.692,1.68503,0.73667
BBS11016_8,sim_025_a1.437_r0.195,1.50301,0.14944
BBS11016_8,sim_026_a0.568_r0.176,0.57559,0.17514
BBS11016_8,sim_027_a0.565_r0.708,0.58997,0.69738
BBS11016_8,sim_028_a0.296_r0.93,0.2734,0.92955
BBS11016_8,sim_029_a0.299_r0.569,0.29444,0.60085
BBS11016_8,sim_030_a1.844_r0.462,1.82259,0.4167
BBS11016_8,sim_031_a1.536_r0.587,1.5273,0.57475
BBS11016_8,sim_032_a0.217_r0.719,0.20335,0.72638
BBS11016_8,sim_033_a1.516_r0.805,1.46831,0.81982
BBS11016_8,sim_034_a1.254_r0.831,1.25755,0.79037
BBS11016_8,sim_035_a1.626_r0.414,1.69926,0.43899
BBS11016_8,sim_036_a0.181_r0.921,0.17384,0.9191
BBS11016_8,sim_037_a1.581_r0.169,1.44083,0.1545
BBS11016_8,sim_038_a0.213_r0.19,0.22017,0.22099
BBS11016_8,sim_039_a1.063_r0.474,1.08918,0.41954
BBS11016_8,sim_040_a1.077_r0.276,1.08232,0.27856
BBS11016_8,sim_041_a1.21_r0.587,1.19429,0.58209
BBS11016_8,sim_042_a0.26_r0.166,0.26917,0.13954
BBS11016_8,sim_043_a0.814_r0.941,0.79657,0.92643
BBS11016_8,sim_044_a0.666_r0.463,0.63348,0.51091
BBS11016_8,sim_045_a1.115_r0.274,1.02495,0.30398
BBS11016_8,sim_046_a1.031_r0.116,1.00395,0.11174
BBS11016_8,sim_047_a1.972_r0.516,1.88463,0.48879
BBS11016_8,sim_048_a0.943_r0.52,0.94912,0.54383
BBS11016_8,sim_049_a1.238_r0.561,1.33694,0.58668
BBS11016_8,sim_050_a1.954_r0.052,1.95143,0.08071
BBS11018_14,sim_001_a0.13_r0.643,0.13187,0.64008
BBS11018_14,sim_002_a1.344_r0.662,1.36168,0.66719
BBS11018_14,sim_003_a1.44_r0.567,1.4372,0.57153
BBS11018_14,sim_004_a1.424_r0.644,1.45328,0.62894
BBS11018_14,sim_005_a0.254_r0.282,0.24269,0.28838
BBS11018_14,sim_006_a0.448_r0.45,0.44202,0.45023
BBS11018_14,sim_007_a0.401_r0.367,0.41529,0.35619
BBS11018_14,sim_008_a1.328_r0.699,1.3265,0.70581
BBS11018_14,sim_009_a0.55_r0.383,0.5391,0.40943
BBS11018_14,sim_010_a0.765_r0.932,0.79815,0.93484
BBS11018_14,sim_011_a0.107_r0.494,0.1082,0.50416
BBS11018_14,sim_012_a1.454_r0.02,1.51101,0.01
BBS11018_14,sim_013_a1.069_r0.646,1.12852,0.62148
BBS11018_14,sim_014_a0.98_r0.017,0.97281,0.01
BBS11018_14,sim_015_a1.028_r0.531,1.02568,0.54229
BBS11018_14,sim_016_a0.511_r0.229,0.48532,0.225
BBS11018_14,sim_017_a0.517_r0.368,0.53237,0.3523
BBS11018_14,sim_018_a0.941_r0.069,0.94333,0.0376
BBS11018_14,sim_019_a0.883_r0.552,0.82005,0.53984
BBS11018_14,sim_020_a2.0_r0.757,1.88569,0.7649
BBS11018_14,sim_021_a0.165_r0.671,0.17313,0.67062
BBS11018_14,sim_022_a1.489_r0.477,1.41298,0.50909
BBS11018_14,sim_023_a1.574_r0.788,1.60982,0.78594
BBS11018_14,sim_024_a0.95_r0.408,0.94477,0.37771
BBS11018_14,sim_025_a0.258_r0.423,0.25861,0.41093
BBS11018_14,sim_026_a1.114_r0.846,1.1251,0.82925
BBS11018_14,sim_027_a1.39_r0.875,1.30513,0.87689
BBS11018_14,sim_028_a1.104_r0.816,1.0776,0.82361
BBS11018_14,sim_029_a1.922_r0.538,1.95837,0.56696
BBS11018_14,sim_030_a1.882_r0.725,1.92251,0.73335
BBS11018_14,sim_031_a1.515_r0.175,1.46357,0.16152
BBS11018_14,sim_032_a1.614_r0.681,1.68074,0.69287
BBS11018_14,sim_033_a0.914_r0.27,0.89755,0.27371
BBS11018_14,sim_034_a0.11_r0.899,0.10669,0.90206
BBS11018_14,sim_035_a0.61_r0.696,0.6451,0.69063
BBS11018_14,sim_036_a1.611_r0.346,1.62824,0.30597
BBS11018_14,sim_037_a1.268_r0.8,1.25835,0.81673
BBS11018_14,sim_038_a1.736_r0.849,1.74995,0.84578
BBS11018_14,sim_039_a1.364_r0.566,1.35781,0.56673
BBS11018_14,sim_040_a0.101_r0.111,0.09639,0.13883
BBS11018_14,sim_041_a0.601_r0.564,0.60662,0.55786
BBS11018_14,sim_042_a0.508_r0.603,0.51008,0.60017
BBS11018_14,sim_043_a0.733_r0.137,0.7347,0.16503
BBS11018_14,sim_044_a1.2_r0.371,1.17168,0.31753
BBS11018_14,sim_045_a0.326_r0.877,0.3305,0.88033
BBS11018_14,sim_046_a1.116_r0.35,1.13252,0.33423
BBS11018_14,sim_047_a0.565_r0.543,0.59194,0.53236
BBS11018_14,sim_048_a0.39_r0.337,0.39103,0.33342
BBS11018_14,sim_049_a1.899_r0.738,2.00185,0.736
BBS11018_14,sim_050_a1.57_r0.911,1.60097,0.9041
BBS11019_10,sim_001_a1.931_r0.188,1.72611,0.2055
BBS11019_10,sim_002_a1.986_r0.721,2.09576,0.74486
BBS11019_10,sim_003_a1.941_r0.898,2.06765,0.8996
BBS11019_10,sim_004_a0.606_r0.53,0.59123,0.51886
BBS11019_10,sim_005_a0.691_r0.267,0.6958,0.24146
BBS11019_10,sim_006_a1.554_r0.187,1.87447,0.22692
BBS11019_10,sim_007_a1.946_r0.645,2.04195,0.69876
BBS11019_10,sim_008_a1.798_r0.06,1.63426,0.09832
BBS11019_10,sim_009_a1.608_r0.585,1.57567,0.57809
BBS11019_10,sim_010_a1.859_r0.793,1.83469,0.79897
BBS11019_10,sim_011_a0.723_r0.945,0.64437,0.95371
BBS11019_10,sim_012_a1.437_r0.524,1.40602,0.55378
BBS11019_10,sim_013_a1.526_r0.899,1.50651,0.90714
BBS11019_10,sim_014_a1.905_r0.37,1.70487,0.36554
BBS11019_10,sim_015_a0.933_r0.838,0.96958,0.84294
BBS11019_10,sim_016_a1.34_r0.468,1.34612,0.44279
BBS11019_10,sim_017_a0.728_r0.722,0.7224,0.72232
BBS11019_10,sim_018_a1.909_r0.518,1.72635,0.55506
BBS11019_10,sim_019_a1.861_r0.303,1.81653,0.31192
BBS11019_10,sim_020_a1.872_r0.4,1.91361,0.39296
BBS11019_10,sim_021_a0.45_r0.475,0.43494,0.47155
BBS11019_10,sim_022_a1.506_r0.572,1.43392,0.55396
BBS11019_10,sim_023_a0.869_r0.615,0.83846,0.5891
BBS11019_10,sim_024_a1.391_r0.336,1.38296,0.33262
BBS11019_10,sim_025_a1.007_r0.392,1.01217,0.35742
BBS11019_10,sim_026_a1.581_r0.913,1.54795,0.9084
BBS11019_10,sim_027_a0.936_r0.613,0.88054,0.63212
BBS11019_10,sim_028_a1.674_r0.385,1.57731,0.38695
BBS11019_10,sim_029_a1.417_r0.141,1.4199,0.17877
BBS11019_10,sim_030_a0.807_r0.666,0.82212,0.67569
BBS11019_10,sim_031_a1.772_r0.279,1.84929,0.31957
BBS11019_10,sim_032_a0.359_r0.549,0.37036,0.58906
BBS11019_10,sim_033_a1.271_r0.162,1.18878,0.1126
BBS11019_10,sim_034_a0.748_r0.733,0.78068,0.72867
BBS11019_10,sim_035_a1.787_r0.916,1.82817,0.91785
BBS11019_10,sim_036_a1.096_r0.825,1.10856,0.82194
BBS11019_10,sim_037_a0.107_r0.125,0.10418,0.12485
BBS11019_10,sim_038_a0.151_r0.471,0.15423,0.46185
BBS11019_10,sim_039_a1.92_r0.523,1.85239,0.54791
BBS11019_10,sim_040_a1.744_r0.353,1.78286,0.30783
BBS11019_10,sim_041_a0.744_r0.683,0.75348,0.67363
BBS11019_10,sim_042_a0.442_r0.906,0.45086,0.91513
BBS11019_10,sim_043_a1.755_r0.147,1.89001,0.16565
BBS11019_10,sim_044_a1.443_r0.403,1.36764,0.36579
BBS11019_10,sim_045_a0.592_r0.786,0.64706,0.79792
BBS11019_10,sim_046_a0.924_r0.253,0.90138,0.27468
BBS11019_10,sim_047_a0.572_r0.37,0.55877,0.34983
BBS11019_10,sim_048_a1.25_r0.061,1.23835,0.09339
BBS11019_10,sim_049_a1.478_r0.064,1.45223,0.01
BBS11019_10,sim_050_a0.416_r0.043,0.40509,0.02976
BBS11020_9,sim_001_a0.487_r0.663,0.49028,0.64447
BBS11020_9,sim_002_a0.358_r0.226,0.37427,0.19743
BBS11020_9,sim_003_a1.025_r0.939,1.06409,0.94451
BBS11020_9,sim_004_a1.068_r0.728,1.04719,0.72825
BBS11020_9,sim_005_a1.114_r0.799,1.13021,0.79032
BBS11020_9,sim_006_a0.69_r0.732,0.72575,0.70852
BBS11020_9,sim_007_a1.207_r0.43,1.19512,0.40395
BBS11020_9,sim_008_a1.02_r0.433,1.02974,0.43406
BBS11020_9,sim_009_a1.141_r0.852,1.10029,0.85941
BBS11020_9,sim_010_a1.212_r0.575,1.18888,0.56719
BBS11020_9,sim_011_a1.393_r0.306,1.34799,0.28465
BBS11020_9,sim_012_a1.281_r0.557,1.27361,0.53814
BBS11020_9,sim_013_a0.12_r0.235,0.12661,0.24282
BBS11020_9,sim_014_a0.773_r0.431,0.80247,0.39196
BBS11020_9,sim_015_a0.345_r0.278,0.34507,0.33692
BBS11020_9,sim_016_a1.632_r0.467,1.49152,0.42483
BBS11020_9,sim_017_a1.089_r0.9,1.08496,0.90291
BBS11020_9,sim_018_a1.19_r0.281,1.09787,0.30184
BBS11020_9,sim_019_a0.605_r0.099,0.58877,0.0733
BBS11020_9,sim_020_a0.71_r0.342,0.71424,0.32839
BBS11020_9,sim_021_a0.236_r0.181,0.23777,0.19073
BBS11020_9,sim_022_a0.59_r0.26,0.59499,0.2706
BBS11020_9,sim_023_a1.368_r0.312,1.47108,0.28512
BBS11020_9,sim_024_a0.537_r0.034,0.54018,0.01204
BBS11020_9,sim_025_a1.989_r0.793,1.89718,0.76446
BBS11020_9,sim_026_a1.819_r0.912,1.9954,0.92116
BBS11020_9,sim_027_a1.418_r0.622,1.4875,0.61001
BBS11020_9,sim_028_a1.149_r0.211,1.21423,0.17131
BBS11020_9,sim_029_a1.397_r0.896,1.41779,0.89844
BBS11020_9,sim_030_a1.645_r0.874,1.68868,0.87574
BBS11020_9,sim_031_a0.829_r0.821,0.86209,0.82217
BBS11020_9,sim_032_a0.42_r0.909,0.41183,0.91203
BBS11020_9,sim_033_a1.712_r0.472,1.6977,0.4507
BBS11020_9,sim_034_a1.664_r0.246,1.54941,0.20705
BBS11020_9,sim_035_a1.249_r0.207,1.24397,0.24095
BBS11020_9,sim_036_a1.529_r0.149,1.54622,0.149
BBS11020_9,sim_037_a1.703_r0.642,1.76631,0.67053
BBS11020_9,sim_038_a0.431_r0.547,0.42226,0.52944
BBS11020_9,sim_039_a0.209_r0.662,0.20683,0.65285
BBS11020_9,sim_040_a1.065_r0.23,1.05964,0.18528
BBS11020_9,sim_041_a1.859_r0.654,1.89616,0.68358
BBS11020_9,sim_042_a1.519_r0.895,1.74772,0.89968
BBS11020_9,sim_043_a0.62_r0.89,0.6361,0.89001
BBS11020_9,sim_044_a1.853_r0.5,1.89604,0.52198
BBS11020_9,sim_045_a0.647_r0.213,0.60786,0.19665
BBS11020_9,sim_046_a0.675_r0.693,0.69021,0.69923
BBS11020_9,sim_047_a0.182_r0.609,0.17976,0.62294
BBS11020_9,sim_048_a1.566_r0.143,1.63368,0.12436
BBS11020_9,sim_049_a1.488_r0.7,1.59477,0.70045
BBS11020_9,sim_050_a1.138_r0.291,1.06027,0.30586
BBS11023_7,sim_001_a1.003_r0.02,0.97691,0.01937
BBS11023_7,sim_002_a1.069_r0.084,1.05807,0.11581
BBS11023_7,sim_003_a0.976_r0.539,1.01193,0.58012
BBS11023_7,sim_004_a0.739_r0.124,0.75408,0.18104
BBS11023_7,sim_005_a0.596_r0.049,0.60693,0.06417
BBS11023_7,sim_006_a0.678_r0.33,0.65081,0.33541
BBS11023_7,sim_007_a0.31_r0.586,0.30249,0.58244
BBS11023_7,sim_008_a1.88_r0.739,1.76291,0.73244
BBS11023_7,sim_009_a1.609_r0.276,1.50074,0.29605
BBS11023_7,sim_010_a1.878_r0.872,1.75798,0.87472
BBS11023_7,sim_011_a1.554_r0.871,1.68039,0.86398
BBS11023_7,sim_012_a0.764_r0.581,0.78025,0.56664
BBS11023_7,sim_013_a0.542_r0.758,0.49803,0.76313
BBS11023_7,sim_014_a1.497_r0.119,1.5546,0.1573
BBS11023_7,sim_015_a0.972_r0.167,0.95577,0.15903
BBS11023_7,sim_016_a1.635_r0.196,1.64439,0.22141
BBS11023_7,sim_017_a1.556_r0.907,1.49781,0.91071
BBS11023_7,sim_018_a0.564_r0.612,0.57235,0.59161
BBS11023_7,sim_019_a0.847_r0.282,0.91808,0.30602
BBS11023_7,sim_020_a0.16_r0.884,0.15861,0.89098
BBS11023_7,sim_021_a1.68_r0.212,1.89458,0.24443
BBS11023_7,sim_022_a1.12_r0.893,1.08384,0.91168
BBS11023_7,sim_023_a0.698_r0.677,0.73416,0.67851
BBS11023_7,sim_024_a1.758_r0.07,1.79109,0.01575
BBS11023_7,sim_025_a0.792_r0.475,0.78599,0.52142
BBS11023_7,sim_026_a0.489_r0.054,0.47536,0.0315
BBS11023_7,sim_027_a0.384_r0.767,0.39888,0.75844
BBS11023_7,sim_028_a0.863_r0.842,0.89262,0.84645
BBS11023_7,sim_029_a1.513_r0.556,1.39342,0.48677
BBS11023_7,sim_030_a0.675_r0.496,0.71307,0.49768
BBS11023_7,sim_031_a1.827_r0.626,1.8602,0.61476
BBS11023_7,sim_032_a0.297_r0.846,0.28223,0.85326
BBS11023_7,sim_033_a1.215_r0.616,1.32496,0.58379
BBS11023_7,sim_034_a0.635_r0.778,0.61527,0.76748
BBS11023_7,sim_035_a1.491_r0.584,1.55807,0.59216
BBS11023_7,sim_036_a1.918_r0.633,1.72491,0.628
BBS11023_7,sim_037_a0.339_r0.356,0.34932,0.36282
BBS11023_7,sim_038_a0.23_r0.666,0.22764,0.6783
BBS11023_7,sim_039_a1.76_r0.947,1.81159,0.94656
BBS11023_7,sim_040_a1.469_r0.105,1.41883,0.12292
BBS11023_7,sim_041_a1.517_r0.28,1.51264,0.26335
BBS11023_7,sim_042_a0.525_r0.851,0.47518,0.84711
BBS11023_7,sim_043_a1.287_r0.278,1.20982,0.30432
BBS11023_7,sim_044_a0.903_r0.652,0.86334,0.64637
BBS11023_7,sim_045_a0.952_r0.723,0.97518,0.71633
BBS11023_7,sim_046_a0.297_r0.187,0.28948,0.18065
BBS11023_7,sim_047_a1.278_r0.499,1.29086,0.52338
BBS11023_7,sim_048_a0.547_r0.049,0.55815,0.04063
BBS11023_7,sim_049_a0.434_r0.771,0.49553,0.76556
BBS11023_7,sim_050_a0.697_r0.771,0.66508,0.77386
BBS11026_7,sim_001_a1.671_r0.272,1.65798,0.2459
BBS11026_7,sim_002_a0.243_r0.834,0.24409,0.83159
BBS11026_7,sim_003_a1.144_r0.18,1.16739,0.15903
BBS11026_7,sim_004_a0.218_r0.506,0.21338,0.46939
BBS11026_7,sim_005_a1.805_r0.855,1.72688,0.86469
BBS11026_7,sim_006_a1.545_r0.917,1.63477,0.93055
BBS11026_7,sim_007_a1.975_r0.898,2.22956,0.90697
BBS11026_7,sim_008_a1.1_r0.411,1.02583,0.40402
BBS11026_7,sim_009_a0.192_r0.538,0.19426,0.50419
BBS11026_7,sim_010_a0.833_r0.664,0.7986,0.67535
BBS11026_7,sim_011_a0.884_r0.894,0.9728,0.88672
BBS11026_7,sim_012_a0.203_r0.634,0.20727,0.6221
BBS11026_7,sim_013_a0.715_r0.427,0.71643,0.42214
BBS11026_7,sim_014_a1.902_r0.271,1.84024,0.26855
BBS11026_7,sim_015_a0.565_r0.898,0.61652,0.89784
BBS11026_7,sim_016_a0.576_r0.617,0.57524,0.60303
BBS11026_7,sim_017_a0.63_r0.849,0.54188,0.85234
BBS11026_7,sim_018_a1.152_r0.762,1.04964,0.74412
BBS11026_7,sim_019_a1.773_r0.801,1.72447,0.80517
BBS11026_7,sim_020_a0.598_r0.867,0.62977,0.87282
BBS11026_7,sim_021_a1.817_r0.496,2.06397,0.5349
BBS11026_7,sim_022_a1.088_r0.631,1.09461,0.66952
BBS11026_7,sim_023_a0.609_r0.706,0.62916,0.69764
BBS11026_7,sim_024_a1.145_r0.046,1.12371,0.05637
BBS11026_7,sim_025_a0.294_r0.472,0.27671,0.50424
BBS11026_7,sim_026_a0.854_r0.125,0.84576,0.14253
BBS11026_7,sim_027_a0.909_r0.863,0.92017,0.85326
BBS11026_7,sim_028_a0.825_r0.641,0.83409,0.63062
BBS11026_7,sim_029_a1.85_r0.012,1.73662,0.01
BBS11026_7,sim_030_a1.222_r0.134,1.30578,0.15832
BBS11026_7,sim_031_a0.776_r0.016,0.78617,0.01
BBS11026_7,sim_032_a1.595_r0.528,1.47274,0.52447
BBS11026_7,sim_033_a1.819_r0.015,1.657,0.01
BBS11026_7,sim_034_a1.75_r0.089,1.6445,0.08366
BBS11026_7,sim_035_a0.926_r0.629,0.93049,0.6722
BBS11026_7,sim_036_a0.557_r0.458,0.54458,0.48363
BBS11026_7,sim_037_a0.699_r0.034,0.70242,0.02479
BBS11026_7,sim_038_a0.282_r0.307,0.28465,0.26926
BBS11026_7,sim_039_a0.357_r0.055,0.3872,0.04407
BBS11026_7,sim_040_a1.499_r0.101,1.46676,0.10094
BBS11026_7,sim_041_a1.685_r0.081,1.65888,0.05499
BBS11026_7,sim_042_a0.376_r0.7,0.35923,0.68233
BBS11026_7,sim_043_a0.701_r0.098,0.68077,0.12641
BBS11026_7,sim_044_a0.135_r0.279,0.13124,0.234
BBS11026_7,sim_045_a1.966_r0.588,1.94894,0.57184
BBS11026_7,sim_046_a0.584_r0.606,0.58603,0.62677
BBS11026_7,sim_047_a1.991_r0.105,2.00267,0.09761
BBS11026_7,sim_048_a0.652_r0.487,0.62024,0.50423
BBS11026_7,sim_049_a0.591_r0.236,0.58099,0.22869
BBS11026_7,sim_050_a1.037_r0.526,1.02052,0.5387
BBS11027_7,sim_001_a0.117_r0.065,0.11497,0.03795
BBS11027_7,sim_002_a0.367_r0.712,0.40601,0.6826
BBS11027_7,sim_003_a1.292_r0.781,1.38979,0.76974
BBS11027_7,sim_004_a1.804_r0.378,2.09172,0.44107
BBS11027_7,sim_005_a1.252_r0.493,1.25746,0.5215
BBS11027_7,sim_006_a1.156_r0.615,1.1546,0.6684
BBS11027_7,sim_007_a0.566_r0.925,0.57852,0.93148
BBS11027_7,sim_008_a1.835_r0.724,1.65473,0.72683
BBS11027_7,sim_009_a1.405_r0.438,1.38051,0.42238
BBS11027_7,sim_010_a1.42_r0.184,1.35947,0.14128
BBS11027_7,sim_011_a1.74_r0.302,1.64117,0.25343
BBS11027_7,sim_012_a1.953_r0.718,1.96048,0.68901
BBS11027_7,sim_013_a0.986_r0.654,0.99675,0.64141
BBS11027_7,sim_014_a1.18_r0.519,1.13675,0.50051
BBS11027_7,sim_015_a1.666_r0.113,1.70739,0.12732
BBS11027_7,sim_016_a0.324_r0.595,0.32064,0.5845
BBS11027_7,sim_017_a1.471_r0.559,1.43191,0.62391
BBS11027_7,sim_018_a0.167_r0.448,0.17237,0.44834
BBS11027_7,sim_019_a1.648_r0.2,1.9399,0.2095
BBS11027_7,sim_020_a0.988_r0.251,0.97151,0.26586
BBS11027_7,sim_021_a0.818_r0.333,0.89404,0.34335
BBS11027_7,sim_022_a0.817_r0.107,0.78484,0.13944
BBS11027_7,sim_023_a1.898_r0.928,1.77792,0.93733
BBS11027_7,sim_024_a0.236_r0.693,0.24862,0.69495
BBS11027_7,sim_025_a1.138_r0.648,1.10167,0.6896
BBS11027_7,sim_026_a1.667_r0.501,1.73808,0.50509
BBS11027_7,sim_027_a0.808_r0.068,0.83535,0.02422
BBS11027_7,sim_028_a1.112_r0.921,1.11209,0.92972
BBS11027_7,sim_029_a0.367_r0.46,0.35286,0.45437
BBS11027_7,sim_030_a1.235_r0.578,1.39389,0.59925
BBS11027_7,sim_031_a1.3_r0.615,1.363,0.62864
BBS11027_7,sim_032_a0.154_r0.268,0.14775,0.22972
BBS11027_7,sim_033_a0.517_r0.05,0.51388,0.05376
BBS11027_7,sim_034_a1.459_r0.723,1.50383,0.73274
BBS11027_7,sim_035_a1.601_r0.317,1.59496,0.32393
BBS11027_7,sim_036_a1.244_r0.943,1.36315,0.94896
BBS11027_7,sim_037_a0.142_r0.826,0.14724,0.78795
BBS11027_7,sim_038_a1.058_r0.082,1.02745,0.10395
BBS11027_7,sim_039_a1.179_r0.611,1.25466,0.62973
BBS11027_7,sim_040_a0.698_r0.598,0.75133,0.58697
BBS11027_7,sim_041_a0.328_r0.656,0.32661,0.65497
BBS11027_7,sim_042_a1.608_r0.48,1.44785,0.4761
BBS11027_7,sim_043_a1.575_r0.068,1.45562,0.08367
BBS11027_7,sim_044_a0.275_r0.301,0.27659,0.24439
BBS11027_7,sim_045_a1.571_r0.465,1.51364,0.48395
BBS11027_7,sim_046_a1.38_r0.149,1.25187,0.16942
BBS11027_7,sim_047_a1.075_r0.803,1.06923,0.7872
BBS11027_7,sim_048_a0.494_r0.266,0.50625,0.22647
BBS11027_7,sim_049_a0.234_r0.528,0.24984,0.51892
BBS11027_7,sim_050_a0.206_r0.127,0.20066,0.14699
BBS11028_10,sim_001_a0.13_r0.657,0.13253,0.65839
BBS11028_10,sim_002_a0.218_r0.336,0.22578,0.32026
BBS11028_10,sim_003_a0.727_r0.626,0.69091,0.62502
BBS11028_10,sim_004_a1.23_r0.781,1.27598,0.76986
BBS11028_10,sim_005_a0.571_r0.011,0.53846,0.01
BBS11028_10,sim_006_a0.832_r0.931,0.83051,0.92297
BBS11028_10,sim_007_a1.611_r0.61,1.73252,0.64594
BBS11028_10,sim_008_a0.671_r0.13,0.66278,0.15159
BBS11028_10,sim_009_a0.342_r0.186,0.34324,0.21117
BBS11028_10,sim_010_a0.217_r0.59,0.21525,0.58069
BBS11028_10,sim_011_a0.877_r0.464,0.8714,0.43755
BBS11028_10,sim_012_a0.739_r0.402,0.73757,0.42308
BBS11028_10,sim_013_a0.656_r0.729,0.6121,0.72141
BBS11028_10,sim_014_a1.781_r0.174,1.74676,0.16057
BBS11028_10,sim_015_a1.625_r0.541,1.56634,0.52981
BBS11028_10,sim_016_a1.023_r0.488,1.06547,0.45903
BBS11028_10,sim_017_a1.006_r0.015,1.05414,0.01073
BBS11028_10,sim_018_a0.523_r0.773,0.49413,0.78291
BBS11028_10,sim_019_a1.636_r0.234,1.62875,0.20408
BBS11028_10,sim_020_a0.338_r0.306,0.35028,0.31702
BBS11028_10,sim_021_a0.245_r0.097,0.23763,0.10079
BBS11028_10,sim_022_a0.482_r0.937,0.47856,0.9428
BBS11028_10,sim_023_a1.589_r0.567,1.54111,0.56144
BBS11028_10,sim_024_a0.831_r0.511,0.78438,0.51403
BBS11028_10,sim_025_a1.22_r0.11,1.20045,0.09289
BBS11028_10,sim_026_a1.47_r0.058,1.49918,0.06892
BBS11028_10,sim_027_a1.933_r0.463,1.94524,0.46513
BBS11028_10,sim_028_a1.222_r0.867,1.19425,0.86278
BBS11028_10,sim_029_a0.148_r0.648,0.15696,0.65226
BBS11028_10,sim_030_a1.839_r0.23,1.90456,0.20032
BBS11028_10,sim_031_a0.503_r0.325,0.52309,0.36323
BBS11028_10,sim_032_a0.577_r0.839,0.5573,0.83939
BBS11028_10,sim_033_a1.083_r0.172,1.07597,0.13774
BBS11028_10,sim_034_a0.847_r0.82,0.91837,0.8204
BBS11028_10,sim_035_a0.397_r0.318,0.41827,0.30144
BBS11028_10,sim_036_a0.405_r0.755,0.42757,0.73736
BBS11028_10,sim_037_a0.186_r0.475,0.18015,0.45293
BBS11028_10,sim_038_a0.131_r0.222,0.12988,0.21994
BBS11028_10,sim_039_a0.858_r0.547,0.85276,0.53108
BBS11028_10,sim_040_a0.125_r0.595,0.11945,0.60614
BBS11028_10,sim_041_a0.827_r0.08,0.85914,0.09836
BBS11028_10,sim_042_a1.043_r0.264,1.09226,0.23854
BBS11028_10,sim_043_a0.729_r0.863,0.6949,0.85495
BBS11028_10,sim_044_a1.848_r0.767,1.85502,0.74839
BBS11028_10,sim_045_a0.222_r0.096,0.21373,0.08178
BBS11028_10,sim_046_a0.787_r0.072,0.76598,0.08906
BBS11028_10,sim_047_a0.645_r0.407,0.6335,0.39137
BBS11028_10,sim_048_a0.514_r0.291,0.5361,0.31532
BBS11028_10,sim_049_a0.233_r0.665,0.22495,0.67213
BBS11028_10,sim_050_a1.849_r0.854,1.74438,0.86167
BBS11030_14,sim_001_a1.103_r0.356,1.09769,0.35317
BBS11030_14,sim_002_a1.608_r0.64,1.54518,0.64032
BBS11030_14,sim_003_a1.288_r0.358,1.27463,0.37589
BBS11030_14,sim_004_a0.498_r0.216,0.49758,0.19552
BBS11030_14,sim_005_a1.971_r0.228,1.87233,0.22394
BBS11030_14,sim_006_a0.967_r0.43,0.95656,0.42664
BBS11030_14,sim_007_a0.359_r0.484,0.35993,0.48344
BBS11030_14,sim_008_a1.984_r0.156,2.02836,0.12459
BBS11030_14,sim_009_a1.425_r0.642,1.37184,0.64669
BBS11030_14,sim_010_a0.706_r0.088,0.73487,0.06137
BBS11030_14,sim_011_a1.383_r0.255,1.34282,0.27119
BBS11030_14,sim_012_a0.681_r0.568,0.69865,0.53944
BBS11030_14,sim_013_a1.903_r0.437,2.01065,0.41763
BBS11030_14,sim_014_a0.489_r0.815,0.47514,0.82948
BBS11030_14,sim_015_a0.712_r0.015,0.71006,0.0281
BBS11030_14,sim_016_a0.245_r0.036,0.23872,0.05838
BBS11030_14,sim_017_a0.482_r0.056,0.4857,0.03034
BBS11030_14,sim_018_a1.264_r0.115,1.23569,0.07506
BBS11030_14,sim_019_a1.425_r0.558,1.30734,0.55065
BBS11030_14,sim_020_a1.266_r0.942,1.16913,0.94777
BBS11030_14,sim_021_a1.599_r0.201,1.64028,0.19689
BBS11030_14,sim_022_a0.707_r0.249,0.70433,0.28865
BBS11030_14,sim_023_a1.557_r0.715,1.50211,0.70785
BBS11030_14,sim_024_a1.511_r0.592,1.56845,0.60061
BBS11030_14,sim_025_a0.304_r0.364,0.30538,0.36973
BBS11030_14,sim_026_a0.264_r0.079,0.26147,0.09412
BBS11030_14,sim_027_a1.771_r0.78,1.7258,0.77945
BBS11030_14,sim_028_a0.486_r0.359,0.49225,0.34655
BBS11030_14,sim_029_a0.93_r0.491,0.93515,0.52602
BBS11030_14,sim_030_a0.982_r0.704,1.07223,0.70952
BBS11030_14,sim_031_a0.308_r0.788,0.30661,0.78354
BBS11030_14,sim_032_a0.109_r0.931,0.10852,0.92959
BBS11030_14,sim_033_a0.47_r0.947,0.47855,0.94454
BBS11030_14,sim_034_a0.705_r0.611,0.70285,0.59332
BBS11030_14,sim_035_a0.595_r0.945,0.69588,0.9359
BBS11030_14,sim_036_a1.017_r0.617,1.02651,0.62453
BBS11030_14,sim_037_a0.877_r0.32,0.856,0.31554
BBS11030_14,sim_038_a0.377_r0.513,0.37538,0.51336
BBS11030_14,sim_039_a1.497_r0.949,1.43428,0.9506
BBS11030_14,sim_040_a1.953_r0.837,1.89446,0.83691
BBS11030_14,sim_041_a1.065_r0.149,1.03904,0.15985
BBS11030_14,sim_042_a1.169_r0.544,1.24005,0.54323
BBS11030_14,sim_043_a0.225_r0.158,0.22589,0.19902
BBS11030_14,sim_044_a1.491_r0.184,1.46945,0.14913
BBS11030_14,sim_045_a1.735_r0.688,1.85771,0.72987
BBS11030_14,sim_046_a1.156_r0.939,1.1594,0.94389
BBS11030_14,sim_047_a1.344_r0.781,1.3495,0.78181
BBS11030_14,sim_048_a1.801_r0.512,1.87791,0.4483
BBS11030_14,sim_049_a0.558_r0.927,0.55952,0.92117
BBS11030_14,sim_050_a1.484_r0.759,1.58466,0.74978
BBS11031_11,sim_001_a1.101_r0.696,1.10103,0.69226
BBS11031_11,sim_002_a0.885_r0.711,0.9225,0.72577
BBS11031_11,sim_003_a1.891_r0.637,2.01365,0.60831
BBS11031_11,sim_004_a0.385_r0.046,0.37489,0.01822
BBS11031_11,sim_005_a1.984_r0.35,1.87952,0.35841
BBS11031_11,sim_006_a0.596_r0.197,0.59677,0.20048
BBS11031_11,sim_007_a0.61_r0.867,0.62945,0.85628
BBS11031_11,sim_008_a1.94_r0.63,1.97938,0.62076
BBS11031_11,sim_009_a0.229_r0.43,0.22654,0.40765
BBS11031_11,sim_010_a1.551_r0.015,1.62203,0.01
BBS11031_11,sim_011_a1.455_r0.589,1.46378,0.56398
BBS11031_11,sim_012_a1.589_r0.718,1.62512,0.72548
BBS11031_11,sim_013_a0.678_r0.909,0.68941,0.91188
BBS11031_11,sim_014_a1.475_r0.576,1.44573,0.60531
BBS11031_11,sim_015_a1.817_r0.415,1.76673,0.41267
BBS11031_11,sim_016_a0.331_r0.034,0.32985,0.01533
BBS11031_11,sim_017_a1.1_r0.289,1.11643,0.27157
BBS11031_11,sim_018_a0.361_r0.389,0.37424,0.39318
BBS11031_11,sim_019_a0.486_r0.096,0.49081,0.07245
BBS11031_11,sim_020_a0.813_r0.727,0.83624,0.71108
BBS11031_11,sim_021_a0.732_r0.407,0.75642,0.43208
BBS11031_11,sim_022_a0.401_r0.76,0.38839,0.74963
BBS11031_11,sim_023_a0.472_r0.634,0.49331,0.63337
BBS11031_11,sim_024_a0.682_r0.435,0.68436,0.3951
BBS11031_11,sim_025_a0.58_r0.029,0.59195,0.06213
BBS11031_11,sim_026_a0.391_r0.202,0.39233,0.18714
BBS11031_11,sim_027_a0.423_r0.519,0.42365,0.52758
BBS11031_11,sim_028_a1.217_r0.61,1.19292,0.60086
BBS11031_11,sim_029_a1.64_r0.696,1.60326,0.7141
BBS11031_11,sim_030_a1.9_r0.519,1.87813,0.51262
BBS11031_11,sim_031_a0.978_r0.015,0.95605,0.03482
BBS11031_11,sim_032_a1.698_r0.879,1.80085,0.87816
BBS11031_11,sim_033_a1.513_r0.176,1.51584,0.18224
BBS11031_11,sim_034_a1.689_r0.277,1.66191,0.31201
BBS11031_11,sim_035_a0.903_r0.352,0.89856,0.37808
BBS11031_11,sim_036_a0.935_r0.648,0.87709,0.67592
BBS11031_11,sim_037_a0.495_r0.206,0.5195,0.20492
BBS11031_11,sim_038_a0.423_r0.581,0.405,0.57321
BBS11031_11,sim_039_a1.077_r0.51,1.10435,0.53555
BBS11031_11,sim_040_a1.789_r0.852,1.7754,0.87139
BBS11031_11,sim_041_a1.962_r0.803,1.82445,0.81885
BBS11031_11,sim_042_a1.283_r0.793,1.31671,0.79493
BBS11031_11,sim_043_a0.443_r0.656,0.43932,0.64622
BBS11031_11,sim_044_a0.185_r0.33,0.18585,0.34579
BBS11031_11,sim_045_a1.831_r0.741,1.94656,0.72572
BBS11031_11,sim_046_a0.167_r0.319,0.15807,0.33349
BBS11031_11,sim_047_a0.419_r0.38,0.40356,0.38373
BBS11031_11,sim_048_a1.931_r0.602,1.97018,0.61227
BBS11031_11,sim_049_a0.23_r0.38,0.23083,0.35095
BBS11031_11,sim_050_a0.91_r0.654,0.90851,0.66
BBS11032_8,sim_001_a0.758_r0.634,0.75719,0.62577
BBS11032_8,sim_002_a0.991_r0.084,0.97423,0.09879
BBS11032_8,sim_003_a1.37_r0.057,1.38558,0.07093
BBS11032_8,sim_004_a1.539_r0.31,1.61221,0.33169
BBS11032_8,sim_005_a1.403_r0.783,1.32158,0.79768
BBS11032_8,sim_006_a1.13_r0.144,1.08422,0.16572
BBS11032_8,sim_007_a1.139_r0.321,1.09941,0.25323
BBS11032_8,sim_008_a0.582_r0.589,0.5824,0.55514
BBS11032_8,sim_009_a0.295_r0.455,0.27723,0.45332
BBS11032_8,sim_010_a0.484_r0.707,0.47824,0.70352
BBS11032_8,sim_011_a0.958_r0.406,0.989,0.40887
BBS11032_8,sim_012_a0.335_r0.034,0.34823,0.01
BBS11032_8,sim_013_a1.798_r0.765,1.74123,0.75916
BBS11032_8,sim_014_a0.464_r0.506,0.498,0.49377
BBS11032_8,sim_015_a0.564_r0.391,0.55934,0.41049
BBS11032_8,sim_016_a0.313_r0.68,0.32957,0.67514
BBS11032_8,sim_017_a1.437_r0.69,1.37513,0.67776
BBS11032_8,sim_018_a0.376_r0.015,0.36786,0.01701
BBS11032_8,sim_019_a1.192_r0.227,1.21368,0.2432
BBS11032_8,sim_020_a0.638_r0.392,0.61383,0.36956
BBS11032_8,sim_021_a0.702_r0.908,0.69524,0.90251
BBS11032_8,sim_022_a0.365_r0.248,0.33282,0.24273
BBS11032_8,sim_023_a0.331_r0.461,0.33584,0.44662
BBS11032_8,sim_024_a0.977_r0.482,0.93367,0.49774
BBS11032_8,sim_025_a0.857_r0.465,0.88505,0.47352
BBS11032_8,sim_026_a1.668_r0.351,1.72958,0.37524
BBS11032_8,sim_027_a0.109_r0.276,0.11398,0.29668
BBS11032_8,sim_028_a0.877_r0.819,0.88065,0.80994
BBS11032_8,sim_029_a1.431_r0.64,1.43404,0.65865
BBS11032_8,sim_030_a0.437_r0.413,0.45361,0.3876
BBS11032_8,sim_031_a1.375_r0.652,1.39867,0.64371
BBS11032_8,sim_032_a1.657_r0.106,1.57852,0.12218
BBS11032_8,sim_033_a1.058_r0.588,1.03004,0.57652
BBS11032_8,sim_034_a1.714_r0.446,1.79766,0.40902
BBS11032_8,sim_035_a0.418_r0.737,0.41177,0.73144
BBS11032_8,sim_036_a0.889_r0.611,0.90941,0.64092
BBS11032_8,sim_037_a1.309_r0.82,1.27982,0.80346
BBS11032_8,sim_038_a1.057_r0.61,1.06792,0.64723
BBS11032_8,sim_039_a0.451_r0.326,0.47456,0.27841
BBS11032_8,sim_040_a0.971_r0.217,0.94542,0.22616
BBS11032_8,sim_041_a0.916_r0.785,0.8925,0.75914
BBS11032_8,sim_042_a1.76_r0.126,1.78059,0.06888
BBS11032_8,sim_043_a0.156_r0.062,0.15508,0.0854
BBS11032_8,sim_044_a0.541_r0.276,0.51297,0.31869
BBS11032_8,sim_045_a0.986_r0.767,0.96067,0.76996
BBS11032_8,sim_046_a1.506_r0.062,1.54651,0.06629
BBS11032_8,sim_047_a0.706_r0.396,0.70252,0.38689
BBS11032_8,sim_048_a0.267_r0.072,0.25439,0.06611
BBS11032_8,sim_049_a1.293_r0.089,1.31258,0.06622
BBS11032_8,sim_050_a0.859_r0.751,0.89991,0.73272
BBS11033_11,sim_001_a0.119_r0.437,0.12414,0.42479
BBS11033_11,sim_002_a0.941_r0.126,0.9511,0.09935
BBS11033_11,sim_003_a0.873_r0.767,0.85797,0.77597
BBS11033_11,sim_004_a0.252_r0.267,0.24629,0.25237
BBS11033_11,sim_005_a0.881_r0.432,0.8569,0.46352
BBS11033_11,sim_006_a1.143_r0.577,1.13531,0.59757
BBS11033_11,sim_007_a1.978_r0.024,2.05567,0.04263
BBS11033_11,sim_008_a0.367_r0.615,0.36473,0.60796
BBS11033_11,sim_009_a0.236_r0.598,0.23661,0.58459
BBS11033_11,sim_010_a1.555_r0.409,1.56605,0.43883
BBS11033_11,sim_011_a0.616_r0.039,0.61041,0.0232
BBS11033_11,sim_012_a1.25_r0.377,1.31242,0.40243
BBS11033_11,sim_013_a0.647_r0.505,0.65843,0.48105
BBS11033_11,sim_014_a1.274_r0.531,1.27628,0.56908
BBS11033_11,sim_015_a1.014_r0.203,0.9983,0.2133
BBS11033_11,sim_016_a0.135_r0.143,0.13074,0.09086
BBS11033_11,sim_017_a0.911_r0.712,0.83196,0.71299
BBS11033_11,sim_018_a1.004_r0.324,1.05505,0.32596
BBS11033_11,sim_019_a1.774_r0.755,1.75413,0.7295
BBS11033_11,sim_020_a1.789_r0.555,1.89472,0.5193
BBS11033_11,sim_021_a1.83_r0.567,1.8567,0.59798
BBS11033_11,sim_022_a0.683_r0.337,0.63845,0.36169
BBS11033_11,sim_023_a0.749_r0.388,0.75271,0.39172
BBS11033_11,sim_024_a0.671_r0.222,0.66531,0.23262
BBS11033_11,sim_025_a1.261_r0.757,1.1588,0.76527
BBS11033_11,sim_026_a0.463_r0.255,0.44836,0.28432
BBS11033_11,sim_027_a0.961_r0.053,0.94564,0.05862
BBS11033_11,sim_028_a0.391_r0.55,0.38934,0.55436
BBS11033_11,sim_029_a0.195_r0.94,0.1976,0.9236
BBS11033_11,sim_030_a1.687_r0.03,1.70222,0.01
BBS11033_11,sim_031_a0.619_r0.151,0.66264,0.16285
BBS11033_11,sim_032_a0.396_r0.696,0.42507,0.68225
BBS11033_11,sim_033_a1.524_r0.18,1.45965,0.20595
BBS11033_11,sim_034_a1.974_r0.777,2.13146,0.77398
BBS11033_11,sim_035_a1.368_r0.723,1.25963,0.7306
BBS11033_11,sim_036_a0.406_r0.184,0.37215,0.19838
BBS11033_11,sim_037_a0.336_r0.373,0.3457,0.37574
BBS11033_11,sim_038_a1.913_r0.875,1.83806,0.87543
BBS11033_11,sim_039_a1.789_r0.266,1.91102,0.34917
BBS11033_11,sim_040_a1.481_r0.582,1.47154,0.58221
BBS11033_11,sim_041_a1.488_r0.287,1.50115,0.32382
BBS11033_11,sim_042_a1.371_r0.701,1.41585,0.70461
BBS11033_11,sim_043_a0.757_r0.856,0.7356,0.85669
BBS11033_11,sim_044_a1.048_r0.786,1.00613,0.79448
BBS11033_11,sim_045_a1.546_r0.014,1.62107,0.01
BBS11033_11,sim_046_a0.942_r0.324,0.91203,0.31096
BBS11033_11,sim_047_a1.353_r0.399,1.2925,0.38283
BBS11033_11,sim_048_a1.701_r0.229,1.67677,0.25438
BBS11033_11,sim_049_a0.317_r0.86,0.33543,0.85983
BBS11033_11,sim_050_a0.781_r0.844,0.79785,0.84262
BBS11034_8,sim_001_a0.506_r0.347,0.48686,0.34078
BBS11034_8,sim_002_a1.768_r0.609,1.7714,0.57574
BBS11034_8,sim_003_a0.133_r0.553,0.13442,0.56046
BBS11034_8,sim_004_a0.681_r0.562,0.66585,0.54163
BBS11034_8,sim_005_a0.706_r0.152,0.69577,0.17345
BBS11034_8,sim_006_a0.734_r0.75,0.74917,0.72377
BBS11034_8,sim_007_a1.578_r0.073,1.51363,0.05859
BBS11034_8,sim_008_a1.715_r0.935,1.70935,0.92646
BBS11034_8,sim_009_a1.771_r0.658,1.70564,0.63376
BBS11034_8,sim_010_a0.691_r0.83,0.73692,0.82523
BBS11034_8,sim_011_a1.043_r0.415,1.09694,0.42165
BBS11034_8,sim_012_a0.591_r0.473,0.60594,0.45126
BBS11034_8,sim_013_a1.655_r0.907,1.63163,0.90244
BBS11034_8,sim_014_a0.766_r0.918,0.78931,0.91867
BBS11034_8,sim_015_a0.112_r0.385,0.11129,0.39695
BBS11034_8,sim_016_a0.621_r0.704,0.66344,0.70807
BBS11034_8,sim_017_a0.905_r0.345,0.84617,0.33345
BBS11034_8,sim_018_a0.283_r0.55,0.27294,0.55584
BBS11034_8,sim_019_a1.631_r0.772,1.70164,0.80254
BBS11034_8,sim_020_a0.796_r0.36,0.74329,0.37302
BBS11034_8,sim_021_a0.577_r0.148,0.59633,0.18372
BBS11034_8,sim_022_a1.558_r0.329,1.42392,0.3278
BBS11034_8,sim_023_a1.245_r0.625,1.32219,0.60632
BBS11034_8,sim_024_a0.751_r0.755,0.75428,0.75488
BBS11034_8,sim_025_a0.722_r0.768,0.70568,0.77293
BBS11034_8,sim_026_a0.517_r0.61,0.56736,0.63316
BBS11034_8,sim_027_a1.298_r0.784,1.38552,0.80984
BBS11034_8,sim_028_a0.38_r0.022,0.3905,0.01
BBS11034_8,sim_029_a1.275_r0.027,1.2518,0.01
BBS11034_8,sim_030_a0.663_r0.854,0.71894,0.84159
BBS11034_8,sim_031_a0.872_r0.626,0.84331,0.6352
BBS11034_8,sim_032_a1.871_r0.694,1.74921,0.71233
BBS11034_8,sim_033_a1.391_r0.503,1.39329,0.46581
BBS11034_8,sim_034_a0.576_r0.152,0.57293,0.13423
BBS11034_8,sim_035_a0.453_r0.328,0.46957,0.31926
BBS11034_8,sim_036_a0.943_r0.206,0.93907,0.20329
BBS11034_8,sim_037_a1.482_r0.105,1.36466,0.09768
BBS11034_8,sim_038_a0.249_r0.803,0.25814,0.81429
BBS11034_8,sim_039_a0.441_r0.829,0.44642,0.83587
BBS11034_8,sim_040_a1.33_r0.368,1.28438,0.3633
BBS11034_8,sim_041_a0.388_r0.59,0.38871,0.5891
BBS11034_8,sim_042_a0.713_r0.249,0.70651,0.25005
BBS11034_8,sim_043_a0.436_r0.254,0.41892,0.25944
BBS11034_8,sim_044_a1.802_r0.866,1.77793,0.87176
BBS11034_8,sim_045_a1.761_r0.214,1.55786,0.21706
BBS11034_8,sim_046_a1.072_r0.057,1.05438,0.09349
BBS11034_8,sim_047_a0.866_r0.583,0.88387,0.59421
BBS11034_8,sim_048_a1.466_r0.607,1.58509,0.61665
BBS11034_8,sim_049_a0.182_r0.876,0.17926,0.86264
BBS11034_8,sim_050_a1.766_r0.468,1.91868,0.46089
BBS11035_5,sim_001_a0.194_r0.305,0.19216,0.27378
BBS11035_5,sim_002_a0.629_r0.454,0.60652,0.43314
BBS11035_5,sim_003_a1.363_r0.727,1.41934,0.72912
BBS11035_5,sim_004_a0.387_r0.812,0.36384,0.81098
BBS11035_5,sim_005_a1.917_r0.677,2.00339,0.72945
BBS11035_5,sim_006_a1.114_r0.888,1.15535,0.88049
BBS11035_5,sim_007_a1.935_r0.193,1.95756,0.24311
BBS11035_5,sim_008_a1.568_r0.097,1.50887,0.08638
BBS11035_5,sim_009_a0.423_r0.535,0.43111,0.48001
BBS11035_5,sim_010_a0.799_r0.877,0.7978,0.88003
BBS11035_5,sim_011_a1.299_r0.142,1.38649,0.05742
BBS11035_5,sim_012_a0.783_r0.587,0.81234,0.61534
BBS11035_5,sim_013_a1.216_r0.855,1.12619,0.81967
BBS11035_5,sim_014_a1.425_r0.435,1.58235,0.3985
BBS11035_5,sim_015_a1.269_r0.635,1.33604,0.65486
BBS11035_5,sim_016_a0.657_r0.089,0.64311,0.08624
BBS11035_5,sim_017_a0.145_r0.449,0.13356,0.45126
BBS11035_5,sim_018_a0.883_r0.947,0.86695,0.95106
BBS11035_5,sim_019_a1.634_r0.888,1.74918,0.90019
BBS11035_5,sim_020_a1.424_r0.654,1.56613,0.64058
BBS11035_5,sim_021_a0.716_r0.017,0.75361,0.04744
BBS11035_5,sim_022_a0.956_r0.521,0.98017,0.53073
BBS11035_5,sim_023_a0.488_r0.831,0.49363,0.82918
BBS11035_5,sim_024_a1.934_r0.349,2.08155,0.37796
BBS11035_5,sim_025_a0.494_r0.486,0.514,0.53703
BBS11035_5,sim_026_a1.553_r0.496,1.48399,0.45675
BBS11035_5,sim_027_a0.61_r0.093,0.5726,0.13725
BBS11035_5,sim_028_a1.792_r0.024,1.99051,0.01
BBS11035_5,sim_029_a1.545_r0.838,1.58379,0.85285
BBS11035_5,sim_030_a1.718_r0.469,1.71457,0.49243
BBS11035_5,sim_031_a0.489_r0.593,0.45194,0.61699
BBS11035_5,sim_032_a1.036_r0.683,1.07514,0.6813
BBS11035_5,sim_033_a0.412_r0.659,0.3947,0.65027
BBS11035_5,sim_034_a1.116_r0.681,1.09103,0.66575
BBS11035_5,sim_035_a0.54_r0.508,0.51306,0.49783
BBS11035_5,sim_036_a1.969_r0.82,1.84838,0.84956
BBS11035_5,sim_037_a0.173_r0.26,0.17935,0.24511
BBS11035_5,sim_038_a0.565_r0.522,0.55467,0.50621
BBS11035_5,sim_039_a1.837_r0.414,1.88465,0.40495
BBS11035_5,sim_040_a0.834_r0.858,0.82053,0.85802
BBS11035_5,sim_041_a0.189_r0.475,0.19183,0.46873
BBS11035_5,sim_042_a0.932_r0.412,1.02149,0.41039
BBS11035_5,sim_043_a1.991_r0.227,1.98224,0.229
BBS11035_5,sim_044_a0.342_r0.052,0.3588,0.01
BBS11035_5,sim_045_a0.628_r0.122,0.60317,0.15889
BBS11035_5,sim_046_a1.619_r0.396,1.54411,0.36996
BBS11035_5,sim_047_a1.688_r0.477,1.64911,0.47202
BBS11035_5,sim_048_a1.772_r0.123,1.57264,0.14015
BBS11035_5,sim_049_a0.974_r0.339,0.98747,0.32783
BBS11035_5,sim_050_a1.047_r0.471,1.15916,0.45443
BBS11036_8,sim_001_a0.124_r0.429,0.13153,0.39871
BBS11036_8,sim_002_a1.589_r0.432,1.64011,0.40808
BBS11036_8,sim_003_a0.406_r0.337,0.39867,0.36993
BBS11036_8,sim_004_a1.915_r0.378,1.93392,0.31228
BBS11036_8,sim_005_a1.479_r0.76,1.40713,0.77266
BBS11036_8,sim_006_a0.151_r0.422,0.14762,0.44663
BBS11036_8,sim_007_a1.937_r0.766,1.9628,0.72832
BBS11036_8,sim_008_a0.803_r0.55,0.85521,0.49674
BBS11036_8,sim_009_a1.916_r0.062,1.9233,0.02183
BBS11036_8,sim_010_a0.82_r0.52,0.83964,0.48096
BBS11036_8,sim_011_a0.269_r0.79,0.2602,0.7993
BBS11036_8,sim_012_a0.322_r0.13,0.34028,0.13907
BBS11036_8,sim_013_a0.648_r0.626,0.63087,0.63492
BBS11036_8,sim_014_a0.86_r0.124,0.86008,0.08992
BBS11036_8,sim_015_a0.668_r0.769,0.69437,0.77348
BBS11036_8,sim_016_a0.453_r0.219,0.44572,0.22293
BBS11036_8,sim_017_a0.757_r0.645,0.74637,0.63156
BBS11036_8,sim_018_a0.878_r0.853,0.86172,0.86663
BBS11036_8,sim_019_a1.79_r0.293,1.6819,0.27132
BBS11036_8,sim_020_a1.128_r0.117,1.041,0.09494
BBS11036_8,sim_021_a0.536_r0.866,0.55947,0.86122
BBS11036_8,sim_022_a0.106_r0.248,0.09376,0.24869
BBS11036_8,sim_023_a1.598_r0.727,1.68839,0.72212
BBS11036_8,sim_024_a0.577_r0.866,0.59671,0.86781
BBS11036_8,sim_025_a1.238_r0.235,1.2578,0.17346
BBS11036_8,sim_026_a1.639_r0.847,1.70414,0.83607
BBS11036_8,sim_027_a0.629_r0.504,0.61836,0.50978
BBS11036_8,sim_028_a0.487_r0.827,0.48564,0.81745
BBS11036_8,sim_029_a1.541_r0.552,1.61028,0.59259
BBS11036_8,sim_030_a1.556_r0.391,1.47477,0.34594
BBS11036_8,sim_031_a0.542_r0.429,0.55406,0.46847
BBS11036_8,sim_032_a1.433_r0.237,1.42282,0.26279
BBS11036_8,sim_033_a0.683_r0.639,0.64669,0.62772
BBS11036_8,sim_034_a1.127_r0.358,1.101,0.34422
BBS11036_8,sim_035_a1.952_r0.7,2.13549,0.74069
BBS11036_8,sim_036_a0.144_r0.543,0.1546,0.56401
BBS11036_8,sim_037_a1.876_r0.129,1.74015,0.15542
BBS11036_8,sim_038_a1.352_r0.26,1.48493,0.28504
BBS11036_8,sim_039_a0.965_r0.754,0.91732,0.75148
BBS11036_8,sim_040_a1.582_r0.204,1.49313,0.21244
BBS11036_8,sim_041_a0.338_r0.434,0.33355,0.41369
BBS11036_8,sim_042_a0.162_r0.837,0.16667,0.83253
BBS11036_8,sim_043_a1.58_r0.191,1.47927,0.20261
BBS11036_8,sim_044_a0.652_r0.187,0.63205,0.21643
BBS11036_8,sim_045_a0.326_r0.205,0.30362,0.20854
BBS11036_8,sim_046_a1.385_r0.549,1.407,0.50987
BBS11036_8,sim_047_a0.305_r0.622,0.30712,0.60142
BBS11036_8,sim_048_a0.315_r0.61,0.30572,0.62079
BBS11036_8,sim_049_a1.252_r0.71,1.27701,0.72982
BBS11036_8,sim_050_a1.541_r0.127,1.61076,0.10075
BBS11037_5,sim_001_a1.221_r0.463,1.29003,0.46081
BBS11037_5,sim_002_a0.839_r0.839,0.78112,0.82784
BBS11037_5,sim_003_a1.083_r0.807,1.12237,0.79624
BBS11037_5,sim_004_a0.615_r0.102,0.64159,0.0312
BBS11037_5,sim_005_a1.896_r0.208,2.08177,0.22427
BBS11037_5,sim_006_a1.281_r0.015,1.37766,0.01
BBS11037_5,sim_007_a1.674_r0.194,1.56659,0.16641
BBS11037_5,sim_008_a1.278_r0.623,1.31649,0.56706
BBS11037_5,sim_009_a1.134_r0.111,1.11613,0.16795
BBS11037_5,sim_010_a0.329_r0.375,0.32436,0.38015
BBS11037_5,sim_011_a0.148_r0.808,0.16045,0.80159
BBS11037_5,sim_012_a1.347_r0.204,1.23692,0.19905
BBS11037_5,sim_013_a0.926_r0.747,0.92275,0.71735
BBS11037_5,sim_014_a1.502_r0.461,1.53872,0.41577
BBS11037_5,sim_015_a1.806_r0.794,1.93137,0.80225
BBS11037_5,sim_016_a0.543_r0.202,0.51208,0.18402
BBS11037_5,sim_017_a0.142_r0.491,0.13443,0.50424
BBS11037_5,sim_018_a1.152_r0.042,1.21599,0.07345
BBS11037_5,sim_019_a0.394_r0.407,0.39926,0.40625
BBS11037_5,sim_020_a1.95_r0.575,1.83707,0.55452
BBS11037_5,sim_021_a0.761_r0.45,0.73917,0.44918
BBS11037_5,sim_022_a1.54_r0.09,1.6064,0.09335
BBS11037_5,sim_023_a0.691_r0.384,0.69626,0.36633
BBS11037_5,sim_024_a0.927_r0.178,0.96011,0.16127
BBS11037_5,sim_025_a1.73_r0.579,1.72608,0.60256
BBS11037_5,sim_026_a0.123_r0.306,0.11891,0.31676
BBS11037_5,sim_027_a0.322_r0.522,0.30784,0.52731
BBS11037_5,sim_028_a1.916_r0.474,1.84269,0.48722
BBS11037_5,sim_029_a1.19_r0.227,1.28298,0.27765
BBS11037_5,sim_030_a1.942_r0.788,2.09409,0.79805
BBS11037_5,sim_031_a1.939_r0.421,1.88623,0.48262
BBS11037_5,sim_032_a1.272_r0.049,1.26641,0.03061
BBS11037_5,sim_033_a0.383_r0.492,0.37627,0.49395
BBS11037_5,sim_034_a0.575_r0.036,0.54827,0.02218
BBS11037_5,sim_035_a1.031_r0.395,1.07282,0.43109
BBS11037_5,sim_036_a1.041_r0.011,1.0125,0.03605
BBS11037_5,sim_037_a1.302_r0.091,1.31257,0.07941
BBS11037_5,sim_038_a1.299_r0.435,1.30013,0.44626
BBS11037_5,sim_039_a0.865_r0.227,0.87257,0.23528
BBS11037_5,sim_040_a0.757_r0.333,0.76445,0.32981
BBS11037_5,sim_041_a0.204_r0.619,0.20551,0.62088
BBS11037_5,sim_042_a1.254_r0.321,1.29789,0.3026
BBS11037_5,sim_043_a0.857_r0.695,0.86042,0.7098
BBS11037_5,sim_044_a1.332_r0.918,1.29251,0.91892
BBS11037_5,sim_045_a1.511_r0.696,1.56263,0.66945
BBS11037_5,sim_046_a0.226_r0.407,0.23329,0.38732
BBS11037_5,sim_047_a1.926_r0.523,1.76713,0.54499
BBS11037_5,sim_048_a0.991_r0.765,0.95101,0.75834
BBS11037_5,sim_049_a0.438_r0.293,0.43718,0.2461
BBS11037_5,sim_050_a0.171_r0.833,0.17159,0.81783
BBS11038_8,sim_001_a1.79_r0.299,1.76446,0.33004
BBS11038_8,sim_002_a1.933_r0.496,1.96361,0.4722
BBS11038_8,sim_003_a0.601_r0.729,0.56724,0.72701
BBS11038_8,sim_004_a1.738_r0.023,1.76407,0.01
BBS11038_8,sim_005_a1.361_r0.499,1.359,0.49055
BBS11038_8,sim_006_a0.265_r0.773,0.26762,0.7726
BBS11038_8,sim_007_a1.542_r0.642,1.56442,0.62032
BBS11038_8,sim_008_a1.261_r0.531,1.25017,0.47973
BBS11038_8,sim_009_a1.696_r0.68,1.71646,0.70985
BBS11038_8,sim_010_a1.105_r0.297,1.10729,0.24497
BBS11038_8,sim_011_a1.454_r0.713,1.39414,0.69154
BBS11038_8,sim_012_a1.178_r0.269,1.17785,0.29882
BBS11038_8,sim_013_a0.211_r0.753,0.19932,0.7452
BBS11038_8,sim_014_a1.105_r0.617,1.17614,0.62578
BBS11038_8,sim_015_a1.258_r0.653,1.23167,0.68928
BBS11038_8,sim_016_a1.914_r0.154,2.02492,0.20125
BBS11038_8,sim_017_a0.195_r0.555,0.19209,0.53742
BBS11038_8,sim_018_a0.296_r0.583,0.2847,0.59923
BBS11038_8,sim_019_a1.024_r0.134,1.02492,0.14242
BBS11038_8,sim_020_a0.484_r0.477,0.49675,0.50279
BBS11038_8,sim_021_a0.955_r0.882,0.98322,0.86697
BBS11038_8,sim_022_a0.518_r0.278,0.47256,0.26763
BBS11038_8,sim_023_a1.341_r0.195,1.36489,0.18608
BBS11038_8,sim_024_a1.076_r0.343,1.01733,0.36179
BBS11038_8,sim_025_a0.64_r0.04,0.62735,0.01714
BBS11038_8,sim_026_a0.311_r0.286,0.31655,0.31081
BBS11038_8,sim_027_a1.852_r0.275,1.87509,0.28655
BBS11038_8,sim_028_a1.257_r0.578,1.2308,0.5533
BBS11038_8,sim_029_a1.198_r0.549,1.26326,0.56174
BBS11038_8,sim_030_a0.292_r0.562,0.30846,0.54787
BBS11038_8,sim_031_a1.632_r0.631,1.63783,0.63726
BBS11038_8,sim_032_a1.384_r0.949,1.31394,0.94875
BBS11038_8,sim_033_a0.972_r0.495,1.0055,0.45396
BBS11038_8,sim_034_a1.944_r0.135,1.93369,0.1423
BBS11038_8,sim_035_a0.461_r0.063,0.47313,0.02391
BBS11038_8,sim_036_a1.873_r0.226,1.93732,0.19362
BBS11038_8,sim_037_a0.829_r0.504,0.78398,0.4774
BBS11038_8,sim_038_a1.032_r0.237,1.06858,0.21913
BBS11038_8,sim_039_a1.79_r0.011,1.8278,0.01
BBS11038_8,sim_040_a0.565_r0.574,0.54603,0.58611
BBS11038_8,sim_041_a0.518_r0.534,0.50265,0.52036
BBS11038_8,sim_042_a1.675_r0.621,1.70598,0.6299
BBS11038_8,sim_043_a0.775_r0.564,0.72587,0.56762
BBS11038_8,sim_044_a0.884_r0.455,0.88085,0.48412
BBS11038_8,sim_045_a1.115_r0.171,1.05218,0.19418
BBS11038_8,sim_046_a0.675_r0.454,0.68607,0.45529
BBS11038_8,sim_047_a1.468_r0.602,1.47253,0.58206
BBS11038_8,sim_048_a1.215_r0.147,1.22212,0.15824
BBS11038_8,sim_049_a1.7_r0.776,1.75669,0.77524
BBS11038_8,sim_050_a1.628_r0.383,1.63585,0.33141
BBS12001_11,sim_001_a0.312_r0.058,0.29809,0.04301
BBS12001_11,sim_002_a1.003_r0.185,0.97892,0.18032
BBS12001_11,sim_003_a1.393_r0.263,1.44531,0.27141
BBS12001_11,sim_004_a1.787_r0.512,1.73606,0.51598
BBS12001_11,sim_005_a0.23_r0.823,0.21002,0.84121
BBS12001_11,sim_006_a0.107_r0.549,0.10016,0.54799
BBS12001_11,sim_007_a1.47_r0.873,1.64028,0.86376
BBS12001_11,sim_008_a0.905_r0.166,0.86103,0.20504
BBS12001_11,sim_009_a1.627_r0.411,1.58857,0.39366
BBS12001_11,sim_010_a1.609_r0.034,1.68122,0.01
BBS12001_11,sim_011_a0.368_r0.087,0.37231,0.07146
BBS12001_11,sim_012_a1.947_r0.614,2.1175,0.65353
BBS12001_11,sim_013_a1.475_r0.351,1.48785,0.31286
BBS12001_11,sim_014_a0.178_r0.564,0.1685,0.60323
BBS12001_11,sim_015_a1.89_r0.498,1.82562,0.49867
BBS12001_11,sim_016_a1.609_r0.223,1.50603,0.25624
BBS12001_11,sim_017_a1.323_r0.696,1.22179,0.71965
BBS12001_11,sim_018_a1.681_r0.044,1.71953,0.03469
BBS12001_11,sim_019_a1.747_r0.602,1.66529,0.56905
BBS12001_11,sim_020_a0.361_r0.094,0.36286,0.06782
BBS12001_11,sim_021_a0.676_r0.854,0.6469,0.86228
BBS12001_11,sim_022_a1.914_r0.384,1.82357,0.4067
BBS12001_11,sim_023_a1.022_r0.532,1.02268,0.55034
BBS12001_11,sim_024_a1.569_r0.311,1.49165,0.31197
BBS12001_11,sim_025_a0.106_r0.472,0.1069,0.43979
BBS12001_11,sim_026_a1.011_r0.529,1.02422,0.545
BBS12001_11,sim_027_a0.266_r0.4,0.26614,0.38983
BBS12001_11,sim_028_a1.232_r0.539,1.1886,0.52492
BBS12001_11,sim_029_a0.511_r0.312,0.51417,0.30927
BBS12001_11,sim_030_a0.506_r0.141,0.47975,0.10695
BBS12001_11,sim_031_a1.552_r0.017,1.60458,0.01248
BBS12001_11,sim_032_a1.09_r0.892,1.17316,0.88617
BBS12001_11,sim_033_a0.597_r0.084,0.59165,0.10872
BBS12001_11,sim_034_a1.703_r0.368,1.65448,0.3435
BBS12001_11,sim_035_a0.558_r0.345,0.56557,0.36767
BBS12001_11,sim_036_a1.699_r0.878,1.65521,0.89799
BBS12001_11,sim_037_a0.874_r0.372,0.82972,0.3401
BBS12001_11,sim_038_a0.888_r0.596,0.86266,0.5964
BBS12001_11,sim_039_a1.222_r0.932,1.13113,0.93438
BBS12001_11,sim_040_a0.59_r0.566,0.5609,0.57427
BBS12001_11,sim_041_a0.165_r0.467,0.16028,0.47646
BBS12001_11,sim_042_a1.65_r0.505,1.82212,0.4619
BBS12001_11,sim_043_a1.0_r0.784,1.01204,0.8035
BBS12001_11,sim_044_a1.591_r0.108,1.62583,0.082
BBS12001_11,sim_045_a1.432_r0.011,1.55135,0.01
BBS12001_11,sim_046_a0.861_r0.794,0.80283,0.77993
BBS12001_11,sim_047_a1.05_r0.347,1.05119,0.35548
BBS12001_11,sim_048_a1.469_r0.14,1.52341,0.15739
BBS12001_11,sim_049_a1.32_r0.81,1.37189,0.82057
BBS12001_11,sim_050_a1.207_r0.62,1.15414,0.60874
BBS12002_6,sim_001_a1.069_r0.252,0.90621,0.19942
BBS12002_6,sim_002_a1.315_r0.618,1.16883,0.5938
BBS12002_6,sim_003_a1.72_r0.467,1.65562,0.47428
BBS12002_6,sim_004_a0.694_r0.582,0.64497,0.52566
BBS12002_6,sim_005_a1.114_r0.24,1.13289,0.32221
BBS12002_6,sim_006_a0.419_r0.332,0.42389,0.30738
BBS12002_6,sim_007_a2.0_r0.2,2.10794,0.05283
BBS12002_6,sim_008_a0.49_r0.143,0.49318,0.17811
BBS12002_6,sim_009_a1.156_r0.037,1.10716,0.05329
BBS12002_6,sim_010_a1.351_r0.023,1.40067,0.01049
BBS12002_6,sim_011_a1.178_r0.078,1.0619,0.01
BBS12002_6,sim_012_a1.234_r0.297,1.14854,0.2028
BBS12002_6,sim_013_a0.642_r0.908,0.66234,0.91705
BBS12002_6,sim_014_a1.367_r0.898,1.53962,0.90257
BBS12002_6,sim_015_a1.601_r0.383,1.51585,0.37933
BBS12002_6,sim_016_a1.707_r0.5,1.72068,0.49865
BBS12002_6,sim_017_a1.99_r0.612,2.20281,0.59671
BBS12002_6,sim_018_a1.23_r0.526,1.10887,0.46773
BBS12002_6,sim_019_a1.121_r0.695,1.12269,0.73137
BBS12002_6,sim_020_a0.632_r0.249,0.59737,0.261
BBS12002_6,sim_021_a0.214_r0.74,0.21555,0.76323
BBS12002_6,sim_022_a1.705_r0.776,1.52272,0.78156
BBS12002_6,sim_023_a1.601_r0.447,1.73524,0.51768
BBS12002_6,sim_024_a0.205_r0.481,0.20218,0.53831
BBS12002_6,sim_025_a1.487_r0.107,1.27866,0.25057
BBS12002_6,sim_026_a0.117_r0.431,0.1156,0.42241
BBS12002_6,sim_027_a0.899_r0.521,0.7664,0.4885
BBS12002_6,sim_028_a0.629_r0.684,0.6274,0.65387
BBS12002_6,sim_029_a1.78_r0.287,1.92718,0.22928
BBS12002_6,sim_030_a1.389_r0.453,1.37492,0.41665
BBS12002_6,sim_031_a1.316_r0.423,1.3574,0.42541
BBS12002_6,sim_032_a0.787_r0.391,0.77038,0.3989
BBS12002_6,sim_033_a0.811_r0.253,0.76731,0.2311
BBS12002_6,sim_034_a0.166_r0.022,0.17099,0.01861
BBS12002_6,sim_035_a1.453_r0.789,1.47443,0.8021
BBS12002_6,sim_036_a0.212_r0.398,0.2061,0.43857
BBS12002_6,sim_037_a1.031_r0.552,1.12054,0.52288
BBS12002_6,sim_038_a0.565_r0.666,0.59677,0.69816
BBS12002_6,sim_039_a1.764_r0.451,1.73293,0.46013
BBS12002_6,sim_040_a0.185_r0.245,0.18685,0.23744
BBS12002_6,sim_041_a0.883_r0.725,0.87271,0.66974
BBS12002_6,sim_042_a0.417_r0.398,0.43414,0.43083
BBS12002_6,sim_043_a1.73_r0.733,1.80087,0.74305
BBS12002_6,sim_044_a1.413_r0.811,1.27465,0.78463
BBS12002_6,sim_045_a0.942_r0.89,0.95999,0.87837
BBS12002_6,sim_046_a1.143_r0.866,1.31284,0.87015
BBS12002_6,sim_047_a1.936_r0.802,2.02999,0.79901
BBS12002_6,sim_048_a0.584_r0.307,0.54495,0.32408
BBS12002_6,sim_049_a0.752_r0.466,0.82196,0.41191
BBS12002_6,sim_050_a0.837_r0.174,0.87158,0.16461
BBS12003_8,sim_001_a1.278_r0.937,1.27118,0.92931
BBS12003_8,sim_002_a0.828_r0.266,0.84859,0.28354
BBS12003_8,sim_003_a0.546_r0.885,0.56548,0.89733
BBS12003_8,sim_004_a0.585_r0.695,0.59782,0.67198
BBS12003_8,sim_005_a0.547_r0.139,0.54183,0.1374
BBS12003_8,sim_006_a0.665_r0.332,0.64227,0.34601
BBS12003_8,sim_007_a1.363_r0.553,1.20524,0.55656
BBS12003_8,sim_008_a0.681_r0.711,0.69123,0.68985
BBS12003_8,sim_009_a1.271_r0.569,1.26893,0.55568
BBS12003_8,sim_010_a0.607_r0.235,0.64492,0.21404
BBS12003_8,sim_011_a1.645_r0.249,1.90948,0.24215
BBS12003_8,sim_012_a0.418_r0.756,0.44057,0.75132
BBS12003_8,sim_013_a1.69_r0.461,1.68635,0.47041
BBS12003_8,sim_014_a0.482_r0.083,0.47256,0.06132
BBS12003_8,sim_015_a1.196_r0.398,1.02343,0.46677
BBS12003_8,sim_016_a1.435_r0.294,1.38162,0.31985
BBS12003_8,sim_017_a0.654_r0.461,0.59916,0.45144
BBS12003_8,sim_018_a0.174_r0.313,0.17428,0.29306
BBS12003_8,sim_019_a0.488_r0.582,0.47344,0.59381
BBS12003_8,sim_020_a1.07_r0.353,1.09372,0.40534
BBS12003_8,sim_021_a1.812_r0.559,2.00578,0.63617
BBS12003_8,sim_022_a0.895_r0.306,0.78193,0.30013
BBS12003_8,sim_023_a0.473_r0.236,0.47046,0.20432
BBS12003_8,sim_024_a1.516_r0.557,1.58201,0.60598
BBS12003_8,sim_025_a1.391_r0.217,1.4071,0.12392
BBS12003_8,sim_026_a0.257_r0.175,0.26178,0.19364
BBS12003_8,sim_027_a1.85_r0.797,2.03201,0.83164
BBS12003_8,sim_028_a1.037_r0.572,1.066,0.54357
BBS12003_8,sim_029_a0.438_r0.029,0.43178,0.0103
BBS12003_8,sim_030_a1.877_r0.348,1.9373,0.28612
BBS12003_8,sim_031_a0.638_r0.501,0.64247,0.52968
BBS12003_8,sim_032_a1.91_r0.857,1.9529,0.86368
BBS12003_8,sim_033_a1.975_r0.223,1.90907,0.19421
BBS12003_8,sim_034_a1.76_r0.894,1.65817,0.90507
BBS12003_8,sim_035_a1.733_r0.143,1.76859,0.09797
BBS12003_8,sim_036_a0.737_r0.473,0.77722,0.47324
BBS12003_8,sim_037_a1.002_r0.338,0.96616,0.29881
BBS12003_8,sim_038_a0.511_r0.067,0.52669,0.06892
BBS12003_8,sim_039_a0.564_r0.245,0.60246,0.19505
BBS12003_8,sim_040_a0.575_r0.232,0.6138,0.2537
BBS12003_8,sim_041_a1.417_r0.384,1.39687,0.39077
BBS12003_8,sim_042_a0.331_r0.867,0.33816,0.87174
BBS12003_8,sim_043_a1.396_r0.678,1.28502,0.63954
BBS12003_8,sim_044_a1.851_r0.383,1.88534,0.46006
BBS12003_8,sim_045_a0.454_r0.249,0.42356,0.27762
BBS12003_8,sim_046_a0.604_r0.321,0.5997,0.30535
BBS12003_8,sim_047_a1.529_r0.05,1.57291,0.01493
BBS12003_8,sim_048_a1.579_r0.058,1.72691,0.01844
BBS12003_8,sim_049_a1.671_r0.572,1.84654,0.57175
BBS12003_8,sim_050_a1.066_r0.516,1.17602,0.4992
BBS12004_15,sim_001_a0.593_r0.269,0.58578,0.27676
BBS12004_15,sim_002_a1.633_r0.225,1.44851,0.25983
BBS12004_15,sim_003_a0.403_r0.088,0.41026,0.1003
BBS12004_15,sim_004_a0.324_r0.71,0.33018,0.70126
BBS12004_15,sim_005_a0.366_r0.158,0.36175,0.16959
BBS12004_15,sim_006_a0.781_r0.231,0.73949,0.22165
BBS12004_15,sim_007_a1.748_r0.078,1.78734,0.05924
BBS12004_15,sim_008_a0.822_r0.701,0.77155,0.70435
BBS12004_15,sim_009_a1.881_r0.686,1.9568,0.6716
BBS12004_15,sim_010_a0.346_r0.86,0.30056,0.86932
BBS12004_15,sim_011_a0.454_r0.425,0.45092,0.41243
BBS12004_15,sim_012_a1.436_r0.507,1.40253,0.51857
BBS12004_15,sim_013_a1.512_r0.146,1.44314,0.12258
BBS12004_15,sim_014_a1.457_r0.541,1.37059,0.5349
BBS12004_15,sim_015_a0.265_r0.866,0.26103,0.87206
BBS12004_15,sim_016_a0.653_r0.274,0.62513,0.31113
BBS12004_15,sim_017_a0.554_r0.233,0.55183,0.20878
BBS12004_15,sim_018_a1.902_r0.882,1.89372,0.85773
BBS12004_15,sim_019_a1.193_r0.865,1.26333,0.85136
BBS12004_15,sim_020_a1.188_r0.76,1.14095,0.74681
BBS12004_15,sim_021_a1.722_r0.236,1.68234,0.19144
BBS12004_15,sim_022_a0.961_r0.671,0.95694,0.67872
BBS12004_15,sim_023_a1.36_r0.05,1.387,0.04965
BBS12004_15,sim_024_a0.308_r0.711,0.3338,0.68558
BBS12004_15,sim_025_a1.669_r0.32,1.69836,0.3633
BBS12004_15,sim_026_a0.445_r0.483,0.46091,0.50062
BBS12004_15,sim_027_a1.937_r0.46,1.9118,0.48508
BBS12004_15,sim_028_a0.516_r0.119,0.52626,0.12556
BBS12004_15,sim_029_a0.573_r0.319,0.53925,0.34504
BBS12004_15,sim_030_a1.802_r0.824,1.81709,0.84904
BBS12004_15,sim_031_a0.351_r0.235,0.34835,0.23491
BBS12004_15,sim_032_a0.62_r0.161,0.61082,0.16479
BBS12004_15,sim_033_a1.819_r0.34,1.84612,0.34991
BBS12004_15,sim_034_a0.565_r0.289,0.54485,0.28669
BBS12004_15,sim_035_a1.175_r0.853,1.13016,0.85948
BBS12004_15,sim_036_a0.132_r0.38,0.12576,0.44637
BBS12004_15,sim_037_a0.438_r0.946,0.44749,0.93604
BBS12004_15,sim_038_a1.921_r0.295,1.88131,0.31122
BBS12004_15,sim_039_a1.014_r0.376,0.99066,0.40533
BBS12004_15,sim_040_a1.55_r0.036,1.70952,0.03858
BBS12004_15,sim_041_a0.807_r0.255,0.82411,0.24502
BBS12004_15,sim_042_a0.49_r0.922,0.48331,0.93296
BBS12004_15,sim_043_a0.205_r0.527,0.19903,0.51311
BBS12004_15,sim_044_a1.058_r0.425,1.06202,0.43794
BBS12004_15,sim_045_a0.224_r0.303,0.232,0.31188
BBS12004_15,sim_046_a1.573_r0.681,1.70886,0.6621
BBS12004_15,sim_047_a1.057_r0.102,0.96984,0.08612
BBS12004_15,sim_048_a0.895_r0.573,0.9018,0.59294
BBS12004_15,sim_049_a1.888_r0.365,1.77843,0.40333
BBS12004_15,sim_050_a1.935_r0.184,1.87897,0.22326
BBS12005_9,sim_001_a1.71_r0.946,1.90192,0.93299
BBS12005_9,sim_002_a1.457_r0.302,1.57037,0.19491
BBS12005_9,sim_003_a1.464_r0.409,1.26945,0.38453
BBS12005_9,sim_004_a0.381_r0.708,0.40095,0.72077
BBS12005_9,sim_005_a0.912_r0.295,0.95965,0.31536
BBS12005_9,sim_006_a1.095_r0.029,1.17888,0.01
BBS12005_9,sim_007_a0.654_r0.899,0.67692,0.9021
BBS12005_9,sim_008_a1.956_r0.76,1.74573,0.72943
BBS12005_9,sim_009_a1.797_r0.91,1.72288,0.91635
BBS12005_9,sim_010_a0.901_r0.521,0.88345,0.5282
BBS12005_9,sim_011_a0.737_r0.464,0.7409,0.4553
BBS12005_9,sim_012_a1.383_r0.465,1.31878,0.46652
BBS12005_9,sim_013_a1.814_r0.833,1.76854,0.80734
BBS12005_9,sim_014_a0.745_r0.651,0.7726,0.55677
BBS12005_9,sim_015_a0.768_r0.104,0.8108,0.15606
BBS12005_9,sim_016_a1.111_r0.593,1.02643,0.58382
BBS12005_9,sim_017_a0.293_r0.865,0.28576,0.87348
BBS12005_9,sim_018_a1.223_r0.162,1.04454,0.22352
BBS12005_9,sim_019_a0.41_r0.21,0.38906,0.16094
BBS12005_9,sim_020_a0.69_r0.856,0.68409,0.8554
BBS12005_9,sim_021_a0.664_r0.441,0.68358,0.47141
BBS12005_9,sim_022_a1.752_r0.322,2.05962,0.37532
BBS12005_9,sim_023_a1.796_r0.425,1.75541,0.37119
BBS12005_9,sim_024_a0.754_r0.685,0.74937,0.69091
BBS12005_9,sim_025_a0.306_r0.687,0.27965,0.7061
BBS12005_9,sim_026_a0.616_r0.232,0.56748,0.21844
BBS12005_9,sim_027_a1.68_r0.72,1.57261,0.68549
BBS12005_9,sim_028_a0.159_r0.169,0.162,0.13928
BBS12005_9,sim_029_a0.811_r0.57,0.79839,0.60727
BBS12005_9,sim_030_a0.302_r0.719,0.28861,0.73536
BBS12005_9,sim_031_a0.503_r0.314,0.5375,0.35632
BBS12005_9,sim_032_a1.611_r0.911,1.5601,0.92116
BBS12005_9,sim_033_a1.264_r0.397,1.2287,0.34763
BBS12005_9,sim_034_a0.368_r0.454,0.35851,0.46887
BBS12005_9,sim_035_a0.189_r0.887,0.18773,0.90299
BBS12005_9,sim_036_a1.217_r0.782,1.17711,0.77194
BBS12005_9,sim_037_a1.913_r0.72,2.0464,0.76551
BBS12005_9,sim_038_a1.703_r0.836,1.90391,0.81693
BBS12005_9,sim_039_a0.696_r0.924,0.66356,0.91134
BBS12005_9,sim_040_a1.554_r0.947,1.4822,0.93214
BBS12005_9,sim_041_a1.868_r0.724,1.80891,0.71176
BBS12005_9,sim_042_a1.196_r0.031,1.28249,0.09415
BBS12005_9,sim_043_a1.091_r0.287,1.07269,0.37347
BBS12005_9,sim_044_a0.808_r0.173,0.84285,0.20397
BBS12005_9,sim_045_a0.288_r0.204,0.28195,0.17883
BBS12005_9,sim_046_a1.467_r0.133,1.53772,0.07941
BBS12005_9,sim_047_a1.997_r0.908,2.15783,0.92561
BBS12005_9,sim_048_a1.159_r0.864,1.22683,0.8796
BBS12005_9,sim_049_a0.37_r0.788,0.38685,0.78152
BBS12005_9,sim_050_a0.112_r0.884,0.11032,0.87518
BBS12007_8,sim_001_a1.992_r0.608,2.0694,0.62045
BBS12007_8,sim_002_a1.212_r0.728,1.12047,0.70117
BBS12007_8,sim_003_a1.551_r0.274,1.47344,0.31648
BBS12007_8,sim_004_a0.178_r0.801,0.18183,0.80115
BBS12007_8,sim_005_a1.675_r0.894,1.66358,0.90248
BBS12007_8,sim_006_a0.219_r0.25,0.21659,0.26447
BBS12007_8,sim_007_a0.693_r0.267,0.67158,0.22061
BBS12007_8,sim_008_a1.189_r0.491,1.14976,0.37557
BBS12007_8,sim_009_a0.327_r0.146,0.3287,0.11372
BBS12007_8,sim_010_a0.25_r0.881,0.26758,0.87815
BBS12007_8,sim_011_a0.21_r0.782,0.20691,0.77614
BBS12007_8,sim_012_a0.175_r0.167,0.18216,0.17131
BBS12007_8,sim_013_a1.003_r0.119,1.03555,0.04099
BBS12007_8,sim_014_a1.334_r0.344,1.41339,0.33029
BBS12007_8,sim_015_a1.754_r0.239,1.8819,0.26609
BBS12007_8,sim_016_a1.94_r0.611,2.05228,0.63807
BBS12007_8,sim_017_a0.247_r0.791,0.21543,0.76564
BBS12007_8,sim_018_a1.474_r0.677,1.36182,0.67341
BBS12007_8,sim_019_a1.955_r0.742,1.93331,0.78371
BBS12007_8,sim_020_a0.168_r0.701,0.16061,0.69023
BBS12007_8,sim_021_a1.519_r0.051,1.65378,0.04261
BBS12007_8,sim_022_a1.388_r0.822,1.2902,0.82072
BBS12007_8,sim_023_a1.001_r0.467,1.02612,0.45605
BBS12007_8,sim_024_a0.842_r0.415,0.80232,0.43432
BBS12007_8,sim_025_a0.698_r0.429,0.70319,0.41551
BBS12007_8,sim_026_a1.832_r0.873,1.78254,0.85713
BBS12007_8,sim_027_a0.529_r0.867,0.53426,0.86899
BBS12007_8,sim_028_a0.942_r0.753,0.91807,0.74459
BBS12007_8,sim_029_a1.145_r0.113,1.17504,0.08951
BBS12007_8,sim_030_a1.98_r0.833,1.95126,0.79805
BBS12007_8,sim_031_a0.166_r0.889,0.19022,0.87773
BBS12007_8,sim_032_a1.575_r0.384,1.42421,0.3765
BBS12007_8,sim_033_a1.822_r0.543,1.83242,0.54194
BBS12007_8,sim_034_a1.777_r0.859,1.84347,0.86201
BBS12007_8,sim_035_a1.433_r0.05,1.45824,0.01
BBS12007_8,sim_036_a0.716_r0.399,0.74557,0.4128
BBS12007_8,sim_037_a0.96_r0.207,0.90304,0.19103
BBS12007_8,sim_038_a1.842_r0.916,1.91383,0.91634
BBS12007_8,sim_039_a0.986_r0.494,0.98468,0.4617
BBS12007_8,sim_040_a1.143_r0.333,1.18759,0.29845
BBS12007_8,sim_041_a0.421_r0.91,0.4147,0.90507
BBS12007_8,sim_042_a1.945_r0.508,1.94998,0.54803
BBS12007_8,sim_043_a0.867_r0.219,0.86093,0.18631
BBS12007_8,sim_044_a1.213_r0.561,1.1455,0.6121
BBS12007_8,sim_045_a1.102_r0.28,1.06459,0.31499
BBS12007_8,sim_046_a0.818_r0.517,0.79019,0.47611
BBS12007_8,sim_047_a0.351_r0.299,0.35831,0.30568
BBS12007_8,sim_048_a1.234_r0.076,1.26857,0.04217
BBS12007_8,sim_049_a0.964_r0.934,1.01714,0.93978
BBS12007_8,sim_050_a0.382_r0.178,0.37549,0.15961
BBS12008_13,sim_001_a1.906_r0.421,1.79387,0.41127
BBS12008_13,sim_002_a1.256_r0.578,1.29042,0.60256
BBS12008_13,sim_003_a1.912_r0.298,2.02633,0.35695
BBS12008_13,sim_004_a1.999_r0.935,2.01036,0.91174
BBS12008_13,sim_005_a1.392_r0.631,1.36306,0.60153
BBS12008_13,sim_006_a0.391_r0.685,0.36333,0.69081
BBS12008_13,sim_007_a1.431_r0.028,1.35214,0.0547
BBS12008_13,sim_008_a0.22_r0.2,0.22574,0.21659
BBS12008_13,sim_009_a1.026_r0.913,1.03239,0.90856
BBS12008_13,sim_010_a1.623_r0.357,1.68252,0.40613
BBS12008_13,sim_011_a0.155_r0.092,0.15453,0.05415
BBS12008_13,sim_012_a0.7_r0.114,0.65949,0.1071
BBS12008_13,sim_013_a0.607_r0.159,0.57543,0.11971
BBS12008_13,sim_014_a0.159_r0.323,0.16543,0.32925
BBS12008_13,sim_015_a0.406_r0.107,0.39979,0.09011
BBS12008_13,sim_016_a0.182_r0.329,0.17939,0.31161
BBS12008_13,sim_017_a0.408_r0.632,0.40208,0.62736
BBS12008_13,sim_018_a1.634_r0.596,1.74839,0.59965
BBS12008_13,sim_019_a0.315_r0.633,0.31737,0.63323
BBS12008_13,sim_020_a0.554_r0.923,0.59786,0.92093
BBS12008_13,sim_021_a0.394_r0.812,0.4003,0.79245
BBS12008_13,sim_022_a1.574_r0.929,1.4215,0.93782
BBS12008_13,sim_023_a0.654_r0.131,0.62376,0.10087
BBS12008_13,sim_024_a1.445_r0.146,1.54275,0.19431
BBS12008_13,sim_025_a0.802_r0.637,0.78722,0.64759
BBS12008_13,sim_026_a1.538_r0.317,1.45088,0.3382
BBS12008_13,sim_027_a1.339_r0.423,1.12776,0.43046
BBS12008_13,sim_028_a0.602_r0.228,0.60676,0.22632
BBS12008_13,sim_029_a1.995_r0.69,2.11907,0.70513
BBS12008_13,sim_030_a1.984_r0.023,2.11638,0.06107
BBS12008_13,sim_031_a0.151_r0.454,0.14775,0.44411
BBS12008_13,sim_032_a1.035_r0.536,0.9655,0.51793
BBS12008_13,sim_033_a0.721_r0.372,0.78153,0.37708
BBS12008_13,sim_034_a1.867_r0.489,1.7579,0.51658
BBS12008_13,sim_035_a0.813_r0.196,0.79592,0.18365
BBS12008_13,sim_036_a0.937_r0.563,0.91455,0.58934
BBS12008_13,sim_037_a0.69_r0.149,0.69718,0.17542
BBS12008_13,sim_038_a0.426_r0.715,0.43879,0.68212
BBS12008_13,sim_039_a1.08_r0.946,1.02745,0.94189
BBS12008_13,sim_040_a0.544_r0.826,0.5425,0.82637
BBS12008_13,sim_041_a1.63_r0.6,1.60441,0.58504
BBS12008_13,sim_042_a1.576_r0.505,1.59057,0.55047
BBS12008_13,sim_043_a0.246_r0.87,0.2491,0.8764
BBS12008_13,sim_044_a0.86_r0.706,0.86613,0.73211
BBS12008_13,sim_045_a1.882_r0.285,2.01147,0.26029
BBS12008_13,sim_046_a1.392_r0.155,1.46289,0.16689
BBS12008_13,sim_047_a1.236_r0.841,1.38166,0.82902
BBS12008_13,sim_048_a1.962_r0.238,1.96653,0.26597
BBS12008_13,sim_049_a0.377_r0.511,0.38547,0.52208
BBS12008_13,sim_050_a0.491_r0.859,0.4811,0.87365
BBS12009_5,sim_001_a0.101_r0.039,0.1019,0.02297
BBS12009_5,sim_002_a1.715_r0.874,1.71547,0.85587
BBS12009_5,sim_003_a0.32_r0.283,0.36032,0.2766
BBS12009_5,sim_004_a0.332_r0.192,0.30693,0.12742
BBS12009_5,sim_005_a0.212_r0.81,0.21323,0.81552
BBS12009_5,sim_006_a1.658_r0.147,1.62849,0.10391
BBS12009_5,sim_007_a1.59_r0.888,1.4163,0.87551
BBS12009_5,sim_008_a0.141_r0.021,0.13904,0.04387
BBS12009_5,sim_009_a0.244_r0.628,0.25987,0.60085
BBS12009_5,sim_010_a0.477_r0.154,0.4977,0.16266
BBS12009_5,sim_011_a0.802_r0.125,0.7809,0.06756
BBS12009_5,sim_012_a0.781_r0.059,0.77698,0.11769
BBS12009_5,sim_013_a0.644_r0.396,0.64057,0.42144
BBS12009_5,sim_014_a1.928_r0.535,2.02536,0.42462
BBS12009_5,sim_015_a1.464_r0.842,1.28218,0.859
BBS12009_5,sim_016_a1.456_r0.33,1.23819,0.26858
BBS12009_5,sim_017_a0.98_r0.734,0.89333,0.73739
BBS12009_5,sim_018_a1.081_r0.928,1.07065,0.93613
BBS12009_5,sim_019_a0.843_r0.085,0.80835,0.14274
BBS12009_5,sim_020_a1.492_r0.133,1.59037,0.09307
BBS12009_5,sim_021_a1.527_r0.661,1.74708,0.69184
BBS12009_5,sim_022_a1.114_r0.552,1.24104,0.57103
BBS12009_5,sim_023_a0.107_r0.142,0.11967,0.13222
BBS12009_5,sim_024_a0.557_r0.162,0.5347,0.12138
BBS12009_5,sim_025_a1.852_r0.618,2.06905,0.65884
BBS12009_5,sim_026_a1.393_r0.481,1.41954,0.52049
BBS12009_5,sim_027_a1.704_r0.187,1.62139,0.21517
BBS12009_5,sim_028_a1.576_r0.226,1.65013,0.13195
BBS12009_5,sim_029_a0.218_r0.32,0.2193,0.30498
BBS12009_5,sim_030_a0.396_r0.269,0.40561,0.29665
BBS12009_5,sim_031_a1.57_r0.6,1.39239,0.6609
BBS12009_5,sim_032_a0.483_r0.347,0.4715,0.30271
BBS12009_5,sim_033_a1.489_r0.394,1.35342,0.39771
BBS12009_5,sim_034_a0.581_r0.015,0.49733,0.02965
BBS12009_5,sim_035_a1.447_r0.201,1.65299,0.24425
BBS12009_5,sim_036_a1.817_r0.623,1.78567,0.66739
BBS12009_5,sim_037_a1.425_r0.763,1.54469,0.74586
BBS12009_5,sim_038_a0.422_r0.577,0.42114,0.55117
BBS12009_5,sim_039_a0.583_r0.427,0.60425,0.43672
BBS12009_5,sim_040_a0.339_r0.88,0.32827,0.87161
BBS12009_5,sim_041_a0.19_r0.487,0.18848,0.47598
BBS12009_5,sim_042_a0.446_r0.889,0.46028,0.90664
BBS12009_5,sim_043_a1.658_r0.916,1.66863,0.90565
BBS12009_5,sim_044_a0.42_r0.889,0.46804,0.8773
BBS12009_5,sim_045_a1.82_r0.875,1.83194,0.8523
BBS12009_5,sim_046_a1.395_r0.758,1.50776,0.78604
BBS12009_5,sim_047_a0.895_r0.037,0.8992,0.04133
BBS12009_5,sim_048_a0.482_r0.13,0.46747,0.05101
BBS12009_5,sim_049_a1.477_r0.68,1.51966,0.66293
BBS12009_5,sim_050_a0.311_r0.806,0.33495,0.81249
BBS12010_7,sim_001_a0.311_r0.152,0.28835,0.17579
BBS12010_7,sim_002_a0.876_r0.311,0.82061,0.2671
BBS12010_7,sim_003_a0.531_r0.189,0.50159,0.1523
BBS12010_7,sim_004_a1.69_r0.436,2.00099,0.48074
BBS12010_7,sim_005_a0.351_r0.457,0.34984,0.47266
BBS12010_7,sim_006_a0.646_r0.282,0.6244,0.26924
BBS12010_7,sim_007_a0.629_r0.102,0.61066,0.06301
BBS12010_7,sim_008_a1.798_r0.196,1.56066,0.281
BBS12010_7,sim_009_a1.574_r0.875,1.45221,0.85135
BBS12010_7,sim_010_a1.354_r0.802,1.20767,0.83079
BBS12010_7,sim_011_a1.691_r0.204,1.7384,0.21103
BBS12010_7,sim_012_a1.601_r0.239,1.60206,0.23733
BBS12010_7,sim_013_a1.835_r0.783,1.71928,0.80941
BBS12010_7,sim_014_a1.685_r0.711,1.48855,0.6778
BBS12010_7,sim_015_a0.932_r0.347,1.00967,0.34404
BBS12010_7,sim_016_a1.48_r0.799,1.40203,0.80565
BBS12010_7,sim_017_a0.28_r0.536,0.25568,0.54886
BBS12010_7,sim_018_a1.564_r0.377,1.47253,0.31025
BBS12010_7,sim_019_a0.138_r0.651,0.1236,0.63963
BBS12010_7,sim_020_a1.64_r0.642,1.75842,0.66909
BBS12010_7,sim_021_a1.725_r0.855,1.70062,0.83425
BBS12010_7,sim_022_a0.288_r0.454,0.27327,0.48178
BBS12010_7,sim_023_a1.65_r0.434,1.5983,0.41446
BBS12010_7,sim_024_a0.813_r0.148,0.82268,0.10876
BBS12010_7,sim_025_a0.493_r0.76,0.4416,0.77754
BBS12010_7,sim_026_a0.912_r0.861,0.99606,0.85545
BBS12010_7,sim_027_a1.504_r0.452,1.35465,0.42087
BBS12010_7,sim_028_a0.103_r0.359,0.10848,0.39743
BBS12010_7,sim_029_a1.983_r0.096,1.80866,0.06316
BBS12010_7,sim_030_a1.682_r0.889,1.91239,0.89017
BBS12010_7,sim_031_a1.356_r0.246,1.32747,0.21827
BBS12010_7,sim_032_a0.968_r0.132,0.93402,0.10018
BBS12010_7,sim_033_a1.882_r0.066,1.81089,0.17457
BBS12010_7,sim_034_a0.268_r0.617,0.29618,0.61002
BBS12010_7,sim_035_a0.882_r0.166,0.94508,0.15734
BBS12010_7,sim_036_a0.783_r0.681,0.69783,0.69395
BBS12010_7,sim_037_a0.548_r0.672,0.54424,0.61548
BBS12010_7,sim_038_a1.076_r0.378,1.06287,0.35216
BBS12010_7,sim_039_a0.745_r0.432,0.81307,0.40595
BBS12010_7,sim_040_a0.835_r0.167,0.87932,0.1797
BBS12010_7,sim_041_a0.793_r0.266,0.76288,0.28899
BBS12010_7,sim_042_a0.649_r0.895,0.59915,0.9007
BBS12010_7,sim_043_a0.648_r0.565,0.65414,0.58843
BBS12010_7,sim_044_a0.996_r0.573,1.01048,0.53534
BBS12010_7,sim_045_a1.143_r0.246,1.02092,0.30598
BBS12010_7,sim_046_a0.409_r0.373,0.37761,0.38291
BBS12010_7,sim_047_a0.296_r0.857,0.28762,0.85319
BBS12010_7,sim_048_a1.465_r0.219,1.46462,0.21545
BBS12010_7,sim_049_a1.256_r0.146,1.15984,0.14644
BBS12010_7,sim_050_a1.949_r0.041,2.3713,0.09686
BBS12011_12,sim_001_a0.15_r0.845,0.16456,0.84104
BBS12011_12,sim_002_a1.078_r0.322,1.09577,0.35544
BBS12011_12,sim_003_a1.533_r0.205,1.52748,0.19671
BBS12011_12,sim_004_a0.34_r0.839,0.35705,0.83492
BBS12011_12,sim_005_a1.058_r0.827,0.97641,0.83172
BBS12011_12,sim_006_a1.038_r0.231,1.03975,0.19584
BBS12011_12,sim_007_a1.316_r0.351,1.28731,0.3604
BBS12011_12,sim_008_a0.587_r0.382,0.60916,0.40389
BBS12011_12,sim_009_a0.577_r0.686,0.58843,0.68221
BBS12011_12,sim_010_a1.963_r0.94,1.77595,0.9505
BBS12011_12,sim_011_a0.89_r0.785,0.9067,0.78493
BBS12011_12,sim_012_a1.129_r0.025,1.0826,0.01
BBS12011_12,sim_013_a0.638_r0.665,0.6161,0.65217
BBS12011_12,sim_014_a1.55_r0.519,1.53226,0.51931
BBS12011_12,sim_015_a1.42_r0.211,1.45176,0.26276
BBS12011_12,sim_016_a1.677_r0.35,1.56525,0.36269
BBS12011_12,sim_017_a1.101_r0.34,1.05151,0.32896
BBS12011_12,sim_018_a0.117_r0.735,0.11304,0.7423
BBS12011_12,sim_019_a1.995_r0.498,1.9228,0.51475
BBS12011_12,sim_020_a0.478_r0.43,0.49025,0.42849
BBS12011_12,sim_021_a1.339_r0.086,1.35927,0.13591
BBS12011_12,sim_022_a0.682_r0.538,0.65278,0.57509
BBS12011_12,sim_023_a0.876_r0.674,0.846,0.67423
BBS12011_12,sim_024_a0.493_r0.602,0.472,0.61217
BBS12011_12,sim_025_a1.303_r0.592,1.26856,0.57483
BBS12011_12,sim_026_a1.515_r0.669,1.57646,0.69726
BBS12011_12,sim_027_a0.313_r0.424,0.30669,0.43682
BBS12011_12,sim_028_a0.5_r0.376,0.48876,0.41726
BBS12011_12,sim_029_a0.403_r0.284,0.40076,0.27412
BBS12011_12,sim_030_a1.233_r0.142,1.20408,0.1489
BBS12011_12,sim_031_a1.68_r0.347,1.63526,0.37955
BBS12011_12,sim_032_a0.598_r0.544,0.6017,0.53827
BBS12011_12,sim_033_a0.143_r0.049,0.14274,0.08152
BBS12011_12,sim_034_a1.299_r0.643,1.24093,0.61744
BBS12011_12,sim_035_a0.307_r0.293,0.30535,0.28492
BBS12011_12,sim_036_a1.341_r0.166,1.41511,0.16151
BBS12011_12,sim_037_a0.87_r0.412,0.81147,0.42936
BBS12011_12,sim_038_a1.008_r0.556,1.03615,0.56185
BBS12011_12,sim_039_a1.274_r0.173,1.27884,0.1845
BBS12011_12,sim_040_a1.036_r0.517,1.07711,0.52185
BBS12011_12,sim_041_a0.816_r0.102,0.82116,0.09036
BBS12011_12,sim_042_a1.4_r0.827,1.47699,0.83869
BBS12011_12,sim_043_a1.751_r0.217,1.80765,0.22562
BBS12011_12,sim_044_a0.429_r0.132,0.42468,0.1578
BBS12011_12,sim_045_a0.856_r0.067,0.82334,0.08276
BBS12011_12,sim_046_a1.563_r0.806,1.61122,0.78131
BBS12011_12,sim_047_a1.729_r0.904,1.77295,0.89934
BBS12011_12,sim_048_a1.728_r0.588,1.68655,0.60049
BBS12011_12,sim_049_a0.975_r0.656,0.95921,0.64642
BBS12011_12,sim_050_a1.289_r0.156,1.30548,0.13106
BBS12013_8,sim_001_a0.994_r0.163,0.94669,0.17435
BBS12013_8,sim_002_a0.274_r0.448,0.26451,0.39881
BBS12013_8,sim_003_a0.275_r0.096,0.25923,0.10862
BBS12013_8,sim_004_a0.857_r0.805,0.81746,0.79629
BBS12013_8,sim_005_a1.854_r0.113,1.67114,0.14469
BBS12013_8,sim_006_a0.556_r0.353,0.55155,0.35683
BBS12013_8,sim_007_a1.234_r0.13,1.13871,0.07325
BBS12013_8,sim_008_a1.977_r0.678,2.00316,0.63713
BBS12013_8,sim_009_a1.131_r0.333,1.22719,0.29409
BBS12013_8,sim_010_a1.348_r0.309,1.37308,0.25638
BBS12013_8,sim_011_a0.761_r0.183,0.74337,0.19767
BBS12013_8,sim_012_a0.682_r0.41,0.68535,0.42258
BBS12013_8,sim_013_a0.163_r0.061,0.16374,0.07533
BBS12013_8,sim_014_a1.496_r0.322,1.5264,0.34996
BBS12013_8,sim_015_a1.091_r0.785,1.01077,0.7521
BBS12013_8,sim_016_a0.163_r0.716,0.18107,0.68775
BBS12013_8,sim_017_a1.86_r0.097,1.67972,0.0504
BBS12013_8,sim_018_a1.456_r0.058,1.51949,0.07847
BBS12013_8,sim_019_a1.427_r0.936,1.4353,0.94188
BBS12013_8,sim_020_a1.703_r0.129,1.6413,0.14496
BBS12013_8,sim_021_a1.597_r0.43,1.87103,0.45938
BBS12013_8,sim_022_a1.788_r0.236,1.46848,0.24458
BBS12013_8,sim_023_a0.775_r0.827,0.85979,0.82067
BBS12013_8,sim_024_a1.833_r0.913,1.87324,0.92708
BBS12013_8,sim_025_a1.3_r0.042,1.34242,0.02859
BBS12013_8,sim_026_a0.336_r0.273,0.34811,0.30215
BBS12013_8,sim_027_a0.351_r0.288,0.35467,0.30826
BBS12013_8,sim_028_a1.61_r0.627,1.57868,0.57349
BBS12013_8,sim_029_a0.69_r0.125,0.62158,0.08983
BBS12013_8,sim_030_a1.191_r0.714,1.15367,0.68322
BBS12013_8,sim_031_a1.836_r0.722,1.79857,0.74092
BBS12013_8,sim_032_a0.198_r0.286,0.18922,0.27914
BBS12013_8,sim_033_a0.71_r0.727,0.69142,0.71785
BBS12013_8,sim_034_a0.989_r0.42,0.88023,0.35239
BBS12013_8,sim_035_a0.303_r0.887,0.28442,0.88692
BBS12013_8,sim_036_a1.767_r0.366,1.80056,0.31821
BBS12013_8,sim_037_a0.37_r0.639,0.33067,0.63257
BBS12013_8,sim_038_a0.224_r0.254,0.23092,0.22707
BBS12013_8,sim_039_a0.806_r0.104,0.82023,0.06512
BBS12013_8,sim_040_a1.491_r0.541,1.43421,0.55671
BBS12013_8,sim_041_a1.405_r0.572,1.40326,0.56083
BBS12013_8,sim_042_a1.819_r0.933,1.78064,0.9412
BBS12013_8,sim_043_a0.297_r0.669,0.28822,0.66633
BBS12013_8,sim_044_a1.392_r0.898,1.40026,0.89502
BBS12013_8,sim_045_a0.946_r0.823,0.8749,0.82172
BBS12013_8,sim_046_a1.608_r0.46,1.6289,0.45789
BBS12013_8,sim_047_a0.291_r0.708,0.29672,0.70812
BBS12013_8,sim_048_a1.045_r0.08,1.0237,0.07072
BBS12013_8,sim_049_a0.959_r0.873,0.96193,0.85877
BBS12013_8,sim_050_a0.906_r0.559,0.94746,0.50363
BBS12014_9,sim_001_a1.361_r0.84,1.44336,0.8188
BBS12014_9,sim_002_a0.332_r0.736,0.33764,0.71497
BBS12014_9,sim_003_a0.257_r0.852,0.27275,0.8315
BBS12014_9,sim_004_a1.659_r0.126,1.61105,0.15723
BBS12014_9,sim_005_a0.335_r0.743,0.33221,0.74185
BBS12014_9,sim_006_a0.661_r0.831,0.73004,0.81509
BBS12014_9,sim_007_a0.29_r0.747,0.30914,0.74592
BBS12014_9,sim_008_a0.67_r0.814,0.65152,0.80967
BBS12014_9,sim_009_a1.169_r0.533,1.20641,0.5236
BBS12014_9,sim_010_a0.905_r0.153,0.93915,0.12418
BBS12014_9,sim_011_a1.506_r0.666,1.55005,0.66946
BBS12014_9,sim_012_a0.932_r0.921,0.91377,0.92585
BBS12014_9,sim_013_a1.753_r0.356,1.88734,0.4018
BBS12014_9,sim_014_a1.371_r0.803,1.54223,0.77991
BBS12014_9,sim_015_a0.406_r0.802,0.41614,0.80847
BBS12014_9,sim_016_a0.265_r0.297,0.25864,0.31077
BBS12014_9,sim_017_a1.495_r0.469,1.60514,0.47224
BBS12014_9,sim_018_a0.485_r0.703,0.45305,0.7321
BBS12014_9,sim_019_a1.609_r0.942,1.62603,0.95035
BBS12014_9,sim_020_a0.124_r0.609,0.12531,0.62283
BBS12014_9,sim_021_a1.725_r0.258,1.76792,0.24764
BBS12014_9,sim_022_a0.101_r0.342,0.10512,0.325
BBS12014_9,sim_023_a1.19_r0.87,1.13316,0.86066
BBS12014_9,sim_024_a1.834_r0.432,1.79694,0.45244
BBS12014_9,sim_025_a1.356_r0.495,1.2481,0.49022
BBS12014_9,sim_026_a1.398_r0.622,1.4667,0.62174
BBS12014_9,sim_027_a0.151_r0.313,0.14631,0.28606
BBS12014_9,sim_028_a0.991_r0.627,0.98402,0.61145
BBS12014_9,sim_029_a0.378_r0.566,0.35047,0.5758
BBS12014_9,sim_030_a1.914_r0.767,1.83643,0.7538
BBS12014_9,sim_031_a1.622_r0.383,1.54209,0.3324
BBS12014_9,sim_032_a1.861_r0.436,1.8345,0.47138
BBS12014_9,sim_033_a0.555_r0.284,0.5199,0.32012
BBS12014_9,sim_034_a0.362_r0.265,0.33799,0.28503
BBS12014_9,sim_035_a1.669_r0.03,1.8269,0.01928
BBS12014_9,sim_036_a1.671_r0.531,1.69657,0.55776
BBS12014_9,sim_037_a1.237_r0.35,1.28157,0.32201
BBS12014_9,sim_038_a1.577_r0.889,1.77369,0.8814
BBS12014_9,sim_039_a1.47_r0.245,1.38692,0.24198
BBS12014_9,sim_040_a1.785_r0.394,1.71959,0.37912
BBS12014_9,sim_041_a1.034_r0.464,1.0187,0.46519
BBS12014_9,sim_042_a1.139_r0.384,1.16824,0.43027
BBS12014_9,sim_043_a1.73_r0.08,1.7061,0.10154
BBS12014_9,sim_044_a1.626_r0.166,1.55963,0.2149
BBS12014_9,sim_045_a0.579_r0.122,0.54419,0.12333
BBS12014_9,sim_046_a1.785_r0.832,1.94116,0.8392
BBS12014_9,sim_047_a1.08_r0.278,1.00337,0.2655
BBS12014_9,sim_048_a0.916_r0.469,0.98438,0.41722
BBS12014_9,sim_049_a0.324_r0.432,0.31836,0.428
BBS12014_9,sim_050_a0.21_r0.49,0.20852,0.49733
BBS12015_12,sim_001_a1.772_r0.812,1.6959,0.8076
BBS12015_12,sim_002_a0.964_r0.584,1.00172,0.58467
BBS12015_12,sim_003_a0.443_r0.53,0.43591,0.50194
BBS12015_12,sim_004_a0.983_r0.291,1.03916,0.28975
BBS12015_12,sim_005_a1.084_r0.758,1.05106,0.77544
BBS12015_12,sim_006_a1.607_r0.525,1.56056,0.5446
BBS12015_12,sim_007_a0.664_r0.053,0.70649,0.08051
BBS12015_12,sim_008_a0.923_r0.081,0.95819,0.02716
BBS12015_12,sim_009_a0.844_r0.013,0.83159,0.01
BBS12015_12,sim_010_a1.811_r0.606,1.76878,0.59637
BBS12015_12,sim_011_a1.024_r0.291,0.99956,0.29465
BBS12015_12,sim_012_a0.164_r0.428,0.16953,0.42721
BBS12015_12,sim_013_a1.073_r0.269,1.03796,0.29331
BBS12015_12,sim_014_a0.771_r0.3,0.78189,0.27514
BBS12015_12,sim_015_a1.546_r0.103,1.59919,0.14408
BBS12015_12,sim_016_a1.976_r0.013,1.86628,0.01926
BBS12015_12,sim_017_a1.507_r0.541,1.47341,0.49661
BBS12015_12,sim_018_a0.82_r0.482,0.74679,0.49964
BBS12015_12,sim_019_a0.866_r0.538,0.83661,0.54007
BBS12015_12,sim_020_a1.274_r0.46,1.32464,0.4705
BBS12015_12,sim_021_a1.501_r0.55,1.57978,0.5542
BBS12015_12,sim_022_a0.857_r0.356,0.78127,0.34926
BBS12015_12,sim_023_a0.497_r0.36,0.45868,0.39989
BBS12015_12,sim_024_a0.182_r0.436,0.19613,0.43439
BBS12015_12,sim_025_a1.253_r0.701,1.22847,0.7252
BBS12015_12,sim_026_a0.276_r0.462,0.27194,0.43537
BBS12015_12,sim_027_a0.554_r0.879,0.54644,0.8941
BBS12015_12,sim_028_a0.777_r0.443,0.78171,0.51551
BBS12015_12,sim_029_a0.135_r0.734,0.12936,0.74845
BBS12015_12,sim_030_a0.628_r0.018,0.64083,0.01
BBS12015_12,sim_031_a0.751_r0.876,0.8322,0.87697
BBS12015_12,sim_032_a1.037_r0.583,1.05838,0.60979
BBS12015_12,sim_033_a1.865_r0.366,1.72389,0.36924
BBS12015_12,sim_034_a0.689_r0.142,0.67366,0.14057
BBS12015_12,sim_035_a1.676_r0.623,1.59975,0.56957
BBS12015_12,sim_036_a0.83_r0.921,0.85309,0.91341
BBS12015_12,sim_037_a0.506_r0.276,0.49227,0.26472
BBS12015_12,sim_038_a1.587_r0.626,1.71475,0.65602
BBS12015_12,sim_039_a0.96_r0.59,0.94109,0.5241
BBS12015_12,sim_040_a0.302_r0.916,0.2804,0.91846
BBS12015_12,sim_041_a0.752_r0.917,0.7531,0.91954
BBS12015_12,sim_042_a1.431_r0.378,1.705,0.35896
BBS12015_12,sim_043_a0.791_r0.455,0.77505,0.48544
BBS12015_12,sim_044_a0.935_r0.592,0.9533,0.67038
BBS12015_12,sim_045_a0.221_r0.03,0.20495,0.04441
BBS12015_12,sim_046_a0.568_r0.668,0.59264,0.65449
BBS12015_12,sim_047_a1.261_r0.712,1.27066,0.65907
BBS12015_12,sim_048_a1.045_r0.593,0.97417,0.59998
BBS12015_12,sim_049_a1.543_r0.892,1.46542,0.88523
BBS12015_12,sim_050_a1.445_r0.306,1.42555,0.25084
BBS12016_5,sim_001_a1.705_r0.649,1.78204,0.67539
BBS12016_5,sim_002_a0.446_r0.215,0.45332,0.17152
BBS12016_5,sim_003_a1.743_r0.54,1.83325,0.59888
BBS12016_5,sim_004_a0.364_r0.031,0.35079,0.01
BBS12016_5,sim_005_a1.564_r0.422,1.68718,0.44887
BBS12016_5,sim_006_a0.632_r0.471,0.65493,0.47831
BBS12016_5,sim_007_a1.694_r0.121,1.52841,0.22154
BBS12016_5,sim_008_a1.6_r0.742,1.81886,0.75097
BBS12016_5,sim_009_a0.293_r0.441,0.29093,0.37084
BBS12016_5,sim_010_a0.173_r0.652,0.16097,0.61848
BBS12016_5,sim_011_a1.425_r0.523,1.62616,0.55356
BBS12016_5,sim_012_a1.86_r0.802,1.97666,0.81476
BBS12016_5,sim_013_a0.269_r0.45,0.30677,0.47486
BBS12016_5,sim_014_a0.722_r0.461,0.76246,0.44156
BBS12016_5,sim_015_a1.982_r0.557,1.94804,0.52147
BBS12016_5,sim_016_a1.636_r0.102,1.64497,0.15417
BBS12016_5,sim_017_a0.772_r0.76,0.70717,0.78329
BBS12016_5,sim_018_a1.323_r0.848,1.34441,0.83342
BBS12016_5,sim_019_a0.68_r0.779,0.6251,0.77207
BBS12016_5,sim_020_a0.306_r0.547,0.30106,0.57232
BBS12016_5,sim_021_a1.52_r0.492,1.72113,0.56856
BBS12016_5,sim_022_a0.985_r0.693,1.00181,0.6534
BBS12016_5,sim_023_a1.386_r0.789,1.44833,0.8039
BBS12016_5,sim_024_a0.783_r0.259,0.8093,0.24005
BBS12016_5,sim_025_a1.529_r0.182,1.50015,0.21586
BBS12016_5,sim_026_a0.512_r0.45,0.50813,0.44575
BBS12016_5,sim_027_a0.919_r0.496,0.89345,0.54381
BBS12016_5,sim_028_a1.288_r0.17,1.34117,0.15761
BBS12016_5,sim_029_a0.431_r0.369,0.40128,0.36927
BBS12016_5,sim_030_a1.857_r0.081,1.65606,0.02404
BBS12016_5,sim_031_a1.01_r0.451,0.85472,0.46962
BBS12016_5,sim_032_a1.047_r0.515,0.92911,0.46822
BBS12016_5,sim_033_a1.516_r0.816,1.53774,0.83847
BBS12016_5,sim_034_a1.836_r0.811,1.54266,0.78642
BBS12016_5,sim_035_a1.072_r0.617,0.97566,0.63994
BBS12016_5,sim_036_a0.172_r0.554,0.17327,0.5209
BBS12016_5,sim_037_a0.822_r0.179,0.87792,0.19729
BBS12016_5,sim_038_a1.039_r0.215,1.04212,0.16537
BBS12016_5,sim_039_a1.412_r0.855,1.40436,0.83526
BBS12016_5,sim_040_a0.974_r0.576,0.92271,0.55516
BBS12016_5,sim_041_a1.218_r0.625,1.27999,0.63312
BBS12016_5,sim_042_a0.921_r0.528,0.96028,0.5372
BBS12016_5,sim_043_a0.264_r0.456,0.28241,0.40452
BBS12016_5,sim_044_a1.611_r0.436,1.72363,0.37055
BBS12016_5,sim_045_a1.943_r0.467,2.31997,0.51784
BBS12016_5,sim_046_a1.659_r0.743,1.54662,0.73096
BBS12016_5,sim_047_a0.567_r0.323,0.52983,0.30705
BBS12016_5,sim_048_a0.65_r0.081,0.65526,0.07551
BBS12016_5,sim_049_a0.929_r0.099,0.92083,0.0888
BBS12016_5,sim_050_a1.199_r0.036,1.09993,0.02856
BBS12017_7,sim_001_a1.894_r0.5,1.83999,0.44693
BBS12017_7,sim_002_a0.394_r0.917,0.44102,0.9107
BBS12017_7,sim_003_a0.747_r0.042,0.71837,0.05217
BBS12017_7,sim_004_a1.329_r0.186,1.40009,0.21096
BBS12017_7,sim_005_a0.956_r0.182,0.95149,0.19137
BBS12017_7,sim_006_a0.258_r0.119,0.26864,0.09025
BBS12017_7,sim_007_a1.472_r0.687,1.43487,0.65642
BBS12017_7,sim_008_a0.559_r0.63,0.51679,0.64091
BBS12017_7,sim_009_a1.344_r0.721,1.24676,0.7179
BBS12017_7,sim_010_a0.643_r0.925,0.61837,0.92574
BBS12017_7,sim_011_a0.603_r0.242,0.62497,0.2577
BBS12017_7,sim_012_a0.823_r0.7,0.8765,0.69269
BBS12017_7,sim_013_a1.958_r0.286,1.87071,0.25593
BBS12017_7,sim_014_a1.563_r0.034,1.70279,0.09908
BBS12017_7,sim_015_a1.422_r0.758,1.52304,0.75184
BBS12017_7,sim_016_a1.774_r0.295,1.84025,0.33751
BBS12017_7,sim_017_a1.079_r0.4,1.00953,0.42388
BBS12017_7,sim_018_a1.059_r0.119,1.10194,0.11999
BBS12017_7,sim_019_a1.933_r0.688,2.0417,0.7318
BBS12017_7,sim_020_a1.237_r0.693,1.31993,0.70396
BBS12017_7,sim_021_a1.172_r0.013,1.18418,0.10017
BBS12017_7,sim_022_a1.07_r0.111,1.09219,0.16345
BBS12017_7,sim_023_a1.496_r0.839,1.60358,0.83964
BBS12017_7,sim_024_a0.623_r0.432,0.63748,0.4485
BBS12017_7,sim_025_a0.61_r0.154,0.56587,0.20524
BBS12017_7,sim_026_a1.196_r0.714,1.23382,0.69861
BBS12017_7,sim_027_a0.38_r0.29,0.41124,0.26953
BBS12017_7,sim_028_a0.782_r0.057,0.8127,0.0499
BBS12017_7,sim_029_a1.764_r0.246,1.63144,0.24477
BBS12017_7,sim_030_a1.788_r0.767,1.76695,0.73571
BBS12017_7,sim_031_a1.665_r0.604,1.67875,0.64019
BBS12017_7,sim_032_a0.803_r0.584,0.75761,0.59438
BBS12017_7,sim_033_a1.911_r0.516,1.71979,0.53954
BBS12017_7,sim_034_a1.077_r0.497,1.00221,0.44809
BBS12017_7,sim_035_a1.097_r0.88,1.19975,0.8777
BBS12017_7,sim_036_a0.49_r0.514,0.47461,0.55084
BBS12017_7,sim_037_a0.179_r0.043,0.19116,0.05384
BBS12017_7,sim_038_a0.366_r0.191,0.37223,0.1587
BBS12017_7,sim_039_a0.635_r0.174,0.67926,0.19416
BBS12017_7,sim_040_a0.553_r0.877,0.59176,0.85858
BBS12017_7,sim_041_a0.788_r0.872,0.74212,0.87564
BBS12017_7,sim_042_a0.917_r0.739,0.79007,0.7112
BBS12017_7,sim_043_a1.364_r0.445,1.25969,0.43469
BBS12017_7,sim_044_a1.786_r0.717,1.84185,0.73236
BBS12017_7,sim_045_a0.767_r0.585,0.75523,0.58284
BBS12017_7,sim_046_a1.894_r0.926,1.82985,0.92775
BBS12017_7,sim_047_a0.838_r0.091,0.85064,0.10144
BBS12017_7,sim_048_a0.74_r0.739,0.7466,0.75017
BBS12017_7,sim_049_a0.449_r0.715,0.47472,0.71864
BBS12017_7,sim_050_a0.329_r0.514,0.32518,0.52314
BBS12019_5,sim_001_a0.347_r0.04,0.32845,0.05922
BBS12019_5,sim_002_a1.652_r0.725,1.51704,0.70734
BBS12019_5,sim_003_a1.317_r0.714,1.3841,0.74707
BBS12019_5,sim_004_a1.963_r0.051,2.03195,0.01
BBS12019_5,sim_005_a0.771_r0.588,0.85268,0.65993
BBS12019_5,sim_006_a0.319_r0.251,0.31672,0.2464
BBS12019_5,sim_007_a0.276_r0.861,0.2631,0.86954
BBS12019_5,sim_008_a0.276_r0.213,0.28005,0.24202
BBS12019_5,sim_009_a1.153_r0.51,1.1226,0.48225
BBS12019_5,sim_010_a0.953_r0.8,0.92171,0.807
BBS12019_5,sim_011_a1.316_r0.806,1.36678,0.80942
BBS12019_5,sim_012_a0.487_r0.132,0.54732,0.11627
BBS12019_5,sim_013_a1.942_r0.793,1.72141,0.75491
BBS12019_5,sim_014_a0.106_r0.443,0.09358,0.41893
BBS12019_5,sim_015_a1.193_r0.063,1.15313,0.15157
BBS12019_5,sim_016_a0.192_r0.076,0.2,0.04386
BBS12019_5,sim_017_a1.021_r0.604,1.03019,0.61114
BBS12019_5,sim_018_a1.682_r0.343,1.65344,0.42231
BBS12019_5,sim_019_a1.218_r0.041,1.16378,0.17335
BBS12019_5,sim_020_a1.199_r0.033,1.31379,0.01
BBS12019_5,sim_021_a0.483_r0.261,0.51989,0.26867
BBS12019_5,sim_022_a1.928_r0.518,2.19858,0.48543
BBS12019_5,sim_023_a0.418_r0.095,0.42062,0.15149
BBS12019_5,sim_024_a0.991_r0.402,1.08301,0.42654
BBS12019_5,sim_025_a0.436_r0.62,0.43385,0.66437
BBS12019_5,sim_026_a1.995_r0.193,2.23844,0.14335
BBS12019_5,sim_027_a1.88_r0.228,1.80978,0.35589
BBS12019_5,sim_028_a1.284_r0.081,1.66351,0.20563
BBS12019_5,sim_029_a0.883_r0.949,0.94077,0.94927
BBS12019_5,sim_030_a0.437_r0.308,0.43237,0.32596
BBS12019_5,sim_031_a0.841_r0.457,0.64958,0.45238
BBS12019_5,sim_032_a1.085_r0.143,1.00958,0.08617
BBS12019_5,sim_033_a1.554_r0.109,1.39115,0.07306
BBS12019_5,sim_034_a0.29_r0.946,0.24517,0.9413
BBS12019_5,sim_035_a0.982_r0.304,1.09443,0.28376
BBS12019_5,sim_036_a1.174_r0.605,1.173,0.63109
BBS12019_5,sim_037_a0.606_r0.689,0.56445,0.66217
BBS12019_5,sim_038_a0.679_r0.738,0.73472,0.73705
BBS12019_5,sim_039_a0.13_r0.869,0.11837,0.86577
BBS12019_5,sim_040_a0.62_r0.364,0.57496,0.3173
BBS12019_5,sim_041_a0.522_r0.37,0.60183,0.39502
BBS12019_5,sim_042_a0.636_r0.484,0.71715,0.50964
BBS12019_5,sim_043_a0.34_r0.576,0.38337,0.5874
BBS12019_5,sim_044_a0.17_r0.177,0.17715,0.17669
BBS12019_5,sim_045_a0.26_r0.108,0.26614,0.11534
BBS12019_5,sim_046_a0.933_r0.843,0.84182,0.82663
BBS12019_5,sim_047_a1.785_r0.519,1.83337,0.4658
BBS12019_5,sim_048_a1.99_r0.141,1.96941,0.29161
BBS12019_5,sim_049_a1.908_r0.906,2.32206,0.91046
BBS12019_5,sim_050_a0.146_r0.732,0.14651,0.7144
BBS12021_6,sim_001_a0.585_r0.79,0.55873,0.76709
BBS12021_6,sim_002_a0.319_r0.9,0.30293,0.89552
BBS12021_6,sim_003_a1.306_r0.667,1.24402,0.68352
BBS12021_6,sim_004_a0.447_r0.36,0.45754,0.36498
BBS12021_6,sim_005_a0.313_r0.92,0.28191,0.92304
BBS12021_6,sim_006_a1.996_r0.264,1.83668,0.20685
BBS12021_6,sim_007_a0.144_r0.432,0.14311,0.4402
BBS12021_6,sim_008_a0.466_r0.826,0.49185,0.82684
BBS12021_6,sim_009_a1.862_r0.481,1.59748,0.42084
BBS12021_6,sim_010_a0.123_r0.191,0.11452,0.19641
BBS12021_6,sim_011_a1.215_r0.106,1.02614,0.07901
BBS12021_6,sim_012_a1.537_r0.645,1.37607,0.55091
BBS12021_6,sim_013_a1.598_r0.024,1.77074,0.09108
BBS12021_6,sim_014_a0.396_r0.681,0.42531,0.67909
BBS12021_6,sim_015_a0.468_r0.587,0.47069,0.6086
BBS12021_6,sim_016_a0.662_r0.53,0.63251,0.51227
BBS12021_6,sim_017_a0.379_r0.288,0.38455,0.26438
BBS12021_6,sim_018_a1.045_r0.039,0.97219,0.07199
BBS12021_6,sim_019_a0.672_r0.486,0.73149,0.54078
BBS12021_6,sim_020_a0.302_r0.377,0.29768,0.3173
BBS12021_6,sim_021_a0.975_r0.664,1.02801,0.67632
BBS12021_6,sim_022_a0.438_r0.163,0.45755,0.19977
BBS12021_6,sim_023_a0.125_r0.738,0.12941,0.73913
BBS12021_6,sim_024_a0.783_r0.742,0.71267,0.76583
BBS12021_6,sim_025_a1.162_r0.466,1.01806,0.47289
BBS12021_6,sim_026_a1.652_r0.295,1.41532,0.20625
BBS12021_6,sim_027_a1.575_r0.318,1.40863,0.25824
BBS12021_6,sim_028_a0.545_r0.152,0.53571,0.11626
BBS12021_6,sim_029_a1.189_r0.24,1.26817,0.10894
BBS12021_6,sim_030_a1.274_r0.332,1.29654,0.44185
BBS12021_6,sim_031_a1.618_r0.585,1.60762,0.58482
BBS12021_6,sim_032_a0.219_r0.617,0.21095,0.59625
BBS12021_6,sim_033_a0.262_r0.465,0.25662,0.4418
BBS12021_6,sim_034_a0.965_r0.473,0.9287,0.49892
BBS12021_6,sim_035_a1.166_r0.064,1.14057,0.10157
BBS12021_6,sim_036_a0.421_r0.506,0.40574,0.52796
BBS12021_6,sim_037_a1.755_r0.221,1.96178,0.21212
BBS12021_6,sim_038_a0.185_r0.784,0.19161,0.7982
BBS12021_6,sim_039_a1.316_r0.589,1.33804,0.61077
BBS12021_6,sim_040_a0.876_r0.82,0.8786,0.81658
BBS12021_6,sim_041_a0.306_r0.043,0.33992,0.01
BBS12021_6,sim_042_a0.721_r0.72,0.69302,0.71758
BBS12021_6,sim_043_a1.351_r0.816,1.25029,0.86335
BBS12021_6,sim_044_a0.438_r0.774,0.44089,0.76732
BBS12021_6,sim_045_a0.211_r0.235,0.20182,0.20661
BBS12021_6,sim_046_a1.904_r0.227,2.16054,0.19998
BBS12021_6,sim_047_a1.596_r0.159,1.46113,0.108
BBS12021_6,sim_048_a1.615_r0.654,1.44305,0.62404
BBS12021_6,sim_049_a0.694_r0.088,0.75886,0.0886
BBS12021_6,sim_050_a1.07_r0.412,1.04513,0.44669
BBS12022_5,sim_001_a0.867_r0.674,0.93575,0.64438
BBS12022_5,sim_002_a1.859_r0.121,1.66379,0.01575
BBS12022_5,sim_003_a0.67_r0.049,0.72254,0.02073
BBS12022_5,sim_004_a1.818_r0.064,1.61669,0.01
BBS12022_5,sim_005_a0.286_r0.379,0.28673,0.3685
BBS12022_5,sim_006_a0.527_r0.586,0.535,0.57734
BBS12022_5,sim_007_a1.373_r0.482,1.46694,0.49674
BBS12022_5,sim_008_a0.409_r0.927,0.42987,0.92691
BBS12022_5,sim_009_a1.232_r0.517,1.11111,0.43577
BBS12022_5,sim_010_a0.831_r0.543,0.89347,0.54113
BBS12022_5,sim_011_a1.666_r0.46,1.6873,0.40185
BBS12022_5,sim_012_a1.894_r0.174,1.67655,0.14888
BBS12022_5,sim_013_a1.427_r0.429,1.36411,0.43162
BBS12022_5,sim_014_a0.386_r0.428,0.39883,0.40224
BBS12022_5,sim_015_a0.312_r0.767,0.33366,0.77123
BBS12022_5,sim_016_a1.02_r0.108,0.94213,0.10336
BBS12022_5,sim_017_a1.018_r0.502,1.02038,0.52248
BBS12022_5,sim_018_a1.427_r0.749,1.39665,0.72527
BBS12022_5,sim_019_a0.684_r0.885,0.6709,0.89178
BBS12022_5,sim_020_a1.852_r0.116,1.99753,0.09703
BBS12022_5,sim_021_a0.486_r0.505,0.50138,0.54151
BBS12022_5,sim_022_a0.139_r0.432,0.1449,0.45255
BBS12022_5,sim_023_a1.929_r0.437,2.0147,0.45508
BBS12022_5,sim_024_a0.314_r0.069,0.33631,0.03766
BBS12022_5,sim_025_a0.822_r0.324,0.85798,0.38203
BBS12022_5,sim_026_a1.69_r0.693,1.62236,0.72833
BBS12022_5,sim_027_a1.412_r0.436,1.32158,0.46618
BBS12022_5,sim_028_a0.704_r0.294,0.66253,0.33283
BBS12022_5,sim_029_a1.624_r0.568,1.57375,0.59333
BBS12022_5,sim_030_a1.479_r0.188,1.34965,0.22046
BBS12022_5,sim_031_a0.615_r0.17,0.53515,0.145
BBS12022_5,sim_032_a0.147_r0.754,0.14712,0.73697
BBS12022_5,sim_033_a1.088_r0.431,1.07042,0.4394
BBS12022_5,sim_034_a0.954_r0.732,0.92684,0.73109
BBS12022_5,sim_035_a0.462_r0.381,0.47491,0.40636
BBS12022_5,sim_036_a1.667_r0.344,1.38414,0.28162
BBS12022_5,sim_037_a1.509_r0.814,1.65804,0.80159
BBS12022_5,sim_038_a0.536_r0.531,0.5491,0.52909
BBS12022_5,sim_039_a1.661_r0.609,1.66003,0.62299
BBS12022_5,sim_040_a1.36_r0.059,1.30606,0.01
BBS12022_5,sim_041_a0.158_r0.791,0.15022,0.78775
BBS12022_5,sim_042_a0.524_r0.2,0.54486,0.17935
BBS12022_5,sim_043_a0.883_r0.199,0.8581,0.1578
BBS12022_5,sim_044_a1.812_r0.225,1.91836,0.18973
BBS12022_5,sim_045_a1.445_r0.137,1.3935,0.10421
BBS12022_5,sim_046_a0.689_r0.921,0.73019,0.91201
BBS12022_5,sim_047_a0.786_r0.541,0.75571,0.53151
BBS12022_5,sim_048_a1.747_r0.915,1.64013,0.91301
BBS12022_5,sim_049_a0.72_r0.81,0.78893,0.77366
BBS12022_5,sim_050_a1.985_r0.415,2.23552,0.43045
BBS12023_5,sim_001_a0.39_r0.508,0.38732,0.47387
BBS12023_5,sim_002_a1.812_r0.93,2.20861,0.9131
BBS12023_5,sim_003_a1.449_r0.379,1.64904,0.41787
BBS12023_5,sim_004_a1.641_r0.022,1.26828,0.01
BBS12023_5,sim_005_a0.88_r0.27,0.87465,0.20379
BBS12023_5,sim_006_a0.492_r0.378,0.4845,0.38707
BBS12023_5,sim_007_a1.959_r0.454,2.18268,0.46332
BBS12023_5,sim_008_a1.798_r0.814,1.89022,0.80564
BBS12023_5,sim_009_a0.364_r0.62,0.3707,0.56254
BBS12023_5,sim_010_a1.012_r0.075,1.10575,0.09694
BBS12023_5,sim_011_a1.959_r0.888,2.14398,0.90167
BBS12023_5,sim_012_a1.916_r0.047,2.0466,0.13015
BBS12023_5,sim_013_a0.975_r0.51,1.01353,0.42521
BBS12023_5,sim_014_a0.376_r0.195,0.33449,0.14832
BBS12023_5,sim_015_a0.701_r0.524,0.79534,0.55206
BBS12023_5,sim_016_a0.597_r0.877,0.66176,0.86337
BBS12023_5,sim_017_a1.708_r0.154,1.81129,0.3121
BBS12023_5,sim_018_a1.293_r0.689,1.2468,0.71221
BBS12023_5,sim_019_a0.435_r0.646,0.40935,0.62164
BBS12023_5,sim_020_a0.303_r0.686,0.31093,0.68772
BBS12023_5,sim_021_a1.967_r0.283,2.03805,0.27782
BBS12023_5,sim_022_a1.819_r0.638,1.98517,0.59915
BBS12023_5,sim_023_a0.151_r0.283,0.1533,0.24086
BBS12023_5,sim_024_a1.667_r0.372,1.87533,0.39238
BBS12023_5,sim_025_a0.381_r0.621,0.38201,0.65725
BBS12023_5,sim_026_a1.656_r0.324,1.45301,0.29328
BBS12023_5,sim_027_a1.718_r0.234,1.85026,0.26294
BBS12023_5,sim_028_a1.922_r0.201,2.621,0.23022
BBS12023_5,sim_029_a0.671_r0.135,0.61646,0.16048
BBS12023_5,sim_030_a1.168_r0.433,1.01194,0.42588
BBS12023_5,sim_031_a1.476_r0.442,1.30994,0.4929
BBS12023_5,sim_032_a1.264_r0.183,1.1393,0.1486
BBS12023_5,sim_033_a0.283_r0.456,0.27212,0.43269
BBS12023_5,sim_034_a0.706_r0.428,0.62632,0.45079
BBS12023_5,sim_035_a0.636_r0.037,0.58227,0.0405
BBS12023_5,sim_036_a0.516_r0.083,0.47998,0.12769
BBS12023_5,sim_037_a1.039_r0.299,1.01899,0.29829
BBS12023_5,sim_038_a0.788_r0.147,0.74726,0.12036
BBS12023_5,sim_039_a0.896_r0.147,1.03968,0.11184
BBS12023_5,sim_040_a1.087_r0.485,1.11301,0.48248
BBS12023_5,sim_041_a1.565_r0.098,1.69001,0.10955
BBS12023_5,sim_042_a1.92_r0.06,1.74503,0.01449
BBS12023_5,sim_043_a1.467_r0.507,1.74347,0.48646
BBS12023_5,sim_044_a1.212_r0.565,1.20317,0.50029
BBS12023_5,sim_045_a0.582_r0.676,0.61153,0.65658
BBS12023_5,sim_046_a1.807_r0.198,1.88366,0.04317
BBS12023_5,sim_047_a0.213_r0.051,0.21194,0.09653
BBS12023_5,sim_048_a0.816_r0.288,0.74532,0.30153
BBS12023_5,sim_049_a1.937_r0.94,2.06013,0.94445
BBS12023_5,sim_050_a1.486_r0.709,1.68021,0.73642
BBS12026_18,sim_001_a0.196_r0.709,0.20219,0.70006
BBS12026_18,sim_002_a1.054_r0.676,1.02452,0.65255
BBS12026_18,sim_003_a1.646_r0.155,1.59351,0.13868
BBS12026_18,sim_004_a1.25_r0.288,1.28602,0.25619
BBS12026_18,sim_005_a0.838_r0.379,0.85547,0.37671
BBS12026_18,sim_006_a1.084_r0.084,1.12589,0.03951
BBS12026_18,sim_007_a1.832_r0.931,1.91798,0.92307
BBS12026_18,sim_008_a1.259_r0.572,1.26144,0.56151
BBS12026_18,sim_009_a1.386_r0.71,1.42619,0.70353
BBS12026_18,sim_010_a0.471_r0.172,0.47744,0.1691
BBS12026_18,sim_011_a1.426_r0.225,1.45296,0.2329
BBS12026_18,sim_012_a1.28_r0.864,1.31337,0.86839
BBS12026_18,sim_013_a0.597_r0.53,0.56562,0.57723
BBS12026_18,sim_014_a1.595_r0.569,1.6731,0.55932
BBS12026_18,sim_015_a1.021_r0.276,1.01811,0.31649
BBS12026_18,sim_016_a0.82_r0.367,0.84479,0.35294
BBS12026_18,sim_017_a0.695_r0.4,0.67419,0.4157
BBS12026_18,sim_018_a0.104_r0.407,0.10651,0.41818
BBS12026_18,sim_019_a1.311_r0.78,1.34826,0.78386
BBS12026_18,sim_020_a0.467_r0.245,0.4822,0.22597
BBS12026_18,sim_021_a0.145_r0.114,0.14385,0.10694
BBS12026_18,sim_022_a0.92_r0.19,0.89279,0.23813
BBS12026_18,sim_023_a1.579_r0.425,1.51293,0.45723
BBS12026_18,sim_024_a0.3_r0.661,0.2975,0.6718
BBS12026_18,sim_025_a0.805_r0.681,0.80557,0.68691
BBS12026_18,sim_026_a1.135_r0.801,1.10267,0.79267
BBS12026_18,sim_027_a1.039_r0.038,1.03201,0.04101
BBS12026_18,sim_028_a0.768_r0.168,0.77512,0.17243
BBS12026_18,sim_029_a0.449_r0.242,0.46144,0.23437
BBS12026_18,sim_030_a0.232_r0.259,0.23978,0.28083
BBS12026_18,sim_031_a0.83_r0.186,0.81738,0.17665
BBS12026_18,sim_032_a1.651_r0.584,1.69961,0.57474
BBS12026_18,sim_033_a1.492_r0.153,1.52855,0.15614
BBS12026_18,sim_034_a1.505_r0.36,1.51021,0.32532
BBS12026_18,sim_035_a0.999_r0.831,0.97802,0.83844
BBS12026_18,sim_036_a1.437_r0.323,1.47547,0.36409
BBS12026_18,sim_037_a1.867_r0.527,1.9053,0.53146
BBS12026_18,sim_038_a0.304_r0.817,0.29062,0.82905
BBS12026_18,sim_039_a1.461_r0.013,1.40331,0.01
BBS12026_18,sim_040_a1.54_r0.851,1.53008,0.84982
BBS12026_18,sim_041_a0.838_r0.544,0.82402,0.56002
BBS12026_18,sim_042_a0.141_r0.208,0.13873,0.22244
BBS12026_18,sim_043_a1.466_r0.81,1.40034,0.81621
BBS12026_18,sim_044_a0.762_r0.727,0.7106,0.73878
BBS12026_18,sim_045_a0.466_r0.526,0.46964,0.52978
BBS12026_18,sim_046_a0.498_r0.738,0.51716,0.7321
BBS12026_18,sim_047_a0.538_r0.41,0.50879,0.40675
BBS12026_18,sim_048_a0.337_r0.584,0.33228,0.59718
BBS12026_18,sim_049_a1.505_r0.921,1.5065,0.90875
BBS12026_18,sim_050_a1.997_r0.587,2.0679,0.58238
BBS12027_13,sim_001_a0.399_r0.259,0.39431,0.25602
BBS12027_13,sim_002_a0.883_r0.362,0.87989,0.42399
BBS12027_13,sim_003_a0.204_r0.755,0.19899,0.75991
BBS12027_13,sim_004_a1.851_r0.384,1.6697,0.34965
BBS12027_13,sim_005_a1.687_r0.26,1.63822,0.2255
BBS12027_13,sim_006_a0.661_r0.814,0.62981,0.82786
BBS12027_13,sim_007_a0.157_r0.374,0.15273,0.33754
BBS12027_13,sim_008_a1.014_r0.273,0.9791,0.27282
BBS12027_13,sim_009_a1.915_r0.746,2.02096,0.74833
BBS12027_13,sim_010_a1.346_r0.198,1.29533,0.171
BBS12027_13,sim_011_a1.221_r0.728,1.2945,0.74313
BBS12027_13,sim_012_a0.141_r0.409,0.13424,0.40072
BBS12027_13,sim_013_a1.011_r0.291,0.96475,0.3088
BBS12027_13,sim_014_a1.655_r0.535,1.69559,0.49573
BBS12027_13,sim_015_a1.903_r0.346,2.03495,0.32488
BBS12027_13,sim_016_a0.703_r0.311,0.7126,0.27809
BBS12027_13,sim_017_a1.52_r0.852,1.56951,0.8612
BBS12027_13,sim_018_a1.513_r0.874,1.42356,0.89076
BBS12027_13,sim_019_a0.459_r0.916,0.46214,0.92482
BBS12027_13,sim_020_a1.779_r0.415,1.69999,0.41043
BBS12027_13,sim_021_a0.458_r0.475,0.48006,0.46044
BBS12027_13,sim_022_a0.46_r0.105,0.46194,0.11972
BBS12027_13,sim_023_a1.332_r0.44,1.30343,0.43037
BBS12027_13,sim_024_a1.233_r0.148,1.25932,0.17702
BBS12027_13,sim_025_a1.389_r0.282,1.48611,0.26722
BBS12027_13,sim_026_a1.272_r0.434,1.18849,0.46321
BBS12027_13,sim_027_a1.827_r0.328,1.67596,0.33156
BBS12027_13,sim_028_a1.52_r0.165,1.56239,0.20461
BBS12027_13,sim_029_a1.607_r0.87,1.67975,0.87316
BBS12027_13,sim_030_a1.432_r0.592,1.42218,0.62212
BBS12027_13,sim_031_a1.765_r0.16,1.66068,0.16619
BBS12027_13,sim_032_a1.283_r0.654,1.30102,0.65364
BBS12027_13,sim_033_a0.501_r0.368,0.50113,0.34823
BBS12027_13,sim_034_a0.883_r0.097,0.83505,0.08703
BBS12027_13,sim_035_a0.803_r0.786,0.78014,0.79137
BBS12027_13,sim_036_a0.618_r0.899,0.66504,0.88988
BBS12027_13,sim_037_a0.393_r0.59,0.40433,0.60394
BBS12027_13,sim_038_a1.46_r0.354,1.51718,0.36545
BBS12027_13,sim_039_a0.605_r0.154,0.59893,0.12869
BBS12027_13,sim_040_a1.329_r0.387,1.39315,0.41698
BBS12027_13,sim_041_a0.964_r0.406,0.91564,0.38817
BBS12027_13,sim_042_a1.345_r0.675,1.36416,0.67833
BBS12027_13,sim_043_a1.998_r0.905,1.99902,0.91086
BBS12027_13,sim_044_a1.987_r0.283,2.07759,0.27665
BBS12027_13,sim_045_a1.758_r0.167,1.79852,0.16828
BBS12027_13,sim_046_a1.449_r0.107,1.51142,0.08089
BBS12027_13,sim_047_a1.277_r0.344,1.23697,0.30542
BBS12027_13,sim_048_a0.383_r0.86,0.40672,0.84816
BBS12027_13,sim_049_a1.183_r0.622,1.21299,0.62959
BBS12027_13,sim_050_a1.988_r0.742,2.10918,0.76116
BBS12028_8,sim_001_a1.014_r0.333,0.94525,0.29763
BBS12028_8,sim_002_a1.002_r0.3,1.02086,0.30508
BBS12028_8,sim_003_a0.792_r0.919,0.85954,0.92931
BBS12028_8,sim_004_a1.394_r0.508,1.31361,0.49023
BBS12028_8,sim_005_a1.147_r0.502,1.06563,0.5087
BBS12028_8,sim_006_a1.697_r0.322,1.4835,0.34669
BBS12028_8,sim_007_a1.615_r0.825,1.66788,0.81104
BBS12028_8,sim_008_a0.555_r0.083,0.55788,0.03545
BBS12028_8,sim_009_a0.88_r0.059,0.85462,0.01
BBS12028_8,sim_010_a0.198_r0.546,0.19775,0.51683
BBS12028_8,sim_011_a1.601_r0.913,1.73878,0.90945
BBS12028_8,sim_012_a0.167_r0.913,0.15173,0.91947
BBS12028_8,sim_013_a0.964_r0.679,0.95827,0.71071
BBS12028_8,sim_014_a0.951_r0.148,0.89139,0.12941
BBS12028_8,sim_015_a0.615_r0.148,0.60849,0.14901
BBS12028_8,sim_016_a0.824_r0.335,0.77923,0.34716
BBS12028_8,sim_017_a0.512_r0.804,0.45508,0.79134
BBS12028_8,sim_018_a0.474_r0.21,0.46384,0.24429
BBS12028_8,sim_019_a1.205_r0.283,1.23707,0.29241
BBS12028_8,sim_020_a0.194_r0.476,0.19026,0.48326
BBS12028_8,sim_021_a0.696_r0.923,0.68598,0.92477
BBS12028_8,sim_022_a1.734_r0.663,1.51113,0.66913
BBS12028_8,sim_023_a0.507_r0.293,0.50308,0.27901
BBS12028_8,sim_024_a1.291_r0.924,1.2241,0.93319
BBS12028_8,sim_025_a1.618_r0.835,1.68144,0.82639
BBS12028_8,sim_026_a1.163_r0.899,1.16931,0.89962
BBS12028_8,sim_027_a0.902_r0.451,0.96911,0.48379
BBS12028_8,sim_028_a0.117_r0.689,0.12117,0.67593
BBS12028_8,sim_029_a0.863_r0.207,0.89764,0.21596
BBS12028_8,sim_030_a0.724_r0.249,0.75032,0.22449
BBS12028_8,sim_031_a1.849_r0.527,1.80575,0.55129
BBS12028_8,sim_032_a0.187_r0.896,0.1969,0.89184
BBS12028_8,sim_033_a0.733_r0.099,0.68311,0.10793
BBS12028_8,sim_034_a1.968_r0.118,2.0039,0.09035
BBS12028_8,sim_035_a0.388_r0.011,0.39636,0.01
BBS12028_8,sim_036_a0.444_r0.588,0.4714,0.58616
BBS12028_8,sim_037_a0.234_r0.538,0.20938,0.51214
BBS12028_8,sim_038_a1.467_r0.762,1.52297,0.77268
BBS12028_8,sim_039_a1.115_r0.084,1.25297,0.05956
BBS12028_8,sim_040_a1.527_r0.592,1.50031,0.58072
BBS12028_8,sim_041_a0.97_r0.322,0.93452,0.33017
BBS12028_8,sim_042_a0.156_r0.02,0.15948,0.01
BBS12028_8,sim_043_a0.889_r0.851,0.85403,0.83231
BBS12028_8,sim_044_a0.534_r0.342,0.51477,0.41972
BBS12028_8,sim_045_a1.99_r0.648,1.81061,0.6525
BBS12028_8,sim_046_a1.391_r0.578,1.34746,0.55471
BBS12028_8,sim_047_a0.619_r0.918,0.56595,0.92883
BBS12028_8,sim_048_a1.685_r0.221,1.72479,0.18061
BBS12028_8,sim_049_a0.233_r0.169,0.24173,0.16007
BBS12028_8,sim_050_a1.468_r0.644,1.48875,0.64585
BBS12029_12,sim_001_a1.366_r0.075,1.35252,0.02575
BBS12029_12,sim_002_a1.413_r0.056,1.48101,0.0657
BBS12029_12,sim_003_a1.849_r0.831,1.79328,0.83628
BBS12029_12,sim_004_a1.837_r0.051,1.68083,0.01
BBS12029_12,sim_005_a1.996_r0.183,2.15331,0.28754
BBS12029_12,sim_006_a1.454_r0.397,1.43465,0.39657
BBS12029_12,sim_007_a1.575_r0.031,1.74586,0.09141
BBS12029_12,sim_008_a1.707_r0.415,1.75077,0.44889
BBS12029_12,sim_009_a1.609_r0.716,1.70349,0.70542
BBS12029_12,sim_010_a1.914_r0.106,2.0835,0.23176
BBS12029_12,sim_011_a1.319_r0.41,1.28622,0.48092
BBS12029_12,sim_012_a0.958_r0.038,0.90656,0.03787
BBS12029_12,sim_013_a1.393_r0.351,1.44448,0.38293
BBS12029_12,sim_014_a1.03_r0.901,1.07649,0.89836
BBS12029_12,sim_015_a0.702_r0.072,0.73379,0.08617
BBS12029_12,sim_016_a1.257_r0.108,1.21129,0.1116
BBS12029_12,sim_017_a1.772_r0.275,1.73798,0.1905
BBS12029_12,sim_018_a1.163_r0.525,1.08352,0.51842
BBS12029_12,sim_019_a1.37_r0.448,1.31283,0.37231
BBS12029_12,sim_020_a1.729_r0.327,1.81232,0.32756
BBS12029_12,sim_021_a0.962_r0.179,1.02584,0.21702
BBS12029_12,sim_022_a1.486_r0.31,1.32444,0.34615
BBS12029_12,sim_023_a1.566_r0.51,1.44163,0.4965
BBS12029_12,sim_024_a1.513_r0.742,1.56045,0.77297
BBS12029_12,sim_025_a1.863_r0.641,1.74518,0.62104
BBS12029_12,sim_026_a0.787_r0.587,0.85836,0.57121
BBS12029_12,sim_027_a1.176_r0.575,1.20871,0.61993
BBS12029_12,sim_028_a1.092_r0.622,1.16202,0.65161
BBS12029_12,sim_029_a0.152_r0.253,0.14605,0.26124
BBS12029_12,sim_030_a0.306_r0.629,0.31487,0.61982
BBS12029_12,sim_031_a1.691_r0.816,1.62654,0.82054
BBS12029_12,sim_032_a0.827_r0.482,0.89855,0.49525
BBS12029_12,sim_033_a1.236_r0.946,1.29094,0.94172
BBS12029_12,sim_034_a1.725_r0.809,1.81792,0.80725
BBS12029_12,sim_035_a0.451_r0.649,0.43045,0.61602
BBS12029_12,sim_036_a0.175_r0.884,0.17371,0.88184
BBS12029_12,sim_037_a0.92_r0.314,0.86072,0.35233
BBS12029_12,sim_038_a1.223_r0.715,1.23613,0.72403
BBS12029_12,sim_039_a1.645_r0.464,1.76685,0.40641
BBS12029_12,sim_040_a0.129_r0.503,0.12688,0.48868
BBS12029_12,sim_041_a0.478_r0.442,0.4747,0.42532
BBS12029_12,sim_042_a0.616_r0.454,0.64363,0.454
BBS12029_12,sim_043_a0.373_r0.413,0.38704,0.44871
BBS12029_12,sim_044_a1.868_r0.561,1.74675,0.58655
BBS12029_12,sim_045_a0.782_r0.865,0.84383,0.84898
BBS12029_12,sim_046_a0.69_r0.38,0.68134,0.35211
BBS12029_12,sim_047_a1.295_r0.403,1.30727,0.30729
BBS12029_12,sim_048_a1.693_r0.948,1.82232,0.95119
BBS12029_12,sim_049_a0.206_r0.717,0.1972,0.72769
BBS12029_12,sim_050_a1.117_r0.086,1.13862,0.04749
BBS12030_6,sim_001_a1.695_r0.221,1.58384,0.16663
BBS12030_6,sim_002_a1.602_r0.16,1.3283,0.09198
BBS12030_6,sim_003_a1.569_r0.191,1.61168,0.21469
BBS12030_6,sim_004_a1.586_r0.788,1.39235,0.76854
BBS12030_6,sim_005_a1.078_r0.318,1.07626,0.35711
BBS12030_6,sim_006_a1.594_r0.747,1.72441,0.75648
BBS12030_6,sim_007_a1.788_r0.876,2.06119,0.88815
BBS12030_6,sim_008_a0.367_r0.674,0.3534,0.65704
BBS12030_6,sim_009_a0.762_r0.875,0.78367,0.87416
BBS12030_6,sim_010_a0.405_r0.163,0.39012,0.12928
BBS12030_6,sim_011_a1.451_r0.371,1.33218,0.31531
BBS12030_6,sim_012_a1.731_r0.369,1.47465,0.29282
BBS12030_6,sim_013_a1.726_r0.877,1.76594,0.89849
BBS12030_6,sim_014_a0.839_r0.032,0.844,0.06035
BBS12030_6,sim_015_a0.197_r0.542,0.20363,0.52339
BBS12030_6,sim_016_a1.308_r0.874,1.39824,0.87843
BBS12030_6,sim_017_a0.566_r0.915,0.61222,0.91882
BBS12030_6,sim_018_a1.08_r0.735,1.22986,0.76056
BBS12030_6,sim_019_a1.068_r0.222,1.14743,0.22895
BBS12030_6,sim_020_a1.988_r0.801,1.74781,0.75539
BBS12030_6,sim_021_a1.576_r0.802,1.68191,0.79469
BBS12030_6,sim_022_a1.37_r0.424,1.39786,0.41514
BBS12030_6,sim_023_a1.181_r0.741,1.44728,0.71292
BBS12030_6,sim_024_a0.553_r0.102,0.49372,0.07168
BBS12030_6,sim_025_a0.465_r0.664,0.4069,0.66782
BBS12030_6,sim_026_a0.162_r0.024,0.15969,0.05104
BBS12030_6,sim_027_a0.496_r0.402,0.47584,0.43316
BBS12030_6,sim_028_a1.924_r0.191,2.00373,0.10509
BBS12030_6,sim_029_a1.12_r0.465,1.10081,0.35481
BBS12030_6,sim_030_a1.3_r0.328,1.34364,0.30581
BBS12030_6,sim_031_a1.023_r0.907,1.19974,0.90833
BBS12030_6,sim_032_a1.358_r0.326,1.44203,0.35152
BBS12030_6,sim_033_a0.448_r0.11,0.44952,0.06464
BBS12030_6,sim_034_a1.351_r0.102,1.69682,0.058
BBS12030_6,sim_035_a1.939_r0.757,1.70418,0.73727
BBS12030_6,sim_036_a1.109_r0.338,1.18156,0.43534
BBS12030_6,sim_037_a0.309_r0.064,0.32166,0.10888
BBS12030_6,sim_038_a1.279_r0.084,1.4136,0.01
BBS12030_6,sim_039_a1.308_r0.17,1.18443,0.10359
BBS12030_6,sim_040_a1.296_r0.366,1.42566,0.27688
BBS12030_6,sim_041_a0.34_r0.648,0.37069,0.65118
BBS12030_6,sim_042_a0.749_r0.291,0.75356,0.30058
BBS12030_6,sim_043_a1.009_r0.18,0.95445,0.17794
BBS12030_6,sim_044_a1.068_r0.527,1.03082,0.52968
BBS12030_6,sim_045_a1.335_r0.611,1.19235,0.63305
BBS12030_6,sim_046_a0.366_r0.056,0.36754,0.07291
BBS12030_6,sim_047_a0.823_r0.418,0.74841,0.36194
BBS12030_6,sim_048_a1.214_r0.555,1.01543,0.57079
BBS12030_6,sim_049_a1.421_r0.595,1.40076,0.504
BBS12030_6,sim_050_a1.404_r0.567,1.54961,0.63323
BBS12031_10,sim_001_a1.069_r0.779,1.07893,0.77962
BBS12031_10,sim_002_a0.94_r0.083,0.97006,0.06232
BBS12031_10,sim_003_a0.579_r0.583,0.54182,0.56944
BBS12031_10,sim_004_a1.945_r0.886,2.21108,0.89664
BBS12031_10,sim_005_a0.285_r0.427,0.27908,0.41048
BBS12031_10,sim_006_a0.17_r0.028,0.17391,0.05452
BBS12031_10,sim_007_a1.783_r0.864,1.78505,0.86532
BBS12031_10,sim_008_a1.436_r0.579,1.42622,0.58706
BBS12031_10,sim_009_a0.437_r0.24,0.43654,0.26989
BBS12031_10,sim_010_a1.907_r0.707,1.77264,0.67988
BBS12031_10,sim_011_a1.266_r0.053,1.37001,0.0493
BBS12031_10,sim_012_a1.032_r0.615,1.02855,0.62344
BBS12031_10,sim_013_a1.813_r0.648,1.8787,0.64713
BBS12031_10,sim_014_a0.453_r0.136,0.43464,0.11713
BBS12031_10,sim_015_a1.839_r0.203,2.03001,0.23173
BBS12031_10,sim_016_a1.288_r0.918,1.34475,0.91473
BBS12031_10,sim_017_a0.556_r0.283,0.58161,0.28355
BBS12031_10,sim_018_a1.443_r0.849,1.26306,0.85756
BBS12031_10,sim_019_a1.972_r0.176,2.10266,0.17079
BBS12031_10,sim_020_a0.988_r0.359,0.98384,0.36263
BBS12031_10,sim_021_a0.674_r0.813,0.67867,0.81953
BBS12031_10,sim_022_a1.812_r0.33,1.84086,0.30354
BBS12031_10,sim_023_a0.139_r0.812,0.1266,0.80944
BBS12031_10,sim_024_a0.198_r0.204,0.19342,0.20062
BBS12031_10,sim_025_a1.412_r0.438,1.38835,0.38884
BBS12031_10,sim_026_a1.719_r0.672,1.77906,0.62046
BBS12031_10,sim_027_a0.624_r0.324,0.64938,0.32591
BBS12031_10,sim_028_a1.993_r0.115,1.77326,0.09001
BBS12031_10,sim_029_a1.97_r0.349,2.01,0.35024
BBS12031_10,sim_030_a1.646_r0.254,1.72983,0.22775
BBS12031_10,sim_031_a1.682_r0.069,1.72004,0.09183
BBS12031_10,sim_032_a1.494_r0.319,1.45714,0.35625
BBS12031_10,sim_033_a0.235_r0.531,0.2295,0.49602
BBS12031_10,sim_034_a0.447_r0.326,0.44201,0.27908
BBS12031_10,sim_035_a1.164_r0.886,1.25169,0.88485
BBS12031_10,sim_036_a1.244_r0.057,1.23552,0.04004
BBS12031_10,sim_037_a0.721_r0.26,0.6962,0.2638
BBS12031_10,sim_038_a1.651_r0.535,1.64314,0.51668
BBS12031_10,sim_039_a0.18_r0.747,0.17924,0.74282
BBS12031_10,sim_040_a0.734_r0.025,0.70837,0.01
BBS12031_10,sim_041_a0.279_r0.655,0.27916,0.64533
BBS12031_10,sim_042_a1.485_r0.077,1.53765,0.09196
BBS12031_10,sim_043_a1.502_r0.489,1.59892,0.48516
BBS12031_10,sim_044_a1.115_r0.865,1.09795,0.86957
BBS12031_10,sim_045_a0.936_r0.268,0.9742,0.24614
BBS12031_10,sim_046_a0.884_r0.076,0.90268,0.08562
BBS12031_10,sim_047_a1.688_r0.518,1.53583,0.48104
BBS12031_10,sim_048_a0.857_r0.626,0.8627,0.62205
BBS12031_10,sim_049_a0.177_r0.79,0.16856,0.8027
BBS12031_10,sim_050_a0.425_r0.776,0.41405,0.76444
BBS12032_9,sim_001_a0.263_r0.637,0.25124,0.61829
BBS12032_9,sim_002_a0.784_r0.84,0.80235,0.83338
BBS12032_9,sim_003_a1.883_r0.162,1.90472,0.20206
BBS12032_9,sim_004_a1.973_r0.916,1.66917,0.92831
BBS12032_9,sim_005_a1.65_r0.582,1.78475,0.61256
BBS12032_9,sim_006_a1.245_r0.548,1.27128,0.50723
BBS12032_9,sim_007_a0.851_r0.922,0.824,0.92396
BBS12032_9,sim_008_a0.317_r0.469,0.31176,0.47968
BBS12032_9,sim_009_a0.647_r0.81,0.6381,0.81639
BBS12032_9,sim_010_a1.487_r0.819,1.44535,0.80325
BBS12032_9,sim_011_a0.472_r0.389,0.4615,0.38774
BBS12032_9,sim_012_a1.443_r0.517,1.49567,0.5041
BBS12032_9,sim_013_a1.939_r0.858,1.83414,0.82421
BBS12032_9,sim_014_a1.385_r0.701,1.49843,0.6551
BBS12032_9,sim_015_a0.487_r0.165,0.48489,0.20168
BBS12032_9,sim_016_a0.455_r0.261,0.43653,0.2606
BBS12032_9,sim_017_a1.14_r0.564,1.18958,0.54174
BBS12032_9,sim_018_a1.672_r0.496,1.57889,0.5155
BBS12032_9,sim_019_a1.484_r0.685,1.56034,0.68544
BBS12032_9,sim_020_a1.031_r0.85,0.98355,0.83498
BBS12032_9,sim_021_a1.667_r0.64,1.60642,0.64665
BBS12032_9,sim_022_a1.68_r0.112,1.70398,0.11771
BBS12032_9,sim_023_a0.706_r0.463,0.73239,0.4357
BBS12032_9,sim_024_a0.668_r0.682,0.6638,0.65522
BBS12032_9,sim_025_a0.662_r0.872,0.5816,0.88785
BBS12032_9,sim_026_a0.194_r0.668,0.19194,0.65613
BBS12032_9,sim_027_a1.861_r0.629,1.84956,0.64804
BBS12032_9,sim_028_a1.962_r0.604,2.16677,0.60294
BBS12032_9,sim_029_a1.131_r0.094,1.10098,0.09107
BBS12032_9,sim_030_a1.505_r0.385,1.56828,0.42198
BBS12032_9,sim_031_a1.723_r0.855,1.7071,0.85856
BBS12032_9,sim_032_a1.807_r0.237,1.75879,0.26802
BBS12032_9,sim_033_a0.436_r0.543,0.44716,0.51519
BBS12032_9,sim_034_a1.223_r0.642,1.23893,0.66003
BBS12032_9,sim_035_a1.261_r0.806,1.17596,0.80751
BBS12032_9,sim_036_a1.04_r0.237,1.05344,0.23887
BBS12032_9,sim_037_a0.45_r0.287,0.47532,0.2443
BBS12032_9,sim_038_a1.916_r0.38,2.01942,0.36785
BBS12032_9,sim_039_a0.384_r0.843,0.40122,0.83185
BBS12032_9,sim_040_a0.649_r0.549,0.62547,0.53591
BBS12032_9,sim_041_a0.987_r0.669,0.99054,0.68018
BBS12032_9,sim_042_a1.977_r0.628,2.15428,0.61997
BBS12032_9,sim_043_a1.22_r0.551,1.31443,0.60131
BBS12032_9,sim_044_a0.599_r0.464,0.60691,0.47212
BBS12032_9,sim_045_a0.403_r0.638,0.38668,0.62399
BBS12032_9,sim_046_a0.323_r0.228,0.31958,0.22292
BBS12032_9,sim_047_a1.747_r0.728,1.7513,0.70851
BBS12032_9,sim_048_a1.93_r0.654,1.8828,0.65455
BBS12032_9,sim_049_a0.281_r0.692,0.29467,0.69089
BBS12032_9,sim_050_a1.474_r0.423,1.26927,0.44731
BBS12033_7,sim_001_a1.544_r0.102,1.42214,0.0838
BBS12033_7,sim_002_a1.349_r0.378,1.30564,0.325
BBS12033_7,sim_003_a0.332_r0.237,0.32762,0.2304
BBS12033_7,sim_004_a0.465_r0.386,0.47964,0.37518
BBS12033_7,sim_005_a0.114_r0.608,0.1097,0.62315
BBS12033_7,sim_006_a0.871_r0.071,0.85746,0.06117
BBS12033_7,sim_007_a0.622_r0.555,0.64293,0.55395
BBS12033_7,sim_008_a0.819_r0.289,0.74291,0.30769
BBS12033_7,sim_009_a1.238_r0.308,1.18945,0.27632
BBS12033_7,sim_010_a1.328_r0.632,1.27962,0.62333
BBS12033_7,sim_011_a1.835_r0.751,1.68227,0.76547
BBS12033_7,sim_012_a1.854_r0.87,1.92107,0.87178
BBS12033_7,sim_013_a1.818_r0.545,1.83893,0.54436
BBS12033_7,sim_014_a0.866_r0.587,0.85772,0.55462
BBS12033_7,sim_015_a1.524_r0.095,1.4981,0.09115
BBS12033_7,sim_016_a0.219_r0.376,0.22244,0.34874
BBS12033_7,sim_017_a1.616_r0.154,1.72524,0.17108
BBS12033_7,sim_018_a1.138_r0.536,1.13026,0.52687
BBS12033_7,sim_019_a0.436_r0.37,0.45527,0.33922
BBS12033_7,sim_020_a1.288_r0.596,1.35173,0.66354
BBS12033_7,sim_021_a0.43_r0.146,0.43926,0.16173
BBS12033_7,sim_022_a0.68_r0.178,0.69588,0.20886
BBS12033_7,sim_023_a1.907_r0.913,2.1413,0.9367
BBS12033_7,sim_024_a1.675_r0.947,1.68127,0.94993
BBS12033_7,sim_025_a0.988_r0.283,0.88827,0.29377
BBS12033_7,sim_026_a0.551_r0.253,0.52922,0.23332
BBS12033_7,sim_027_a1.606_r0.312,1.77308,0.31411
BBS12033_7,sim_028_a0.893_r0.564,0.90632,0.55857
BBS12033_7,sim_029_a0.377_r0.271,0.35692,0.25938
BBS12033_7,sim_030_a1.043_r0.213,1.06716,0.1918
BBS12033_7,sim_031_a0.377_r0.103,0.38566,0.08469
BBS12033_7,sim_032_a0.565_r0.271,0.5288,0.23837
BBS12033_7,sim_033_a1.756_r0.427,1.72531,0.45845
BBS12033_7,sim_034_a0.39_r0.846,0.40695,0.84442
BBS12033_7,sim_035_a1.221_r0.327,1.16761,0.29241
BBS12033_7,sim_036_a1.832_r0.056,1.65459,0.12859
BBS12033_7,sim_037_a1.14_r0.875,1.23081,0.83438
BBS12033_7,sim_038_a1.385_r0.147,1.33987,0.15688
BBS12033_7,sim_039_a1.054_r0.825,1.11235,0.84062
BBS12033_7,sim_040_a0.868_r0.769,0.89634,0.75491
BBS12033_7,sim_041_a0.677_r0.456,0.65077,0.44403
BBS12033_7,sim_042_a0.728_r0.493,0.70135,0.46482
BBS12033_7,sim_043_a0.571_r0.517,0.54842,0.52364
BBS12033_7,sim_044_a0.402_r0.533,0.40965,0.51176
BBS12033_7,sim_045_a0.738_r0.473,0.70991,0.48627
BBS12033_7,sim_046_a1.205_r0.711,1.30124,0.70909
BBS12033_7,sim_047_a1.62_r0.466,1.81425,0.50398
BBS12033_7,sim_048_a0.981_r0.019,1.03785,0.01665
BBS12033_7,sim_049_a0.437_r0.806,0.47712,0.78156
BBS12033_7,sim_050_a0.96_r0.21,0.99149,0.23341
BBS12035_27,sim_001_a0.86_r0.626,0.85239,0.60855
BBS12035_27,sim_002_a0.447_r0.868,0.48707,0.86001
BBS12035_27,sim_003_a1.892_r0.333,1.85583,0.335
BBS12035_27,sim_004_a1.65_r0.874,1.67178,0.86826
BBS12035_27,sim_005_a0.79_r0.572,0.82207,0.58037
BBS12035_27,sim_006_a1.124_r0.746,1.13752,0.73648
BBS12035_27,sim_007_a0.616_r0.067,0.62287,0.07691
BBS12035_27,sim_008_a1.278_r0.13,1.25572,0.12958
BBS12035_27,sim_009_a0.542_r0.223,0.5331,0.21588
BBS12035_27,sim_010_a1.615_r0.905,1.62262,0.88869
BBS12035_27,sim_011_a1.056_r0.056,1.07406,0.03647
BBS12035_27,sim_012_a1.162_r0.776,1.13846,0.79637
BBS12035_27,sim_013_a0.185_r0.835,0.18487,0.8416
BBS12035_27,sim_014_a1.168_r0.564,1.18562,0.53116
BBS12035_27,sim_015_a1.449_r0.605,1.38309,0.56596
BBS12035_27,sim_016_a1.736_r0.537,1.68959,0.52746
BBS12035_27,sim_017_a1.849_r0.268,1.82451,0.27963
BBS12035_27,sim_018_a1.85_r0.388,1.7386,0.38542
BBS12035_27,sim_019_a0.101_r0.177,0.10174,0.20402
BBS12035_27,sim_020_a1.247_r0.207,1.15174,0.21466
BBS12035_27,sim_021_a1.843_r0.445,1.85253,0.46424
BBS12035_27,sim_022_a0.86_r0.207,0.8402,0.21877
BBS12035_27,sim_023_a0.763_r0.432,0.80504,0.40727
BBS12035_27,sim_024_a0.118_r0.438,0.11745,0.43542
BBS12035_27,sim_025_a0.417_r0.347,0.44185,0.34323
BBS12035_27,sim_026_a0.537_r0.345,0.53906,0.36006
BBS12035_27,sim_027_a0.185_r0.334,0.18185,0.34065
BBS12035_27,sim_028_a1.148_r0.026,1.13014,0.01144
BBS12035_27,sim_029_a1.176_r0.307,1.20191,0.31053
BBS12035_27,sim_030_a1.683_r0.95,1.60905,0.94239
BBS12035_27,sim_031_a1.833_r0.292,1.70775,0.31881
BBS12035_27,sim_032_a1.742_r0.882,1.72563,0.89501
BBS12035_27,sim_033_a1.114_r0.446,1.11824,0.43068
BBS12035_27,sim_034_a1.452_r0.938,1.46833,0.93082
BBS12035_27,sim_035_a0.536_r0.374,0.55337,0.39712
BBS12035_27,sim_036_a1.685_r0.414,1.60854,0.38792
BBS12035_27,sim_037_a1.968_r0.785,2.0375,0.7802
BBS12035_27,sim_038_a0.381_r0.815,0.37409,0.81316
BBS12035_27,sim_039_a0.558_r0.546,0.54974,0.55992
BBS12035_27,sim_040_a0.289_r0.239,0.27695,0.20314
BBS12035_27,sim_041_a1.794_r0.594,1.7969,0.59348
BBS12035_27,sim_042_a1.756_r0.766,1.73594,0.77109
BBS12035_27,sim_043_a1.403_r0.724,1.35117,0.70335
BBS12035_27,sim_044_a0.898_r0.546,0.93764,0.51775
BBS12035_27,sim_045_a0.752_r0.883,0.74747,0.88363
BBS12035_27,sim_046_a0.237_r0.726,0.24454,0.72581
BBS12035_27,sim_047_a1.738_r0.102,1.83301,0.1201
BBS12035_27,sim_048_a0.897_r0.803,0.90311,0.8136
BBS12035_27,sim_049_a0.718_r0.818,0.72991,0.80891
BBS12035_27,sim_050_a1.382_r0.026,1.40086,0.03144
BBS12036_7,sim_001_a1.855_r0.868,1.53571,0.79541
BBS12036_7,sim_002_a1.488_r0.14,1.59923,0.12768
BBS12036_7,sim_003_a1.028_r0.877,0.94168,0.85462
BBS12036_7,sim_004_a0.62_r0.482,0.59797,0.42239
BBS12036_7,sim_005_a0.854_r0.451,0.86773,0.41951
BBS12036_7,sim_006_a0.7_r0.686,0.6769,0.69624
BBS12036_7,sim_007_a1.352_r0.333,1.47078,0.3537
BBS12036_7,sim_008_a0.976_r0.81,0.85885,0.79217
BBS12036_7,sim_009_a0.505_r0.718,0.52619,0.71616
BBS12036_7,sim_010_a1.162_r0.045,1.27211,0.0821
BBS12036_7,sim_011_a0.14_r0.472,0.14249,0.46086
BBS12036_7,sim_012_a0.711_r0.076,0.79537,0.08175
BBS12036_7,sim_013_a0.951_r0.034,0.94526,0.01
BBS12036_7,sim_014_a1.867_r0.644,1.89205,0.62444
BBS12036_7,sim_015_a1.424_r0.595,1.65412,0.61019
BBS12036_7,sim_016_a1.89_r0.232,1.81726,0.18912
BBS12036_7,sim_017_a1.821_r0.186,2.00469,0.32288
BBS12036_7,sim_018_a0.514_r0.61,0.56726,0.63049
BBS12036_7,sim_019_a0.921_r0.855,1.10354,0.86657
BBS12036_7,sim_020_a0.483_r0.034,0.45353,0.05675
BBS12036_7,sim_021_a0.368_r0.318,0.36575,0.3132
BBS12036_7,sim_022_a0.459_r0.013,0.40793,0.06802
BBS12036_7,sim_023_a0.192_r0.906,0.19722,0.92557
BBS12036_7,sim_024_a1.67_r0.48,2.01047,0.4209
BBS12036_7,sim_025_a1.932_r0.232,1.92037,0.20878
BBS12036_7,sim_026_a0.965_r0.43,0.96791,0.44793
BBS12036_7,sim_027_a0.765_r0.189,0.80019,0.22614
BBS12036_7,sim_028_a1.32_r0.463,1.39991,0.49357
BBS12036_7,sim_029_a0.621_r0.257,0.56464,0.24639
BBS12036_7,sim_030_a0.945_r0.097,0.89251,0.06154
BBS12036_7,sim_031_a0.621_r0.605,0.59758,0.57475
BBS12036_7,sim_032_a1.154_r0.692,1.10862,0.76113
BBS12036_7,sim_033_a1.924_r0.104,1.72137,0.17201
BBS12036_7,sim_034_a0.35_r0.896,0.36887,0.90222
BBS12036_7,sim_035_a1.638_r0.348,1.81713,0.3434
BBS12036_7,sim_036_a1.982_r0.625,1.46344,0.5936
BBS12036_7,sim_037_a0.743_r0.177,0.71902,0.11319
BBS12036_7,sim_038_a1.082_r0.166,1.04233,0.11864
BBS12036_7,sim_039_a1.13_r0.657,1.27117,0.6626
BBS12036_7,sim_040_a0.901_r0.118,0.89787,0.11694
BBS12036_7,sim_041_a1.572_r0.535,1.43119,0.49
BBS12036_7,sim_042_a1.165_r0.774,1.0186,0.76634
BBS12036_7,sim_043_a0.847_r0.315,0.90357,0.3854
BBS12036_7,sim_044_a1.253_r0.761,1.22815,0.80332
BBS12036_7,sim_045_a1.292_r0.376,1.28624,0.439
BBS12036_7,sim_046_a0.203_r0.085,0.18333,0.06367
BBS12036_7,sim_047_a1.682_r0.201,1.98771,0.24878
BBS12036_7,sim_048_a1.616_r0.279,1.5959,0.34865
BBS12036_7,sim_049_a1.712_r0.362,1.63076,0.40932
BBS12036_7,sim_050_a1.619_r0.722,1.4552,0.68826
BBS12037_13,sim_001_a0.781_r0.528,0.79462,0.53394
BBS12037_13,sim_002_a1.598_r0.497,1.59676,0.48423
BBS12037_13,sim_003_a1.712_r0.335,1.73863,0.37386
BBS12037_13,sim_004_a1.079_r0.496,1.06636,0.46884
BBS12037_13,sim_005_a0.395_r0.633,0.39427,0.6271
BBS12037_13,sim_006_a0.77_r0.301,0.74682,0.3171
BBS12037_13,sim_007_a1.678_r0.272,1.6826,0.23332
BBS12037_13,sim_008_a0.904_r0.097,0.89772,0.09449
BBS12037_13,sim_009_a1.705_r0.239,1.83778,0.23055
BBS12037_13,sim_010_a1.551_r0.301,1.52282,0.24871
BBS12037_13,sim_011_a0.661_r0.766,0.69678,0.75891
BBS12037_13,sim_012_a0.892_r0.448,0.83417,0.46564
BBS12037_13,sim_013_a1.946_r0.508,1.89403,0.531
BBS12037_13,sim_014_a1.248_r0.622,1.28361,0.61799
BBS12037_13,sim_015_a0.353_r0.829,0.35348,0.85461
BBS12037_13,sim_016_a1.016_r0.714,1.02197,0.70083
BBS12037_13,sim_017_a1.233_r0.874,1.18129,0.8752
BBS12037_13,sim_018_a0.857_r0.189,0.84891,0.15815
BBS12037_13,sim_019_a1.163_r0.434,1.17428,0.42899
BBS12037_13,sim_020_a0.783_r0.457,0.7882,0.44527
BBS12037_13,sim_021_a1.269_r0.305,1.22142,0.31431
BBS12037_13,sim_022_a1.692_r0.146,1.57975,0.09002
BBS12037_13,sim_023_a1.224_r0.251,1.20556,0.26944
BBS12037_13,sim_024_a0.935_r0.25,0.92032,0.26255
BBS12037_13,sim_025_a1.108_r0.332,1.15423,0.33022
BBS12037_13,sim_026_a1.492_r0.387,1.46092,0.42109
BBS12037_13,sim_027_a1.168_r0.483,1.08461,0.49629
BBS12037_13,sim_028_a0.279_r0.788,0.27612,0.78664
BBS12037_13,sim_029_a1.705_r0.06,1.6284,0.03148
BBS12037_13,sim_030_a0.317_r0.577,0.30202,0.58268
BBS12037_13,sim_031_a0.593_r0.47,0.56644,0.49377
BBS12037_13,sim_032_a1.588_r0.477,1.52358,0.49403
BBS12037_13,sim_033_a1.285_r0.555,1.32174,0.56367
BBS12037_13,sim_034_a1.297_r0.457,1.26582,0.47289
BBS12037_13,sim_035_a1.081_r0.874,1.0577,0.86838
BBS12037_13,sim_036_a1.865_r0.186,1.77803,0.16097
BBS12037_13,sim_037_a0.51_r0.318,0.49905,0.33796
BBS12037_13,sim_038_a0.682_r0.705,0.69046,0.69532
BBS12037_13,sim_039_a1.036_r0.74,0.99472,0.73011
BBS12037_13,sim_040_a0.288_r0.029,0.2945,0.06597
BBS12037_13,sim_041_a1.9_r0.509,1.92175,0.49558
BBS12037_13,sim_042_a0.197_r0.603,0.20596,0.58718
BBS12037_13,sim_043_a1.3_r0.238,1.35485,0.24308
BBS12037_13,sim_044_a0.745_r0.33,0.74861,0.31305
BBS12037_13,sim_045_a1.539_r0.446,1.53909,0.44015
BBS12037_13,sim_046_a1.13_r0.342,1.1238,0.31427
BBS12037_13,sim_047_a0.4_r0.563,0.39422,0.55758
BBS12037_13,sim_048_a0.359_r0.102,0.37064,0.09019
BBS12037_13,sim_049_a0.617_r0.316,0.63933,0.30028
BBS12037_13,sim_050_a1.361_r0.635,1.24635,0.66313
BBS12038_10,sim_001_a0.39_r0.233,0.37779,0.22747
BBS12038_10,sim_002_a0.902_r0.341,0.90878,0.30558
BBS12038_10,sim_003_a0.943_r0.029,0.88191,0.01
BBS12038_10,sim_004_a0.609_r0.582,0.59027,0.55187
BBS12038_10,sim_005_a0.278_r0.871,0.25968,0.87378
BBS12038_10,sim_006_a0.524_r0.554,0.55828,0.53558
BBS12038_10,sim_007_a0.781_r0.923,0.73704,0.93568
BBS12038_10,sim_008_a0.481_r0.583,0.48433,0.59379
BBS12038_10,sim_009_a1.93_r0.011,1.94381,0.03976
BBS12038_10,sim_010_a0.155_r0.535,0.14649,0.52335
BBS12038_10,sim_011_a0.285_r0.329,0.27659,0.32528
BBS12038_10,sim_012_a0.152_r0.86,0.1438,0.87325
BBS12038_10,sim_013_a0.761_r0.948,0.68458,0.94756
BBS12038_10,sim_014_a0.891_r0.634,0.86042,0.62555
BBS12038_10,sim_015_a1.1_r0.365,1.16699,0.3575
BBS12038_10,sim_016_a0.635_r0.622,0.66673,0.61645
BBS12038_10,sim_017_a1.981_r0.934,2.00939,0.93757
BBS12038_10,sim_018_a1.138_r0.581,1.01842,0.6192
BBS12038_10,sim_019_a1.658_r0.098,1.74919,0.10045
BBS12038_10,sim_020_a0.52_r0.212,0.53592,0.23659
BBS12038_10,sim_021_a0.515_r0.042,0.52601,0.03282
BBS12038_10,sim_022_a0.571_r0.27,0.56568,0.25453
BBS12038_10,sim_023_a1.018_r0.346,0.9898,0.34217
BBS12038_10,sim_024_a0.602_r0.247,0.60018,0.25634
BBS12038_10,sim_025_a0.467_r0.251,0.46534,0.23886
BBS12038_10,sim_026_a1.348_r0.72,1.2982,0.68905
BBS12038_10,sim_027_a0.838_r0.703,0.85736,0.68996
BBS12038_10,sim_028_a1.44_r0.08,1.38467,0.096
BBS12038_10,sim_029_a1.731_r0.59,1.75029,0.6101
BBS12038_10,sim_030_a1.646_r0.03,1.62018,0.01
BBS12038_10,sim_031_a1.627_r0.607,1.5739,0.60471
BBS12038_10,sim_032_a0.142_r0.872,0.13353,0.88031
BBS12038_10,sim_033_a0.973_r0.345,0.92411,0.31442
BBS12038_10,sim_034_a1.289_r0.056,1.27181,0.04098
BBS12038_10,sim_035_a1.734_r0.857,1.93183,0.84472
BBS12038_10,sim_036_a0.555_r0.747,0.55048,0.74096
BBS12038_10,sim_037_a1.16_r0.746,1.21286,0.73927
BBS12038_10,sim_038_a1.59_r0.418,1.62072,0.41007
BBS12038_10,sim_039_a0.204_r0.594,0.20431,0.5833
BBS12038_10,sim_040_a0.692_r0.704,0.70737,0.69685
BBS12038_10,sim_041_a0.497_r0.214,0.52741,0.22504
BBS12038_10,sim_042_a0.232_r0.168,0.2278,0.16938
BBS12038_10,sim_043_a1.039_r0.83,1.03153,0.83857
BBS12038_10,sim_044_a1.397_r0.223,1.34984,0.22374
BBS12038_10,sim_045_a1.409_r0.183,1.55274,0.16668
BBS12038_10,sim_046_a1.174_r0.89,1.16219,0.88536
BBS12038_10,sim_047_a1.528_r0.781,1.44624,0.81336
BBS12038_10,sim_048_a1.336_r0.233,1.35707,0.30289
BBS12038_10,sim_049_a1.439_r0.57,1.39574,0.56971
BBS12038_10,sim_050_a1.968_r0.597,2.03683,0.54778
BBS12039_11,sim_001_a1.472_r0.798,1.46717,0.79313
BBS12039_11,sim_002_a1.079_r0.201,1.09328,0.20982
BBS12039_11,sim_003_a1.243_r0.448,1.286,0.45194
BBS12039_11,sim_004_a1.213_r0.767,1.15325,0.74877
BBS12039_11,sim_005_a0.215_r0.332,0.20421,0.34835
BBS12039_11,sim_006_a1.791_r0.336,1.86153,0.35564
BBS12039_11,sim_007_a1.373_r0.238,1.34007,0.23967
BBS12039_11,sim_008_a1.939_r0.527,1.89034,0.51239
BBS12039_11,sim_009_a1.1_r0.407,1.11633,0.42638
BBS12039_11,sim_010_a0.703_r0.091,0.68738,0.09293
BBS12039_11,sim_011_a0.265_r0.826,0.2549,0.83135
BBS12039_11,sim_012_a0.912_r0.744,0.88464,0.7423
BBS12039_11,sim_013_a1.661_r0.784,1.55464,0.79625
BBS12039_11,sim_014_a1.488_r0.744,1.46493,0.75849
BBS12039_11,sim_015_a1.84_r0.651,1.82342,0.6549
BBS12039_11,sim_016_a1.362_r0.935,1.28861,0.93241
BBS12039_11,sim_017_a0.611_r0.687,0.5749,0.69605
BBS12039_11,sim_018_a0.8_r0.452,0.8089,0.48977
BBS12039_11,sim_019_a1.721_r0.129,1.75145,0.08646
BBS12039_11,sim_020_a0.258_r0.589,0.26585,0.56006
BBS12039_11,sim_021_a0.421_r0.061,0.42075,0.10066
BBS12039_11,sim_022_a1.162_r0.301,1.13668,0.30332
BBS12039_11,sim_023_a1.76_r0.093,1.70577,0.10925
BBS12039_11,sim_024_a0.818_r0.274,0.83104,0.24265
BBS12039_11,sim_025_a0.406_r0.225,0.39652,0.1961
BBS12039_11,sim_026_a1.095_r0.917,1.10783,0.91184
BBS12039_11,sim_027_a1.654_r0.128,1.66296,0.14524
BBS12039_11,sim_028_a0.62_r0.815,0.62704,0.81781
BBS12039_11,sim_029_a0.706_r0.135,0.72434,0.11575
BBS12039_11,sim_030_a0.661_r0.639,0.65168,0.63487
BBS12039_11,sim_031_a0.877_r0.519,0.86011,0.53759
BBS12039_11,sim_032_a0.172_r0.512,0.19166,0.48061
BBS12039_11,sim_033_a1.969_r0.817,1.99481,0.8048
BBS12039_11,sim_034_a0.917_r0.865,0.88246,0.85928
BBS12039_11,sim_035_a1.608_r0.304,1.52285,0.30467
BBS12039_11,sim_036_a1.968_r0.507,1.88619,0.53425
BBS12039_11,sim_037_a0.625_r0.078,0.63779,0.07557
BBS12039_11,sim_038_a1.982_r0.578,1.93952,0.56095
BBS12039_11,sim_039_a0.505_r0.831,0.51801,0.84253
BBS12039_11,sim_040_a0.697_r0.055,0.68802,0.10441
BBS12039_11,sim_041_a1.313_r0.773,1.22098,0.79225
BBS12039_11,sim_042_a1.838_r0.444,1.93767,0.44365
BBS12039_11,sim_043_a0.94_r0.421,0.92024,0.41389
BBS12039_11,sim_044_a1.618_r0.725,1.56896,0.70725
BBS12039_11,sim_045_a0.404_r0.372,0.41653,0.35157
BBS12039_11,sim_046_a0.419_r0.248,0.41553,0.26893
BBS12039_11,sim_047_a0.41_r0.123,0.39217,0.10781
BBS12039_11,sim_048_a1.468_r0.054,1.44984,0.10989
BBS12039_11,sim_049_a1.509_r0.288,1.45352,0.24244
BBS12039_11,sim_050_a1.576_r0.77,1.64212,0.75662
BBS12040_5,sim_001_a0.388_r0.68,0.3791,0.65656
BBS12040_5,sim_002_a0.43_r0.79,0.40744,0.76856
BBS12040_5,sim_003_a0.967_r0.933,1.09119,0.93647
BBS12040_5,sim_004_a0.362_r0.431,0.36357,0.40084
BBS12040_5,sim_005_a0.966_r0.426,0.99325,0.43955
BBS12040_5,sim_006_a0.684_r0.653,0.69193,0.66968
BBS12040_5,sim_007_a1.49_r0.083,1.58644,0.15815
BBS12040_5,sim_008_a0.54_r0.235,0.56296,0.21875
BBS12040_5,sim_009_a0.961_r0.374,0.96639,0.34841
BBS12040_5,sim_010_a0.547_r0.251,0.5904,0.27261
BBS12040_5,sim_011_a0.149_r0.676,0.14936,0.64363
BBS12040_5,sim_012_a0.513_r0.729,0.5454,0.73292
BBS12040_5,sim_013_a1.84_r0.694,1.96538,0.65834
BBS12040_5,sim_014_a1.22_r0.089,1.26061,0.06229
BBS12040_5,sim_015_a1.398_r0.862,1.2987,0.85629
BBS12040_5,sim_016_a1.591_r0.664,1.48662,0.6957
BBS12040_5,sim_017_a1.256_r0.022,1.20366,0.07059
BBS12040_5,sim_018_a1.821_r0.232,1.60315,0.23767
BBS12040_5,sim_019_a0.326_r0.869,0.31054,0.87072
BBS12040_5,sim_020_a0.242_r0.171,0.24394,0.15515
BBS12040_5,sim_021_a0.128_r0.264,0.13027,0.26757
BBS12040_5,sim_022_a0.195_r0.737,0.1896,0.71661
BBS12040_5,sim_023_a1.241_r0.536,1.35726,0.52934
BBS12040_5,sim_024_a1.967_r0.769,1.75746,0.77767
BBS12040_5,sim_025_a0.317_r0.368,0.32325,0.43234
BBS12040_5,sim_026_a0.278_r0.691,0.2673,0.70449
BBS12040_5,sim_027_a1.55_r0.456,1.54222,0.49934
BBS12040_5,sim_028_a0.85_r0.47,0.85212,0.49589
BBS12040_5,sim_029_a0.346_r0.554,0.33784,0.52652
BBS12040_5,sim_030_a1.491_r0.042,1.58928,0.11423
BBS12040_5,sim_031_a0.222_r0.656,0.22578,0.67456
BBS12040_5,sim_032_a1.527_r0.043,1.45413,0.02541
BBS12040_5,sim_033_a0.776_r0.372,0.80853,0.38207
BBS12040_5,sim_034_a0.455_r0.134,0.41629,0.15628
BBS12040_5,sim_035_a0.58_r0.583,0.5726,0.59582
BBS12040_5,sim_036_a0.608_r0.063,0.5494,0.05953
BBS12040_5,sim_037_a1.118_r0.608,1.15462,0.61209
BBS12040_5,sim_038_a1.35_r0.587,1.36603,0.57064
BBS12040_5,sim_039_a1.204_r0.592,1.23475,0.57653
BBS12040_5,sim_040_a1.38_r0.574,1.33877,0.55195
BBS12040_5,sim_041_a0.746_r0.548,0.72187,0.51447
BBS12040_5,sim_042_a1.73_r0.676,1.63987,0.65905
BBS12040_5,sim_043_a0.533_r0.378,0.56677,0.34872
BBS12040_5,sim_044_a1.217_r0.189,1.51619,0.20181
BBS12040_5,sim_045_a0.741_r0.365,0.75135,0.3613
BBS12040_5,sim_046_a0.257_r0.529,0.26305,0.50122
BBS12040_5,sim_047_a1.507_r0.771,1.54682,0.75733
BBS12040_5,sim_048_a1.612_r0.147,1.53209,0.1662
BBS12040_5,sim_049_a1.318_r0.291,1.34244,0.27614
BBS12040_5,sim_050_a1.282_r0.606,1.34912,0.62532
BBS12041_7,sim_001_a1.702_r0.388,1.74452,0.37833
BBS12041_7,sim_002_a1.659_r0.854,1.58771,0.84448
BBS12041_7,sim_003_a0.877_r0.384,0.84129,0.33728
BBS12041_7,sim_004_a1.852_r0.944,1.83001,0.94814
BBS12041_7,sim_005_a0.653_r0.657,0.64766,0.67471
BBS12041_7,sim_006_a0.58_r0.872,0.58557,0.87988
BBS12041_7,sim_007_a0.908_r0.41,0.92543,0.41827
BBS12041_7,sim_008_a1.383_r0.727,1.37143,0.73167
BBS12041_7,sim_009_a0.295_r0.34,0.29121,0.31111
BBS12041_7,sim_010_a1.657_r0.296,1.69856,0.34157
BBS12041_7,sim_011_a0.217_r0.796,0.23909,0.78658
BBS12041_7,sim_012_a1.176_r0.389,1.23114,0.36847
BBS12041_7,sim_013_a0.487_r0.315,0.48649,0.31111
BBS12041_7,sim_014_a0.948_r0.671,0.95895,0.66331
BBS12041_7,sim_015_a0.617_r0.181,0.60993,0.15868
BBS12041_7,sim_016_a1.046_r0.777,1.06079,0.74959
BBS12041_7,sim_017_a0.73_r0.333,0.71381,0.36225
BBS12041_7,sim_018_a0.117_r0.295,0.1225,0.28047
BBS12041_7,sim_019_a0.656_r0.783,0.65538,0.76851
BBS12041_7,sim_020_a0.817_r0.445,0.78506,0.46368
BBS12041_7,sim_021_a1.78_r0.03,1.97294,0.02544
BBS12041_7,sim_022_a0.954_r0.884,1.00876,0.90255
BBS12041_7,sim_023_a1.075_r0.54,1.11788,0.56248
BBS12041_7,sim_024_a0.417_r0.911,0.40813,0.91714
BBS12041_7,sim_025_a0.628_r0.947,0.62381,0.94634
BBS12041_7,sim_026_a1.399_r0.496,1.40069,0.49983
BBS12041_7,sim_027_a0.813_r0.675,0.8325,0.67853
BBS12041_7,sim_028_a0.589_r0.257,0.61426,0.25568
BBS12041_7,sim_029_a0.448_r0.637,0.4205,0.61592
BBS12041_7,sim_030_a1.986_r0.279,2.12171,0.27373
BBS12041_7,sim_031_a1.065_r0.093,1.06969,0.08304
BBS12041_7,sim_032_a0.784_r0.384,0.73898,0.3472
BBS12041_7,sim_033_a0.695_r0.694,0.69893,0.68377
BBS12041_7,sim_034_a1.555_r0.364,1.43676,0.33845
BBS12041_7,sim_035_a1.941_r0.686,1.90863,0.6995
BBS12041_7,sim_036_a0.225_r0.026,0.21898,0.05571
BBS12041_7,sim_037_a0.504_r0.945,0.5079,0.93837
BBS12041_7,sim_038_a0.373_r0.403,0.37673,0.37436
BBS12041_7,sim_039_a1.544_r0.538,1.53542,0.52011
BBS12041_7,sim_040_a0.559_r0.12,0.57355,0.12278
BBS12041_7,sim_041_a1.568_r0.863,1.63946,0.87146
BBS12041_7,sim_042_a1.082_r0.535,1.05118,0.53651
BBS12041_7,sim_043_a1.647_r0.74,1.75419,0.78527
BBS12041_7,sim_044_a0.165_r0.563,0.17249,0.57096
BBS12041_7,sim_045_a1.687_r0.582,1.65401,0.57739
BBS12041_7,sim_046_a1.204_r0.109,1.22847,0.1213
BBS12041_7,sim_047_a0.873_r0.212,0.91937,0.21109
BBS12041_7,sim_048_a1.58_r0.294,1.57568,0.3124
BBS12041_7,sim_049_a0.224_r0.36,0.23209,0.35213
BBS12041_7,sim_050_a1.531_r0.496,1.54387,0.48462
BBS12043_34,sim_001_a1.447_r0.682,1.41709,0.66804
BBS12043_34,sim_002_a0.301_r0.781,0.2781,0.79605
BBS12043_34,sim_003_a0.578_r0.095,0.5618,0.11644
BBS12043_34,sim_004_a1.018_r0.056,1.00445,0.05604
BBS12043_34,sim_005_a1.559_r0.053,1.52252,0.03113
BBS12043_34,sim_006_a1.479_r0.455,1.47651,0.45277
BBS12043_34,sim_007_a0.997_r0.836,1.04044,0.84523
BBS12043_34,sim_008_a1.473_r0.717,1.45245,0.71279
BBS12043_34,sim_009_a0.62_r0.342,0.64434,0.30769
BBS12043_34,sim_010_a1.631_r0.031,1.69074,0.03725
BBS12043_34,sim_011_a1.76_r0.715,1.74922,0.72588
BBS12043_34,sim_012_a1.283_r0.908,1.15428,0.91243
BBS12043_34,sim_013_a1.26_r0.591,1.2946,0.58765
BBS12043_34,sim_014_a0.766_r0.747,0.76012,0.77676
BBS12043_34,sim_015_a0.448_r0.712,0.43765,0.70231
BBS12043_34,sim_016_a0.375_r0.69,0.36507,0.70074
BBS12043_34,sim_017_a0.192_r0.321,0.19321,0.34562
BBS12043_34,sim_018_a1.331_r0.887,1.54225,0.8835
BBS12043_34,sim_019_a0.566_r0.116,0.58226,0.09766
BBS12043_34,sim_020_a0.171_r0.403,0.16336,0.40126
BBS12043_34,sim_021_a1.321_r0.289,1.34057,0.31341
BBS12043_34,sim_022_a0.405_r0.606,0.40456,0.58725
BBS12043_34,sim_023_a0.727_r0.722,0.71629,0.70185
BBS12043_34,sim_024_a0.568_r0.213,0.55628,0.19084
BBS12043_34,sim_025_a0.112_r0.552,0.11463,0.57261
BBS12043_34,sim_026_a1.991_r0.722,1.99111,0.70692
BBS12043_34,sim_027_a1.451_r0.798,1.3925,0.80215
BBS12043_34,sim_028_a1.26_r0.445,1.29029,0.44547
BBS12043_34,sim_029_a0.843_r0.822,0.8882,0.80748
BBS12043_34,sim_030_a0.144_r0.343,0.14288,0.33896
BBS12043_34,sim_031_a1.976_r0.78,2.08372,0.77097
BBS12043_34,sim_032_a0.144_r0.151,0.14251,0.17702
BBS12043_34,sim_033_a1.837_r0.584,1.90371,0.56776
BBS12043_34,sim_034_a0.574_r0.801,0.54459,0.80564
BBS12043_34,sim_035_a0.328_r0.745,0.32955,0.74911
BBS12043_34,sim_036_a1.413_r0.711,1.40299,0.68775
BBS12043_34,sim_037_a0.144_r0.618,0.14385,0.62611
BBS12043_34,sim_038_a1.264_r0.492,1.21449,0.50766
BBS12043_34,sim_039_a1.538_r0.3,1.54116,0.28361
BBS12043_34,sim_040_a0.698_r0.29,0.68739,0.28088
BBS12044_11,sim_001_a1.903_r0.291,1.79763,0.32189
BBS12044_11,sim_002_a1.254_r0.273,1.29573,0.2824
BBS12044_11,sim_003_a1.163_r0.446,1.1866,0.4574
BBS12044_11,sim_004_a0.542_r0.059,0.55341,0.04415
BBS12044_11,sim_005_a0.406_r0.866,0.38243,0.87232
BBS12044_11,sim_006_a1.357_r0.564,1.3628,0.55679
BBS12044_11,sim_007_a1.312_r0.481,1.34754,0.50686
BBS12044_11,sim_008_a0.929_r0.231,0.87365,0.24911
BBS12044_11,sim_009_a1.993_r0.232,1.899,0.22242
BBS12044_11,sim_010_a1.137_r0.176,1.19739,0.17632
BBS12044_11,sim_011_a1.271_r0.861,1.13821,0.85484
BBS12044_11,sim_012_a1.359_r0.61,1.32742,0.61247
BBS12044_11,sim_013_a1.947_r0.198,2.22097,0.13345
BBS12044_11,sim_014_a1.498_r0.522,1.45211,0.55115
BBS12044_11,sim_015_a0.405_r0.855,0.41218,0.83951
BBS12044_11,sim_016_a1.371_r0.223,1.32225,0.23879
BBS12044_11,sim_017_a0.61_r0.903,0.65819,0.90815
BBS12044_11,sim_018_a1.533_r0.577,1.59102,0.61805
BBS12044_11,sim_019_a1.78_r0.76,1.70894,0.72901
BBS12044_11,sim_020_a0.632_r0.376,0.64882,0.37755
BBS12044_11,sim_021_a0.652_r0.057,0.68616,0.08153
BBS12044_11,sim_022_a0.198_r0.142,0.19107,0.16189
BBS12044_11,sim_023_a1.97_r0.461,1.86648,0.46989
BBS12044_11,sim_024_a0.404_r0.33,0.40308,0.32986
BBS12044_11,sim_025_a1.892_r0.56,1.86775,0.48792
BBS12044_11,sim_026_a0.574_r0.116,0.57987,0.11629
BBS12044_11,sim_027_a1.272_r0.166,1.23183,0.18522
BBS12044_11,sim_028_a1.915_r0.601,1.85816,0.59785
BBS12044_11,sim_029_a1.729_r0.037,1.74477,0.04299
BBS12044_11,sim_030_a1.306_r0.318,1.23549,0.30358
BBS12044_11,sim_031_a1.394_r0.245,1.33436,0.27364
BBS12044_11,sim_032_a1.579_r0.437,1.78926,0.40732
BBS12044_11,sim_033_a1.037_r0.305,1.03766,0.32427
BBS12044_11,sim_034_a0.972_r0.942,1.06163,0.94369
BBS12044_11,sim_035_a1.119_r0.676,1.02235,0.70407
BBS12044_11,sim_036_a1.733_r0.674,1.6215,0.73175
BBS12044_11,sim_037_a0.843_r0.226,0.83372,0.21322
BBS12044_11,sim_038_a1.455_r0.297,1.55291,0.32161
BBS12044_11,sim_039_a0.194_r0.543,0.19811,0.57
BBS12044_11,sim_040_a1.059_r0.042,1.01491,0.10979
BBS12044_11,sim_041_a1.736_r0.266,1.72951,0.27975
BBS12044_11,sim_042_a0.598_r0.136,0.61612,0.1155
BBS12044_11,sim_043_a1.065_r0.142,1.06801,0.12267
BBS12044_11,sim_044_a1.351_r0.015,1.27041,0.01
BBS12044_11,sim_045_a1.488_r0.534,1.47058,0.56088
BBS12044_11,sim_046_a1.871_r0.016,1.91945,0.01
BBS12044_11,sim_047_a0.916_r0.504,0.87536,0.47907
BBS12044_11,sim_048_a1.163_r0.091,1.1762,0.10734
BBS12044_11,sim_049_a1.654_r0.285,1.72776,0.248
BBS12044_11,sim_050_a0.329_r0.577,0.30793,0.5967
BBS20001_16,sim_001_a1.039_r0.539,0.99011,0.57289
BBS20001_16,sim_002_a0.94_r0.935,0.92214,0.93432
BBS20001_16,sim_003_a1.639_r0.87,1.75039,0.88366
BBS20001_16,sim_004_a0.391_r0.23,0.39437,0.27051
BBS20001_16,sim_005_a0.266_r0.559,0.24092,0.58321
BBS20001_16,sim_006_a1.869_r0.725,1.74999,0.72085
BBS20001_16,sim_007_a0.785_r0.2,0.85196,0.2182
BBS20001_16,sim_008_a0.248_r0.167,0.25133,0.21354
BBS20001_16,sim_009_a1.651_r0.243,1.49851,0.24715
BBS20001_16,sim_010_a0.983_r0.751,0.91487,0.74039
BBS20001_16,sim_011_a0.896_r0.519,0.92196,0.49893
BBS20001_16,sim_012_a0.885_r0.426,0.91854,0.42908
BBS20001_16,sim_013_a1.078_r0.824,1.10407,0.8281
BBS20001_16,sim_014_a1.222_r0.709,1.22696,0.71469
BBS20001_16,sim_015_a1.827_r0.435,1.83529,0.4457
BBS20001_16,sim_016_a1.419_r0.115,1.57852,0.07395
BBS20001_16,sim_017_a0.118_r0.922,0.12123,0.92057
BBS20001_16,sim_018_a1.766_r0.606,1.73304,0.55433
BBS20001_16,sim_019_a1.367_r0.359,1.35069,0.35003
BBS20001_16,sim_020_a0.541_r0.134,0.55041,0.13087
BBS20001_16,sim_021_a0.112_r0.55,0.11442,0.52806
BBS20001_16,sim_022_a1.023_r0.393,1.08635,0.34664
BBS20001_16,sim_023_a0.966_r0.74,0.88896,0.70973
BBS20001_16,sim_024_a1.828_r0.899,1.73334,0.89962
BBS20001_16,sim_025_a1.497_r0.25,1.5041,0.19926
BBS20001_16,sim_026_a1.231_r0.69,1.26509,0.69111
BBS20001_16,sim_027_a1.063_r0.354,1.11912,0.37784
BBS20001_16,sim_028_a0.298_r0.279,0.28847,0.30053
BBS20001_16,sim_029_a0.26_r0.692,0.25317,0.68168
BBS20001_16,sim_030_a1.395_r0.442,1.23222,0.45157
BBS20001_16,sim_031_a0.628_r0.73,0.63631,0.69819
BBS20001_16,sim_032_a1.969_r0.109,1.85721,0.16866
BBS20001_16,sim_033_a0.911_r0.867,0.87939,0.8617
BBS20001_16,sim_034_a1.529_r0.038,1.51292,0.01002
BBS20001_16,sim_035_a0.736_r0.689,0.73398,0.66252
BBS20001_16,sim_036_a0.937_r0.659,1.00395,0.66499
BBS20001_16,sim_037_a1.852_r0.866,1.52718,0.86032
BBS20001_16,sim_038_a1.176_r0.839,1.25178,0.81292
BBS20001_16,sim_039_a1.8_r0.108,1.55945,0.1479
BBS20001_16,sim_040_a0.417_r0.621,0.40336,0.63635
BBS20001_16,sim_041_a1.645_r0.124,1.63377,0.07233
BBS20001_16,sim_042_a0.107_r0.244,0.10538,0.26293
BBS20001_16,sim_043_a0.757_r0.011,0.7406,0.01
BBS20001_16,sim_044_a1.475_r0.012,1.4165,0.05765
BBS20001_16,sim_045_a0.807_r0.758,0.79058,0.76685
BBS20001_16,sim_046_a0.583_r0.141,0.56709,0.07197
BBS20001_16,sim_047_a0.967_r0.791,1.06562,0.77409
BBS20001_16,sim_048_a1.226_r0.023,1.24571,0.09382
BBS20001_16,sim_049_a0.864_r0.314,0.94622,0.33257
BBS20001_16,sim_050_a0.416_r0.745,0.43844,0.74741
BBS20002_20,sim_001_a1.602_r0.926,1.70142,0.92142
BBS20002_20,sim_002_a1.403_r0.709,1.37618,0.69623
BBS20002_20,sim_003_a1.087_r0.724,1.09201,0.72237
BBS20002_20,sim_004_a0.682_r0.238,0.71269,0.21684
BBS20002_20,sim_005_a1.301_r0.055,1.21345,0.06019
BBS20002_20,sim_006_a0.26_r0.41,0.2719,0.3966
BBS20002_20,sim_007_a1.549_r0.383,1.53214,0.3757
BBS20002_20,sim_008_a0.841_r0.941,0.77864,0.94866
BBS20002_20,sim_009_a1.292_r0.281,1.29304,0.28316
BBS20002_20,sim_010_a0.34_r0.177,0.34663,0.15758
BBS20002_20,sim_011_a0.982_r0.467,1.01398,0.4897
BBS20002_20,sim_012_a0.127_r0.423,0.1329,0.38474
BBS20002_20,sim_013_a0.395_r0.938,0.41083,0.9381
BBS20002_20,sim_014_a0.168_r0.37,0.17059,0.37385
BBS20002_20,sim_015_a0.925_r0.366,0.93427,0.4004
BBS20002_20,sim_016_a0.459_r0.856,0.47811,0.85388
BBS20002_20,sim_017_a1.376_r0.578,1.31716,0.60868
BBS20002_20,sim_018_a1.71_r0.741,1.72031,0.73455
BBS20002_20,sim_019_a1.562_r0.878,1.57402,0.88383
BBS20002_20,sim_020_a0.401_r0.795,0.3763,0.78498
BBS20002_20,sim_021_a1.832_r0.218,1.87449,0.22309
BBS20002_20,sim_022_a1.101_r0.065,1.05419,0.05159
BBS20002_20,sim_023_a1.114_r0.855,1.16171,0.86591
BBS20002_20,sim_024_a1.033_r0.659,1.01262,0.63579
BBS20002_20,sim_025_a1.519_r0.759,1.55513,0.72789
BBS20002_20,sim_026_a1.607_r0.667,1.7743,0.69319
BBS20002_20,sim_027_a0.552_r0.069,0.54888,0.07294
BBS20002_20,sim_028_a1.205_r0.503,1.14896,0.5203
BBS20002_20,sim_029_a0.967_r0.244,0.99005,0.25162
BBS20002_20,sim_030_a0.625_r0.18,0.64416,0.13371
BBS20002_20,sim_031_a1.136_r0.212,1.18058,0.19746
BBS20002_20,sim_032_a0.666_r0.718,0.64648,0.75026
BBS20002_20,sim_033_a0.178_r0.069,0.17705,0.0691
BBS20002_20,sim_034_a1.371_r0.014,1.4117,0.01
BBS20002_20,sim_035_a0.966_r0.544,0.98018,0.53237
BBS20002_20,sim_036_a0.261_r0.549,0.2582,0.54089
BBS20002_20,sim_037_a0.586_r0.615,0.60251,0.60637
BBS20002_20,sim_038_a1.281_r0.723,1.32155,0.72619
BBS20002_20,sim_039_a1.97_r0.379,1.98116,0.37833
BBS20002_20,sim_040_a1.245_r0.134,1.24261,0.10374
BBS20002_20,sim_041_a1.148_r0.368,1.16955,0.34195
BBS20002_20,sim_042_a0.527_r0.439,0.50581,0.43128
BBS20002_20,sim_043_a1.867_r0.818,1.9439,0.82729
BBS20002_20,sim_044_a0.351_r0.313,0.33654,0.31442
BBS20002_20,sim_045_a1.514_r0.904,1.68834,0.89802
BBS20002_20,sim_046_a0.275_r0.678,0.28336,0.67133
BBS20002_20,sim_047_a1.819_r0.504,1.7508,0.49472
BBS20002_20,sim_048_a1.428_r0.436,1.45497,0.44175
BBS20002_20,sim_049_a1.826_r0.898,1.76292,0.89061
BBS20002_20,sim_050_a1.093_r0.087,1.14304,0.08823
BBS20003_74,sim_001_a0.987_r0.229,1.01638,0.22962
BBS20003_74,sim_002_a1.466_r0.898,1.54474,0.8993
BBS20003_74,sim_003_a1.768_r0.643,1.64256,0.65941
BBS20004_55,sim_001_a0.866_r0.61,0.84666,0.60125
BBS20004_55,sim_002_a1.469_r0.876,1.58591,0.86982
BBS20004_55,sim_003_a0.474_r0.869,0.42924,0.93257
BBS20004_55,sim_004_a1.784_r0.188,1.84662,0.18088
BBS20004_55,sim_005_a0.48_r0.177,0.45959,0.17368
BBS20004_55,sim_006_a0.926_r0.144,0.93695,0.13276
BBS20004_55,sim_007_a0.837_r0.13,0.83085,0.13561
BBS20004_55,sim_008_a1.093_r0.54,1.09762,0.56263
BBS20004_55,sim_009_a0.2_r0.463,0.16585,0.73441
BBS20004_55,sim_010_a1.751_r0.929,1.59579,0.92986
BBS20005_42,sim_001_a0.429_r0.212,0.43499,0.19205
BBS20005_42,sim_002_a1.693_r0.81,1.6907,0.80011
BBS20005_42,sim_003_a0.471_r0.712,0.49067,0.69885
BBS20005_42,sim_004_a0.564_r0.284,0.54736,0.29436
BBS20005_42,sim_005_a1.184_r0.629,1.26463,0.61901
BBS20005_42,sim_006_a1.665_r0.068,1.69794,0.03841
BBS20005_42,sim_007_a1.902_r0.096,1.83067,0.08447
BBS20005_42,sim_008_a0.676_r0.803,0.65479,0.80903
BBS20005_42,sim_009_a0.605_r0.21,0.57807,0.20046
BBS20005_42,sim_010_a1.572_r0.869,1.56379,0.87892
BBS20005_42,sim_011_a0.739_r0.634,0.77016,0.61198
BBS20005_42,sim_012_a0.64_r0.343,0.63077,0.31673
BBS20005_42,sim_013_a1.178_r0.761,1.19744,0.75545
BBS20005_42,sim_014_a0.385_r0.559,0.37581,0.55906
BBS20005_42,sim_015_a1.094_r0.674,1.11567,0.66536
BBS20005_42,sim_016_a1.742_r0.7,1.6648,0.71544
BBS20005_42,sim_017_a1.815_r0.856,1.82258,0.84292
BBS20005_42,sim_018_a0.894_r0.797,0.87922,0.79862
BBS20005_42,sim_019_a0.128_r0.94,0.13016,0.93396
BBS20005_42,sim_020_a0.502_r0.497,0.49249,0.52506
BBS20005_42,sim_021_a1.275_r0.793,1.27292,0.80509
BBS20006_51,sim_001_a0.733_r0.284,0.72239,0.26771
BBS20006_51,sim_002_a1.512_r0.795,1.53279,0.80142
BBS20006_51,sim_003_a0.251_r0.906,0.26852,0.90905
BBS20006_51,sim_004_a1.437_r0.547,1.44618,0.57081
BBS20006_51,sim_005_a0.214_r0.056,0.21123,0.05752
BBS20006_51,sim_006_a0.462_r0.153,0.45856,0.11995
BBS20006_51,sim_007_a1.756_r0.02,1.73224,0.03416
BBS20006_51,sim_008_a1.299_r0.682,1.28176,0.68343
BBS20006_51,sim_009_a0.597_r0.371,0.57605,0.38447
BBS20006_51,sim_010_a0.107_r0.871,0.10694,0.86721
BBS20006_51,sim_011_a0.529_r0.348,0.52825,0.34129
BBS20006_51,sim_012_a0.418_r0.833,0.39782,0.83952
BBS20006_51,sim_013_a0.718_r0.816,0.71451,0.81635
BBS20006_51,sim_014_a0.422_r0.598,0.42164,0.60257
BBS20007_23,sim_001_a1.607_r0.299,1.63705,0.2689
BBS20007_23,sim_002_a0.985_r0.851,0.93253,0.86241
BBS20007_23,sim_003_a1.204_r0.114,1.23829,0.11285
BBS20007_23,sim_004_a0.991_r0.812,1.02381,0.82899
BBS20007_23,sim_005_a1.592_r0.491,1.56824,0.47773
BBS20007_23,sim_006_a0.318_r0.204,0.31905,0.21153
BBS20007_23,sim_007_a0.588_r0.894,0.57045,0.89433
BBS20007_23,sim_008_a0.257_r0.133,0.24967,0.09796
BBS20007_23,sim_009_a0.464_r0.21,0.45156,0.25545
BBS20007_23,sim_010_a1.901_r0.713,1.77867,0.72381
BBS20007_23,sim_011_a1.748_r0.692,1.64325,0.68978
BBS20007_23,sim_012_a1.576_r0.057,1.51219,0.01672
BBS20007_23,sim_013_a0.808_r0.309,0.8069,0.29932
BBS20007_23,sim_014_a0.488_r0.166,0.48271,0.16074
BBS20007_23,sim_015_a1.399_r0.057,1.3627,0.07708
BBS20007_23,sim_016_a1.351_r0.859,1.34917,0.85586
BBS20007_23,sim_017_a1.296_r0.799,1.33358,0.79932
BBS20007_23,sim_018_a1.759_r0.203,1.78685,0.22052
BBS20007_23,sim_019_a1.044_r0.137,1.00799,0.15914
BBS20007_23,sim_020_a0.128_r0.94,0.12798,0.94125
BBS20007_23,sim_021_a0.872_r0.323,0.91307,0.35094
BBS20007_23,sim_022_a0.456_r0.559,0.4429,0.53421
BBS20007_23,sim_023_a1.424_r0.443,1.41283,0.44703
BBS20007_23,sim_024_a0.386_r0.467,0.37779,0.45778
BBS20007_23,sim_025_a1.09_r0.339,1.11033,0.31324
BBS20007_23,sim_026_a1.707_r0.881,1.76228,0.87496
BBS20007_23,sim_027_a0.681_r0.146,0.68484,0.13158
BBS20007_23,sim_028_a1.448_r0.05,1.43358,0.04004
BBS20007_23,sim_029_a1.314_r0.236,1.26192,0.22179
BBS20007_23,sim_030_a1.871_r0.56,1.86742,0.57569
BBS20007_23,sim_031_a0.969_r0.261,0.98519,0.23016
BBS20007_23,sim_032_a1.638_r0.159,1.64031,0.15063
BBS20007_23,sim_033_a1.353_r0.425,1.39293,0.4381
BBS20007_23,sim_034_a1.379_r0.69,1.33966,0.68251
BBS20007_23,sim_035_a1.631_r0.549,1.61731,0.54419
BBS20007_23,sim_036_a1.43_r0.478,1.42091,0.44944
BBS20007_23,sim_037_a0.62_r0.399,0.62642,0.40669
BBS20007_23,sim_038_a0.911_r0.936,0.9074,0.94126
BBS20007_23,sim_039_a0.896_r0.392,0.89484,0.3929
BBS20007_23,sim_040_a0.346_r0.48,0.34751,0.44964
BBS20007_23,sim_041_a1.701_r0.306,1.60736,0.32456
BBS20007_23,sim_042_a1.857_r0.89,1.76791,0.89221
BBS20007_23,sim_043_a1.033_r0.262,1.01167,0.25113
BBS20007_23,sim_044_a0.34_r0.513,0.33535,0.52942
BBS20007_23,sim_045_a0.882_r0.671,0.89214,0.65943
BBS20007_23,sim_046_a1.364_r0.799,1.32393,0.8143
BBS20007_23,sim_047_a0.946_r0.42,0.9853,0.38537
BBS20007_23,sim_048_a0.714_r0.528,0.77556,0.52041
BBS20007_23,sim_049_a0.114_r0.581,0.11468,0.58597
BBS20007_23,sim_050_a0.786_r0.482,0.79949,0.4672
BBS20008_56,sim_001_a0.248_r0.607,0.24801,0.59861
BBS20008_56,sim_002_a0.953_r0.595,0.9661,0.59598
BBS20008_56,sim_003_a0.721_r0.131,0.73043,0.13516
BBS20008_56,sim_004_a0.512_r0.693,0.51555,0.68957
BBS20008_56,sim_005_a0.923_r0.583,0.90759,0.59417
BBS20008_56,sim_006_a0.85_r0.08,0.84757,0.07792
BBS20008_56,sim_007_a0.253_r0.539,0.24445,0.54386
BBS20009_29,sim_001_a0.837_r0.408,0.8968,0.39115
BBS20009_29,sim_002_a1.986_r0.455,2.06061,0.39545
BBS20009_29,sim_003_a0.339_r0.536,0.35357,0.51581
BBS20009_29,sim_004_a0.672_r0.289,0.66046,0.28263
BBS20009_29,sim_005_a1.792_r0.906,1.69439,0.88939
BBS20009_29,sim_006_a1.887_r0.846,2.05036,0.84839
BBS20009_29,sim_007_a0.806_r0.262,0.78355,0.26561
BBS20009_29,sim_008_a1.564_r0.887,1.42141,0.8872
BBS20009_29,sim_009_a0.755_r0.121,0.77559,0.08556
BBS20009_29,sim_010_a1.233_r0.065,1.17725,0.02584
BBS20009_29,sim_011_a1.973_r0.59,1.97685,0.5748
BBS20009_29,sim_012_a0.222_r0.158,0.21841,0.12857
BBS20009_29,sim_013_a1.002_r0.909,0.954,0.91008
BBS20009_29,sim_014_a1.871_r0.313,1.69958,0.36103
BBS20009_29,sim_015_a0.38_r0.248,0.37948,0.23754
BBS20009_29,sim_016_a1.736_r0.889,1.83178,0.8861
BBS20009_29,sim_017_a1.613_r0.149,1.63529,0.18184
BBS20009_29,sim_018_a1.614_r0.195,1.54307,0.18891
BBS20009_29,sim_019_a1.934_r0.935,1.81318,0.93497
BBS20009_29,sim_020_a0.743_r0.076,0.69274,0.10228
BBS20009_29,sim_021_a0.962_r0.062,1.03112,0.02147
BBS20009_29,sim_022_a0.596_r0.77,0.59666,0.77644
BBS20009_29,sim_023_a0.462_r0.928,0.4672,0.92608
BBS20009_29,sim_024_a0.184_r0.226,0.17568,0.23831
BBS20009_29,sim_025_a0.259_r0.436,0.27423,0.41276
BBS20009_29,sim_026_a0.776_r0.659,0.73324,0.68121
BBS20009_29,sim_027_a1.996_r0.658,1.93995,0.66765
BBS20009_29,sim_028_a0.219_r0.666,0.22257,0.6816
BBS20009_29,sim_029_a1.012_r0.819,0.99721,0.81386
BBS20009_29,sim_030_a1.508_r0.862,1.44912,0.85838
BBS20009_29,sim_031_a1.837_r0.838,1.893,0.8457
BBS20009_29,sim_032_a1.007_r0.89,0.95393,0.8797
BBS20009_29,sim_033_a0.844_r0.202,0.8345,0.20488
BBS20009_29,sim_034_a0.527_r0.656,0.52237,0.63433
BBS20009_29,sim_035_a1.744_r0.33,1.80109,0.36815
BBS20009_29,sim_036_a1.114_r0.926,1.0955,0.92739
BBS20009_29,sim_037_a1.965_r0.406,2.07609,0.38764
BBS20009_29,sim_038_a0.819_r0.487,0.84369,0.51524
BBS20009_29,sim_039_a0.561_r0.161,0.55648,0.1582
BBS20009_29,sim_040_a1.259_r0.777,1.26055,0.79547
BBS20009_29,sim_041_a0.156_r0.877,0.14981,0.87895
BBS20009_29,sim_042_a1.067_r0.303,1.07347,0.26298
BBS20009_29,sim_043_a1.595_r0.79,1.46231,0.80671
BBS20009_29,sim_044_a0.584_r0.245,0.56787,0.2481
BBS20009_29,sim_045_a0.603_r0.819,0.59541,0.82106
BBS20009_29,sim_046_a1.108_r0.545,1.06974,0.51472
BBS20009_29,sim_047_a1.717_r0.249,1.79003,0.21075
BBS20009_29,sim_048_a1.282_r0.716,1.42517,0.73108
BBS20009_29,sim_049_a1.324_r0.253,1.40521,0.23707
BBS20009_29,sim_050_a1.79_r0.087,1.81894,0.01648
BBS20010_29,sim_001_a1.102_r0.921,1.09246,0.91388
BBS20010_29,sim_002_a1.564_r0.521,1.57101,0.51237
BBS20010_29,sim_003_a1.043_r0.407,1.02986,0.40205
BBS20010_29,sim_004_a1.208_r0.812,1.2296,0.81987
BBS20010_29,sim_005_a1.732_r0.184,1.72176,0.19066
BBS20010_29,sim_006_a0.98_r0.683,0.95153,0.67586
BBS20010_29,sim_007_a0.466_r0.433,0.45056,0.43365
BBS20010_29,sim_008_a1.871_r0.673,1.78854,0.67748
BBS20010_29,sim_009_a1.342_r0.753,1.29243,0.74571
BBS20010_29,sim_010_a0.443_r0.41,0.44828,0.39297
BBS20010_29,sim_011_a1.287_r0.61,1.34327,0.54652
BBS20010_29,sim_012_a1.742_r0.371,1.7493,0.34176
BBS20010_29,sim_013_a0.912_r0.163,0.85649,0.18899
BBS20010_29,sim_014_a0.598_r0.937,0.58674,0.93557
BBS20010_29,sim_015_a1.372_r0.136,1.41302,0.10202
BBS20010_29,sim_016_a1.638_r0.869,1.77939,0.88147
BBS20010_29,sim_017_a1.093_r0.216,1.13794,0.24289
BBS20010_29,sim_018_a1.192_r0.103,1.1555,0.11083
BBS20010_29,sim_019_a0.186_r0.346,0.18256,0.33292
BBS20010_29,sim_020_a1.374_r0.149,1.39975,0.16619
BBS20010_29,sim_021_a0.824_r0.505,0.8088,0.5143
BBS20010_29,sim_022_a1.732_r0.381,1.83004,0.36186
BBS20010_29,sim_023_a1.792_r0.239,1.85296,0.25248
BBS20010_29,sim_024_a1.342_r0.794,1.20889,0.79874
BBS20010_29,sim_025_a1.059_r0.159,1.02187,0.13691
BBS20010_29,sim_026_a0.947_r0.455,0.92762,0.49222
BBS20010_29,sim_027_a1.43_r0.714,1.39876,0.68792
BBS20010_29,sim_028_a1.831_r0.364,1.88672,0.39998
BBS20010_29,sim_029_a1.988_r0.192,2.0453,0.20079
BBS20010_29,sim_030_a1.054_r0.228,1.05409,0.23722
BBS20010_29,sim_031_a1.663_r0.213,1.74372,0.20932
BBS20010_29,sim_032_a0.337_r0.268,0.33939,0.28165
BBS20010_29,sim_033_a1.719_r0.069,1.671,0.08207
BBS20010_29,sim_034_a0.922_r0.598,0.92583,0.58341
BBS20010_29,sim_035_a0.505_r0.207,0.49322,0.22968
BBS20010_29,sim_036_a0.956_r0.424,0.95284,0.42818
BBS20010_29,sim_037_a0.711_r0.139,0.7123,0.1264
BBS20010_29,sim_038_a0.352_r0.428,0.36034,0.43105
BBS20010_29,sim_039_a0.176_r0.103,0.16972,0.08926
BBS20010_29,sim_040_a0.295_r0.298,0.28958,0.30139
BBS20010_29,sim_041_a0.271_r0.795,0.25709,0.80486
BBS20010_29,sim_042_a1.394_r0.151,1.39464,0.10015
BBS20010_29,sim_043_a0.153_r0.22,0.15409,0.21303
BBS20010_29,sim_044_a1.201_r0.588,1.19112,0.58974
BBS20010_29,sim_045_a0.517_r0.404,0.50529,0.4175
BBS20010_29,sim_046_a1.126_r0.561,1.10078,0.56403
BBS20010_29,sim_047_a1.407_r0.649,1.44483,0.63929
BBS20010_29,sim_048_a1.691_r0.136,1.68228,0.1325
BBS20010_29,sim_049_a1.599_r0.813,1.66828,0.80449
BBS20010_29,sim_050_a0.728_r0.383,0.73434,0.3535
BBS20011_21,sim_001_a0.125_r0.771,0.12835,0.78065
BBS20011_21,sim_002_a0.249_r0.784,0.23881,0.80172
BBS20011_21,sim_003_a1.956_r0.133,2.01187,0.13625
BBS20011_21,sim_004_a1.385_r0.785,1.46873,0.79453
BBS20011_21,sim_005_a0.447_r0.432,0.45372,0.43596
BBS20011_21,sim_006_a0.642_r0.055,0.64439,0.06021
BBS20011_21,sim_007_a0.618_r0.891,0.60635,0.89037
BBS20011_21,sim_008_a0.703_r0.782,0.68355,0.79393
BBS20011_21,sim_009_a0.696_r0.94,0.67498,0.94168
BBS20011_21,sim_010_a1.57_r0.589,1.50626,0.56428
BBS20011_21,sim_011_a1.482_r0.043,1.4131,0.03675
BBS20011_21,sim_012_a0.961_r0.834,1.00229,0.83418
BBS20011_21,sim_013_a1.882_r0.426,2.04149,0.43442
BBS20011_21,sim_014_a1.505_r0.319,1.57922,0.37625
BBS20011_21,sim_015_a1.705_r0.515,1.89912,0.53981
BBS20011_21,sim_016_a1.659_r0.283,1.76807,0.27155
BBS20011_21,sim_017_a0.703_r0.729,0.70029,0.72689
BBS20011_21,sim_018_a1.112_r0.14,1.08023,0.13156
BBS20011_21,sim_019_a1.049_r0.217,1.00633,0.27795
BBS20011_21,sim_020_a0.443_r0.407,0.41738,0.403
BBS20011_21,sim_021_a1.156_r0.94,1.1522,0.9301
BBS20011_21,sim_022_a1.875_r0.506,1.86114,0.50147
BBS20011_21,sim_023_a0.8_r0.083,0.77349,0.10935
BBS20011_21,sim_024_a0.838_r0.87,0.7885,0.87289
BBS20011_21,sim_025_a1.376_r0.264,1.34627,0.26058
BBS20011_21,sim_026_a1.03_r0.499,1.03755,0.51332
BBS20011_21,sim_027_a0.307_r0.276,0.29503,0.25226
BBS20011_21,sim_028_a0.39_r0.322,0.38968,0.27171
BBS20011_21,sim_029_a1.954_r0.108,2.03955,0.14142
BBS20011_21,sim_030_a0.787_r0.64,0.71011,0.66819
BBS20011_21,sim_031_a0.737_r0.183,0.71163,0.20992
BBS20011_21,sim_032_a0.981_r0.684,0.93803,0.68535
BBS20011_21,sim_033_a1.838_r0.447,1.70453,0.38097
BBS20011_21,sim_034_a1.192_r0.303,1.17073,0.29174
BBS20011_21,sim_035_a0.872_r0.261,0.82508,0.22658
BBS20011_21,sim_036_a1.689_r0.552,1.5547,0.53992
BBS20011_21,sim_037_a0.781_r0.058,0.77083,0.0436
BBS20011_21,sim_038_a0.158_r0.553,0.15493,0.56059
BBS20011_21,sim_039_a1.04_r0.456,1.11036,0.45387
BBS20011_21,sim_040_a1.093_r0.276,1.07423,0.26356
BBS20011_21,sim_041_a1.638_r0.873,1.66683,0.87578
BBS20011_21,sim_042_a1.265_r0.161,1.20067,0.18345
BBS20011_21,sim_043_a0.859_r0.051,0.86617,0.04151
BBS20011_21,sim_044_a1.142_r0.935,1.11376,0.94191
BBS20011_21,sim_045_a1.917_r0.244,1.74779,0.21464
BBS20011_21,sim_046_a1.305_r0.473,1.28287,0.47244
BBS20011_21,sim_047_a0.527_r0.457,0.54724,0.43989
BBS20011_21,sim_048_a0.493_r0.297,0.46803,0.31441
BBS20011_21,sim_049_a0.368_r0.062,0.36986,0.02794
BBS20011_21,sim_050_a0.58_r0.026,0.58043,0.01
BBS20012_27,sim_001_a1.652_r0.47,1.69692,0.45119
BBS20012_27,sim_002_a0.452_r0.586,0.46641,0.59356
BBS20012_27,sim_003_a0.721_r0.949,0.70459,0.9514
BBS20012_27,sim_004_a1.459_r0.227,1.51643,0.20893
BBS20012_27,sim_005_a1.428_r0.735,1.48954,0.72116
BBS20012_27,sim_006_a1.939_r0.842,1.93062,0.8459
BBS20012_27,sim_007_a1.545_r0.7,1.58352,0.71121
BBS20012_27,sim_008_a0.354_r0.096,0.34062,0.09711
BBS20012_27,sim_009_a0.274_r0.174,0.27951,0.18459
BBS20012_27,sim_010_a1.794_r0.636,1.91512,0.61241
BBS20012_27,sim_011_a0.939_r0.447,0.97717,0.44363
BBS20012_27,sim_012_a1.369_r0.943,1.3107,0.94552
BBS20012_27,sim_013_a0.813_r0.491,0.79002,0.47511
BBS20012_27,sim_014_a1.067_r0.572,1.07119,0.54797
BBS20012_27,sim_015_a0.295_r0.363,0.29031,0.39392
BBS20012_27,sim_016_a0.372_r0.245,0.37355,0.23044
BBS20012_27,sim_017_a0.679_r0.913,0.65598,0.91799
BBS20012_27,sim_018_a0.307_r0.769,0.31332,0.75884
BBS20012_27,sim_019_a1.653_r0.683,1.62343,0.65333
BBS20012_27,sim_020_a1.846_r0.183,1.71105,0.16703
BBS20012_27,sim_021_a1.264_r0.602,1.24891,0.58596
BBS20012_27,sim_022_a0.974_r0.381,0.94457,0.39437
BBS20012_27,sim_023_a1.525_r0.786,1.55595,0.78618
BBS20012_27,sim_024_a1.153_r0.648,1.08683,0.62198
BBS20012_27,sim_025_a0.469_r0.577,0.50523,0.56509
BBS20012_27,sim_026_a0.955_r0.279,0.94922,0.27774
BBS20012_27,sim_027_a0.479_r0.611,0.47381,0.58135
BBS20012_27,sim_028_a0.485_r0.628,0.44417,0.63878
BBS20012_27,sim_029_a1.214_r0.097,1.22706,0.11992
BBS20012_27,sim_030_a1.106_r0.899,1.07042,0.9004
BBS20012_27,sim_031_a0.912_r0.319,0.9211,0.31669
BBS20012_27,sim_032_a1.383_r0.791,1.35086,0.81149
BBS20012_27,sim_033_a1.678_r0.369,1.54557,0.36996
BBS20012_27,sim_034_a1.796_r0.561,1.83576,0.59902
BBS20012_27,sim_035_a0.801_r0.328,0.79123,0.33384
BBS20012_27,sim_036_a0.816_r0.704,0.81102,0.69795
BBS20012_27,sim_037_a0.907_r0.63,0.90826,0.63202
BBS20012_27,sim_038_a1.759_r0.607,1.68884,0.60811
BBS20012_27,sim_039_a0.79_r0.595,0.76791,0.59749
BBS20012_27,sim_040_a1.886_r0.611,1.94199,0.63686
BBS20012_27,sim_041_a0.725_r0.236,0.71936,0.21791
BBS20012_27,sim_042_a0.683_r0.394,0.67619,0.40422
BBS20012_27,sim_043_a1.388_r0.867,1.46382,0.85708
BBS20012_27,sim_044_a0.257_r0.597,0.2806,0.56768
BBS20012_27,sim_045_a1.82_r0.013,1.83443,0.04621
BBS20012_27,sim_046_a1.911_r0.56,1.89126,0.55788
BBS20012_27,sim_047_a0.166_r0.941,0.1627,0.9476
BBS20012_27,sim_048_a0.856_r0.661,0.89038,0.65743
BBS20012_27,sim_049_a1.916_r0.375,2.13045,0.35586
BBS20012_27,sim_050_a0.255_r0.792,0.24739,0.79384
BBS20013_28,sim_001_a0.785_r0.666,0.77042,0.64795
BBS20013_28,sim_002_a0.375_r0.444,0.38864,0.42876
BBS20013_28,sim_003_a1.516_r0.701,1.44908,0.71192
BBS20013_28,sim_004_a0.791_r0.051,0.84455,0.03663
BBS20013_28,sim_005_a0.849_r0.835,0.84748,0.8378
BBS20013_28,sim_006_a0.627_r0.36,0.59453,0.37541
BBS20013_28,sim_007_a0.66_r0.841,0.66129,0.84147
BBS20013_28,sim_008_a1.814_r0.126,1.85587,0.1604
BBS20013_28,sim_009_a1.57_r0.427,1.53118,0.42326
BBS20013_28,sim_010_a1.185_r0.598,1.19393,0.61153
BBS20013_28,sim_011_a0.954_r0.664,0.93709,0.64804
BBS20013_28,sim_012_a1.712_r0.498,1.79716,0.47609
BBS20013_28,sim_013_a0.425_r0.456,0.411,0.43305
BBS20013_28,sim_014_a1.429_r0.559,1.42137,0.55614
BBS20013_28,sim_015_a0.174_r0.893,0.17639,0.88897
BBS20013_28,sim_016_a1.099_r0.422,1.14653,0.39603
BBS20013_28,sim_017_a0.266_r0.88,0.27969,0.86263
BBS20013_28,sim_018_a1.934_r0.482,1.9377,0.45594
BBS20013_28,sim_019_a0.383_r0.295,0.39649,0.28139
BBS20013_28,sim_020_a1.749_r0.523,1.78396,0.47556
BBS20013_28,sim_021_a1.022_r0.57,1.07459,0.57352
BBS20013_28,sim_022_a0.982_r0.674,0.97489,0.68249
BBS20013_28,sim_023_a0.497_r0.772,0.49609,0.7536
BBS20013_28,sim_024_a0.368_r0.233,0.36322,0.21626
BBS20013_28,sim_025_a1.339_r0.557,1.41408,0.52064
BBS20013_28,sim_026_a0.658_r0.554,0.67531,0.55907
BBS20013_28,sim_027_a1.339_r0.895,1.303,0.89657
BBS20013_28,sim_028_a1.336_r0.048,1.38367,0.01765
BBS20013_28,sim_029_a0.929_r0.841,0.9317,0.8209
BBS20013_28,sim_030_a0.745_r0.047,0.72398,0.03056
BBS20013_28,sim_031_a0.343_r0.807,0.36641,0.79353
BBS20013_28,sim_032_a1.062_r0.294,1.03604,0.30371
BBS20013_28,sim_033_a0.795_r0.491,0.80341,0.49107
BBS20013_28,sim_034_a1.187_r0.787,1.17522,0.77841
BBS20013_28,sim_035_a0.26_r0.785,0.26581,0.79288
BBS20013_28,sim_036_a0.637_r0.934,0.65067,0.93686
BBS20013_28,sim_037_a1.668_r0.247,1.69704,0.22509
BBS20013_28,sim_038_a0.508_r0.879,0.50431,0.88777
BBS20013_28,sim_039_a0.819_r0.783,0.86773,0.76591
BBS20013_28,sim_040_a1.228_r0.682,1.26235,0.68822
BBS20013_28,sim_041_a1.935_r0.757,2.0899,0.74932
BBS20013_28,sim_042_a1.005_r0.641,1.03492,0.62272
BBS20013_28,sim_043_a1.83_r0.11,1.77938,0.1077
BBS20013_28,sim_044_a1.677_r0.013,1.64364,0.01906
BBS20013_28,sim_045_a1.233_r0.615,1.23894,0.64211
BBS20013_28,sim_046_a1.745_r0.196,1.84129,0.1921
BBS20013_28,sim_047_a1.444_r0.089,1.42281,0.09084
BBS20013_28,sim_048_a0.756_r0.017,0.77782,0.01
BBS20013_28,sim_049_a0.535_r0.167,0.52096,0.15397
BBS20013_28,sim_050_a1.952_r0.876,1.90007,0.86817
BBS20014_65,sim_001_a1.854_r0.473,1.83004,0.43548
BBS20014_65,sim_002_a1.358_r0.117,1.3641,0.08816
BBS20014_65,sim_003_a0.48_r0.653,0.47072,0.66333
BBS20014_65,sim_004_a0.111_r0.509,0.10703,0.51161
BBS20014_65,sim_005_a0.409_r0.339,0.42697,0.3175
BBS20015_37,sim_001_a0.817_r0.565,0.81064,0.56363
BBS20015_37,sim_002_a0.834_r0.493,0.8095,0.50597
BBS20015_37,sim_003_a1.01_r0.687,1.05805,0.70755
BBS20015_37,sim_004_a0.739_r0.181,0.74257,0.17738
BBS20015_37,sim_005_a0.399_r0.316,0.39612,0.30093
BBS20015_37,sim_006_a0.814_r0.08,0.77919,0.05754
BBS20015_37,sim_007_a0.172_r0.226,0.16716,0.21983
BBS20015_37,sim_008_a1.404_r0.203,1.37011,0.19225
BBS20015_37,sim_009_a0.688_r0.552,0.73359,0.59108
BBS20015_37,sim_010_a1.247_r0.861,1.26039,0.85248
BBS20015_37,sim_011_a1.583_r0.785,1.62806,0.78917
BBS20015_37,sim_012_a0.252_r0.111,0.25548,0.09431
BBS20015_37,sim_013_a0.73_r0.194,0.7322,0.19594
BBS20015_37,sim_014_a1.317_r0.022,1.27322,0.01745
BBS20015_37,sim_015_a0.393_r0.838,0.37037,0.82866
BBS20015_37,sim_016_a0.487_r0.024,0.49455,0.03214
BBS20015_37,sim_017_a1.842_r0.644,1.88289,0.65418
BBS20015_37,sim_018_a0.735_r0.865,0.73418,0.86857
BBS20015_37,sim_019_a1.466_r0.406,1.45134,0.43675
BBS20015_37,sim_020_a0.176_r0.944,0.18115,0.94695
BBS20015_37,sim_021_a1.12_r0.344,1.11009,0.33684
BBS20015_37,sim_022_a1.412_r0.478,1.39813,0.46835
BBS20015_37,sim_023_a1.443_r0.791,1.45823,0.80074
BBS20015_37,sim_024_a1.459_r0.258,1.38691,0.25343
BBS20015_37,sim_025_a0.838_r0.734,0.82952,0.74368
BBS20015_37,sim_026_a1.613_r0.128,1.67886,0.18689
BBS20015_37,sim_027_a1.478_r0.714,1.52606,0.70672
BBS20015_37,sim_028_a0.483_r0.599,0.48323,0.60299
BBS20015_37,sim_029_a0.986_r0.047,0.94604,0.04464
BBS20016_27,sim_001_a1.947_r0.586,1.87121,0.57326
BBS20016_27,sim_002_a1.138_r0.657,1.12137,0.65973
BBS20016_27,sim_003_a1.655_r0.49,1.58656,0.51014
BBS20016_27,sim_004_a0.646_r0.405,0.68159,0.38292
BBS20016_27,sim_005_a1.233_r0.725,1.26656,0.73734
BBS20016_27,sim_006_a0.568_r0.887,0.58096,0.87489
BBS20016_27,sim_007_a1.044_r0.423,1.07587,0.42962
BBS20016_27,sim_008_a0.213_r0.565,0.21065,0.55268
BBS20016_27,sim_009_a0.409_r0.091,0.39321,0.08246
BBS20016_27,sim_010_a1.515_r0.583,1.59237,0.574
BBS20016_27,sim_011_a1.998_r0.073,2.0337,0.08468
BBS20016_27,sim_012_a0.362_r0.57,0.36055,0.56965
BBS20016_27,sim_013_a0.796_r0.641,0.79706,0.64382
BBS20016_27,sim_014_a0.944_r0.302,0.98231,0.29962
BBS20016_27,sim_015_a1.436_r0.198,1.39296,0.16747
BBS20016_27,sim_016_a1.413_r0.011,1.37674,0.01327
BBS20016_27,sim_017_a1.294_r0.553,1.28296,0.56956
BBS20016_27,sim_018_a0.744_r0.528,0.68307,0.49042
BBS20016_27,sim_019_a1.488_r0.901,1.40413,0.9061
BBS20016_27,sim_020_a0.563_r0.657,0.55329,0.66685
BBS20016_27,sim_021_a1.87_r0.654,1.8453,0.64374
BBS20016_27,sim_022_a1.676_r0.043,1.63134,0.03117
BBS20016_27,sim_023_a1.599_r0.452,1.68511,0.44702
BBS20016_27,sim_024_a1.018_r0.336,1.00562,0.34372
BBS20016_27,sim_025_a1.979_r0.387,2.03235,0.38808
BBS20016_27,sim_026_a1.919_r0.169,1.81811,0.2139
BBS20016_27,sim_027_a0.973_r0.609,0.99357,0.59266
BBS20016_27,sim_028_a1.81_r0.078,1.70413,0.06498
BBS20016_27,sim_029_a1.484_r0.84,1.40108,0.82237
BBS20016_27,sim_030_a1.52_r0.598,1.49105,0.57818
BBS20016_27,sim_031_a0.563_r0.871,0.49886,0.8835
BBS20016_27,sim_032_a1.748_r0.192,1.69344,0.25885
BBS20016_27,sim_033_a1.385_r0.4,1.35984,0.4166
BBS20016_27,sim_034_a0.995_r0.13,0.96371,0.1323
BBS20016_27,sim_035_a1.996_r0.056,2.13005,0.08998
BBS20016_27,sim_036_a0.74_r0.908,0.73537,0.91255
BBS20016_27,sim_037_a0.853_r0.086,0.88723,0.04
BBS20016_27,sim_038_a0.113_r0.615,0.10994,0.60396
BBS20016_27,sim_039_a1.843_r0.525,1.72974,0.52722
BBS20016_27,sim_040_a1.338_r0.138,1.29508,0.08978
BBS20016_27,sim_041_a1.64_r0.113,1.55587,0.09154
BBS20016_27,sim_042_a0.154_r0.762,0.15137,0.76398
BBS20016_27,sim_043_a0.516_r0.704,0.52027,0.71181
BBS20016_27,sim_044_a1.075_r0.936,1.09601,0.93903
BBS20016_27,sim_045_a1.067_r0.179,1.10437,0.1814
BBS20016_27,sim_046_a1.686_r0.792,1.66919,0.79399
BBS20016_27,sim_047_a1.424_r0.731,1.47187,0.73672
BBS20016_27,sim_048_a1.568_r0.177,1.57644,0.1723
BBS20016_27,sim_049_a0.961_r0.575,1.00624,0.58304
BBS20016_27,sim_050_a1.595_r0.242,1.51061,0.22867
BBS20017_45,sim_001_a0.719_r0.192,0.70451,0.18511
BBS20017_45,sim_002_a0.99_r0.055,0.95299,0.01
BBS20017_45,sim_003_a0.482_r0.357,0.47491,0.37317
BBS20017_45,sim_004_a0.805_r0.097,0.77626,0.07007
BBS20017_45,sim_005_a1.863_r0.708,2.0154,0.70094
BBS20017_45,sim_006_a0.688_r0.086,0.69457,0.11258
BBS20017_45,sim_007_a0.669_r0.601,0.64999,0.59252
BBS20017_45,sim_008_a1.597_r0.081,1.5764,0.06151
BBS20017_45,sim_009_a1.087_r0.108,1.04731,0.11815
BBS20017_45,sim_010_a1.0_r0.69,0.99261,0.69501
BBS20017_45,sim_011_a1.596_r0.4,1.56468,0.42232
BBS20017_45,sim_012_a0.391_r0.528,0.39909,0.55231
BBS20017_45,sim_013_a1.779_r0.792,1.87019,0.7966
BBS20017_45,sim_014_a1.392_r0.737,1.46117,0.74542
BBS20017_45,sim_015_a1.159_r0.736,1.18137,0.74124
BBS20017_45,sim_016_a1.653_r0.428,1.69801,0.39956
BBS20017_45,sim_017_a1.068_r0.192,1.05508,0.18925
BBS20017_45,sim_018_a1.954_r0.637,1.8679,0.63905
BBS20017_45,sim_019_a0.28_r0.078,0.27722,0.05431
BBS20017_45,sim_020_a0.468_r0.088,0.46856,0.09881
BBS20017_45,sim_021_a0.991_r0.559,1.02909,0.54588
BBS20017_45,sim_022_a0.402_r0.712,0.39956,0.68813
BBS20017_45,sim_023_a1.387_r0.616,1.42118,0.62451
BBS20017_45,sim_024_a0.564_r0.381,0.55728,0.38304
BBS20017_45,sim_025_a0.779_r0.125,0.79497,0.151
BBS20017_45,sim_026_a1.045_r0.633,1.01122,0.65041
BBS20018_53,sim_001_a1.82_r0.943,1.86326,0.93276
BBS20018_53,sim_002_a1.415_r0.828,1.50066,0.83172
BBS20018_53,sim_003_a1.709_r0.136,1.69842,0.12388
BBS20018_53,sim_004_a0.609_r0.493,0.64218,0.49828
BBS20018_53,sim_005_a1.97_r0.066,2.11342,0.05257
BBS20018_53,sim_006_a0.693_r0.462,0.7054,0.49131
BBS20018_53,sim_007_a0.472_r0.567,0.46952,0.57364
BBS20018_53,sim_008_a1.481_r0.766,1.37479,0.76664
BBS20018_53,sim_009_a1.77_r0.49,1.89541,0.49022
BBS20019_24,sim_001_a1.771_r0.694,1.74307,0.65342
BBS20019_24,sim_002_a1.56_r0.3,1.5511,0.27998
BBS20019_24,sim_003_a1.393_r0.184,1.34116,0.18731
BBS20019_24,sim_004_a1.747_r0.052,1.64591,0.07296
BBS20019_24,sim_005_a1.272_r0.415,1.36407,0.43147
BBS20019_24,sim_006_a0.547_r0.386,0.54744,0.40822
BBS20019_24,sim_007_a1.56_r0.79,1.64735,0.81132
BBS20019_24,sim_008_a1.489_r0.209,1.4824,0.22488
BBS20019_24,sim_009_a0.427_r0.712,0.41432,0.71616
BBS20019_24,sim_010_a1.871_r0.552,1.89573,0.5601
BBS20019_24,sim_011_a0.335_r0.1,0.34914,0.08464
BBS20019_24,sim_012_a0.526_r0.07,0.5294,0.09396
BBS20019_24,sim_013_a0.705_r0.019,0.73056,0.01288
BBS20019_24,sim_014_a0.993_r0.233,1.01061,0.19692
BBS20019_24,sim_015_a0.564_r0.306,0.56189,0.27979
BBS20019_24,sim_016_a1.689_r0.287,1.65864,0.28617
BBS20019_24,sim_017_a1.716_r0.602,1.66251,0.58442
BBS20019_24,sim_018_a0.336_r0.641,0.3382,0.59466
BBS20019_24,sim_019_a0.636_r0.011,0.62581,0.01
BBS20019_24,sim_020_a0.268_r0.19,0.26501,0.18614
BBS20019_24,sim_021_a0.445_r0.254,0.45844,0.25718
BBS20019_24,sim_022_a0.232_r0.044,0.22844,0.06013
BBS20019_24,sim_023_a1.009_r0.586,0.97318,0.58865
BBS20019_24,sim_024_a0.608_r0.786,0.64581,0.77871
BBS20019_24,sim_025_a1.895_r0.334,1.95669,0.31874
BBS20019_24,sim_026_a1.648_r0.685,1.57562,0.66662
BBS20019_24,sim_027_a0.74_r0.845,0.75285,0.84725
BBS20019_24,sim_028_a0.781_r0.419,0.80493,0.43686
BBS20019_24,sim_029_a1.648_r0.676,1.61062,0.69314
BBS20019_24,sim_030_a0.588_r0.464,0.5956,0.46446
BBS20019_24,sim_031_a1.292_r0.802,1.27439,0.81151
BBS20019_24,sim_032_a2.0_r0.257,2.06373,0.20722
BBS20019_24,sim_033_a0.721_r0.689,0.71888,0.67461
BBS20019_24,sim_034_a1.364_r0.465,1.30336,0.46547
BBS20019_24,sim_035_a0.562_r0.439,0.56606,0.43906
BBS20019_24,sim_036_a0.58_r0.245,0.55356,0.30549
BBS20019_24,sim_037_a1.053_r0.726,0.99792,0.73885
BBS20019_24,sim_038_a1.299_r0.272,1.22407,0.29858
BBS20019_24,sim_039_a0.457_r0.029,0.44659,0.01917
BBS20019_24,sim_040_a1.928_r0.601,1.77973,0.5981
BBS20019_24,sim_041_a0.885_r0.729,0.94873,0.70794
BBS20019_24,sim_042_a1.783_r0.493,1.6528,0.51208
BBS20019_24,sim_043_a1.993_r0.466,2.02499,0.47149
BBS20019_24,sim_044_a0.567_r0.874,0.52495,0.86904
BBS20019_24,sim_045_a1.373_r0.705,1.40599,0.7082
BBS20019_24,sim_046_a1.028_r0.537,1.0246,0.50651
BBS20019_24,sim_047_a0.335_r0.396,0.34656,0.38954
BBS20019_24,sim_048_a0.348_r0.709,0.3669,0.70917
BBS20019_24,sim_049_a0.302_r0.689,0.31847,0.6912
BBS20019_24,sim_050_a0.367_r0.637,0.38082,0.61849
BBS20020_16,sim_001_a0.175_r0.729,0.17813,0.738
BBS20020_16,sim_002_a1.749_r0.426,1.7298,0.43075
BBS20020_16,sim_003_a0.817_r0.112,0.8238,0.12106
BBS20020_16,sim_004_a1.05_r0.464,1.04145,0.46243
BBS20020_16,sim_005_a0.912_r0.824,0.86581,0.83611
BBS20020_16,sim_006_a0.662_r0.885,0.67263,0.88289
BBS20020_16,sim_007_a0.386_r0.172,0.40548,0.15881
BBS20020_16,sim_008_a0.917_r0.57,0.89904,0.59036
BBS20020_16,sim_009_a0.686_r0.124,0.6492,0.08635
BBS20020_16,sim_010_a1.188_r0.502,1.17918,0.51181
BBS20020_16,sim_011_a1.153_r0.575,1.20952,0.56933
BBS20020_16,sim_012_a0.872_r0.197,0.87472,0.17109
BBS20020_16,sim_013_a0.721_r0.948,0.74893,0.94528
BBS20020_16,sim_014_a0.728_r0.816,0.73458,0.81907
BBS20020_16,sim_015_a0.781_r0.06,0.82768,0.04993
BBS20020_16,sim_016_a1.64_r0.101,1.56514,0.04702
BBS20020_16,sim_017_a1.577_r0.653,1.65462,0.65386
BBS20020_16,sim_018_a0.709_r0.865,0.69144,0.87108
BBS20020_16,sim_019_a1.091_r0.483,1.05934,0.47185
BBS20020_16,sim_020_a1.018_r0.788,1.08208,0.78401
BBS20020_16,sim_021_a1.636_r0.474,1.63005,0.44367
BBS20020_16,sim_022_a1.859_r0.726,1.83436,0.70207
BBS20020_16,sim_023_a0.534_r0.573,0.5364,0.52919
BBS20020_16,sim_024_a1.104_r0.354,1.07754,0.33058
BBS20020_16,sim_025_a1.927_r0.917,1.88121,0.91338
BBS20020_16,sim_026_a1.219_r0.427,1.25208,0.45507
BBS20020_16,sim_027_a1.351_r0.8,1.39907,0.76806
BBS20020_16,sim_028_a1.684_r0.633,1.6248,0.63162
BBS20020_16,sim_029_a1.537_r0.301,1.55171,0.28391
BBS20020_16,sim_030_a1.855_r0.413,1.75091,0.42696
BBS20020_16,sim_031_a0.913_r0.826,0.94931,0.80303
BBS20020_16,sim_032_a1.501_r0.377,1.57274,0.43421
BBS20020_16,sim_033_a0.425_r0.744,0.43303,0.73386
BBS20020_16,sim_034_a0.418_r0.137,0.40995,0.16704
BBS20020_16,sim_035_a0.779_r0.154,0.81589,0.16013
BBS20020_16,sim_036_a0.634_r0.691,0.63064,0.67729
BBS20020_16,sim_037_a1.523_r0.233,1.60131,0.25242
BBS20020_16,sim_038_a0.588_r0.676,0.61358,0.62549
BBS20020_16,sim_039_a0.557_r0.312,0.52232,0.3306
BBS20020_16,sim_040_a0.893_r0.842,0.84042,0.84583
BBS20020_16,sim_041_a0.383_r0.365,0.39973,0.34418
BBS20020_16,sim_042_a0.813_r0.106,0.78191,0.11125
BBS20020_16,sim_043_a0.747_r0.078,0.76121,0.06947
BBS20020_16,sim_044_a1.052_r0.343,1.11149,0.32824
BBS20020_16,sim_045_a1.29_r0.491,1.23809,0.47504
BBS20020_16,sim_046_a1.432_r0.463,1.34255,0.41218
BBS20020_16,sim_047_a0.372_r0.078,0.37294,0.09096
BBS20020_16,sim_048_a1.27_r0.609,1.29767,0.63325
BBS20020_16,sim_049_a1.16_r0.267,1.20191,0.30676
BBS20020_16,sim_050_a1.187_r0.132,1.21125,0.13376
BBS20021_53,sim_001_a1.161_r0.605,1.16862,0.61552
BBS20021_53,sim_002_a0.206_r0.276,0.21044,0.27152
BBS20021_53,sim_003_a0.255_r0.136,0.25221,0.12099
BBS20021_53,sim_004_a0.602_r0.697,0.63607,0.7029
BBS20021_53,sim_005_a0.308_r0.47,0.30114,0.48137
BBS20021_53,sim_006_a1.23_r0.485,1.2201,0.48107
BBS20021_53,sim_007_a0.69_r0.678,0.68575,0.67231
BBS20021_53,sim_008_a1.702_r0.566,1.59639,0.56045
BBS20021_53,sim_009_a0.647_r0.694,0.67592,0.69894
BBS20021_53,sim_010_a0.745_r0.026,0.75302,0.03428
BBS20022_58,sim_001_a0.149_r0.494,0.15426,0.48251
BBS20022_58,sim_002_a1.987_r0.401,1.97861,0.39411
BBS20022_58,sim_003_a1.215_r0.079,1.22168,0.1072
BBS20022_58,sim_004_a1.52_r0.441,1.54533,0.42658
BBS20022_58,sim_005_a0.644_r0.32,0.62232,0.32513
BBS20022_58,sim_006_a0.923_r0.522,0.93535,0.48294
BBS20022_58,sim_007_a0.358_r0.378,0.34396,0.63163
BBS20022_58,sim_008_a0.746_r0.099,0.7307,0.08257
BBS20023_31,sim_001_a0.432_r0.595,0.42347,0.58364
BBS20023_31,sim_002_a0.721_r0.891,0.7288,0.89349
BBS20023_31,sim_003_a1.741_r0.363,1.74913,0.38868
BBS20023_31,sim_004_a0.332_r0.282,0.33555,0.31013
BBS20023_31,sim_005_a0.925_r0.234,0.97271,0.23679
BBS20023_31,sim_006_a1.555_r0.075,1.63622,0.04135
BBS20023_31,sim_007_a1.447_r0.691,1.44042,0.63387
BBS20023_31,sim_008_a1.172_r0.797,1.19074,0.7695
BBS20023_31,sim_009_a1.356_r0.641,1.36,0.63745
BBS20023_31,sim_010_a1.295_r0.146,1.25032,0.16222
BBS20023_31,sim_011_a1.796_r0.285,1.77815,0.24972
BBS20023_31,sim_012_a0.225_r0.475,0.23047,0.45714
BBS20023_31,sim_013_a0.752_r0.901,0.76165,0.90361
BBS20023_31,sim_014_a1.327_r0.945,1.27175,0.94605
BBS20023_31,sim_015_a0.171_r0.813,0.16295,0.82631
BBS20023_31,sim_016_a1.32_r0.623,1.27175,0.62937
BBS20023_31,sim_017_a1.913_r0.688,1.85903,0.68948
BBS20023_31,sim_018_a0.859_r0.061,0.84983,0.04726
BBS20023_31,sim_019_a0.884_r0.924,0.86558,0.92786
BBS20023_31,sim_020_a0.512_r0.53,0.50553,0.51917
BBS20023_31,sim_021_a0.651_r0.504,0.67138,0.51214
BBS20023_31,sim_022_a1.138_r0.094,1.13163,0.07512
BBS20023_31,sim_023_a1.149_r0.703,1.27302,0.72356
BBS20023_31,sim_024_a1.999_r0.474,1.84737,0.4938
BBS20023_31,sim_025_a0.388_r0.778,0.37438,0.77526
BBS20023_31,sim_026_a0.764_r0.483,0.79386,0.50578
BBS20023_31,sim_027_a1.667_r0.146,1.60004,0.13456
BBS20023_31,sim_028_a0.842_r0.225,0.85182,0.21229
BBS20023_31,sim_029_a0.173_r0.034,0.17386,0.01
BBS20023_31,sim_030_a0.241_r0.741,0.23711,0.75803
BBS20023_31,sim_031_a0.942_r0.451,0.97894,0.44856
BBS20023_31,sim_032_a1.425_r0.183,1.42544,0.16848
BBS20023_31,sim_033_a0.925_r0.717,0.94429,0.69731
BBS20023_31,sim_034_a0.635_r0.28,0.62644,0.2786
BBS20023_31,sim_035_a1.379_r0.393,1.39751,0.38837
BBS20023_31,sim_036_a0.934_r0.941,0.93558,0.93783
BBS20023_31,sim_037_a0.17_r0.253,0.16756,0.2147
BBS20023_31,sim_038_a1.146_r0.581,1.1715,0.62392
BBS20023_31,sim_039_a0.586_r0.017,0.58403,0.03253
BBS20023_31,sim_040_a0.883_r0.116,0.86053,0.12997
BBS20023_31,sim_041_a1.612_r0.865,1.70519,0.87006
BBS20023_31,sim_042_a0.702_r0.101,0.68032,0.08917
BBS20023_31,sim_043_a1.2_r0.947,1.28549,0.95269
BBS20023_31,sim_044_a1.371_r0.885,1.31423,0.88987
BBS20023_31,sim_045_a1.032_r0.685,0.97976,0.68444
BBS20023_31,sim_046_a0.658_r0.408,0.6632,0.37211
BBS20023_31,sim_047_a1.82_r0.603,1.82362,0.65193
BBS20023_31,sim_048_a1.679_r0.074,1.71619,0.09154
BBS20023_31,sim_049_a1.036_r0.897,1.09337,0.89628
BBS20023_31,sim_050_a0.637_r0.261,0.65648,0.24964
BBS20024_30,sim_001_a0.746_r0.448,0.74463,0.42582
BBS20024_30,sim_002_a1.073_r0.651,1.1004,0.64901
BBS20024_30,sim_003_a0.2_r0.79,0.21977,0.78731
BBS20024_30,sim_004_a1.016_r0.626,1.01633,0.64143
BBS20024_30,sim_005_a0.34_r0.341,0.32626,0.36849
BBS20024_30,sim_006_a1.478_r0.207,1.39049,0.19457
BBS20024_30,sim_007_a1.222_r0.826,1.15243,0.82851
BBS20024_30,sim_008_a1.395_r0.606,1.31907,0.60467
BBS20024_30,sim_009_a0.729_r0.085,0.71529,0.06194
BBS20024_30,sim_010_a1.606_r0.356,1.52618,0.31725
BBS20024_30,sim_011_a0.45_r0.743,0.46447,0.73491
BBS20024_30,sim_012_a0.143_r0.133,0.14229,0.07942
BBS20024_30,sim_013_a1.382_r0.38,1.5048,0.41705
BBS20024_30,sim_014_a0.108_r0.49,0.11399,0.50324
BBS20024_30,sim_015_a1.007_r0.292,1.08443,0.33575
BBS20024_30,sim_016_a0.736_r0.938,0.72739,0.93935
BBS20024_30,sim_017_a0.984_r0.532,0.9876,0.51343
BBS20024_30,sim_018_a1.888_r0.923,1.80914,0.93034
BBS20024_30,sim_019_a1.003_r0.377,1.08061,0.38242
BBS20024_30,sim_020_a0.116_r0.213,0.10933,0.2139
BBS20024_30,sim_021_a0.872_r0.063,0.90881,0.04405
BBS20024_30,sim_022_a1.031_r0.752,1.01598,0.73952
BBS20024_30,sim_023_a1.863_r0.461,1.96812,0.48461
BBS20024_30,sim_024_a1.659_r0.834,1.68311,0.82076
BBS20024_30,sim_025_a1.531_r0.677,1.42184,0.65114
BBS20024_30,sim_026_a1.919_r0.63,1.80653,0.68344
BBS20024_30,sim_027_a0.504_r0.836,0.49134,0.84029
BBS20024_30,sim_028_a1.645_r0.912,1.6069,0.91286
BBS20024_30,sim_029_a1.376_r0.302,1.43429,0.29808
BBS20024_30,sim_030_a0.108_r0.441,0.11502,0.43104
BBS20024_30,sim_031_a1.7_r0.676,1.72665,0.6661
BBS20024_30,sim_032_a1.374_r0.014,1.39047,0.01
BBS20024_30,sim_033_a1.937_r0.863,1.86265,0.86016
BBS20024_30,sim_034_a0.501_r0.927,0.4806,0.93369
BBS20024_30,sim_035_a0.131_r0.907,0.13468,0.90143
BBS20024_30,sim_036_a0.289_r0.219,0.29457,0.2087
BBS20024_30,sim_037_a1.426_r0.694,1.38735,0.69877
BBS20024_30,sim_038_a1.093_r0.285,1.10383,0.28691
BBS20024_30,sim_039_a1.293_r0.543,1.31018,0.54854
BBS20024_30,sim_040_a1.058_r0.367,1.0801,0.36491
BBS20025_81,sim_001_a0.523_r0.377,0.52821,0.35052
BBS20025_81,sim_002_a0.192_r0.447,0.15565,0.73383
BBS20025_81,sim_003_a0.334_r0.836,0.17952,0.95935
BBS20026_32,sim_001_a1.995_r0.758,2.12198,0.76536
BBS20026_32,sim_002_a0.183_r0.706,0.17723,0.69156
BBS20026_32,sim_003_a1.075_r0.756,1.04014,0.76694
BBS20026_32,sim_004_a1.826_r0.589,1.8158,0.58263
BBS20026_32,sim_005_a0.985_r0.457,0.98974,0.4343
BBS20026_32,sim_006_a0.781_r0.12,0.77653,0.12341
BBS20026_32,sim_007_a1.843_r0.495,1.78363,0.52374
BBS20026_32,sim_008_a1.691_r0.764,1.76865,0.75731
BBS20026_32,sim_009_a0.269_r0.593,0.2808,0.58823
BBS20026_32,sim_010_a0.684_r0.09,0.63817,0.0911
BBS20026_32,sim_011_a1.59_r0.319,1.6539,0.32601
BBS20026_32,sim_012_a1.208_r0.625,1.25692,0.60439
BBS20026_32,sim_013_a0.772_r0.323,0.76161,0.31608
BBS20026_32,sim_014_a1.74_r0.655,1.8386,0.65186
BBS20026_32,sim_015_a1.423_r0.937,1.45638,0.92671
BBS20026_32,sim_016_a1.382_r0.287,1.3906,0.27776
BBS20026_32,sim_017_a1.26_r0.777,1.2376,0.7785
BBS20026_32,sim_018_a0.51_r0.563,0.49795,0.57685
BBS20026_32,sim_019_a0.604_r0.442,0.61828,0.47859
BBS20026_32,sim_020_a1.448_r0.233,1.43445,0.19041
BBS20026_32,sim_021_a0.835_r0.45,0.81365,0.43726
BBS20026_32,sim_022_a1.963_r0.404,2.05142,0.36552
BBS20026_32,sim_023_a1.588_r0.405,1.57953,0.39009
BBS20026_32,sim_024_a0.994_r0.059,0.96442,0.06832
BBS20026_32,sim_025_a0.998_r0.182,0.97343,0.17872
BBS20026_32,sim_026_a1.296_r0.371,1.26182,0.38699
BBS20026_32,sim_027_a1.713_r0.716,1.69401,0.70497
BBS20026_32,sim_028_a1.938_r0.2,1.97154,0.17902
BBS20026_32,sim_029_a0.16_r0.407,0.16066,0.41158
BBS20026_32,sim_030_a1.421_r0.316,1.40802,0.32267
BBS20026_32,sim_031_a1.282_r0.681,1.27203,0.67867
BBS20026_32,sim_032_a1.285_r0.35,1.39615,0.36046
BBS20026_32,sim_033_a1.412_r0.691,1.45203,0.68914
BBS20026_32,sim_034_a1.668_r0.546,1.69948,0.53984
BBS20026_32,sim_035_a0.925_r0.247,0.94543,0.23091
BBS20026_32,sim_036_a0.999_r0.577,0.98889,0.58958
BBS20026_32,sim_037_a0.721_r0.414,0.72764,0.43161
BBS20026_32,sim_038_a0.109_r0.622,0.10772,0.6264
BBS20026_32,sim_039_a1.972_r0.805,2.03048,0.81011
BBS20026_32,sim_040_a0.917_r0.25,0.87021,0.2566
BBS20026_32,sim_041_a0.806_r0.169,0.81069,0.2091
BBS20026_32,sim_042_a0.4_r0.305,0.39379,0.29347
BBS20026_32,sim_043_a1.356_r0.312,1.36954,0.32925
BBS20026_32,sim_044_a0.361_r0.283,0.34001,0.31336
BBS20026_32,sim_045_a1.787_r0.833,1.8859,0.82886
BBS20026_32,sim_046_a0.531_r0.629,0.54772,0.62776
BBS20026_32,sim_047_a1.429_r0.24,1.39989,0.21354
BBS20026_32,sim_048_a1.317_r0.608,1.31158,0.57898
BBS20026_32,sim_049_a1.061_r0.397,1.0611,0.36443
BBS20026_32,sim_050_a1.917_r0.027,1.95483,0.03624
BBS20027_29,sim_001_a0.276_r0.373,0.27572,0.36548
BBS20027_29,sim_002_a0.465_r0.015,0.47881,0.01991
BBS20027_29,sim_003_a1.7_r0.409,1.74435,0.40434
BBS20027_29,sim_004_a1.812_r0.044,1.85463,0.05946
BBS20027_29,sim_005_a0.458_r0.786,0.43068,0.79393
BBS20027_29,sim_006_a0.21_r0.212,0.19734,0.23388
BBS20027_29,sim_007_a1.852_r0.923,2.08243,0.92493
BBS20027_29,sim_008_a0.942_r0.588,0.91526,0.58855
BBS20027_29,sim_009_a1.253_r0.134,1.30718,0.14654
BBS20027_29,sim_010_a0.692_r0.694,0.66056,0.69571
BBS20027_29,sim_011_a1.842_r0.545,1.85464,0.56633
BBS20027_29,sim_012_a1.144_r0.407,1.15329,0.40427
BBS20027_29,sim_013_a1.878_r0.691,1.77117,0.69985
BBS20027_29,sim_014_a0.326_r0.011,0.31256,0.0524
BBS20027_29,sim_015_a1.717_r0.128,1.8266,0.10227
BBS20027_29,sim_016_a1.471_r0.32,1.44344,0.3181
BBS20027_29,sim_017_a0.138_r0.88,0.13256,0.88107
BBS20027_29,sim_018_a1.143_r0.75,1.10541,0.73884
BBS20027_29,sim_019_a0.987_r0.017,0.89528,0.0313
BBS20027_29,sim_020_a1.115_r0.715,1.0248,0.69886
BBS20027_29,sim_021_a0.954_r0.57,0.92989,0.58616
BBS20027_29,sim_022_a0.306_r0.343,0.29761,0.32697
BBS20027_29,sim_023_a0.639_r0.686,0.63348,0.67966
BBS20027_29,sim_024_a1.586_r0.383,1.55694,0.40191
BBS20027_29,sim_025_a0.875_r0.826,0.90318,0.81515
BBS20027_29,sim_026_a1.735_r0.942,1.74543,0.94726
BBS20027_29,sim_027_a0.121_r0.341,0.11938,0.33609
BBS20027_29,sim_028_a1.812_r0.325,1.84453,0.36889
BBS20027_29,sim_029_a0.631_r0.526,0.63717,0.53408
BBS20027_29,sim_030_a0.856_r0.905,0.89566,0.90472
BBS20027_29,sim_031_a1.571_r0.283,1.60644,0.26175
BBS20027_29,sim_032_a1.333_r0.338,1.41046,0.36689
BBS20027_29,sim_033_a1.599_r0.161,1.58856,0.20092
BBS20027_29,sim_034_a0.317_r0.508,0.31896,0.50923
BBS20027_29,sim_035_a0.463_r0.271,0.47446,0.28846
BBS20027_29,sim_036_a1.024_r0.299,1.03121,0.28786
BBS20027_29,sim_037_a1.685_r0.489,1.73338,0.50142
BBS20027_29,sim_038_a0.945_r0.471,0.95736,0.48733
BBS20027_29,sim_039_a1.582_r0.502,1.5293,0.49355
BBS20027_29,sim_040_a0.813_r0.258,0.79573,0.26888
BBS20027_29,sim_041_a1.859_r0.706,1.77706,0.71851
BBS20027_29,sim_042_a0.779_r0.163,0.80347,0.14557
BBS20027_29,sim_043_a1.42_r0.79,1.34333,0.81808
BBS20027_29,sim_044_a1.079_r0.569,1.04046,0.55289
BBS20027_29,sim_045_a0.513_r0.708,0.49323,0.72265
BBS20027_29,sim_046_a0.713_r0.84,0.6979,0.85041
BBS20027_29,sim_047_a0.445_r0.027,0.44539,0.01
BBS20027_29,sim_048_a1.292_r0.464,1.32397,0.4951
BBS20027_29,sim_049_a1.108_r0.683,1.13973,0.6936
BBS20027_29,sim_050_a1.189_r0.037,1.15916,0.04878
BBS20028_54,sim_001_a0.828_r0.052,0.82451,0.04406
BBS20028_54,sim_002_a0.532_r0.469,0.53318,0.46968
BBS20028_54,sim_003_a1.856_r0.236,1.90056,0.2045
BBS20028_54,sim_004_a0.854_r0.52,0.83956,0.54991
BBS20028_54,sim_005_a1.93_r0.714,1.89597,0.67845
BBS20028_54,sim_006_a0.249_r0.211,0.25476,0.20659
BBS20028_54,sim_007_a0.854_r0.91,0.88793,0.89251
BBS20028_54,sim_008_a0.979_r0.659,0.93683,0.68822
BBS20028_54,sim_009_a1.857_r0.253,1.92269,0.25545
BBS20029_29,sim_001_a1.913_r0.247,1.86248,0.23826
BBS20029_29,sim_002_a0.607_r0.143,0.6058,0.12063
BBS20029_29,sim_003_a1.324_r0.157,1.26584,0.14983
BBS20029_29,sim_004_a0.546_r0.206,0.53382,0.20332
BBS20029_29,sim_005_a0.811_r0.575,0.82132,0.57144
BBS20029_29,sim_006_a1.822_r0.642,1.79041,0.61614
BBS20029_29,sim_007_a0.757_r0.59,0.78117,0.59625
BBS20029_29,sim_008_a0.726_r0.727,0.70296,0.71253
BBS20029_29,sim_009_a1.515_r0.257,1.60815,0.22756
BBS20029_29,sim_010_a0.712_r0.041,0.73106,0.01681
BBS20029_29,sim_011_a1.423_r0.098,1.40252,0.06338
BBS20029_29,sim_012_a0.173_r0.885,0.16731,0.87385
BBS20029_29,sim_013_a1.387_r0.089,1.35588,0.10199
BBS20029_29,sim_014_a1.173_r0.752,1.0453,0.74715
BBS20029_29,sim_015_a0.797_r0.568,0.81064,0.5551
BBS20029_29,sim_016_a0.661_r0.705,0.65773,0.72548
BBS20029_29,sim_017_a1.306_r0.535,1.25976,0.53518
BBS20029_29,sim_018_a1.57_r0.196,1.56752,0.18719
BBS20029_29,sim_019_a0.911_r0.438,0.82995,0.45797
BBS20029_29,sim_020_a1.069_r0.168,0.98584,0.15461
BBS20029_29,sim_021_a1.011_r0.719,1.01052,0.74148
BBS20029_29,sim_022_a1.134_r0.205,1.16411,0.17042
BBS20029_29,sim_023_a0.494_r0.694,0.50583,0.68199
BBS20029_29,sim_024_a1.77_r0.208,1.79656,0.27818
BBS20029_29,sim_025_a1.663_r0.147,1.65091,0.13784
BBS20029_29,sim_026_a1.573_r0.604,1.51484,0.63217
BBS20029_29,sim_027_a0.614_r0.922,0.6105,0.92893
BBS20029_29,sim_028_a0.135_r0.152,0.13629,0.16815
BBS20029_29,sim_029_a0.86_r0.553,0.80853,0.54182
BBS20029_29,sim_030_a1.656_r0.219,1.76214,0.22475
BBS20029_29,sim_031_a1.019_r0.412,1.03525,0.39707
BBS20029_29,sim_032_a1.135_r0.791,1.19632,0.81062
BBS20029_29,sim_033_a0.411_r0.386,0.40887,0.39504
BBS20029_29,sim_034_a1.961_r0.155,1.88864,0.12518
BBS20029_29,sim_035_a0.171_r0.506,0.17421,0.52
BBS20029_29,sim_036_a1.735_r0.609,1.79028,0.6273
BBS20029_29,sim_037_a1.533_r0.444,1.57544,0.47001
BBS20029_29,sim_038_a1.394_r0.071,1.43097,0.05456
BBS20029_29,sim_039_a1.518_r0.388,1.37779,0.41106
BBS20029_29,sim_040_a0.812_r0.101,0.81577,0.09511
BBS20029_29,sim_041_a0.869_r0.342,0.8464,0.33145
BBS20029_29,sim_042_a1.468_r0.405,1.5674,0.35851
BBS20029_29,sim_043_a0.151_r0.341,0.15802,0.33022
BBS20029_29,sim_044_a0.836_r0.557,0.85757,0.55553
BBS20029_29,sim_045_a0.182_r0.908,0.18614,0.90069
BBS20029_29,sim_046_a0.623_r0.369,0.65264,0.38372
BBS20029_29,sim_047_a1.516_r0.918,1.47679,0.91492
BBS20029_29,sim_048_a0.551_r0.166,0.57203,0.14925
BBS20029_29,sim_049_a1.91_r0.39,2.04593,0.38838
BBS20029_29,sim_050_a1.277_r0.68,1.30476,0.67562
BBS20030_47,sim_001_a1.851_r0.49,1.70628,0.4832
BBS20030_47,sim_002_a1.159_r0.7,1.17126,0.6695
BBS20030_47,sim_003_a0.869_r0.648,0.8576,0.63668
BBS20030_47,sim_004_a0.96_r0.794,0.92573,0.78837
BBS20031_60,sim_001_a1.72_r0.692,1.72044,0.67771
BBS20031_60,sim_002_a0.276_r0.102,0.28106,0.09374
BBS20031_60,sim_003_a1.754_r0.705,1.76355,0.69398
BBS20031_60,sim_004_a1.905_r0.763,2.00156,0.74762
BBS20031_60,sim_005_a0.386_r0.452,0.41138,0.45569
BBS20031_60,sim_006_a1.188_r0.133,1.19282,0.12924
BBS20031_60,sim_007_a1.064_r0.869,0.88745,0.93449
BBS20032_61,sim_001_a0.98_r0.32,1.01852,0.31288
BBS20032_61,sim_002_a1.45_r0.268,1.42305,0.28819
BBS20032_61,sim_003_a1.916_r0.747,1.88879,0.7311
BBS20032_61,sim_004_a1.026_r0.096,1.02021,0.05951
BBS20032_61,sim_005_a1.307_r0.912,1.28727,0.90156
BBS20032_61,sim_006_a0.324_r0.824,0.32515,0.82402
BBS20033_48,sim_001_a1.479_r0.485,1.50765,0.49225
BBS20033_48,sim_002_a0.128_r0.552,0.12559,0.54213
BBS20033_48,sim_003_a1.525_r0.252,1.58387,0.25223
BBS20033_48,sim_004_a1.864_r0.905,1.82593,0.89907
BBS20033_48,sim_005_a0.717_r0.793,0.71786,0.78535
BBS20033_48,sim_006_a0.981_r0.615,1.02467,0.61296
BBS20033_48,sim_007_a0.848_r0.051,0.82767,0.04067
BBS20033_48,sim_008_a0.877_r0.223,0.87174,0.19853
BBS20033_48,sim_009_a1.185_r0.333,1.22731,0.30259
BBS20033_48,sim_010_a0.608_r0.509,0.64976,0.47807
BBS20033_48,sim_011_a0.307_r0.726,0.33139,0.72281
BBS20033_48,sim_012_a1.689_r0.819,1.72254,0.8297
BBS20033_48,sim_013_a1.563_r0.385,1.43537,0.35642
BBS20033_48,sim_014_a1.851_r0.241,1.7282,0.20238
BBS20033_48,sim_015_a1.652_r0.928,1.66951,0.93256
BBS20033_48,sim_016_a0.743_r0.875,0.67517,0.89122
BBS20034_59,sim_001_a1.979_r0.312,1.88122,0.3022
BBS20034_59,sim_002_a1.428_r0.684,1.48444,0.68913
BBS20034_59,sim_003_a1.869_r0.678,1.87165,0.6826
BBS20034_59,sim_004_a1.025_r0.725,1.00817,0.7194
BBS20035_35,sim_001_a0.37_r0.499,0.37484,0.48142
BBS20035_35,sim_002_a1.77_r0.221,1.65984,0.14329
BBS20035_35,sim_003_a1.019_r0.729,1.07545,0.71013
BBS20035_35,sim_004_a1.247_r0.567,1.25776,0.54539
BBS20035_35,sim_005_a1.103_r0.746,1.10647,0.7213
BBS20035_35,sim_006_a0.88_r0.237,0.82372,0.21257
BBS20035_35,sim_007_a1.805_r0.685,1.75034,0.66343
BBS20035_35,sim_008_a0.192_r0.288,0.19292,0.30737
BBS20035_35,sim_009_a1.838_r0.265,1.80521,0.29896
BBS20035_35,sim_010_a0.209_r0.259,0.20045,0.27811
BBS20035_35,sim_011_a0.146_r0.696,0.14237,0.70407
BBS20035_35,sim_012_a1.989_r0.068,2.02733,0.03063
BBS20035_35,sim_013_a1.07_r0.412,1.02433,0.45818
BBS20035_35,sim_014_a0.619_r0.615,0.61896,0.65232
BBS20035_35,sim_015_a1.351_r0.462,1.39423,0.44305
BBS20035_35,sim_016_a0.17_r0.843,0.17284,0.84559
BBS20035_35,sim_017_a0.286_r0.289,0.28736,0.27509
BBS20035_35,sim_018_a1.473_r0.364,1.43,0.36996
BBS20035_35,sim_019_a1.914_r0.047,1.89294,0.04982
BBS20035_35,sim_020_a1.602_r0.197,1.63593,0.27081
BBS20035_35,sim_021_a0.899_r0.071,0.89923,0.09034
BBS20035_35,sim_022_a1.16_r0.941,1.10587,0.94363
BBS20035_35,sim_023_a1.946_r0.209,1.86873,0.17227
BBS20035_35,sim_024_a0.95_r0.228,0.89787,0.24599
BBS20035_35,sim_025_a1.786_r0.055,1.85054,0.02826
BBS20035_35,sim_026_a0.38_r0.079,0.37795,0.04659
BBS20035_35,sim_027_a1.358_r0.223,1.30391,0.21133
BBS20035_35,sim_028_a1.412_r0.75,1.3107,0.7732
BBS20035_35,sim_029_a1.84_r0.486,1.81984,0.51448
BBS20035_35,sim_030_a1.912_r0.624,1.90198,0.66271
BBS20035_35,sim_031_a1.238_r0.113,1.2445,0.12178
BBS20035_35,sim_032_a0.964_r0.104,0.98363,0.09827
BBS20035_35,sim_033_a0.109_r0.143,0.10704,0.12256
BBS20035_35,sim_034_a1.781_r0.665,1.6917,0.65625
BBS20035_35,sim_035_a1.351_r0.91,1.36743,0.90648
BBS20035_35,sim_036_a1.727_r0.83,1.78553,0.83898
BBS20035_35,sim_037_a0.7_r0.735,0.7102,0.74706
BBS20035_35,sim_038_a1.196_r0.718,1.25248,0.71616
BBS20035_35,sim_039_a1.322_r0.497,1.42393,0.49174
BBS20035_35,sim_040_a0.88_r0.854,0.96433,0.8391
BBS20035_35,sim_041_a0.652_r0.574,0.62159,0.56798
BBS20035_35,sim_042_a0.204_r0.732,0.19713,0.74845
BBS20035_35,sim_043_a0.54_r0.098,0.53947,0.05055
BBS20035_35,sim_044_a0.281_r0.824,0.29095,0.81438
BBS20035_35,sim_045_a1.042_r0.428,1.08239,0.39073
BBS20035_35,sim_046_a0.896_r0.186,0.93005,0.16902
BBS20035_35,sim_047_a1.472_r0.188,1.50103,0.16778
BBS20035_35,sim_048_a0.84_r0.631,0.85934,0.6337
BBS20035_35,sim_049_a1.115_r0.814,1.06944,0.80889
BBS20035_35,sim_050_a1.491_r0.487,1.45017,0.4886
BBS20036_91,sim_001_a0.271_r0.306,0.2846,0.28951
BBS20037_65,sim_001_a0.332_r0.277,0.33137,0.25444
BBS20037_65,sim_002_a1.384_r0.461,1.39243,0.44137
BBS20037_65,sim_003_a0.896_r0.106,0.91428,0.08588
BBS20037_65,sim_004_a0.8_r0.559,0.80883,0.57009
BBS20037_65,sim_005_a1.203_r0.167,1.22547,0.1518
BBS20037_65,sim_006_a1.088_r0.427,1.11029,0.40816
BBS20038_42,sim_001_a0.739_r0.664,0.73964,0.66231
BBS20038_42,sim_002_a0.102_r0.038,0.10107,0.02934
BBS20038_42,sim_003_a0.176_r0.374,0.18472,0.36573
BBS20038_42,sim_004_a1.78_r0.898,1.73522,0.88843
BBS20038_42,sim_005_a1.202_r0.935,1.22889,0.91927
BBS20038_42,sim_006_a1.647_r0.081,1.61391,0.01928
BBS20038_42,sim_007_a1.586_r0.464,1.66624,0.49386
BBS20038_42,sim_008_a1.223_r0.728,1.25809,0.72941
BBS20038_42,sim_009_a1.254_r0.487,1.23668,0.47642
BBS20038_42,sim_010_a1.399_r0.172,1.39851,0.1465
BBS20038_42,sim_011_a0.187_r0.485,0.19163,0.48397
BBS20038_42,sim_012_a1.165_r0.561,1.18606,0.54838
BBS20038_42,sim_013_a1.147_r0.122,1.16874,0.14029
BBS20038_42,sim_014_a0.353_r0.407,0.33676,0.42818
BBS20038_42,sim_015_a1.629_r0.141,1.66872,0.15945
BBS20038_42,sim_016_a1.45_r0.092,1.52562,0.10457
BBS20038_42,sim_017_a0.479_r0.388,0.4595,0.41114
BBS20038_42,sim_018_a1.403_r0.345,1.24152,0.3616
BBS20038_42,sim_019_a1.157_r0.791,1.22524,0.78578
BBS20038_42,sim_020_a1.865_r0.354,2.08744,0.44415
BBS20038_42,sim_021_a1.3_r0.492,1.37311,0.54274
BBS20038_42,sim_022_a1.475_r0.695,1.50934,0.71716
BBS20038_42,sim_023_a1.142_r0.105,1.2351,0.0418
BBS20038_42,sim_024_a0.928_r0.436,0.95278,0.42946
BBS20038_42,sim_025_a0.391_r0.455,0.38767,0.48575
BBS20038_42,sim_026_a1.422_r0.157,1.40319,0.13451
BBS20038_42,sim_027_a0.768_r0.634,0.75369,0.63591
BBS20038_42,sim_028_a0.57_r0.552,0.56857,0.51901
BBS20038_42,sim_029_a0.477_r0.313,0.4899,0.33238
BBS20039_91,sim_001_a1.454_r0.29,1.48175,0.27691
BBS20040_87,sim_001_a0.488_r0.065,0.48628,0.0468
BBS20040_87,sim_002_a1.393_r0.189,1.37853,0.19672
BBS20041_48,sim_001_a1.523_r0.771,1.49414,0.76349
BBS20041_48,sim_002_a0.982_r0.584,0.97906,0.5489
BBS20041_48,sim_003_a0.175_r0.647,0.17459,0.63796
BBS20041_48,sim_004_a0.261_r0.06,0.26843,0.09422
BBS20041_48,sim_005_a1.524_r0.16,1.51981,0.12211
BBS20041_48,sim_006_a0.258_r0.731,0.26509,0.71763
BBS20041_48,sim_007_a1.29_r0.27,1.16296,0.21994
BBS20041_48,sim_008_a0.399_r0.652,0.40522,0.65857
BBS20041_48,sim_009_a1.916_r0.459,1.95647,0.47212
BBS20041_48,sim_010_a1.497_r0.255,1.58128,0.24763
BBS20041_48,sim_011_a1.121_r0.385,1.12019,0.40078
BBS20041_48,sim_012_a1.662_r0.929,1.6615,0.93187
BBS20041_48,sim_013_a1.217_r0.601,1.20377,0.62404
BBS20041_48,sim_014_a1.517_r0.019,1.48227,0.04799
BBS30002_31,sim_001_a1.856_r0.768,1.8672,0.76293
BBS30002_31,sim_002_a0.732_r0.55,0.7562,0.5636
BBS30002_31,sim_003_a1.908_r0.143,1.94794,0.15583
BBS30002_31,sim_004_a1.677_r0.19,1.76451,0.23684
BBS30002_31,sim_005_a0.736_r0.417,0.76667,0.3894
BBS30002_31,sim_006_a1.328_r0.173,1.39959,0.13165
BBS30002_31,sim_007_a0.524_r0.881,0.51855,0.88675
BBS30002_31,sim_008_a1.437_r0.665,1.42276,0.64316
BBS30002_31,sim_009_a1.012_r0.547,1.03967,0.54548
BBS30002_31,sim_010_a0.813_r0.256,0.75021,0.25078
BBS30002_31,sim_011_a1.217_r0.235,1.22762,0.22686
BBS30002_31,sim_012_a0.491_r0.092,0.49297,0.1088
BBS30002_31,sim_013_a1.87_r0.745,1.8332,0.74392
BBS30002_31,sim_014_a0.862_r0.408,0.87226,0.3949
BBS30002_31,sim_015_a0.258_r0.218,0.24511,0.16137
BBS30002_31,sim_016_a0.208_r0.051,0.20527,0.0698
BBS30002_31,sim_017_a0.513_r0.254,0.49707,0.24336
BBS30002_31,sim_018_a1.556_r0.173,1.52073,0.14885
BBS30002_31,sim_019_a0.119_r0.721,0.12102,0.73178
BBS30002_31,sim_020_a1.443_r0.668,1.42482,0.68301
BBS30002_31,sim_021_a1.811_r0.532,1.83986,0.54534
BBS30002_31,sim_022_a1.944_r0.393,2.00865,0.4147
BBS30002_31,sim_023_a0.715_r0.044,0.69069,0.06807
BBS30002_31,sim_024_a1.398_r0.653,1.47235,0.66407
BBS30002_31,sim_025_a0.684_r0.85,0.63162,0.85066
BBS30002_31,sim_026_a0.524_r0.247,0.5647,0.25868
BBS30002_31,sim_027_a0.723_r0.649,0.73815,0.64943
BBS30002_31,sim_028_a1.014_r0.24,1.0219,0.23367
BBS30002_31,sim_029_a0.462_r0.549,0.46335,0.54472
BBS30002_31,sim_030_a1.229_r0.501,1.25505,0.49777
BBS30002_31,sim_031_a0.441_r0.103,0.44414,0.111
BBS30002_31,sim_032_a0.255_r0.654,0.26206,0.64219
BBS30002_31,sim_033_a0.658_r0.942,0.74577,0.93682
BBS30002_31,sim_034_a1.876_r0.419,1.72442,0.41816
BBS30002_31,sim_035_a0.521_r0.509,0.49835,0.52257
BBS30002_31,sim_036_a0.887_r0.866,0.85952,0.86946
BBS30002_31,sim_037_a1.418_r0.582,1.40579,0.53773
BBS30002_31,sim_038_a1.871_r0.219,1.89136,0.24918
BBS30002_31,sim_039_a0.936_r0.206,0.94497,0.22529
BBS30002_31,sim_040_a1.134_r0.454,1.14842,0.46003
BBS30002_31,sim_041_a0.639_r0.718,0.68915,0.68873
BBS30002_31,sim_042_a0.428_r0.867,0.40729,0.85296
BBS30002_31,sim_043_a0.933_r0.277,0.96389,0.29727
BBS30002_31,sim_044_a0.761_r0.356,0.74437,0.35997
BBS30002_31,sim_045_a0.723_r0.688,0.71583,0.68195
BBS30002_31,sim_046_a0.655_r0.135,0.65581,0.11347
BBS30002_31,sim_047_a0.791_r0.89,0.83206,0.88444
BBS30002_31,sim_048_a1.369_r0.189,1.41314,0.14755
BBS30002_31,sim_049_a1.604_r0.123,1.54365,0.13171
BBS30002_31,sim_050_a0.698_r0.512,0.69607,0.50948
BBS30004_50,sim_001_a1.562_r0.946,1.62267,0.92277
BBS30004_50,sim_002_a0.762_r0.137,0.74158,0.13961
BBS30004_50,sim_003_a1.642_r0.805,1.53054,0.78793
BBS30004_50,sim_004_a0.668_r0.368,0.71814,0.33567
BBS30004_50,sim_005_a0.211_r0.228,0.21691,0.20725
BBS30004_50,sim_006_a0.364_r0.942,0.36612,0.94288
BBS30004_50,sim_007_a0.283_r0.486,0.2794,0.47382
BBS30004_50,sim_008_a1.597_r0.65,1.48392,0.66017
BBS30004_50,sim_009_a1.48_r0.084,1.47095,0.1214
BBS30004_50,sim_010_a1.714_r0.464,1.60537,0.42978
BBS30004_50,sim_011_a0.311_r0.348,0.29986,0.35002
BBS30004_50,sim_012_a1.12_r0.046,1.12508,0.01
BBS30004_50,sim_013_a1.335_r0.375,1.33506,0.38325
BBS30004_50,sim_014_a0.683_r0.86,0.6632,0.86378
BBS30004_50,sim_015_a0.373_r0.7,0.34915,0.70974
BBS30004_50,sim_016_a1.659_r0.587,1.70062,0.60097
BBS30004_50,sim_017_a1.361_r0.505,1.38451,0.49852
BBS30006_18,sim_001_a0.18_r0.606,0.18524,0.5929
BBS30006_18,sim_002_a0.862_r0.35,0.80616,0.3526
BBS30006_18,sim_003_a0.894_r0.321,0.86273,0.31962
BBS30006_18,sim_004_a0.825_r0.065,0.85952,0.05683
BBS30006_18,sim_005_a1.393_r0.02,1.46013,0.01915
BBS30006_18,sim_006_a0.77_r0.518,0.76961,0.48712
BBS30006_18,sim_007_a0.808_r0.544,0.83014,0.54564
BBS30006_18,sim_008_a1.57_r0.594,1.47666,0.60584
BBS30006_18,sim_009_a0.649_r0.465,0.64738,0.42722
BBS30006_18,sim_010_a0.998_r0.791,0.95903,0.7906
BBS30006_18,sim_011_a0.289_r0.842,0.30181,0.85229
BBS30006_18,sim_012_a0.906_r0.493,0.85166,0.52668
BBS30006_18,sim_013_a1.948_r0.757,1.74229,0.76736
BBS30006_18,sim_014_a1.216_r0.206,1.25749,0.2186
BBS30006_18,sim_015_a1.019_r0.569,0.9944,0.54037
BBS30006_18,sim_016_a1.219_r0.655,1.21493,0.65412
BBS30006_18,sim_017_a1.166_r0.643,1.1579,0.65245
BBS30006_18,sim_018_a1.989_r0.355,1.97774,0.35912
BBS30006_18,sim_019_a0.279_r0.105,0.27442,0.10569
BBS30006_18,sim_020_a0.29_r0.819,0.30073,0.82767
BBS30006_18,sim_021_a0.511_r0.89,0.46298,0.89788
BBS30006_18,sim_022_a1.236_r0.327,1.19623,0.3439
BBS30006_18,sim_023_a0.833_r0.777,0.82894,0.793
BBS30006_18,sim_024_a1.969_r0.169,1.88751,0.13031
BBS30006_18,sim_025_a0.972_r0.934,0.87003,0.94116
BBS30006_18,sim_026_a1.625_r0.881,1.55439,0.88911
BBS30006_18,sim_027_a0.492_r0.825,0.50959,0.8208
BBS30006_18,sim_028_a1.566_r0.941,1.49369,0.93933
BBS30006_18,sim_029_a0.381_r0.187,0.37406,0.19801
BBS30006_18,sim_030_a1.263_r0.815,1.33234,0.79717
BBS30006_18,sim_031_a1.56_r0.629,1.46642,0.63447
BBS30006_18,sim_032_a1.647_r0.682,1.62463,0.67896
BBS30006_18,sim_033_a0.76_r0.237,0.7478,0.22783
BBS30006_18,sim_034_a0.729_r0.535,0.78525,0.51189
BBS30006_18,sim_035_a0.835_r0.944,0.8417,0.95071
BBS30006_18,sim_036_a1.635_r0.62,1.56696,0.62089
BBS30006_18,sim_037_a1.308_r0.646,1.31847,0.63167
BBS30006_18,sim_038_a1.264_r0.754,1.24181,0.75151
BBS30006_18,sim_039_a0.182_r0.204,0.17746,0.194
BBS30006_18,sim_040_a0.573_r0.712,0.57471,0.72061
BBS30006_18,sim_041_a0.406_r0.688,0.41739,0.70906
BBS30006_18,sim_042_a1.711_r0.917,1.78557,0.91619
BBS30006_18,sim_043_a0.132_r0.309,0.13282,0.29547
BBS30006_18,sim_044_a0.451_r0.35,0.43886,0.37253
BBS30006_18,sim_045_a1.556_r0.919,1.42227,0.91743
BBS30006_18,sim_046_a1.342_r0.364,1.29954,0.33527
BBS30006_18,sim_047_a0.639_r0.371,0.63782,0.3603
BBS30006_18,sim_048_a0.617_r0.592,0.6047,0.59934
BBS30006_18,sim_049_a0.166_r0.186,0.1621,0.16301
BBS30006_18,sim_050_a1.35_r0.342,1.34361,0.34594
BBS30007_24,sim_001_a0.339_r0.482,0.33372,0.46565
BBS30007_24,sim_002_a0.945_r0.895,1.08642,0.87989
BBS30007_24,sim_003_a0.845_r0.477,0.84913,0.49793
BBS30007_24,sim_004_a0.132_r0.056,0.13127,0.08355
BBS30007_24,sim_005_a0.443_r0.756,0.45617,0.73719
BBS30007_24,sim_006_a1.762_r0.393,1.68499,0.38964
BBS30007_24,sim_007_a0.425_r0.922,0.41712,0.92434
BBS30007_24,sim_008_a1.651_r0.089,1.60748,0.0765
BBS30007_24,sim_009_a1.385_r0.564,1.32499,0.58365
BBS30007_24,sim_010_a0.659_r0.54,0.64616,0.54465
BBS30007_24,sim_011_a1.775_r0.674,1.69635,0.69745
BBS30007_24,sim_012_a1.609_r0.557,1.60959,0.55448
BBS30007_24,sim_013_a0.766_r0.411,0.77041,0.39228
BBS30007_24,sim_014_a1.494_r0.477,1.45477,0.45871
BBS30007_24,sim_015_a0.933_r0.192,0.89029,0.1593
BBS30007_24,sim_016_a0.232_r0.948,0.21738,0.95356
BBS30007_24,sim_017_a0.433_r0.128,0.42871,0.10353
BBS30007_24,sim_018_a0.491_r0.685,0.49576,0.64796
BBS30007_24,sim_019_a1.234_r0.39,1.2247,0.34038
BBS30007_24,sim_020_a1.966_r0.873,1.9789,0.85754
BBS30007_24,sim_021_a1.075_r0.741,1.08901,0.7627
BBS30007_24,sim_022_a1.971_r0.936,1.86706,0.9425
BBS30007_24,sim_023_a0.712_r0.923,0.68332,0.92169
BBS30007_24,sim_024_a0.569_r0.493,0.5858,0.47047
BBS30007_24,sim_025_a1.674_r0.846,1.63792,0.83868
BBS30007_24,sim_026_a0.69_r0.35,0.68924,0.33935
BBS30007_24,sim_027_a0.523_r0.526,0.50135,0.53055
BBS30007_24,sim_028_a1.066_r0.109,1.08091,0.14243
BBS30007_24,sim_029_a1.811_r0.426,1.74202,0.39057
BBS30007_24,sim_030_a1.232_r0.137,1.23899,0.13877
BBS30007_24,sim_031_a1.161_r0.124,1.15029,0.1145
BBS30007_24,sim_032_a0.495_r0.314,0.5024,0.30551
BBS30007_24,sim_033_a0.429_r0.059,0.43757,0.03809
BBS30007_24,sim_034_a1.679_r0.885,1.61447,0.88413
BBS30007_24,sim_035_a1.034_r0.359,1.04366,0.33766
BBS30007_24,sim_036_a1.866_r0.218,1.88102,0.30806
BBS30007_24,sim_037_a0.269_r0.902,0.26931,0.90486
BBS30007_24,sim_038_a1.802_r0.245,1.80675,0.27182
BBS30007_24,sim_039_a1.64_r0.173,1.73501,0.1674
BBS30007_24,sim_040_a1.069_r0.299,0.99814,0.31401
BBS30007_24,sim_041_a0.344_r0.831,0.34471,0.8371
BBS30007_24,sim_042_a0.665_r0.462,0.64068,0.46897
BBS30007_24,sim_043_a1.548_r0.404,1.58187,0.39683
BBS30007_24,sim_044_a1.442_r0.334,1.38535,0.33471
BBS30007_24,sim_045_a0.558_r0.924,0.59567,0.91517
BBS30007_24,sim_046_a1.561_r0.562,1.60248,0.5472
BBS30007_24,sim_047_a1.128_r0.669,1.1548,0.64316
BBS30007_24,sim_048_a1.598_r0.276,1.54587,0.27637
BBS30007_24,sim_049_a0.393_r0.914,0.36359,0.92034
BBS30007_24,sim_050_a1.816_r0.278,1.87315,0.31384
BBS30008_36,sim_001_a0.534_r0.365,0.54413,0.35546
BBS30008_36,sim_002_a1.486_r0.836,1.51588,0.83098
BBS30008_36,sim_003_a1.797_r0.514,1.80128,0.52145
BBS30008_36,sim_004_a0.381_r0.499,0.38436,0.51434
BBS30008_36,sim_005_a1.012_r0.911,0.97356,0.90413
BBS30008_36,sim_006_a0.335_r0.64,0.33613,0.64431
BBS30008_36,sim_007_a0.368_r0.603,0.3803,0.60555
BBS30008_36,sim_008_a1.935_r0.05,1.80456,0.05589
BBS30008_36,sim_009_a0.804_r0.058,0.80655,0.03284
BBS30008_36,sim_010_a0.879_r0.168,0.88165,0.17161
BBS30008_36,sim_011_a1.718_r0.641,1.54077,0.64142
BBS30008_36,sim_012_a0.782_r0.427,0.74582,0.42588
BBS30008_36,sim_013_a0.881_r0.751,0.93693,0.75966
BBS30008_36,sim_014_a1.862_r0.526,1.80487,0.5421
BBS30008_36,sim_015_a0.974_r0.055,0.96664,0.02299
BBS30008_36,sim_016_a1.499_r0.712,1.60688,0.71769
BBS30008_36,sim_017_a1.163_r0.385,1.21195,0.36857
BBS30008_36,sim_018_a0.962_r0.055,0.99688,0.04775
BBS30008_36,sim_019_a0.325_r0.293,0.33338,0.30266
BBS30008_36,sim_020_a1.543_r0.43,1.43669,0.46044
BBS30008_36,sim_021_a1.652_r0.5,1.61545,0.50106
BBS30008_36,sim_022_a1.298_r0.053,1.21368,0.05784
BBS30008_36,sim_023_a0.469_r0.211,0.4891,0.20293
BBS30008_36,sim_024_a0.331_r0.378,0.33999,0.40403
BBS30008_36,sim_025_a1.269_r0.403,1.19909,0.39074
BBS30008_36,sim_026_a0.648_r0.338,0.62388,0.33755
BBS30008_36,sim_027_a1.24_r0.764,1.21538,0.75358
BBS30008_36,sim_028_a1.345_r0.495,1.34158,0.50215
BBS30008_36,sim_029_a1.407_r0.345,1.31567,0.33631
BBS30008_36,sim_030_a1.127_r0.255,1.08519,0.24866
BBS30009_38,sim_001_a0.683_r0.019,0.67073,0.01
BBS30009_38,sim_002_a1.554_r0.287,1.69211,0.34701
BBS30009_38,sim_003_a0.723_r0.035,0.73901,0.06938
BBS30009_38,sim_004_a0.491_r0.029,0.49715,0.01238
BBS30009_38,sim_005_a1.447_r0.807,1.40432,0.7867
BBS30009_38,sim_006_a0.851_r0.921,0.96598,0.90599
BBS30009_38,sim_007_a1.534_r0.626,1.58424,0.60744
BBS30009_38,sim_008_a1.944_r0.899,2.02886,0.89245
BBS30009_38,sim_009_a0.563_r0.25,0.55249,0.23547
BBS30009_38,sim_010_a0.226_r0.041,0.23625,0.05768
BBS30009_38,sim_011_a1.002_r0.384,0.95452,0.38307
BBS30009_38,sim_012_a0.177_r0.028,0.1722,0.01
BBS30009_38,sim_013_a0.291_r0.936,0.30919,0.93341
BBS30009_38,sim_014_a1.229_r0.656,1.251,0.64656
BBS30009_38,sim_015_a1.297_r0.512,1.26142,0.52607
BBS30009_38,sim_016_a1.345_r0.786,1.3193,0.78533
BBS30009_38,sim_017_a0.793_r0.101,0.81678,0.09001
BBS30009_38,sim_018_a1.304_r0.081,1.3075,0.10491
BBS30009_38,sim_019_a0.517_r0.292,0.52627,0.27803
BBS30009_38,sim_020_a1.854_r0.514,1.81189,0.49203
BBS30009_38,sim_021_a1.925_r0.887,1.83221,0.88352
BBS30009_38,sim_022_a1.637_r0.466,1.55688,0.44736
BBS30009_38,sim_023_a1.227_r0.109,1.32189,0.07406
BBS30009_38,sim_024_a0.587_r0.779,0.58296,0.77044
BBS30009_38,sim_025_a1.876_r0.056,1.96872,0.06646
BBS30009_38,sim_026_a1.745_r0.175,1.56946,0.16967
BBS30009_38,sim_027_a0.398_r0.107,0.39177,0.10304
BBS30009_38,sim_028_a1.449_r0.079,1.49704,0.06933
BBS30010_50,sim_001_a0.179_r0.292,0.18296,0.28052
BBS30010_50,sim_002_a0.971_r0.689,0.95373,0.67741
BBS30010_50,sim_003_a1.095_r0.849,1.07486,0.83296
BBS30010_50,sim_004_a0.433_r0.65,0.43924,0.6643
BBS30010_50,sim_005_a0.121_r0.193,0.12338,0.16327
BBS30010_50,sim_006_a0.229_r0.899,0.21462,0.91199
BBS30010_50,sim_007_a0.158_r0.947,0.15933,0.94582
BBS30010_50,sim_008_a1.492_r0.326,1.55622,0.33663
BBS30010_50,sim_009_a0.854_r0.746,0.78053,0.75187
BBS30010_50,sim_010_a1.488_r0.404,1.47606,0.3877
BBS30010_50,sim_011_a1.016_r0.193,1.00253,0.19399
BBS30010_50,sim_012_a0.325_r0.171,0.31551,0.13678
BBS30010_50,sim_013_a1.801_r0.543,1.82929,0.54104
BBS30010_50,sim_014_a0.697_r0.74,0.68542,0.75422
BBS30010_50,sim_015_a0.562_r0.326,0.53998,0.33031
BBS30010_50,sim_016_a1.694_r0.477,1.78487,0.49787
BBS30011_65,sim_001_a1.614_r0.887,1.64929,0.87175
BBS30011_65,sim_002_a0.547_r0.934,0.5356,0.9678
BBS30011_65,sim_003_a0.294_r0.802,0.1729,0.93932
BBS30011_65,sim_004_a0.832_r0.054,0.82429,0.06028
BBS30012_65,sim_001_a0.408_r0.757,0.37989,0.8781
BBS30012_65,sim_002_a1.822_r0.535,1.78206,0.53405
BBS30012_65,sim_003_a1.714_r0.129,1.69857,0.13163
BBS30012_65,sim_004_a0.139_r0.5,0.13864,0.50618
BBS30012_65,sim_005_a1.631_r0.778,1.78391,0.75782
BBS30012_65,sim_006_a1.51_r0.347,1.56935,0.34589
BBS30013_86,sim_001_a0.673_r0.766,0.61152,0.87807
BBS30013_86,sim_002_a1.966_r0.55,2.03098,0.55172
BBS30013_86,sim_003_a0.453_r0.654,0.46129,0.6506
BBS30014_44,sim_001_a1.028_r0.522,0.99158,0.5097
BBS30014_44,sim_002_a0.265_r0.116,0.25197,0.13432
BBS30014_44,sim_003_a1.828_r0.635,1.80431,0.63325
BBS30014_44,sim_004_a0.739_r0.584,0.75234,0.53811
BBS30014_44,sim_005_a0.421_r0.79,0.39553,0.7922
BBS30014_44,sim_006_a1.405_r0.282,1.34667,0.32418
BBS30014_44,sim_007_a1.39_r0.659,1.4756,0.65806
BBS30014_44,sim_008_a0.189_r0.789,0.18405,0.80354
BBS30014_44,sim_009_a0.879_r0.365,0.88028,0.35124
BBS30014_44,sim_010_a1.795_r0.794,1.72214,0.80152
BBS30014_44,sim_011_a0.224_r0.458,0.21905,0.47104
BBS30014_44,sim_012_a0.282_r0.096,0.27922,0.11484
BBS30014_44,sim_013_a0.454_r0.136,0.46001,0.1058
BBS30014_44,sim_014_a1.894_r0.187,1.98452,0.15617
BBS30014_44,sim_015_a0.463_r0.416,0.45334,0.38592
BBS30014_44,sim_016_a1.798_r0.437,1.77557,0.39152
BBS30014_44,sim_017_a1.761_r0.385,1.60922,0.38761
BBS30014_44,sim_018_a1.356_r0.126,1.33719,0.11478
BBS30014_44,sim_019_a0.343_r0.09,0.34095,0.09093
BBS30014_44,sim_020_a0.676_r0.052,0.68775,0.03877
BBS30014_44,sim_021_a1.569_r0.51,1.5126,0.47408
BBS30014_44,sim_022_a1.964_r0.53,2.02102,0.52762
BBS30014_44,sim_023_a0.203_r0.596,0.20947,0.60295
BBS30014_44,sim_024_a1.573_r0.177,1.53352,0.225
BBS30014_44,sim_025_a1.317_r0.751,1.36127,0.73584
BBS30014_44,sim_026_a1.294_r0.262,1.26755,0.25462
BBS30015_21,sim_001_a1.493_r0.649,1.4796,0.64045
BBS30015_21,sim_002_a1.245_r0.543,1.25176,0.51993
BBS30015_21,sim_003_a0.457_r0.261,0.44384,0.23982
BBS30015_21,sim_004_a1.762_r0.083,1.77576,0.06503
BBS30015_21,sim_005_a1.591_r0.487,1.71695,0.47687
BBS30015_21,sim_006_a0.224_r0.657,0.20857,0.65564
BBS30015_21,sim_007_a0.488_r0.192,0.49049,0.16218
BBS30015_21,sim_008_a1.012_r0.577,1.02284,0.5978
BBS30015_21,sim_009_a1.99_r0.067,2.07466,0.09617
BBS30015_21,sim_010_a0.688_r0.166,0.69047,0.15919
BBS30015_21,sim_011_a0.205_r0.811,0.20857,0.80316
BBS30015_21,sim_012_a1.245_r0.621,1.28823,0.64468
BBS30015_21,sim_013_a1.195_r0.353,1.25992,0.35852
BBS30015_21,sim_014_a1.13_r0.848,1.26134,0.8545
BBS30015_21,sim_015_a0.509_r0.147,0.52418,0.09882
BBS30015_21,sim_016_a0.415_r0.516,0.41265,0.49925
BBS30015_21,sim_017_a1.695_r0.385,1.90942,0.43733
BBS30015_21,sim_018_a1.05_r0.369,1.07639,0.37938
BBS30015_21,sim_019_a0.646_r0.756,0.63807,0.75708
BBS30015_21,sim_020_a1.313_r0.846,1.17758,0.86316
BBS30015_21,sim_021_a1.233_r0.451,1.19038,0.43001
BBS30015_21,sim_022_a1.223_r0.652,1.20318,0.66563
BBS30015_21,sim_023_a0.628_r0.229,0.59134,0.25788
BBS30015_21,sim_024_a0.508_r0.43,0.48412,0.42479
BBS30015_21,sim_025_a0.447_r0.714,0.42471,0.71571
BBS30015_21,sim_026_a1.864_r0.325,1.84483,0.4257
BBS30015_21,sim_027_a1.914_r0.35,1.83188,0.31356
BBS30015_21,sim_028_a1.651_r0.834,1.7624,0.82299
BBS30015_21,sim_029_a1.936_r0.798,2.18674,0.7877
BBS30015_21,sim_030_a1.722_r0.696,1.41499,0.63844
BBS30015_21,sim_031_a1.199_r0.149,1.18026,0.14032
BBS30015_21,sim_032_a1.961_r0.529,2.01276,0.55753
BBS30015_21,sim_033_a0.148_r0.6,0.15478,0.55544
BBS30015_21,sim_034_a0.943_r0.373,0.90212,0.36779
BBS30015_21,sim_035_a0.84_r0.138,0.81101,0.13893
BBS30015_21,sim_036_a0.574_r0.748,0.59783,0.74853
BBS30015_21,sim_037_a0.136_r0.417,0.1434,0.44493
BBS30015_21,sim_038_a1.054_r0.599,1.08336,0.61734
BBS30015_21,sim_039_a1.121_r0.215,1.15601,0.23789
BBS30015_21,sim_040_a0.412_r0.921,0.43295,0.9148
BBS30015_21,sim_041_a1.22_r0.657,1.24974,0.66589
BBS30015_21,sim_042_a0.528_r0.177,0.50757,0.19824
BBS30015_21,sim_043_a1.646_r0.222,1.62295,0.22823
BBS30015_21,sim_044_a1.188_r0.13,1.24759,0.15054
BBS30015_21,sim_045_a0.44_r0.947,0.43412,0.93898
BBS30015_21,sim_046_a0.519_r0.674,0.51821,0.69339
BBS30015_21,sim_047_a0.173_r0.494,0.17858,0.47825
BBS30015_21,sim_048_a1.625_r0.775,1.65696,0.76109
BBS30015_21,sim_049_a1.666_r0.553,1.73729,0.57571
BBS30015_21,sim_050_a1.56_r0.213,1.46249,0.20033
BBS30016_37,sim_001_a1.188_r0.384,1.19724,0.41883
BBS30016_37,sim_002_a1.478_r0.683,1.46525,0.70891
BBS30016_37,sim_003_a0.814_r0.172,0.87304,0.18386
BBS30016_37,sim_004_a1.997_r0.011,2.0285,0.05558
BBS30016_37,sim_005_a1.979_r0.835,2.11657,0.84175
BBS30016_37,sim_006_a0.468_r0.745,0.46594,0.75073
BBS30016_37,sim_007_a0.25_r0.685,0.23821,0.69685
BBS30016_37,sim_008_a0.192_r0.651,0.18775,0.62108
BBS30016_37,sim_009_a0.446_r0.359,0.43157,0.36543
BBS30016_37,sim_010_a0.689_r0.359,0.71696,0.36542
BBS30016_37,sim_011_a1.55_r0.567,1.54466,0.56394
BBS30016_37,sim_012_a0.694_r0.723,0.72945,0.70733
BBS30016_37,sim_013_a1.807_r0.874,1.95185,0.88555
BBS30016_37,sim_014_a1.82_r0.842,2.06658,0.84575
BBS30016_37,sim_015_a1.126_r0.13,1.07679,0.10353
BBS30016_37,sim_016_a0.149_r0.147,0.15381,0.14792
BBS30016_37,sim_017_a1.767_r0.708,1.92294,0.697
BBS30016_37,sim_018_a1.508_r0.666,1.4872,0.66938
BBS30016_37,sim_019_a1.646_r0.296,1.75512,0.28738
BBS30016_37,sim_020_a0.194_r0.823,0.19016,0.82973
BBS30016_37,sim_021_a1.325_r0.751,1.32895,0.73271
BBS30016_37,sim_022_a1.497_r0.101,1.4831,0.1004
BBS30016_37,sim_023_a0.796_r0.196,0.81696,0.24006
BBS30016_37,sim_024_a1.863_r0.932,1.93295,0.94284
BBS30016_37,sim_025_a1.363_r0.164,1.35748,0.19514
BBS30016_37,sim_026_a1.057_r0.448,1.11156,0.47465
BBS30016_37,sim_027_a0.659_r0.802,0.65469,0.80056
BBS30016_37,sim_028_a0.17_r0.894,0.18194,0.89323
BBS30016_37,sim_029_a0.497_r0.368,0.49464,0.36764
BBS30016_37,sim_030_a1.138_r0.681,1.21346,0.66683
BBS30016_37,sim_031_a1.334_r0.311,1.47186,0.33028
BBS30016_37,sim_032_a0.715_r0.837,0.67656,0.83198
BBS30016_37,sim_033_a1.229_r0.334,1.26446,0.3549
BBS30016_37,sim_034_a1.738_r0.574,1.57898,0.5561
BBS30016_37,sim_035_a1.797_r0.679,1.869,0.67631
BBS30016_37,sim_036_a1.709_r0.401,1.71019,0.39987
BBS30016_37,sim_037_a1.628_r0.549,1.67526,0.54666
BBS30016_37,sim_038_a0.198_r0.374,0.19106,0.37136
BBS30017_15,sim_001_a1.741_r0.611,1.60824,0.63455
BBS30017_15,sim_002_a0.575_r0.141,0.53581,0.17351
BBS30017_15,sim_003_a0.845_r0.41,0.84924,0.44159
BBS30017_15,sim_004_a0.616_r0.498,0.6053,0.48757
BBS30017_15,sim_005_a0.427_r0.608,0.42904,0.62187
BBS30017_15,sim_006_a0.521_r0.786,0.49553,0.80444
BBS30017_15,sim_007_a1.527_r0.434,1.48312,0.44637
BBS30017_15,sim_008_a0.261_r0.694,0.23655,0.70749
BBS30017_15,sim_009_a0.993_r0.494,1.06619,0.44467
BBS30017_15,sim_010_a0.623_r0.045,0.62519,0.01
BBS30017_15,sim_011_a0.283_r0.516,0.26832,0.51596
BBS30017_15,sim_012_a1.9_r0.241,1.77555,0.22963
BBS30017_15,sim_013_a0.657_r0.282,0.64216,0.26513
BBS30017_15,sim_014_a1.428_r0.621,1.3951,0.61433
BBS30017_15,sim_015_a1.871_r0.035,1.74951,0.0209
BBS30017_15,sim_016_a1.479_r0.442,1.34154,0.46006
BBS30017_15,sim_017_a1.4_r0.819,1.41972,0.81056
BBS30017_15,sim_018_a1.825_r0.234,1.67598,0.32337
BBS30017_15,sim_019_a1.461_r0.19,1.56468,0.15763
BBS30017_15,sim_020_a1.312_r0.046,1.27864,0.01
BBS30017_15,sim_021_a1.319_r0.468,1.32481,0.45175
BBS30017_15,sim_022_a0.689_r0.266,0.74551,0.27793
BBS30017_15,sim_023_a1.198_r0.221,1.26589,0.19598
BBS30017_15,sim_024_a1.733_r0.417,1.77929,0.38846
BBS30017_15,sim_025_a0.647_r0.502,0.64246,0.50145
BBS30017_15,sim_026_a1.971_r0.198,2.02664,0.20474
BBS30017_15,sim_027_a1.196_r0.234,1.20097,0.23378
BBS30017_15,sim_028_a0.672_r0.256,0.64811,0.25947
BBS30017_15,sim_029_a0.262_r0.53,0.24189,0.53312
BBS30017_15,sim_030_a1.708_r0.936,1.692,0.92896
BBS30017_15,sim_031_a1.918_r0.245,1.88548,0.2977
BBS30017_15,sim_032_a0.281_r0.167,0.27053,0.18788
BBS30017_15,sim_033_a0.151_r0.164,0.14628,0.18572
BBS30017_15,sim_034_a1.737_r0.106,1.84902,0.12229
BBS30017_15,sim_035_a0.3_r0.521,0.30379,0.53372
BBS30017_15,sim_036_a1.955_r0.118,1.79525,0.08714
BBS30017_15,sim_037_a0.229_r0.736,0.24927,0.70848
BBS30017_15,sim_038_a1.201_r0.031,1.25947,0.06072
BBS30017_15,sim_039_a1.37_r0.166,1.37188,0.19747
BBS30017_15,sim_040_a1.568_r0.169,1.71817,0.17301
BBS30017_15,sim_041_a0.921_r0.58,0.92684,0.55748
BBS30017_15,sim_042_a1.916_r0.816,1.79565,0.82899
BBS30017_15,sim_043_a0.691_r0.195,0.66464,0.15273
BBS30017_15,sim_044_a0.504_r0.241,0.46579,0.27076
BBS30017_15,sim_045_a1.333_r0.209,1.36825,0.22277
BBS30017_15,sim_046_a1.772_r0.014,1.85558,0.01
BBS30017_15,sim_047_a1.109_r0.87,1.07241,0.8786
BBS30017_15,sim_048_a0.302_r0.228,0.29213,0.22009
BBS30017_15,sim_049_a1.774_r0.942,1.88269,0.92563
BBS30017_15,sim_050_a1.008_r0.73,0.96443,0.7309
BBS30018_78,sim_001_a1.417_r0.345,1.45751,0.32284
BBS30018_78,sim_002_a1.306_r0.653,1.39781,0.63715
BBS30018_78,sim_003_a0.143_r0.526,0.11712,0.78846
BBS30019_34,sim_001_a1.279_r0.055,1.28325,0.03723
BBS30019_34,sim_002_a1.183_r0.65,1.2107,0.65984
BBS30019_34,sim_003_a1.839_r0.41,1.8079,0.43673
BBS30019_34,sim_004_a0.604_r0.944,0.59742,0.95019
BBS30019_34,sim_005_a1.785_r0.264,1.82974,0.24292
BBS30019_34,sim_006_a0.983_r0.062,0.96789,0.04506
BBS30019_34,sim_007_a0.303_r0.645,0.29145,0.6784
BBS30019_34,sim_008_a0.166_r0.594,0.16548,0.61131
BBS30019_34,sim_009_a1.064_r0.791,1.09711,0.7834
BBS30019_34,sim_010_a1.865_r0.376,1.91311,0.37883
BBS30019_34,sim_011_a1.97_r0.482,1.90179,0.48805
BBS30019_34,sim_012_a1.732_r0.519,1.70905,0.50605
BBS30019_34,sim_013_a1.907_r0.774,1.93687,0.77209
BBS30019_34,sim_014_a1.087_r0.494,1.04287,0.51132
BBS30019_34,sim_015_a0.947_r0.105,0.98519,0.10207
BBS30019_34,sim_016_a0.916_r0.817,0.9275,0.81568
BBS30019_34,sim_017_a0.689_r0.478,0.68106,0.50292
BBS30019_34,sim_018_a1.564_r0.85,1.64868,0.85509
BBS30019_34,sim_019_a1.781_r0.562,1.78346,0.54222
BBS30019_34,sim_020_a1.444_r0.296,1.43176,0.29758
BBS30019_34,sim_021_a1.15_r0.12,1.13986,0.10461
BBS30019_34,sim_022_a0.846_r0.845,0.84637,0.85235
BBS30019_34,sim_023_a1.822_r0.359,1.81286,0.3278
BBS30019_34,sim_024_a0.202_r0.645,0.21264,0.63081
BBS30019_34,sim_025_a1.36_r0.425,1.364,0.4598
BBS30019_34,sim_026_a1.76_r0.847,1.77001,0.84313
BBS30019_34,sim_027_a1.39_r0.323,1.39082,0.28727
BBS30019_34,sim_028_a1.044_r0.221,1.06636,0.21885
BBS30019_34,sim_029_a0.452_r0.107,0.46917,0.10776
BBS30019_34,sim_030_a0.262_r0.513,0.25132,0.51552
BBS30019_34,sim_031_a0.105_r0.304,0.10413,0.31275
BBS30019_34,sim_032_a1.753_r0.799,1.8055,0.79497
BBS30019_34,sim_033_a1.678_r0.288,1.62982,0.30857
BBS30019_34,sim_034_a1.876_r0.302,1.7922,0.29931
BBS30019_34,sim_035_a1.308_r0.643,1.27428,0.66405
BBS30019_34,sim_036_a1.976_r0.678,2.11042,0.68431
BBS30019_34,sim_037_a1.114_r0.862,1.1306,0.86305
BBS30019_34,sim_038_a1.47_r0.899,1.50439,0.89198
BBS30019_34,sim_039_a0.419_r0.83,0.39717,0.83422
BBS30019_34,sim_040_a0.971_r0.608,0.98723,0.6325
BBS30019_34,sim_041_a0.103_r0.334,0.1076,0.33437
BBS30019_34,sim_042_a0.714_r0.717,0.68891,0.71397
BBS30019_34,sim_043_a0.616_r0.639,0.60007,0.62637
BBS30019_34,sim_044_a0.284_r0.312,0.27019,0.3033
BBS30019_34,sim_045_a1.853_r0.76,1.77864,0.7697
BBS30019_34,sim_046_a0.262_r0.613,0.26969,0.59813
BBS30019_34,sim_047_a0.196_r0.22,0.18764,0.2025
BBS30019_34,sim_048_a1.418_r0.025,1.37661,0.01572
BBS30019_34,sim_049_a1.699_r0.291,1.58475,0.32928
BBS30019_34,sim_050_a0.826_r0.722,0.86734,0.74012
BBS30020_56,sim_001_a0.624_r0.833,0.6669,0.82185
BBS30020_56,sim_002_a0.864_r0.707,0.86588,0.69878
BBS30020_56,sim_003_a0.665_r0.891,0.63072,0.93855
BBS30020_56,sim_004_a1.493_r0.892,1.57772,0.89219
BBS30020_56,sim_005_a0.456_r0.564,0.44681,0.57818
BBS30020_56,sim_006_a1.466_r0.304,1.43048,0.28672
BBS30020_56,sim_007_a0.896_r0.589,0.84995,0.60026
BBS30020_56,sim_008_a1.403_r0.637,1.42149,0.63325
BBS30022_66,sim_001_a1.151_r0.427,1.16963,0.41968
BBS30022_66,sim_002_a1.473_r0.087,1.46794,0.04323
BBS30022_66,sim_003_a0.561_r0.018,0.55154,0.04312
BBS30022_66,sim_004_a1.145_r0.727,1.08145,0.68097
BBS30022_66,sim_005_a0.911_r0.517,0.88128,0.53351
BBS30023_77,sim_001_a1.263_r0.613,1.22687,0.60627
BBS30023_77,sim_002_a1.742_r0.756,1.82172,0.75296
BBS30024_69,sim_001_a0.679_r0.158,0.6653,0.13363
BBS30024_69,sim_002_a0.599_r0.578,0.60268,0.57155
BBS30024_69,sim_003_a1.832_r0.697,1.83736,0.69016
BBS30024_69,sim_004_a1.072_r0.354,1.09961,0.34336
BBS30025_74,sim_001_a0.578_r0.808,0.59895,0.79517
BBS30025_74,sim_002_a0.703_r0.532,0.71975,0.51571
BBS30025_74,sim_003_a1.791_r0.42,1.66357,0.45565
BBS30025_74,sim_004_a0.53_r0.336,0.54239,0.33658
BBS30025_74,sim_005_a0.31_r0.483,0.31187,0.49537
BBS30026_81,sim_001_a1.656_r0.687,1.68503,0.68381
BBS30026_81,sim_002_a1.587_r0.671,1.54887,0.69148
BBS30026_81,sim_003_a1.456_r0.635,1.42603,0.63212
BBS30027_20,sim_001_a0.372_r0.258,0.37518,0.23326
BBS30027_20,sim_002_a0.145_r0.297,0.14652,0.29001
BBS30027_20,sim_003_a1.394_r0.316,1.45721,0.30112
BBS30027_20,sim_004_a0.221_r0.9,0.24614,0.89755
BBS30027_20,sim_005_a1.737_r0.216,1.62031,0.19567
BBS30027_20,sim_006_a1.198_r0.781,1.27627,0.77389
BBS30027_20,sim_007_a0.72_r0.442,0.71556,0.42638
BBS30027_20,sim_008_a0.931_r0.315,0.9195,0.32286
BBS30027_20,sim_009_a1.264_r0.074,1.209,0.06315
BBS30027_20,sim_010_a0.589_r0.548,0.60863,0.54354
BBS30027_20,sim_011_a1.459_r0.122,1.52503,0.1325
BBS30027_20,sim_012_a0.451_r0.012,0.46666,0.01
BBS30027_20,sim_013_a1.311_r0.887,1.37348,0.86414
BBS30027_20,sim_014_a0.439_r0.159,0.42435,0.15858
BBS30027_20,sim_015_a1.467_r0.942,1.50365,0.93962
BBS30027_20,sim_016_a0.783_r0.399,0.78429,0.37272
BBS30027_20,sim_017_a0.848_r0.076,0.79252,0.14069
BBS30027_20,sim_018_a1.416_r0.924,1.37361,0.92559
BBS30027_20,sim_019_a0.847_r0.543,0.83172,0.50013
BBS30027_20,sim_020_a1.133_r0.197,1.13326,0.18235
BBS30027_20,sim_021_a0.331_r0.576,0.32714,0.5647
BBS30027_20,sim_022_a0.238_r0.67,0.21742,0.70068
BBS30027_20,sim_023_a1.472_r0.51,1.37799,0.46887
BBS30027_20,sim_024_a1.781_r0.882,1.65203,0.8764
BBS30027_20,sim_025_a0.184_r0.716,0.2006,0.71495
BBS30027_20,sim_026_a1.806_r0.852,2.01627,0.85834
BBS30027_20,sim_027_a1.595_r0.176,1.77326,0.22641
BBS30027_20,sim_028_a0.502_r0.853,0.51243,0.85014
BBS30027_20,sim_029_a1.468_r0.913,1.60944,0.91068
BBS30027_20,sim_030_a1.081_r0.312,1.11854,0.31785
BBS30027_20,sim_031_a1.197_r0.94,1.26526,0.94202
BBS30027_20,sim_032_a1.918_r0.418,1.93266,0.48041
BBS30027_20,sim_033_a1.633_r0.541,1.77988,0.52829
BBS30027_20,sim_034_a0.516_r0.735,0.51652,0.74594
BBS30027_20,sim_035_a1.178_r0.19,1.1608,0.20967
BBS30027_20,sim_036_a0.549_r0.629,0.57166,0.65198
BBS30027_20,sim_037_a1.085_r0.377,1.07937,0.40665
BBS30027_20,sim_038_a0.101_r0.083,0.09824,0.02771
BBS30027_20,sim_039_a0.764_r0.345,0.75241,0.36159
BBS30027_20,sim_040_a1.439_r0.024,1.43241,0.01424
BBS30027_20,sim_041_a1.528_r0.053,1.54854,0.01134
BBS30027_20,sim_042_a1.197_r0.343,1.25465,0.31716
BBS30027_20,sim_043_a0.657_r0.556,0.63889,0.53117
BBS30027_20,sim_044_a0.268_r0.938,0.25907,0.94253
BBS30027_20,sim_045_a0.823_r0.504,0.85321,0.48265
BBS30027_20,sim_046_a1.816_r0.838,1.7749,0.85418
BBS30027_20,sim_047_a1.712_r0.8,1.68934,0.77097
BBS30027_20,sim_048_a1.487_r0.272,1.42941,0.28365
BBS30027_20,sim_049_a1.47_r0.857,1.42879,0.8484
BBS30027_20,sim_050_a0.544_r0.093,0.53465,0.10642
BBS30028_89,sim_001_a1.808_r0.606,1.79455,0.6019
BBS30028_89,sim_002_a1.402_r0.667,1.37313,0.67926
BBS30029_98,sim_001_a1.034_r0.29,1.03988,0.26689
BBS30030_62,sim_001_a0.75_r0.646,0.7306,0.6376
BBS30030_62,sim_002_a0.611_r0.344,0.6013,0.34419
BBS30030_62,sim_003_a1.72_r0.399,1.75633,0.37629
BBS30030_62,sim_004_a1.402_r0.382,1.42544,0.40594
BBS30030_62,sim_005_a0.166_r0.939,0.16931,0.93812
BBS30030_62,sim_006_a0.773_r0.011,0.79884,0.01
BBS30030_62,sim_007_a1.018_r0.606,0.98626,0.60312
BBS50001_34,sim_001_a0.412_r0.163,0.40545,0.13287
BBS50001_34,sim_002_a0.339_r0.695,0.33452,0.69855
BBS50001_34,sim_003_a1.401_r0.379,1.40704,0.40624
BBS50001_34,sim_004_a1.526_r0.463,1.46166,0.45448
BBS50001_34,sim_005_a1.024_r0.216,1.01333,0.20812
BBS50001_34,sim_006_a0.868_r0.467,0.85658,0.46092
BBS50001_34,sim_007_a0.131_r0.653,0.12784,0.68139
BBS50001_34,sim_008_a1.013_r0.303,1.03024,0.27069
BBS50001_34,sim_009_a0.655_r0.099,0.68603,0.08297
BBS50001_34,sim_010_a0.379_r0.369,0.40143,0.39684
BBS50001_34,sim_011_a0.996_r0.376,0.97447,0.39158
BBS50001_34,sim_012_a1.329_r0.361,1.27023,0.36544
BBS50001_34,sim_013_a1.723_r0.833,1.68923,0.81624
BBS50001_34,sim_014_a1.142_r0.877,1.09085,0.8793
BBS50001_34,sim_015_a1.244_r0.093,1.2578,0.05974
BBS50001_34,sim_016_a0.404_r0.098,0.39216,0.11251
BBS50001_34,sim_017_a1.145_r0.495,1.11846,0.52019
BBS50001_34,sim_018_a1.763_r0.071,1.82437,0.08105
BBS50001_34,sim_019_a0.394_r0.093,0.39644,0.0817
BBS50001_34,sim_020_a1.325_r0.919,1.37255,0.91758
BBS50001_34,sim_021_a1.423_r0.569,1.39414,0.58679
BBS50001_34,sim_022_a1.832_r0.656,1.82748,0.64602
BBS50001_34,sim_023_a1.199_r0.56,1.22375,0.54388
BBS50001_34,sim_024_a1.029_r0.793,1.00779,0.78433
BBS50001_34,sim_025_a1.112_r0.515,1.11128,0.54285
BBS50001_34,sim_026_a1.552_r0.65,1.48638,0.62431
BBS50001_34,sim_027_a0.277_r0.092,0.28,0.05655
BBS50001_34,sim_028_a0.544_r0.835,0.52054,0.83887
BBS50001_34,sim_029_a0.397_r0.022,0.40728,0.02732
BBS50001_34,sim_030_a1.651_r0.569,1.67056,0.57014
BBS50001_34,sim_031_a0.368_r0.225,0.35193,0.20312
BBS50001_34,sim_032_a0.15_r0.679,0.15504,0.67541
BBS50001_34,sim_033_a1.451_r0.299,1.42973,0.29834
BBS50001_34,sim_034_a0.513_r0.073,0.4942,0.05383
BBS50001_34,sim_035_a0.155_r0.079,0.15601,0.07829
BBS50001_34,sim_036_a1.636_r0.594,1.62428,0.59385
BBS50001_34,sim_037_a0.766_r0.252,0.76852,0.25669
BBS50001_34,sim_038_a1.851_r0.927,1.81673,0.92479
BBS50001_34,sim_039_a0.298_r0.208,0.29793,0.20364
BBS50001_34,sim_040_a1.868_r0.526,1.85865,0.54809
BBS50001_34,sim_041_a0.84_r0.755,0.81535,0.77044
BBS50001_34,sim_042_a1.869_r0.918,1.84047,0.91459
BBS50001_34,sim_043_a0.436_r0.155,0.42905,0.12343
BBS50001_34,sim_044_a1.736_r0.061,1.61634,0.06752
BBS50001_34,sim_045_a0.165_r0.632,0.16664,0.65493
BBS50001_34,sim_046_a0.138_r0.16,0.13958,0.17214
BBS50001_34,sim_047_a1.694_r0.42,1.736,0.40872
BBS50001_34,sim_048_a1.847_r0.933,1.87026,0.93608
BBS50001_34,sim_049_a1.664_r0.899,1.63686,0.89927
BBS50001_34,sim_050_a1.497_r0.448,1.50761,0.43611
BBS50002_13,sim_001_a1.797_r0.126,1.7437,0.10878
BBS50002_13,sim_002_a0.873_r0.879,0.86533,0.88552
BBS50002_13,sim_003_a0.247_r0.599,0.2413,0.62368
BBS50002_13,sim_004_a1.167_r0.386,1.13631,0.36457
BBS50002_13,sim_005_a0.981_r0.581,0.96335,0.57205
BBS50002_13,sim_006_a0.607_r0.297,0.60967,0.30781
BBS50002_13,sim_007_a0.124_r0.889,0.122,0.89609
BBS50002_13,sim_008_a0.854_r0.934,0.84327,0.93527
BBS50002_13,sim_009_a1.922_r0.844,2.06072,0.83651
BBS50002_13,sim_010_a0.74_r0.733,0.73865,0.72263
BBS50002_13,sim_011_a0.329_r0.55,0.33487,0.53439
BBS50002_13,sim_012_a1.373_r0.101,1.33081,0.10318
BBS50002_13,sim_013_a0.877_r0.122,0.86359,0.0955
BBS50002_13,sim_014_a0.569_r0.026,0.58905,0.02964
BBS50002_13,sim_015_a1.311_r0.601,1.30394,0.57159
BBS50002_13,sim_016_a1.926_r0.137,1.96712,0.1231
BBS50002_13,sim_017_a0.437_r0.062,0.42954,0.05418
BBS50002_13,sim_018_a1.273_r0.501,1.33709,0.48587
BBS50002_13,sim_019_a1.919_r0.743,1.91777,0.73619
BBS50002_13,sim_020_a1.859_r0.207,1.83392,0.18774
BBS50002_13,sim_021_a1.767_r0.046,1.74692,0.04741
BBS50002_13,sim_022_a0.205_r0.042,0.2049,0.04091
BBS50002_13,sim_023_a0.566_r0.701,0.55407,0.6946
BBS50002_13,sim_024_a0.552_r0.698,0.53804,0.69634
BBS50002_13,sim_025_a1.783_r0.622,1.82549,0.65187
BBS50002_13,sim_026_a0.808_r0.576,0.81108,0.59239
BBS50002_13,sim_027_a0.882_r0.154,0.85239,0.15123
BBS50002_13,sim_028_a1.294_r0.73,1.31674,0.73213
BBS50002_13,sim_029_a0.707_r0.154,0.66502,0.15723
BBS50002_13,sim_030_a1.64_r0.33,1.65129,0.36075
BBS50002_13,sim_031_a0.761_r0.881,0.79183,0.87966
BBS50002_13,sim_032_a0.816_r0.416,0.78476,0.39379
BBS50002_13,sim_033_a0.308_r0.233,0.30537,0.20387
BBS50002_13,sim_034_a1.657_r0.04,1.58892,0.07001
BBS50002_13,sim_035_a0.72_r0.185,0.72811,0.19434
BBS50002_13,sim_036_a1.864_r0.279,1.86445,0.29292
BBS50002_13,sim_037_a1.909_r0.086,1.97982,0.08722
BBS50002_13,sim_038_a1.151_r0.822,1.14129,0.82639
BBS50002_13,sim_039_a0.123_r0.901,0.12255,0.89768
BBS50002_13,sim_040_a0.546_r0.055,0.57739,0.08265
BBS50002_13,sim_041_a1.13_r0.153,1.06728,0.1592
BBS50002_13,sim_042_a0.184_r0.135,0.1821,0.16271
BBS50002_13,sim_043_a1.641_r0.669,1.77143,0.64932
BBS50002_13,sim_044_a0.218_r0.102,0.21542,0.07194
BBS50002_13,sim_045_a0.672_r0.22,0.65592,0.22436
BBS50002_13,sim_046_a0.627_r0.191,0.64555,0.18086
BBS50002_13,sim_047_a0.6_r0.264,0.61168,0.23145
BBS50002_13,sim_048_a1.887_r0.263,1.9745,0.23454
BBS50002_13,sim_049_a1.268_r0.672,1.21959,0.66482
BBS50002_13,sim_050_a0.171_r0.678,0.1661,0.70159
BBS50003_43,sim_001_a1.312_r0.844,1.30942,0.83066
BBS50003_43,sim_002_a1.031_r0.099,1.04372,0.10182
BBS50003_43,sim_003_a0.79_r0.371,0.75495,0.36398
BBS50003_43,sim_004_a1.894_r0.265,1.8071,0.24426
BBS50003_43,sim_005_a1.041_r0.771,1.05284,0.7817
BBS50003_43,sim_006_a1.121_r0.022,1.15914,0.04958
BBS50003_43,sim_007_a1.448_r0.546,1.44252,0.51716
BBS50003_43,sim_008_a1.158_r0.204,1.15236,0.24234
BBS50003_43,sim_009_a1.55_r0.803,1.51677,0.7969
BBS50003_43,sim_010_a0.157_r0.434,0.1555,0.42711
BBS50003_43,sim_011_a1.579_r0.382,1.55027,0.42422
BBS50003_43,sim_012_a1.641_r0.062,1.58761,0.11589
BBS50003_43,sim_013_a1.311_r0.48,1.33512,0.47956
BBS50003_43,sim_014_a0.155_r0.213,0.15305,0.22034
BBS50003_43,sim_015_a0.781_r0.746,0.76631,0.74423
BBS50003_43,sim_016_a0.402_r0.784,0.41693,0.7769
BBS50003_43,sim_017_a0.781_r0.726,0.78,0.735
BBS50003_43,sim_018_a1.813_r0.063,1.8728,0.05447
BBS50003_43,sim_019_a1.228_r0.786,1.27362,0.78667
BBS50003_43,sim_020_a1.094_r0.91,1.10409,0.91458
BBS50003_43,sim_021_a0.186_r0.685,0.18416,0.65997
BBS50003_43,sim_022_a0.332_r0.013,0.33659,0.03026
BBS50003_43,sim_023_a1.899_r0.461,1.9222,0.37264
BBS50003_43,sim_024_a1.36_r0.298,1.37076,0.27613
BBS50003_43,sim_025_a1.705_r0.488,1.74415,0.48757
BBS50003_43,sim_026_a0.448_r0.133,0.45024,0.1436
BBS50003_43,sim_027_a1.886_r0.548,1.85174,0.54515
BBS50003_43,sim_028_a0.133_r0.365,0.13424,0.36172
BBS50003_43,sim_029_a1.362_r0.826,1.34901,0.82114
BBS50003_43,sim_030_a1.475_r0.095,1.54389,0.09434
BBS50003_43,sim_031_a0.484_r0.254,0.49015,0.27237
BBS50003_43,sim_032_a1.618_r0.892,1.69895,0.89752
BBS50003_43,sim_033_a0.171_r0.829,0.16418,0.83923
BBS50003_43,sim_034_a0.205_r0.161,0.21458,0.16303
BBS50003_43,sim_035_a1.453_r0.926,1.61057,0.92142
BBS50003_43,sim_036_a1.462_r0.437,1.45098,0.43058
BBS50005_11,sim_001_a1.413_r0.084,1.41855,0.09999
BBS50005_11,sim_002_a0.82_r0.178,0.82912,0.2122
BBS50005_11,sim_003_a0.889_r0.903,0.78676,0.90947
BBS50005_11,sim_004_a0.567_r0.568,0.58169,0.57238
BBS50005_11,sim_005_a0.805_r0.716,0.76982,0.717
BBS50005_11,sim_006_a1.092_r0.896,1.09317,0.88522
BBS50005_11,sim_007_a1.676_r0.432,1.91036,0.47608
BBS50005_11,sim_008_a1.748_r0.261,1.70092,0.25357
BBS50005_11,sim_009_a0.848_r0.72,0.88042,0.7244
BBS50005_11,sim_010_a1.51_r0.799,1.45504,0.8235
BBS50005_11,sim_011_a1.949_r0.764,2.01841,0.78299
BBS50005_11,sim_012_a0.689_r0.379,0.69843,0.36464
BBS50005_11,sim_013_a1.056_r0.674,1.13911,0.69287
BBS50005_11,sim_014_a0.882_r0.264,0.93288,0.27708
BBS50005_11,sim_015_a0.609_r0.932,0.68188,0.91631
BBS50005_11,sim_016_a1.456_r0.538,1.39568,0.52271
BBS50005_11,sim_017_a0.475_r0.292,0.46961,0.25906
BBS50005_11,sim_018_a0.24_r0.323,0.25224,0.34277
BBS50005_11,sim_019_a0.884_r0.46,0.80952,0.43543
BBS50005_11,sim_020_a1.215_r0.385,1.26411,0.35715
BBS50005_11,sim_021_a2.0_r0.11,1.97867,0.14319
BBS50005_11,sim_022_a0.104_r0.123,0.10612,0.12823
BBS50005_11,sim_023_a1.008_r0.112,1.00825,0.12228
BBS50005_11,sim_024_a0.424_r0.658,0.4014,0.63138
BBS50005_11,sim_025_a1.671_r0.605,1.73125,0.6457
BBS50005_11,sim_026_a1.279_r0.058,1.27244,0.09905
BBS50005_11,sim_027_a1.163_r0.099,1.1361,0.11518
BBS50005_11,sim_028_a1.465_r0.456,1.39298,0.49903
BBS50005_11,sim_029_a0.331_r0.273,0.32551,0.26674
BBS50005_11,sim_030_a1.796_r0.035,1.9255,0.01
BBS50005_11,sim_031_a0.876_r0.285,0.94636,0.26809
BBS50005_11,sim_032_a1.784_r0.274,1.9119,0.28125
BBS50005_11,sim_033_a0.375_r0.261,0.36695,0.27409
BBS50005_11,sim_034_a0.7_r0.793,0.7161,0.79219
BBS50005_11,sim_035_a1.799_r0.407,1.68969,0.37386
BBS50005_11,sim_036_a1.526_r0.651,1.3956,0.69555
BBS50005_11,sim_037_a1.027_r0.867,1.02401,0.8581
BBS50005_11,sim_038_a0.526_r0.828,0.48126,0.82302
BBS50005_11,sim_039_a0.674_r0.163,0.71988,0.28621
BBS50005_11,sim_040_a0.421_r0.136,0.39917,0.24051
BBS50005_11,sim_041_a1.677_r0.212,1.76536,0.22604
BBS50005_11,sim_042_a1.14_r0.365,1.16209,0.38667
BBS50005_11,sim_043_a1.864_r0.085,2.0627,0.0594
BBS50005_11,sim_044_a1.108_r0.625,1.14695,0.64224
BBS50005_11,sim_045_a1.858_r0.454,2.19452,0.50586
BBS50005_11,sim_046_a1.215_r0.181,1.15434,0.21451
BBS50005_11,sim_047_a1.217_r0.944,1.19588,0.94279
BBS50005_11,sim_048_a1.736_r0.729,1.58205,0.69243
BBS50005_11,sim_049_a0.573_r0.809,0.65065,0.81819
BBS50005_11,sim_050_a1.278_r0.594,1.02528,0.54268
BBS50006_60,sim_001_a0.758_r0.059,0.73744,0.04453
BBS50006_60,sim_002_a1.861_r0.402,1.87812,0.42389
BBS50006_60,sim_003_a0.253_r0.171,0.24191,0.18118
BBS50006_60,sim_004_a0.708_r0.241,0.70439,0.22543
BBS50006_60,sim_005_a1.345_r0.448,1.38825,0.44098
BBS50006_60,sim_006_a1.098_r0.174,1.0943,0.17411
BBS50006_60,sim_007_a1.073_r0.912,1.06822,0.90112
BBS50006_60,sim_008_a0.747_r0.443,0.75135,0.44582
BBS50006_60,sim_009_a1.733_r0.185,1.74938,0.16723
BBS50007_23,sim_001_a1.893_r0.498,1.97368,0.50915
BBS50007_23,sim_002_a1.81_r0.686,1.76832,0.68106
BBS50007_23,sim_003_a1.329_r0.238,1.35329,0.22322
BBS50007_23,sim_004_a1.026_r0.896,1.01249,0.90167
BBS50007_23,sim_005_a0.134_r0.053,0.13807,0.06309
BBS50007_23,sim_006_a0.503_r0.081,0.5022,0.05916
BBS50007_23,sim_007_a0.685_r0.731,0.66199,0.74153
BBS50007_23,sim_008_a1.69_r0.632,1.73138,0.62221
BBS50007_23,sim_009_a0.103_r0.559,0.1011,0.59741
BBS50007_23,sim_010_a0.421_r0.611,0.41939,0.60016
BBS50007_23,sim_011_a0.176_r0.178,0.17269,0.17658
BBS50007_23,sim_012_a1.705_r0.049,1.69204,0.02998
BBS50007_23,sim_013_a0.712_r0.214,0.73961,0.18971
BBS50007_23,sim_014_a0.764_r0.749,0.7529,0.75029
BBS50007_23,sim_015_a0.375_r0.568,0.369,0.55523
BBS50007_23,sim_016_a1.831_r0.334,1.82623,0.34
BBS50007_23,sim_017_a1.111_r0.667,1.11484,0.65037
BBS50007_23,sim_018_a0.899_r0.562,0.88978,0.53159
BBS50007_23,sim_019_a1.599_r0.313,1.51264,0.3175
BBS50007_23,sim_020_a0.959_r0.494,0.94317,0.5045
BBS50007_23,sim_021_a0.243_r0.81,0.24611,0.7983
BBS50007_23,sim_022_a0.757_r0.597,0.76661,0.56521
BBS50007_23,sim_023_a0.146_r0.784,0.14442,0.77628
BBS50007_23,sim_024_a0.597_r0.059,0.59488,0.0786
BBS50007_23,sim_025_a1.05_r0.54,1.07171,0.55547
BBS50007_23,sim_026_a1.167_r0.397,1.20242,0.37233
BBS50007_23,sim_027_a1.39_r0.676,1.3506,0.66122
BBS50007_23,sim_028_a1.891_r0.295,1.91858,0.2548
BBS50007_23,sim_029_a1.086_r0.92,1.1155,0.9167
BBS50007_23,sim_030_a1.045_r0.212,1.07705,0.18608
BBS50007_23,sim_031_a0.977_r0.438,1.01257,0.41952
BBS50007_23,sim_032_a0.887_r0.556,0.8406,0.54746
BBS50007_23,sim_033_a0.905_r0.423,0.9344,0.42745
BBS50007_23,sim_034_a1.003_r0.223,0.97968,0.28069
BBS50007_23,sim_035_a1.668_r0.323,1.63474,0.31337
BBS50007_23,sim_036_a0.25_r0.726,0.25221,0.71704
BBS50007_23,sim_037_a0.626_r0.457,0.63428,0.44745
BBS50007_23,sim_038_a1.114_r0.924,1.08613,0.93137
BBS50007_23,sim_039_a1.395_r0.084,1.37455,0.0814
BBS50007_23,sim_040_a0.94_r0.86,1.00244,0.87107
BBS50007_23,sim_041_a0.134_r0.705,0.12726,0.72897
BBS50007_23,sim_042_a1.51_r0.639,1.49731,0.62241
BBS50007_23,sim_043_a1.233_r0.471,1.25318,0.4884
BBS50007_23,sim_044_a0.98_r0.698,1.00542,0.70608
BBS50007_23,sim_045_a1.725_r0.054,1.73835,0.0608
BBS50007_23,sim_046_a1.049_r0.57,1.0787,0.56588
BBS50007_23,sim_047_a0.927_r0.5,0.95019,0.45598
BBS50007_23,sim_048_a1.329_r0.274,1.38944,0.28853
BBS50007_23,sim_049_a1.3_r0.948,1.2769,0.95556
BBS50007_23,sim_050_a0.562_r0.527,0.56343,0.50052
BBS50008_26,sim_001_a1.782_r0.1,1.77345,0.10133
BBS50008_26,sim_002_a1.475_r0.835,1.5285,0.84469
BBS50008_26,sim_003_a1.168_r0.654,1.14096,0.63187
BBS50008_26,sim_004_a1.359_r0.143,1.31046,0.18325
BBS50008_26,sim_005_a0.579_r0.505,0.58995,0.5096
BBS50008_26,sim_006_a1.067_r0.786,1.06187,0.80258
BBS50008_26,sim_007_a0.916_r0.746,0.90631,0.72739
BBS50008_26,sim_008_a0.429_r0.515,0.44236,0.49908
BBS50008_26,sim_009_a0.865_r0.488,0.8518,0.47005
BBS50008_26,sim_010_a0.856_r0.354,0.83362,0.33688
BBS50008_26,sim_011_a0.801_r0.083,0.82739,0.08865
BBS50008_26,sim_012_a0.83_r0.509,0.80781,0.48755
BBS50008_26,sim_013_a1.729_r0.868,1.70236,0.85328
BBS50008_26,sim_014_a1.607_r0.655,1.69318,0.63612
BBS50008_26,sim_015_a0.747_r0.86,0.8036,0.8558
BBS50008_26,sim_016_a1.714_r0.142,1.59434,0.14769
BBS50008_26,sim_017_a0.634_r0.445,0.64428,0.42653
BBS50008_26,sim_018_a1.865_r0.57,1.8448,0.56543
BBS50008_26,sim_019_a1.778_r0.382,1.66088,0.36876
BBS50008_26,sim_020_a1.506_r0.84,1.50301,0.86353
BBS50008_26,sim_021_a0.573_r0.608,0.60844,0.5797
BBS50008_26,sim_022_a0.315_r0.421,0.30494,0.4125
BBS50008_26,sim_023_a1.535_r0.152,1.60943,0.13787
BBS50008_26,sim_024_a0.861_r0.387,0.86056,0.40497
BBS50008_26,sim_025_a0.674_r0.752,0.69303,0.73166
BBS50008_26,sim_026_a1.033_r0.626,1.09758,0.64444
BBS50008_26,sim_027_a1.898_r0.098,1.97,0.15591
BBS50008_26,sim_028_a1.792_r0.523,1.81776,0.48778
BBS50008_26,sim_029_a1.318_r0.691,1.27423,0.66832
BBS50008_26,sim_030_a1.949_r0.944,1.87599,0.94404
BBS50008_26,sim_031_a0.319_r0.036,0.32637,0.01
BBS50008_26,sim_032_a0.307_r0.828,0.31632,0.83049
BBS50008_26,sim_033_a0.578_r0.465,0.59116,0.49267
BBS50008_26,sim_034_a0.224_r0.284,0.22624,0.27018
BBS50008_26,sim_035_a0.381_r0.282,0.38948,0.3009
BBS50008_26,sim_036_a1.393_r0.544,1.44549,0.55541
BBS50008_26,sim_037_a0.977_r0.475,1.02319,0.48293
BBS50008_26,sim_038_a0.19_r0.363,0.19359,0.36039
BBS50008_26,sim_039_a0.843_r0.291,0.86144,0.31639
BBS50008_26,sim_040_a1.39_r0.602,1.42904,0.58727
BBS50008_26,sim_041_a1.318_r0.229,1.2658,0.23921
BBS50008_26,sim_042_a0.511_r0.722,0.5449,0.70481
BBS50008_26,sim_043_a0.335_r0.348,0.33148,0.33729
BBS50008_26,sim_044_a0.363_r0.762,0.35141,0.76118
BBS50008_26,sim_045_a0.372_r0.278,0.37803,0.2575
BBS50008_26,sim_046_a0.342_r0.565,0.31968,0.58755
BBS50008_26,sim_047_a1.184_r0.647,1.29367,0.64997
BBS50008_26,sim_048_a1.03_r0.706,0.99567,0.69817
BBS50008_26,sim_049_a0.825_r0.344,0.79059,0.35505
BBS50008_26,sim_050_a1.166_r0.798,1.20857,0.79147
BBS50009_28,sim_001_a1.74_r0.836,1.76159,0.81968
BBS50009_28,sim_002_a0.297_r0.622,0.29941,0.60844
BBS50009_28,sim_003_a0.741_r0.368,0.69655,0.36874
BBS50009_28,sim_004_a1.151_r0.08,1.22098,0.09507
BBS50009_28,sim_005_a0.231_r0.505,0.23377,0.51764
BBS50009_28,sim_006_a1.116_r0.906,1.09435,0.89275
BBS50009_28,sim_007_a1.04_r0.123,1.05133,0.12952
BBS50009_28,sim_008_a1.044_r0.837,1.08353,0.82539
BBS50009_28,sim_009_a1.651_r0.126,1.73427,0.11039
BBS50009_28,sim_010_a0.903_r0.384,0.85556,0.3846
BBS50009_28,sim_011_a0.964_r0.424,0.98055,0.42021
BBS50009_28,sim_012_a0.459_r0.092,0.46668,0.08535
BBS50009_28,sim_013_a1.685_r0.203,1.76651,0.20693
BBS50009_28,sim_014_a0.796_r0.552,0.80547,0.55099
BBS50009_28,sim_015_a0.375_r0.09,0.36968,0.10052
BBS50009_28,sim_016_a0.253_r0.295,0.25617,0.29594
BBS50009_28,sim_017_a1.742_r0.516,1.74705,0.52499
BBS50009_28,sim_018_a0.972_r0.583,0.9122,0.56994
BBS50009_28,sim_019_a1.091_r0.655,1.20259,0.66287
BBS50009_28,sim_020_a0.417_r0.184,0.41432,0.14178
BBS50009_28,sim_021_a0.732_r0.487,0.78015,0.48139
BBS50009_28,sim_022_a0.341_r0.427,0.34092,0.44069
BBS50009_28,sim_023_a0.268_r0.715,0.26767,0.6987
BBS50009_28,sim_024_a1.748_r0.569,1.6958,0.59485
BBS50009_28,sim_025_a0.887_r0.011,0.85853,0.05171
BBS50009_28,sim_026_a1.588_r0.59,1.57258,0.6004
BBS50009_28,sim_027_a1.987_r0.275,1.98109,0.3013
BBS50009_28,sim_028_a1.64_r0.485,1.63195,0.48074
BBS50009_28,sim_029_a0.127_r0.502,0.12421,0.49448
BBS50009_28,sim_030_a0.314_r0.629,0.30285,0.64735
BBS50009_28,sim_031_a1.555_r0.903,1.58593,0.90636
BBS50009_28,sim_032_a1.136_r0.58,1.11125,0.60129
BBS50009_28,sim_033_a1.39_r0.123,1.38757,0.17221
BBS50009_28,sim_034_a0.936_r0.095,0.96378,0.08785
BBS50009_28,sim_035_a0.359_r0.063,0.37445,0.04216
BBS50009_28,sim_036_a0.31_r0.501,0.3165,0.5009
BBS50009_28,sim_037_a1.195_r0.909,1.23928,0.88771
BBS50009_28,sim_038_a0.555_r0.741,0.56483,0.74887
BBS50009_28,sim_039_a1.804_r0.73,1.8471,0.71512
BBS50009_28,sim_040_a0.399_r0.258,0.39696,0.2517
BBS50009_28,sim_041_a0.242_r0.8,0.24125,0.79259
BBS50009_28,sim_042_a1.337_r0.467,1.27354,0.42486
BBS50009_28,sim_043_a0.722_r0.681,0.7073,0.69643
BBS50009_28,sim_044_a1.107_r0.276,1.07217,0.28483
BBS50009_28,sim_045_a1.471_r0.358,1.44895,0.37635
BBS50009_28,sim_046_a1.68_r0.536,1.67079,0.53465
BBS50009_28,sim_047_a0.826_r0.681,0.82193,0.67052
BBS50009_28,sim_048_a0.486_r0.348,0.52729,0.36798
BBS50009_28,sim_049_a1.662_r0.752,1.58453,0.76239
BBS50009_28,sim_050_a0.398_r0.584,0.39685,0.58351
BBS50010_17,sim_001_a1.091_r0.87,1.10764,0.8281
BBS50010_17,sim_002_a0.457_r0.145,0.45925,0.11923
BBS50010_17,sim_003_a1.48_r0.683,1.48874,0.67838
BBS50010_17,sim_004_a1.073_r0.455,1.06488,0.45428
BBS50010_17,sim_005_a1.596_r0.864,1.5711,0.8831
BBS50010_17,sim_006_a1.099_r0.932,1.25036,0.92772
BBS50010_17,sim_007_a1.413_r0.861,1.48265,0.84443
BBS50010_17,sim_008_a0.786_r0.72,0.80281,0.73505
BBS50010_17,sim_009_a1.046_r0.344,1.04546,0.34979
BBS50010_17,sim_010_a1.821_r0.279,2.03483,0.21681
BBS50010_17,sim_011_a0.196_r0.293,0.20025,0.33344
BBS50010_17,sim_012_a0.546_r0.048,0.53967,0.01854
BBS50010_17,sim_013_a0.661_r0.927,0.6603,0.92983
BBS50010_17,sim_014_a0.402_r0.667,0.39148,0.67811
BBS50010_17,sim_015_a1.429_r0.355,1.52044,0.31806
BBS50010_17,sim_016_a1.395_r0.508,1.33296,0.48459
BBS50010_17,sim_017_a0.86_r0.375,0.84799,0.36186
BBS50010_17,sim_018_a1.342_r0.203,1.31419,0.15835
BBS50010_17,sim_019_a1.206_r0.599,1.26085,0.56648
BBS50010_17,sim_020_a0.763_r0.75,0.80418,0.76127
BBS50010_17,sim_021_a1.909_r0.645,2.06172,0.64138
BBS50010_17,sim_022_a1.812_r0.297,1.95784,0.3049
BBS50010_17,sim_023_a1.72_r0.376,1.80699,0.3996
BBS50010_17,sim_024_a0.985_r0.757,0.96018,0.75963
BBS50010_17,sim_025_a1.441_r0.87,1.50122,0.88568
BBS50010_17,sim_026_a1.468_r0.691,1.65887,0.67427
BBS50010_17,sim_027_a0.668_r0.946,0.67428,0.94497
BBS50010_17,sim_028_a0.873_r0.164,0.82721,0.08592
BBS50010_17,sim_029_a0.721_r0.286,0.71003,0.27413
BBS50010_17,sim_030_a0.955_r0.618,0.90926,0.6414
BBS50010_17,sim_031_a1.949_r0.309,1.94199,0.32682
BBS50010_17,sim_032_a0.998_r0.652,0.90746,0.67575
BBS50010_17,sim_033_a0.263_r0.394,0.25537,0.39362
BBS50010_17,sim_034_a1.334_r0.9,1.33197,0.91224
BBS50010_17,sim_035_a1.38_r0.784,1.33817,0.76366
BBS50010_17,sim_036_a1.219_r0.828,1.19121,0.81719
BBS50010_17,sim_037_a0.749_r0.254,0.74272,0.269
BBS50010_17,sim_038_a1.089_r0.266,1.18138,0.29681
BBS50010_17,sim_039_a1.885_r0.513,1.94018,0.51874
BBS50010_17,sim_040_a0.22_r0.57,0.20943,0.58359
BBS50010_17,sim_041_a1.48_r0.742,1.43871,0.78145
BBS50010_17,sim_042_a0.95_r0.777,0.99861,0.78631
BBS50010_17,sim_043_a1.566_r0.741,1.60606,0.74259
BBS50010_17,sim_044_a0.739_r0.34,0.73454,0.33081
BBS50010_17,sim_045_a1.641_r0.893,1.56881,0.8843
BBS50010_17,sim_046_a0.305_r0.453,0.32361,0.44676
BBS50010_17,sim_047_a0.973_r0.777,0.96089,0.77189
BBS50010_17,sim_048_a1.874_r0.778,1.79897,0.76877
BBS50010_17,sim_049_a0.313_r0.699,0.31679,0.69126
BBS50010_17,sim_050_a0.504_r0.917,0.56286,0.91297
BBS50011_36,sim_001_a0.922_r0.826,0.95139,0.82005
BBS50011_36,sim_002_a1.025_r0.806,1.03185,0.80334
BBS50011_36,sim_003_a0.721_r0.831,0.75131,0.82263
BBS50011_36,sim_004_a0.54_r0.755,0.53626,0.75511
BBS50011_36,sim_005_a1.484_r0.723,1.56177,0.73343
BBS50011_36,sim_006_a0.73_r0.541,0.72964,0.53888
BBS50011_36,sim_007_a1.992_r0.384,1.96822,0.40429
BBS50011_36,sim_008_a1.404_r0.174,1.34462,0.1809
BBS50011_36,sim_009_a1.443_r0.838,1.55792,0.8155
BBS50011_36,sim_010_a1.545_r0.274,1.57717,0.31476
BBS50011_36,sim_011_a1.507_r0.625,1.40397,0.62644
BBS50011_36,sim_012_a0.139_r0.115,0.13877,0.09528
BBS50011_36,sim_013_a0.946_r0.448,0.93688,0.44837
BBS50011_36,sim_014_a0.294_r0.225,0.2886,0.26188
BBS50011_36,sim_015_a1.745_r0.777,1.79383,0.78463
BBS50011_36,sim_016_a1.991_r0.537,2.04843,0.53394
BBS50011_36,sim_017_a1.123_r0.319,1.1544,0.32566
BBS50011_36,sim_018_a0.746_r0.909,0.75943,0.90071
BBS50011_36,sim_019_a1.5_r0.208,1.50645,0.20585
BBS50011_36,sim_020_a0.706_r0.115,0.68334,0.11956
BBS50011_36,sim_021_a0.735_r0.049,0.73029,0.04177
BBS50011_36,sim_022_a1.877_r0.295,1.78801,0.26625
BBS50011_36,sim_023_a0.187_r0.534,0.18436,0.52817
BBS50011_36,sim_024_a1.014_r0.487,1.04738,0.49641
BBS50011_36,sim_025_a0.393_r0.615,0.36464,0.61835
BBS50011_36,sim_026_a1.738_r0.377,1.70249,0.35074
BBS50011_36,sim_027_a0.36_r0.865,0.36699,0.8601
BBS50011_36,sim_028_a0.278_r0.16,0.27604,0.13883
BBS50011_36,sim_029_a1.226_r0.488,1.18671,0.49004
BBS50011_36,sim_030_a1.232_r0.571,1.23742,0.57568
BBS50011_36,sim_031_a1.173_r0.779,1.13075,0.77669
BBS50011_36,sim_032_a0.248_r0.189,0.25596,0.14498
BBS50011_36,sim_033_a0.853_r0.648,0.89133,0.65099
BBS50011_36,sim_034_a1.691_r0.787,1.75105,0.7785
BBS50011_36,sim_035_a1.557_r0.399,1.48384,0.38926
BBS50011_36,sim_036_a1.93_r0.352,1.97114,0.33557
BBS50011_36,sim_037_a1.892_r0.344,1.79084,0.33638
BBS50011_36,sim_038_a1.47_r0.633,1.41781,0.64679
BBS50011_36,sim_039_a0.827_r0.76,0.80472,0.76252
BBS50011_36,sim_040_a1.802_r0.844,1.86226,0.83642
BBS50011_36,sim_041_a1.118_r0.035,1.08127,0.037
BBS50011_36,sim_042_a0.985_r0.28,0.96006,0.30386
BBS50012_49,sim_001_a0.806_r0.185,0.80077,0.17493
BBS50012_49,sim_002_a0.992_r0.437,0.99794,0.44932
BBS50012_49,sim_003_a1.331_r0.428,1.33603,0.41207
BBS50012_49,sim_004_a0.819_r0.652,0.77962,0.67654
BBS50012_49,sim_005_a0.995_r0.586,0.97997,0.59498
BBS50012_49,sim_006_a0.411_r0.721,0.41245,0.71919
BBS50012_49,sim_007_a0.599_r0.325,0.58302,0.29902
BBS50012_49,sim_008_a1.931_r0.936,1.89599,0.93506
BBS50012_49,sim_009_a0.143_r0.842,0.14731,0.83577
BBS50012_49,sim_010_a0.387_r0.187,0.39616,0.17463
BBS50012_49,sim_011_a0.538_r0.575,0.54263,0.55257
BBS50012_49,sim_012_a0.408_r0.945,0.41592,0.94298
BBS50012_49,sim_013_a0.976_r0.779,0.94014,0.77446
BBS50012_49,sim_014_a1.621_r0.226,1.58606,0.22405
BBS50012_49,sim_015_a1.089_r0.748,1.14206,0.75335
BBS50012_49,sim_016_a1.656_r0.949,1.67342,0.95057
BBS50012_49,sim_017_a0.861_r0.696,0.83453,0.71161
BBS50012_49,sim_018_a1.768_r0.67,1.66421,0.64915
BBS50012_49,sim_019_a0.271_r0.392,0.26643,0.40013
BBS50012_49,sim_020_a1.537_r0.804,1.48077,0.79381
BBS50012_49,sim_021_a1.187_r0.298,1.22941,0.31044
BBS50013_18,sim_001_a1.06_r0.805,1.09184,0.7911
BBS50013_18,sim_002_a0.762_r0.463,0.70019,0.44855
BBS50013_18,sim_003_a0.771_r0.842,0.80925,0.81909
BBS50013_18,sim_004_a0.943_r0.194,0.97921,0.15808
BBS50013_18,sim_005_a0.949_r0.437,0.96329,0.42178
BBS50013_18,sim_006_a1.844_r0.213,1.88709,0.15495
BBS50013_18,sim_007_a1.077_r0.164,1.2035,0.20005
BBS50013_18,sim_008_a1.619_r0.262,1.56403,0.25618
BBS50013_18,sim_009_a1.744_r0.397,1.7585,0.35912
BBS50013_18,sim_010_a1.328_r0.937,1.32154,0.93699
BBS50013_18,sim_011_a1.534_r0.485,1.54864,0.52022
BBS50013_18,sim_012_a0.783_r0.528,0.75371,0.52324
BBS50013_18,sim_013_a1.807_r0.616,1.7409,0.65563
BBS50013_18,sim_014_a1.477_r0.066,1.49649,0.07967
BBS50013_18,sim_015_a1.88_r0.656,1.95129,0.66258
BBS50013_18,sim_016_a0.466_r0.923,0.47881,0.9289
BBS50013_18,sim_017_a0.295_r0.387,0.29565,0.37151
BBS50013_18,sim_018_a0.133_r0.225,0.14381,0.22877
BBS50013_18,sim_019_a1.465_r0.943,1.3583,0.94998
BBS50013_18,sim_020_a1.797_r0.263,1.73341,0.12792
BBS50013_18,sim_021_a1.523_r0.672,1.48444,0.65883
BBS50013_18,sim_022_a0.876_r0.325,0.87321,0.32571
BBS50013_18,sim_023_a1.517_r0.927,1.43978,0.92803
BBS50013_18,sim_024_a0.977_r0.078,0.92169,0.04674
BBS50013_18,sim_025_a0.718_r0.802,0.71088,0.80042
BBS50013_18,sim_026_a1.15_r0.726,1.09642,0.72276
BBS50013_18,sim_027_a1.779_r0.403,1.90027,0.42162
BBS50013_18,sim_028_a0.567_r0.889,0.55515,0.88446
BBS50013_18,sim_029_a1.479_r0.154,1.42256,0.15939
BBS50013_18,sim_030_a1.537_r0.441,1.49949,0.42004
BBS50013_18,sim_031_a1.701_r0.329,1.55825,0.31614
BBS50013_18,sim_032_a1.886_r0.48,2.03281,0.45372
BBS50013_18,sim_033_a1.78_r0.358,1.66505,0.31155
BBS50013_18,sim_034_a1.231_r0.499,1.29744,0.46608
BBS50013_18,sim_035_a0.94_r0.063,0.92027,0.0477
BBS50013_18,sim_036_a0.299_r0.854,0.31736,0.84769
BBS50013_18,sim_037_a1.797_r0.695,1.76747,0.6863
BBS50013_18,sim_038_a1.341_r0.178,1.32352,0.13162
BBS50013_18,sim_039_a1.925_r0.728,1.85814,0.72776
BBS50013_18,sim_040_a0.541_r0.438,0.53557,0.41631
BBS50013_18,sim_041_a0.242_r0.932,0.27464,0.91314
BBS50013_18,sim_042_a0.501_r0.457,0.51845,0.4617
BBS50013_18,sim_043_a0.625_r0.537,0.60477,0.52674
BBS50013_18,sim_044_a1.873_r0.466,1.8117,0.41504
BBS50013_18,sim_045_a1.913_r0.274,1.76114,0.30898
BBS50013_18,sim_046_a1.118_r0.523,1.04282,0.5336
BBS50013_18,sim_047_a1.054_r0.715,1.15892,0.75257
BBS50013_18,sim_048_a0.336_r0.189,0.32635,0.24353
BBS50013_18,sim_049_a0.633_r0.282,0.62695,0.26701
BBS50013_18,sim_050_a0.682_r0.389,0.66274,0.4052
BBS50014_30,sim_001_a1.715_r0.751,1.81229,0.74484
BBS50014_30,sim_002_a1.522_r0.012,1.52642,0.02959
BBS50014_30,sim_003_a0.701_r0.706,0.73197,0.70248
BBS50014_30,sim_004_a0.363_r0.55,0.36575,0.53533
BBS50014_30,sim_005_a0.991_r0.923,1.01263,0.91618
BBS50014_30,sim_006_a1.637_r0.189,1.56245,0.16097
BBS50014_30,sim_007_a1.376_r0.626,1.41288,0.61326
BBS50014_30,sim_008_a1.84_r0.841,1.79665,0.84133
BBS50014_30,sim_009_a1.497_r0.658,1.47889,0.6585
BBS50014_30,sim_010_a1.696_r0.335,1.62552,0.31603
BBS50014_30,sim_011_a0.532_r0.681,0.53549,0.66385
BBS50014_30,sim_012_a0.635_r0.786,0.66683,0.78778
BBS50014_30,sim_013_a0.746_r0.08,0.73699,0.08382
BBS50014_30,sim_014_a1.189_r0.707,1.26931,0.70348
BBS50014_30,sim_015_a0.625_r0.541,0.6129,0.55318
BBS50014_30,sim_016_a0.352_r0.396,0.35629,0.36329
BBS50014_30,sim_017_a0.339_r0.332,0.34071,0.30295
BBS50014_30,sim_018_a0.802_r0.039,0.809,0.05196
BBS50014_30,sim_019_a1.114_r0.208,1.08987,0.18193
BBS50014_30,sim_020_a0.124_r0.352,0.12121,0.32495
BBS50014_30,sim_021_a1.858_r0.086,1.81901,0.0864
BBS50014_30,sim_022_a0.728_r0.938,0.71951,0.94433
BBS50014_30,sim_023_a1.638_r0.887,1.52812,0.88561
BBS50014_30,sim_024_a1.8_r0.321,1.77581,0.33118
BBS50014_30,sim_025_a1.04_r0.538,0.99421,0.54461
BBS50014_30,sim_026_a1.773_r0.582,1.78936,0.6019
BBS50014_30,sim_027_a0.765_r0.132,0.77367,0.14089
BBS50014_30,sim_028_a0.107_r0.579,0.10803,0.57767
BBS50014_30,sim_029_a0.169_r0.43,0.17623,0.44112
BBS50014_30,sim_030_a1.496_r0.462,1.4585,0.4469
BBS50014_30,sim_031_a1.969_r0.111,2.03907,0.14661
BBS50014_30,sim_032_a1.103_r0.044,1.11201,0.04084
BBS50014_30,sim_033_a0.506_r0.259,0.50433,0.26714
BBS50014_30,sim_034_a0.893_r0.326,0.94386,0.33562
BBS50014_30,sim_035_a0.65_r0.379,0.62685,0.38163
BBS50014_30,sim_036_a0.81_r0.752,0.80639,0.72486
BBS50014_30,sim_037_a1.919_r0.734,1.7452,0.74217
BBS50014_30,sim_038_a1.453_r0.056,1.43964,0.0507
BBS50014_30,sim_039_a1.608_r0.773,1.72952,0.77068
BBS50014_30,sim_040_a1.759_r0.026,1.7451,0.01
BBS50014_30,sim_041_a1.07_r0.117,1.04906,0.13629
BBS50014_30,sim_042_a1.249_r0.837,1.25587,0.83874
BBS50014_30,sim_043_a0.408_r0.202,0.42842,0.21004
BBS50014_30,sim_044_a1.794_r0.795,1.80773,0.8039
BBS50014_30,sim_045_a1.576_r0.317,1.60596,0.322
BBS50014_30,sim_046_a0.386_r0.356,0.39489,0.33509
BBS50014_30,sim_047_a1.967_r0.725,2.01009,0.71995
BBS50014_30,sim_048_a0.629_r0.534,0.58724,0.55161
BBS50014_30,sim_049_a1.646_r0.586,1.75199,0.60426
BBS50014_30,sim_050_a1.849_r0.904,1.7096,0.91082
BBS50015_32,sim_001_a1.807_r0.307,1.74298,0.28831
BBS50015_32,sim_002_a1.722_r0.429,1.69291,0.40765
BBS50015_32,sim_003_a0.49_r0.274,0.46204,0.26613
BBS50015_32,sim_004_a0.561_r0.52,0.55518,0.50586
BBS50015_32,sim_005_a1.092_r0.457,1.09183,0.44891
BBS50015_32,sim_006_a0.551_r0.889,0.54074,0.89446
BBS50015_32,sim_007_a1.444_r0.318,1.47763,0.3053
BBS50015_32,sim_008_a0.844_r0.402,0.81997,0.40763
BBS50015_32,sim_009_a0.558_r0.82,0.58989,0.82431
BBS50015_32,sim_010_a0.529_r0.391,0.51295,0.37917
BBS50015_32,sim_011_a1.902_r0.331,1.90948,0.35545
BBS50015_32,sim_012_a1.899_r0.026,1.8476,0.06796
BBS50015_32,sim_013_a1.028_r0.14,1.04947,0.12329
BBS50015_32,sim_014_a1.255_r0.515,1.23003,0.50865
BBS50015_32,sim_015_a1.091_r0.925,1.09208,0.93123
BBS50015_32,sim_016_a0.325_r0.562,0.32195,0.55987
BBS50015_32,sim_017_a0.43_r0.056,0.41759,0.07795
BBS50015_32,sim_018_a1.605_r0.248,1.53176,0.28029
BBS50015_32,sim_019_a0.876_r0.172,0.89186,0.19723
BBS50015_32,sim_020_a0.221_r0.47,0.22032,0.44763
BBS50015_32,sim_021_a0.275_r0.838,0.26789,0.83004
BBS50015_32,sim_022_a1.794_r0.854,1.97486,0.84174
BBS50015_32,sim_023_a1.962_r0.469,1.98201,0.44775
BBS50015_32,sim_024_a0.812_r0.244,0.79663,0.2442
BBS50015_32,sim_025_a1.166_r0.886,1.09176,0.87987
BBS50015_32,sim_026_a0.783_r0.812,0.78783,0.82448
BBS50015_32,sim_027_a0.314_r0.851,0.30601,0.85831
BBS50015_32,sim_028_a1.119_r0.37,1.0991,0.38336
BBS50015_32,sim_029_a0.944_r0.551,0.97441,0.55333
BBS50015_32,sim_030_a0.312_r0.295,0.30748,0.29154
BBS50015_32,sim_031_a1.499_r0.938,1.44267,0.94304
BBS50015_32,sim_032_a0.159_r0.891,0.15839,0.89334
BBS50015_32,sim_033_a0.827_r0.555,0.83151,0.54449
BBS50015_32,sim_034_a1.002_r0.77,1.03568,0.77277
BBS50015_32,sim_035_a0.155_r0.333,0.15905,0.31939
BBS50015_32,sim_036_a1.283_r0.39,1.28169,0.36893
BBS50015_32,sim_037_a1.115_r0.916,1.11488,0.91579
BBS50015_32,sim_038_a0.901_r0.062,0.89673,0.03562
BBS50015_32,sim_039_a0.327_r0.939,0.33438,0.93834
BBS50015_32,sim_040_a1.135_r0.474,1.09003,0.50478
BBS50015_32,sim_041_a0.95_r0.558,0.96414,0.57668
BBS50015_32,sim_042_a1.443_r0.107,1.448,0.09281
BBS50015_32,sim_043_a0.704_r0.389,0.69734,0.37025
BBS50015_32,sim_044_a1.603_r0.889,1.60203,0.88936
BBS50015_32,sim_045_a1.046_r0.285,1.03994,0.27154
BBS50015_32,sim_046_a1.117_r0.303,1.16534,0.3282
BBS50015_32,sim_047_a1.569_r0.099,1.52898,0.07647
BBS50015_32,sim_048_a0.455_r0.881,0.42961,0.8968
BBS50015_32,sim_049_a0.153_r0.846,0.15551,0.84319
BBS50015_32,sim_050_a1.342_r0.207,1.35997,0.2331
BBS50016_18,sim_001_a1.598_r0.083,1.57525,0.0437
BBS50016_18,sim_002_a0.783_r0.516,0.73908,0.50545
BBS50016_18,sim_003_a1.096_r0.443,1.05397,0.46191
BBS50016_18,sim_004_a0.997_r0.558,1.03833,0.52393
BBS50016_18,sim_005_a0.277_r0.672,0.28976,0.65525
BBS50016_18,sim_006_a0.505_r0.512,0.51495,0.50526
BBS50016_18,sim_007_a1.699_r0.242,1.73115,0.30877
BBS50016_18,sim_008_a1.78_r0.464,1.80114,0.4454
BBS50016_18,sim_009_a0.582_r0.573,0.58403,0.56575
BBS50016_18,sim_010_a0.242_r0.881,0.25131,0.87682
BBS50016_18,sim_011_a1.802_r0.605,1.9027,0.60008
BBS50016_18,sim_012_a0.283_r0.104,0.27779,0.09124
BBS50016_18,sim_013_a0.224_r0.369,0.2091,0.41717
BBS50016_18,sim_014_a1.587_r0.777,1.62634,0.77847
BBS50016_18,sim_015_a0.547_r0.426,0.54996,0.41306
BBS50016_18,sim_016_a0.816_r0.064,0.83596,0.04343
BBS50016_18,sim_017_a1.827_r0.925,1.83189,0.92824
BBS50016_18,sim_018_a1.146_r0.527,1.11985,0.52871
BBS50016_18,sim_019_a0.469_r0.36,0.45809,0.40247
BBS50016_18,sim_020_a0.803_r0.367,0.76868,0.38545
BBS50016_18,sim_021_a1.064_r0.027,1.04573,0.01
BBS50016_18,sim_022_a0.184_r0.381,0.18794,0.39916
BBS50016_18,sim_023_a1.073_r0.654,1.04455,0.66165
BBS50016_18,sim_024_a1.676_r0.613,1.65871,0.59512
BBS50016_18,sim_025_a1.978_r0.441,2.06088,0.41578
BBS50016_18,sim_026_a1.066_r0.246,1.02395,0.21516
BBS50016_18,sim_027_a1.884_r0.835,1.91403,0.83586
BBS50016_18,sim_028_a1.123_r0.05,1.13157,0.06982
BBS50016_18,sim_029_a1.803_r0.305,1.85393,0.28743
BBS50016_18,sim_030_a1.159_r0.057,1.1539,0.06407
BBS50016_18,sim_031_a1.006_r0.261,0.97205,0.25379
BBS50016_18,sim_032_a1.229_r0.288,1.26168,0.28322
BBS50016_18,sim_033_a0.776_r0.594,0.81463,0.59121
BBS50016_18,sim_034_a1.779_r0.368,1.78899,0.32953
BBS50016_18,sim_035_a0.331_r0.509,0.31889,0.51789
BBS50016_18,sim_036_a1.879_r0.541,1.91982,0.5592
BBS50016_18,sim_037_a1.055_r0.52,1.07301,0.50645
BBS50016_18,sim_038_a0.446_r0.516,0.44348,0.51195
BBS50016_18,sim_039_a1.638_r0.918,1.71131,0.92023
BBS50016_18,sim_040_a0.931_r0.868,0.91136,0.85973
BBS50016_18,sim_041_a1.306_r0.332,1.31516,0.30788
BBS50016_18,sim_042_a1.7_r0.756,1.83702,0.76298
BBS50016_18,sim_043_a0.891_r0.267,0.88686,0.25861
BBS50016_18,sim_044_a1.277_r0.661,1.25551,0.63447
BBS50016_18,sim_045_a0.921_r0.818,0.89182,0.83466
BBS50016_18,sim_046_a0.603_r0.804,0.59959,0.80583
BBS50016_18,sim_047_a0.353_r0.607,0.35343,0.61219
BBS50016_18,sim_048_a0.404_r0.172,0.39026,0.2154
BBS50016_18,sim_049_a1.091_r0.379,1.12411,0.39064
BBS50016_18,sim_050_a0.206_r0.511,0.21219,0.5157
